ISO-10303-21;
HEADER;
FILE_DESCRIPTION(('CATIA V5 STEP Exchange'),'2;1');

FILE_NAME('Z:\\Engineering\\Design Library\\Cute\\5-Mech_models\\C13600_Cute_3_Ww_mech 20130222_ks.stp','2013-02-22T06:09:59+00:00',('none'),('none'),'CATIA Version 5 Release 20 GA (IN-10)','CATIA V5 STEP AP203','none');

FILE_SCHEMA(('CONFIG_CONTROL_DESIGN'));

ENDSEC;
/* file written by CATIA V5R20 */
DATA;
#5=PRODUCT('C13600','CUTE-3-WW',' ',(#2)) ;
#1=APPLICATION_CONTEXT('configuration controlled 3D design of mechanical parts and assemblies') ;
#14=PRODUCT_DEFINITION('',' ',#6,#3) ;
#16=SECURITY_CLASSIFICATION(' ',' ',#15) ;
#15=SECURITY_CLASSIFICATION_LEVEL('unclassified') ;
#47=CARTESIAN_POINT(' ',(0.,0.,0.)) ;
#52=CARTESIAN_POINT('Axis2P3D Location',(0.,3.63145676875,0.131999999998)) ;
#57=CARTESIAN_POINT('Axis2P3D Location',(-12.75,-7.36121593217,0.131999999998)) ;
#61=CARTESIAN_POINT('Vertex',(-9.11955436748,-7.44690591154,0.131999999998)) ;
#63=CARTESIAN_POINT('Vertex',(-16.3804456325,-7.27552595279,0.131999999998)) ;
#66=CARTESIAN_POINT('Axis2P3D Location',(-12.75,-7.36121593217,0.131999999998)) ;
#75=CARTESIAN_POINT('Axis2P3D Location',(-12.75,-7.36121593217,0.131999999998)) ;
#79=CARTESIAN_POINT('Vertex',(-10.0734590456,-7.42439074936,0.131999999995)) ;
#81=CARTESIAN_POINT('Vertex',(-15.4265409544,-7.29804111497,0.131999999995)) ;
#84=CARTESIAN_POINT('Axis2P3D Location',(-12.75,-7.36121593217,0.131999999998)) ;
#95=CARTESIAN_POINT('Control Point',(-9.60506618552,-9.17694431654,0.131999999998)) ;
#96=CARTESIAN_POINT('Control Point',(-7.8190405143,-10.2081067186,2.36079864507)) ;
#97=CARTESIAN_POINT('Control Point',(-6.48379342319,-10.9790119861,5.07387880172)) ;
#98=CARTESIAN_POINT('Control Point',(-5.75081632314,-11.4021965121,8.07748381734)) ;
#99=CARTESIAN_POINT('Control Point',(-5.63300323105,-11.4702159325,11.1110000002)) ;
#100=CARTESIAN_POINT('Axis1P Location',(-12.75,-7.36121593217,5.62150000036)) ;
#105=CARTESIAN_POINT('Control Point',(-4.54825261652,-6.84462724687,11.111)) ;
#106=CARTESIAN_POINT('Control Point',(-4.57151918521,-6.80432836778,10.6496950864)) ;
#107=CARTESIAN_POINT('Control Point',(-4.61229857229,-6.73369634226,10.1908161187)) ;
#108=CARTESIAN_POINT('Control Point',(-4.67105371293,-6.63192922234,9.73745239607)) ;
#109=CARTESIAN_POINT('Control Point',(-4.82600704593,-6.36354274513,8.85180546566)) ;
#110=CARTESIAN_POINT('Control Point',(-5.06776758181,-5.94480065388,8.0235448217)) ;
#111=CARTESIAN_POINT('Control Point',(-5.21275114641,-5.69368128779,7.63005827358)) ;
#112=CARTESIAN_POINT('Control Point',(-5.52248268182,-5.15721185722,6.99087720896)) ;
#113=CARTESIAN_POINT('Control Point',(-5.93218135397,-4.44759190455,6.57235205812)) ;
#114=CARTESIAN_POINT('Control Point',(-6.13338109334,-4.09910439193,6.44872507435)) ;
#115=CARTESIAN_POINT('Control Point',(-6.47898924956,-3.50049317035,6.40552843902)) ;
#116=CARTESIAN_POINT('Control Point',(-6.80482695293,-2.93612593087,6.58816671143)) ;
#117=CARTESIAN_POINT('Control Point',(-6.92645645174,-2.72545756639,6.69179549813)) ;
#118=CARTESIAN_POINT('Control Point',(-7.17646980427,-2.29242131116,6.97158799018)) ;
#119=CARTESIAN_POINT('Control Point',(-7.38688588568,-1.92797048258,7.34071706984)) ;
#120=CARTESIAN_POINT('Control Point',(-7.49052977012,-1.74845389077,7.5609481915)) ;
#121=CARTESIAN_POINT('Control Point',(-7.79794833272,-1.2159887791,8.32945932817)) ;
#122=CARTESIAN_POINT('Control Point',(-8.00088913457,-0.864486250144,9.20380012491)) ;
#123=CARTESIAN_POINT('Control Point',(-8.10272532838,-0.688099808344,9.82841285075)) ;
#124=CARTESIAN_POINT('Control Point',(-8.16928372718,-0.572817387408,10.4673449616)) ;
#125=CARTESIAN_POINT('Control Point',(-8.20174738348,-0.5165886853,11.111)) ;
#126=CARTESIAN_POINT('Vertex',(-4.54825261652,-6.84462724687,11.111)) ;
#128=CARTESIAN_POINT('Vertex',(-8.20174738348,-0.5165886853,11.111)) ;
#131=CARTESIAN_POINT('Axis2P3D Location',(-12.75,-7.36121593217,11.1110000001)) ;
#135=CARTESIAN_POINT('Vertex',(-4.53428820424,-7.55513267011,11.111)) ;
#139=CARTESIAN_POINT('Control Point',(-9.11955436748,-7.44690591154,0.131999999998)) ;
#140=CARTESIAN_POINT('Control Point',(-7.05780379337,-7.49556973468,2.36079864504)) ;
#141=CARTESIAN_POINT('Control Point',(-5.51642255734,-7.53195119847,5.07387880162)) ;
#142=CARTESIAN_POINT('Control Point',(-4.67028916674,-7.55192261799,8.07748381718)) ;
#143=CARTESIAN_POINT('Control Point',(-4.53428820424,-7.55513267011,11.111)) ;
#146=CARTESIAN_POINT('Control Point',(-16.3804456325,-7.27552595279,0.131999999998)) ;
#147=CARTESIAN_POINT('Control Point',(-18.4421962066,-7.22686212966,2.36079864504)) ;
#148=CARTESIAN_POINT('Control Point',(-19.9835774427,-7.19048066587,5.07387880162)) ;
#149=CARTESIAN_POINT('Control Point',(-20.8297108333,-7.17050924634,8.07748381718)) ;
#150=CARTESIAN_POINT('Control Point',(-20.9657117958,-7.16729919423,11.111)) ;
#151=CARTESIAN_POINT('Vertex',(-20.9657117958,-7.16729919423,11.111)) ;
#154=CARTESIAN_POINT('Axis2P3D Location',(-12.75,-7.36121593217,11.1110000001)) ;
#158=CARTESIAN_POINT('Vertex',(-19.8669967679,-3.25221593242,11.111)) ;
#161=CARTESIAN_POINT('Axis2P3D Location',(-12.75,-7.36121593217,11.1110000001)) ;
#165=CARTESIAN_POINT('Vertex',(-16.403494767,-3.11057603286E-015,11.111)) ;
#169=CARTESIAN_POINT('Control Point',(-9.09650523304,-4.37169289484E-015,11.111)) ;
#170=CARTESIAN_POINT('Control Point',(-9.14303837041,-4.4023267792E-015,10.6496950864)) ;
#171=CARTESIAN_POINT('Control Point',(-9.22459719238,2.75975522481E-008,10.1908161187)) ;
#172=CARTESIAN_POINT('Control Point',(-9.34210767382,1.43158395423E-007,9.7374523961)) ;
#173=CARTESIAN_POINT('Control Point',(-9.65201384763,-1.41014069024E-007,8.85180546559)) ;
#174=CARTESIAN_POINT('Control Point',(-10.1355354043,1.38901857715E-007,8.02354482155)) ;
#175=CARTESIAN_POINT('Control Point',(-10.4255029367,3.71876662227E-007,7.63005827377)) ;
#176=CARTESIAN_POINT('Control Point',(-11.0449648596,-2.90864626991E-007,6.99087720914)) ;
#177=CARTESIAN_POINT('Control Point',(-11.8643631017,2.27500753079E-007,6.57235205827)) ;
#178=CARTESIAN_POINT('Control Point',(-12.2667620108,-1.01720765292E-007,6.44872507432)) ;
#179=CARTESIAN_POINT('Control Point',(-12.9579786135,6.60335573734E-008,6.40552843907)) ;
#180=CARTESIAN_POINT('Control Point',(-13.6096538314,-4.28666761239E-008,6.58816671136)) ;
#181=CARTESIAN_POINT('Control Point',(-13.8529127367,-9.64394434713E-008,6.69179549826)) ;
#182=CARTESIAN_POINT('Control Point',(-14.3529398106,1.16598791893E-007,6.97158799027)) ;
#183=CARTESIAN_POINT('Control Point',(-14.7737715272,-1.40975439388E-007,7.34071706984)) ;
#184=CARTESIAN_POINT('Control Point',(-14.9810593983,-8.194798055E-008,7.56094819149)) ;
#185=CARTESIAN_POINT('Control Point',(-15.595896993,1.89088800315E-007,8.32945932818)) ;
#186=CARTESIAN_POINT('Control Point',(-16.0017775135,-4.36308209461E-007,9.20380012494)) ;
#187=CARTESIAN_POINT('Control Point',(-16.2054507498,5.37282619874E-008,9.82841285072)) ;
#188=CARTESIAN_POINT('Control Point',(-16.3385674544,-3.28406615237E-015,10.4673449616)) ;
#189=CARTESIAN_POINT('Control Point',(-16.403494767,-3.19514380231E-015,11.111)) ;
#190=CARTESIAN_POINT('Vertex',(-9.09650523304,-4.37472866092E-015,11.111)) ;
#194=CARTESIAN_POINT('Control Point',(-8.20174738237,-0.516588686034,11.1110000001)) ;
#195=CARTESIAN_POINT('Control Point',(-8.48868243008,-0.325920438528,11.1110000001)) ;
#196=CARTESIAN_POINT('Control Point',(-8.78791416413,-0.15315891632,11.1110000001)) ;
#197=CARTESIAN_POINT('Control Point',(-9.09650523402,4.92288459997E-010,11.1110000001)) ;
#211=CARTESIAN_POINT('Axis2P3D Location',(-26.,0.,11.111)) ;
#217=CARTESIAN_POINT('Control Point',(-8.20174738344,0.516588686034,11.111)) ;
#218=CARTESIAN_POINT('Control Point',(-8.21219731206,0.350677823084,11.111)) ;
#219=CARTESIAN_POINT('Control Point',(-8.21845203375,0.184502742314,11.111)) ;
#220=CARTESIAN_POINT('Control Point',(-8.2205030335,0.0180275716898,11.111)) ;
#221=CARTESIAN_POINT('Control Point',(-8.21781829139,-0.188756949425,11.111)) ;
#222=CARTESIAN_POINT('Control Point',(-8.20863737931,-0.395292757794,11.111)) ;
#223=CARTESIAN_POINT('Control Point',(-8.20658966813,-0.435740758095,11.111)) ;
#224=CARTESIAN_POINT('Control Point',(-8.20429300105,-0.476172561626,11.111)) ;
#225=CARTESIAN_POINT('Control Point',(-8.20174738344,-0.516588686034,11.111)) ;
#226=CARTESIAN_POINT('Vertex',(-8.20174738348,0.5165886853,11.111)) ;
#230=CARTESIAN_POINT('Control Point',(-9.09650523402,-2.66346389388E-011,11.111)) ;
#231=CARTESIAN_POINT('Control Point',(-8.91335404064,0.0909010049863,11.111)) ;
#232=CARTESIAN_POINT('Control Point',(-8.73302995694,0.187498128738,11.111)) ;
#233=CARTESIAN_POINT('Control Point',(-8.55548533123,0.289842501568,11.111)) ;
#234=CARTESIAN_POINT('Control Point',(-8.37961742033,0.39865022556,11.111)) ;
#235=CARTESIAN_POINT('Control Point',(-8.20733905631,0.512875763066,11.111)) ;
#236=CARTESIAN_POINT('Control Point',(-8.20547474354,0.514112769922,11.111)) ;
#237=CARTESIAN_POINT('Control Point',(-8.20361085225,0.515350410892,11.111)) ;
#238=CARTESIAN_POINT('Control Point',(-8.20174738237,0.516588686034,11.111)) ;
#247=CARTESIAN_POINT('Control Point',(-15.8949338145,5.54548754779,0.131999999998)) ;
#248=CARTESIAN_POINT('Control Point',(-17.6809594857,4.51432514574,2.36079864507)) ;
#249=CARTESIAN_POINT('Control Point',(-19.0162065768,3.74341987825,5.07387880172)) ;
#250=CARTESIAN_POINT('Control Point',(-19.7491836769,3.32023535223,8.07748381734)) ;
#251=CARTESIAN_POINT('Control Point',(-19.866996769,3.25221593179,11.1110000002)) ;
#252=CARTESIAN_POINT('Axis1P Location',(-12.75,7.36121593217,5.62150000036)) ;
#256=CARTESIAN_POINT('Axis2P3D Location',(-12.75,7.36121593217,11.1110000001)) ;
#260=CARTESIAN_POINT('Vertex',(-17.0257927192,0.343159175838,11.111)) ;
#264=CARTESIAN_POINT('Control Point',(-14.6394325153,4.26000277703,0.131999999998)) ;
#265=CARTESIAN_POINT('Control Point',(-15.7124519094,2.49880631515,2.36079864504)) ;
#266=CARTESIAN_POINT('Control Point',(-16.5146497993,1.18212173973,5.07387880162)) ;
#267=CARTESIAN_POINT('Control Point',(-16.9550122512,0.459334438247,8.07748381718)) ;
#268=CARTESIAN_POINT('Control Point',(-17.0257927192,0.343159175838,11.111)) ;
#269=CARTESIAN_POINT('Vertex',(-14.6394325153,4.26000277703,0.131999999998)) ;
#272=CARTESIAN_POINT('Axis2P3D Location',(-12.75,7.36121593217,0.131999999998)) ;
#276=CARTESIAN_POINT('Vertex',(-10.8605674847,10.4624290873,0.131999999998)) ;
#280=CARTESIAN_POINT('Control Point',(-10.8605674847,10.4624290873,0.131999999998)) ;
#281=CARTESIAN_POINT('Control Point',(-9.78754809061,12.2236255492,2.36079864504)) ;
#282=CARTESIAN_POINT('Control Point',(-8.98535020073,13.5403101246,5.07387880162)) ;
#283=CARTESIAN_POINT('Control Point',(-8.54498774877,14.2630974261,8.07748381718)) ;
#284=CARTESIAN_POINT('Control Point',(-8.47420728085,14.3792726885,11.111)) ;
#285=CARTESIAN_POINT('Vertex',(-8.47420728085,14.3792726885,11.111)) ;
#288=CARTESIAN_POINT('Axis2P3D Location',(-12.75,7.36121593217,11.1110000001)) ;
#292=CARTESIAN_POINT('Vertex',(-5.63300323231,11.4702159318,11.111)) ;
#295=CARTESIAN_POINT('Axis2P3D Location',(-12.75,7.36121593217,11.1110000001)) ;
#299=CARTESIAN_POINT('Vertex',(-4.54825261652,6.84462724687,11.111)) ;
#303=CARTESIAN_POINT('Control Point',(-8.20174738348,0.5165886853,11.111)) ;
#304=CARTESIAN_POINT('Control Point',(-8.17848081479,0.556887564387,10.6496950864)) ;
#305=CARTESIAN_POINT('Control Point',(-8.13770137991,0.627519562315,10.1908161187)) ;
#306=CARTESIAN_POINT('Control Point',(-8.07894603911,0.729286566679,9.73745239604)) ;
#307=CARTESIAN_POINT('Control Point',(-7.92399319831,0.997673328054,8.85180546565)) ;
#308=CARTESIAN_POINT('Control Point',(-7.68223217761,1.41641513938,8.02354482171)) ;
#309=CARTESIAN_POINT('Control Point',(-7.53724820946,1.66753427254,7.63005827353)) ;
#310=CARTESIAN_POINT('Control Point',(-7.22751782195,2.20400436583,6.99087720895)) ;
#311=CARTESIAN_POINT('Control Point',(-6.817818252,2.9136238001,6.57235205813)) ;
#312=CARTESIAN_POINT('Control Point',(-6.61661908281,3.26211164201,6.44872507434)) ;
#313=CARTESIAN_POINT('Control Point',(-6.27101063619,3.86072269558,6.40552843904)) ;
#314=CARTESIAN_POINT('Control Point',(-5.94517312157,4.42509004371,6.58816671129)) ;
#315=CARTESIAN_POINT('Control Point',(-5.82354371505,4.63575846264,6.6917954984)) ;
#316=CARTESIAN_POINT('Control Point',(-5.57352999365,5.06879450463,6.97158799039)) ;
#317=CARTESIAN_POINT('Control Point',(-5.36311435846,5.43324559064,7.34071706991)) ;
#318=CARTESIAN_POINT('Control Point',(-5.25947037184,5.61276212331,7.56094819145)) ;
#319=CARTESIAN_POINT('Control Point',(-4.95205133979,6.14522696396,8.32945932812)) ;
#320=CARTESIAN_POINT('Control Point',(-4.74911162114,6.49673011831,9.20380012487)) ;
#321=CARTESIAN_POINT('Control Point',(-4.64727457855,6.67311607011,9.82841285082)) ;
#322=CARTESIAN_POINT('Control Point',(-4.58071627281,6.78839854476,10.4673449616)) ;
#323=CARTESIAN_POINT('Control Point',(-4.54825261652,6.84462724687,11.111)) ;
#338=CARTESIAN_POINT('Control Point',(0.,3.63145676875,0.131999999998)) ;
#339=CARTESIAN_POINT('Control Point',(0.,5.69378157286,2.36079864507)) ;
#340=CARTESIAN_POINT('Control Point',(0.,7.23559210784,5.07387880172)) ;
#341=CARTESIAN_POINT('Control Point',(0.,8.08196115988,8.07748381734)) ;
#342=CARTESIAN_POINT('Control Point',(0.,8.21800000075,11.1110000002)) ;
#343=CARTESIAN_POINT('Axis1P Location',(0.,0.,5.62150000036)) ;
#347=CARTESIAN_POINT('Axis2P3D Location',(0.,0.,11.1110000001)) ;
#351=CARTESIAN_POINT('Vertex',(-3.93991907661,7.21197349427,11.111)) ;
#355=CARTESIAN_POINT('Control Point',(-1.74101311727,3.18690313451,0.131999999998)) ;
#356=CARTESIAN_POINT('Control Point',(-2.72974429725,4.99676341953,2.36079864504)) ;
#357=CARTESIAN_POINT('Control Point',(-3.46892764339,6.34982945874,5.07387880162)) ;
#358=CARTESIAN_POINT('Control Point',(-3.87469858203,7.09258817975,8.07748381718)) ;
#359=CARTESIAN_POINT('Control Point',(-3.93991907661,7.21197349427,11.111)) ;
#360=CARTESIAN_POINT('Vertex',(-1.74101311727,3.18690313451,0.131999999998)) ;
#363=CARTESIAN_POINT('Axis2P3D Location',(0.,0.,0.131999999998)) ;
#367=CARTESIAN_POINT('Vertex',(1.74101311727,-3.18690313451,0.131999999998)) ;
#371=CARTESIAN_POINT('Control Point',(1.74101311727,-3.18690313451,0.131999999998)) ;
#372=CARTESIAN_POINT('Control Point',(2.72974429725,-4.99676341953,2.36079864504)) ;
#373=CARTESIAN_POINT('Control Point',(3.46892764339,-6.34982945874,5.07387880162)) ;
#374=CARTESIAN_POINT('Control Point',(3.87469858203,-7.09258817975,8.07748381718)) ;
#375=CARTESIAN_POINT('Control Point',(3.93991907661,-7.21197349427,11.111)) ;
#376=CARTESIAN_POINT('Vertex',(3.93991907661,-7.21197349427,11.111)) ;
#379=CARTESIAN_POINT('Axis2P3D Location',(0.,0.,11.1110000001)) ;
#383=CARTESIAN_POINT('Vertex',(-3.5527136788E-015,-8.21800000041,11.111)) ;
#386=CARTESIAN_POINT('Axis2P3D Location',(0.,0.,11.1110000001)) ;
#403=CARTESIAN_POINT('Axis2P3D Location',(-8.5,0.,14.411)) ;
#408=CARTESIAN_POINT('Line Origine',(-17466.9983313,2.13797879847E-012,499459.257294)) ;
#412=CARTESIAN_POINT('Vertex',(-25.8847614608,2.12894893446E-015,11.111)) ;
#414=CARTESIAN_POINT('Vertex',(-25.9819302566,2.14084828694E-015,13.8935502516)) ;
#417=CARTESIAN_POINT('Axis2P3D Location',(-8.5,0.,13.8935502516)) ;
#421=CARTESIAN_POINT('Vertex',(8.98193025665,0.,13.8935502516)) ;
#424=CARTESIAN_POINT('Line Origine',(17449.9983313,0.,499459.257294)) ;
#428=CARTESIAN_POINT('Vertex',(8.88476146082,0.,11.111)) ;
#431=CARTESIAN_POINT('Axis2P3D Location',(-8.5,0.,11.111)) ;
#443=CARTESIAN_POINT('Axis2P3D Location',(-8.5,0.,14.411)) ;
#448=CARTESIAN_POINT('Axis2P3D Location',(-8.5,0.,13.8935502516)) ;
#453=CARTESIAN_POINT('Axis2P3D Location',(-8.5,0.,11.111)) ;
#465=CARTESIAN_POINT('Axis2P3D Location',(-1.5,-12.124355653,10.311)) ;
#470=CARTESIAN_POINT('Axis2P3D Location',(-1.5,-12.124355653,10.3249619251)) ;
#474=CARTESIAN_POINT('Vertex',(0.140503914024,-12.124355653,10.3249619251)) ;
#476=CARTESIAN_POINT('Vertex',(-1.46128970947,-13.7644027881,10.3249619251)) ;
#479=CARTESIAN_POINT('Axis2P3D Location',(-1.5,-12.124355653,10.3249619251)) ;
#483=CARTESIAN_POINT('Vertex',(-1.53871029053,-10.4843085179,10.3249619251)) ;
#486=CARTESIAN_POINT('Axis2P3D Location',(-1.55758468366,-9.6846530784,10.311)) ;
#490=CARTESIAN_POINT('Vertex',(-1.55758468366,-9.6846530784,11.111)) ;
#493=CARTESIAN_POINT('Axis2P3D Location',(-1.5,-12.124355653,11.111)) ;
#497=CARTESIAN_POINT('Vertex',(0.94038207015,-12.124355653,11.111)) ;
#500=CARTESIAN_POINT('Axis2P3D Location',(-1.5,-12.124355653,11.111)) ;
#504=CARTESIAN_POINT('Vertex',(-1.44241531634,-14.5640582276,11.111)) ;
#507=CARTESIAN_POINT('Axis2P3D Location',(-1.44241531634,-14.5640582276,10.311)) ;
#521=CARTESIAN_POINT('Axis2P3D Location',(-1.5,-12.124355653,10.311)) ;
#526=CARTESIAN_POINT('Axis2P3D Location',(-1.5,-12.124355653,10.3249619251)) ;
#530=CARTESIAN_POINT('Vertex',(-3.14050391402,-12.124355653,10.3249619251)) ;
#533=CARTESIAN_POINT('Axis2P3D Location',(-1.5,-12.124355653,10.3249619251)) ;
#538=CARTESIAN_POINT('Axis2P3D Location',(-1.5,-12.124355653,11.111)) ;
#542=CARTESIAN_POINT('Vertex',(-3.94038207015,-12.124355653,11.111)) ;
#545=CARTESIAN_POINT('Axis2P3D Location',(-1.5,-12.124355653,11.111)) ;
#559=CARTESIAN_POINT('Axis2P3D Location',(-1.5,12.124355653,10.311)) ;
#564=CARTESIAN_POINT('Axis2P3D Location',(-1.5,12.124355653,10.3249619251)) ;
#568=CARTESIAN_POINT('Vertex',(0.140503913809,12.124355653,10.3249619251)) ;
#570=CARTESIAN_POINT('Vertex',(-2.90096733695,11.2708079906,10.3249619251)) ;
#573=CARTESIAN_POINT('Axis2P3D Location',(-1.5,12.124355653,10.3249619251)) ;
#577=CARTESIAN_POINT('Vertex',(-0.099032663051,12.9779033154,10.3249619251)) ;
#580=CARTESIAN_POINT('Axis2P3D Location',(0.584052065453,13.3940767392,10.311)) ;
#584=CARTESIAN_POINT('Vertex',(0.584052065453,13.3940767392,11.111)) ;
#587=CARTESIAN_POINT('Axis2P3D Location',(-1.5,12.124355653,11.111)) ;
#591=CARTESIAN_POINT('Vertex',(0.94038207015,12.124355653,11.111)) ;
#594=CARTESIAN_POINT('Axis2P3D Location',(-1.5,12.124355653,11.111)) ;
#598=CARTESIAN_POINT('Vertex',(-3.58405206545,10.8546345668,11.111)) ;
#601=CARTESIAN_POINT('Axis2P3D Location',(-3.58405206545,10.8546345668,10.311)) ;
#615=CARTESIAN_POINT('Axis2P3D Location',(-1.5,12.124355653,10.311)) ;
#620=CARTESIAN_POINT('Axis2P3D Location',(-1.5,12.124355653,10.3249619251)) ;
#624=CARTESIAN_POINT('Vertex',(-3.14050391381,12.124355653,10.3249619251)) ;
#627=CARTESIAN_POINT('Axis2P3D Location',(-1.5,12.124355653,10.3249619251)) ;
#632=CARTESIAN_POINT('Axis2P3D Location',(-1.5,12.124355653,11.111)) ;
#636=CARTESIAN_POINT('Vertex',(-3.94038207015,12.124355653,11.111)) ;
#639=CARTESIAN_POINT('Axis2P3D Location',(-1.5,12.124355653,11.111)) ;
#653=CARTESIAN_POINT('Axis2P3D Location',(1.82332207089,-9.13330384976,11.311)) ;
#658=CARTESIAN_POINT('Line Origine',(2.5456516103,-8.30365538304,11.2110000003)) ;
#662=CARTESIAN_POINT('Vertex',(2.53909909682,-8.29785820881,11.1110000006)) ;
#664=CARTESIAN_POINT('Vertex',(2.55220412379,-8.30945255726,11.311)) ;
#667=CARTESIAN_POINT('Line Origine',(1.82332207089,-9.13330384976,11.311)) ;
#671=CARTESIAN_POINT('Vertex',(1.09444001729,-9.95715514261,11.311)) ;
#674=CARTESIAN_POINT('Line Origine',(1.08788750451,-9.95135796803,11.2110000003)) ;
#678=CARTESIAN_POINT('Vertex',(1.08133499029,-9.94556079414,11.111)) ;
#681=CARTESIAN_POINT('Line Origine',(1.81021704392,-9.12170950131,11.1110000006)) ;
#693=CARTESIAN_POINT('Axis2P3D Location',(3.51274153337,-9.15926427108,11.311)) ;
#698=CARTESIAN_POINT('Line Origine',(32641.8890383,-28885.1553681,-498078.708516)) ;
#702=CARTESIAN_POINT('Vertex',(4.48638396996,-10.020670334,11.1110000006)) ;
#704=CARTESIAN_POINT('Vertex',(4.47327894299,-10.0090759856,11.311)) ;
#707=CARTESIAN_POINT('Axis2P3D Location',(3.51274153337,-9.15926427108,11.311)) ;
#712=CARTESIAN_POINT('Axis2P3D Location',(3.51274153337,-9.15926427108,11.111)) ;
#724=CARTESIAN_POINT('Axis2P3D Location',(3.74439689024,-10.8329272782,11.311)) ;
#729=CARTESIAN_POINT('Line Origine',(3.02206735098,-11.6625757451,11.2110000003)) ;
#733=CARTESIAN_POINT('Vertex',(3.02861986446,-11.6683729193,11.1110000006)) ;
#735=CARTESIAN_POINT('Vertex',(3.01551483749,-11.6567785708,11.311)) ;
#738=CARTESIAN_POINT('Line Origine',(3.74439689024,-10.8329272782,11.311)) ;
#743=CARTESIAN_POINT('Line Origine',(3.75750191721,-10.8445216267,11.1110000006)) ;
#755=CARTESIAN_POINT('Axis2P3D Location',(2.0549774273,-10.8069668568,11.311)) ;
#760=CARTESIAN_POINT('Axis2P3D Location',(2.0549774273,-10.8069668568,11.311)) ;
#765=CARTESIAN_POINT('Axis2P3D Location',(2.0549774273,-10.8069668568,11.111)) ;
#777=CARTESIAN_POINT('Axis2P3D Location',(-22.5,0.,10.311)) ;
#782=CARTESIAN_POINT('Axis2P3D Location',(-22.5,0.,10.3249619251)) ;
#786=CARTESIAN_POINT('Vertex',(-20.859496086,4.94287770436E-016,10.3249619251)) ;
#788=CARTESIAN_POINT('Vertex',(-21.0603223723,-0.786499472563,10.3249619251)) ;
#791=CARTESIAN_POINT('Axis2P3D Location',(-22.5,0.,10.3249619251)) ;
#795=CARTESIAN_POINT('Vertex',(-23.9396776277,0.786499472563,10.3249619251)) ;
#798=CARTESIAN_POINT('Axis2P3D Location',(-24.6416367491,1.16998148838,10.311)) ;
#802=CARTESIAN_POINT('Vertex',(-24.6416367491,1.16998148838,11.111)) ;
#805=CARTESIAN_POINT('Axis2P3D Location',(-22.5,0.,11.111)) ;
#809=CARTESIAN_POINT('Vertex',(-20.0596179298,-3.5659409453E-016,11.111)) ;
#812=CARTESIAN_POINT('Axis2P3D Location',(-22.5,0.,11.111)) ;
#816=CARTESIAN_POINT('Vertex',(-20.3583632509,-1.16998148838,11.111)) ;
#819=CARTESIAN_POINT('Axis2P3D Location',(-20.3583632509,-1.16998148838,10.311)) ;
#833=CARTESIAN_POINT('Axis2P3D Location',(-22.5,0.,10.311)) ;
#838=CARTESIAN_POINT('Axis2P3D Location',(-22.5,0.,10.3249619251)) ;
#842=CARTESIAN_POINT('Vertex',(-24.140503914,8.13964780993E-016,10.3249619251)) ;
#845=CARTESIAN_POINT('Axis2P3D Location',(-22.5,0.,10.3249619251)) ;
#850=CARTESIAN_POINT('Axis2P3D Location',(-22.5,0.,11.111)) ;
#854=CARTESIAN_POINT('Vertex',(-24.9403820702,-9.73179870023E-016,11.111)) ;
#857=CARTESIAN_POINT('Axis2P3D Location',(-22.5,0.,11.111)) ;
#871=CARTESIAN_POINT('Axis2P3D Location',(-12.75,7.36121593217,0.131999999998)) ;
#880=CARTESIAN_POINT('Axis2P3D Location',(-12.75,7.36121593217,0.131999999998)) ;
#884=CARTESIAN_POINT('Vertex',(-14.1429814738,5.07485088002,0.131999999995)) ;
#886=CARTESIAN_POINT('Vertex',(-11.3570185262,9.64758098432,0.131999999995)) ;
#889=CARTESIAN_POINT('Axis2P3D Location',(-12.75,7.36121593217,0.131999999998)) ;
#899=CARTESIAN_POINT('Axis2P3D Location',(0.,0.,0.131999999998)) ;
#908=CARTESIAN_POINT('Axis2P3D Location',(0.,0.,0.131999999998)) ;
#912=CARTESIAN_POINT('Vertex',(-1.28355948061,2.34953986934,0.131999999995)) ;
#914=CARTESIAN_POINT('Vertex',(1.28355948061,-2.34953986934,0.131999999995)) ;
#917=CARTESIAN_POINT('Axis2P3D Location',(0.,0.,0.131999999998)) ;
#927=CARTESIAN_POINT('Axis2P3D Location',(-8.5,0.,13.911)) ;
#932=CARTESIAN_POINT('Axis2P3D Location',(-25.4822348431,2.0797239543E-015,13.911)) ;
#936=CARTESIAN_POINT('Vertex',(-25.9822348431,2.14088558679E-015,13.911)) ;
#939=CARTESIAN_POINT('Axis2P3D Location',(-8.5,0.,13.911)) ;
#943=CARTESIAN_POINT('Vertex',(8.98223484312,0.,13.911)) ;
#946=CARTESIAN_POINT('Axis2P3D Location',(8.48223484312,0.,13.911)) ;
#958=CARTESIAN_POINT('Axis2P3D Location',(-8.5,0.,13.911)) ;
#963=CARTESIAN_POINT('Axis2P3D Location',(-8.5,0.,13.911)) ;
#975=CARTESIAN_POINT('Axis2P3D Location',(-1.5,-12.124355653,-0.589)) ;
#980=CARTESIAN_POINT('Line Origine',(-207.425705803,8712.37394297,499881.723356)) ;
#984=CARTESIAN_POINT('Vertex',(-1.53421504867,-10.6747593884,-0.589)) ;
#987=CARTESIAN_POINT('Line Origine',(204.425705803,-8736.62265427,499881.723356)) ;
#991=CARTESIAN_POINT('Vertex',(-1.46578495133,-13.5739519176,-0.589)) ;
#994=CARTESIAN_POINT('Axis2P3D Location',(-1.5,-12.124355653,-0.589)) ;
#998=CARTESIAN_POINT('Vertex',(-0.05,-12.124355653,-0.589)) ;
#1001=CARTESIAN_POINT('Axis2P3D Location',(-1.5,-12.124355653,-0.589)) ;
#1015=CARTESIAN_POINT('Axis2P3D Location',(-1.5,-12.124355653,-0.589)) ;
#1020=CARTESIAN_POINT('Axis2P3D Location',(-1.5,-12.124355653,-0.589)) ;
#1024=CARTESIAN_POINT('Vertex',(-2.95,-12.124355653,-0.589)) ;
#1027=CARTESIAN_POINT('Axis2P3D Location',(-1.5,-12.124355653,-0.589)) ;
#1041=CARTESIAN_POINT('Axis2P3D Location',(-1.5,12.124355653,-0.589)) ;
#1046=CARTESIAN_POINT('Line Origine',(-8728.42820865,12.124355653,499881.723356)) ;
#1050=CARTESIAN_POINT('Vertex',(-2.95,12.124355653,-0.589)) ;
#1053=CARTESIAN_POINT('Line Origine',(8725.42820865,12.124355653,499881.723356)) ;
#1057=CARTESIAN_POINT('Vertex',(-0.05,12.124355653,-0.589)) ;
#1060=CARTESIAN_POINT('Axis2P3D Location',(-1.5,12.124355653,-0.589)) ;
#1073=CARTESIAN_POINT('Axis2P3D Location',(-1.5,12.124355653,-0.589)) ;
#1078=CARTESIAN_POINT('Axis2P3D Location',(-1.5,12.124355653,-0.589)) ;
#1091=CARTESIAN_POINT('Axis2P3D Location',(0.,0.,11.311)) ;
#1103=CARTESIAN_POINT('Axis2P3D Location',(-22.5,0.,-0.589)) ;
#1108=CARTESIAN_POINT('Line Origine',(-7681.10001478,4183.91225679,499881.723356)) ;
#1112=CARTESIAN_POINT('Vertex',(-23.7724947147,0.695167030976,-0.589)) ;
#1115=CARTESIAN_POINT('Line Origine',(7636.10001478,-4183.91225679,499881.723356)) ;
#1119=CARTESIAN_POINT('Vertex',(-21.2275052853,-0.695167030976,-0.589)) ;
#1122=CARTESIAN_POINT('Axis2P3D Location',(-22.5,0.,-0.589)) ;
#1126=CARTESIAN_POINT('Vertex',(-21.05,6.50521303491E-018,-0.589)) ;
#1129=CARTESIAN_POINT('Axis2P3D Location',(-22.5,0.,-0.589)) ;
#1143=CARTESIAN_POINT('Axis2P3D Location',(-22.5,0.,-0.589)) ;
#1148=CARTESIAN_POINT('Axis2P3D Location',(-22.5,0.,-0.589)) ;
#1152=CARTESIAN_POINT('Vertex',(-23.95,-6.50521303491E-018,-0.589)) ;
#1155=CARTESIAN_POINT('Axis2P3D Location',(-22.5,0.,-0.589)) ;
#1169=CARTESIAN_POINT('Axis2P3D Location',(-8.5,0.,13.911)) ;
#1174=CARTESIAN_POINT('Axis2P3D Location',(8.48223484312,0.,13.911)) ;
#1178=CARTESIAN_POINT('Vertex',(8.48223484243,0.,14.411)) ;
#1181=CARTESIAN_POINT('Axis2P3D Location',(-25.4822348431,2.0797239543E-015,13.911)) ;
#1185=CARTESIAN_POINT('Vertex',(-25.4822348437,1.31739962008E-014,14.411)) ;
#1188=CARTESIAN_POINT('Axis2P3D Location',(-8.5,0.,14.411)) ;
#1200=CARTESIAN_POINT('Axis2P3D Location',(-8.5,0.,13.911)) ;
#1205=CARTESIAN_POINT('Axis2P3D Location',(-8.5,0.,14.411)) ;
#1217=CARTESIAN_POINT('Axis2P3D Location',(-23.95,0.,-0.589)) ;
#1228=CARTESIAN_POINT('Axis2P3D Location',(-1.49999999981,-12.1243556524,-0.589)) ;
#1232=CARTESIAN_POINT('Vertex',(-1.52772598773,-10.9496828174,-0.589)) ;
#1234=CARTESIAN_POINT('Vertex',(-0.325,-12.1243556533,-0.589)) ;
#1237=CARTESIAN_POINT('Axis2P3D Location',(-1.49999999981,-12.1243556524,-0.589)) ;
#1241=CARTESIAN_POINT('Vertex',(-2.67499999963,-12.1243556533,-0.589)) ;
#1244=CARTESIAN_POINT('Axis2P3D Location',(-1.49999999981,-12.1243556524,-0.589)) ;
#1248=CARTESIAN_POINT('Vertex',(-1.4722740123,-13.2990284873,-0.589)) ;
#1251=CARTESIAN_POINT('Axis2P3D Location',(-1.49999999981,-12.1243556524,-0.589)) ;
#1263=CARTESIAN_POINT('Axis2P3D Location',(-23.95,0.,-0.589)) ;
#1272=CARTESIAN_POINT('Axis2P3D Location',(-1.49999999981,12.1243556524,-0.589)) ;
#1276=CARTESIAN_POINT('Vertex',(-0.496566477799,12.7357034801,-0.589)) ;
#1278=CARTESIAN_POINT('Vertex',(-0.325,12.1243556533,-0.589)) ;
#1281=CARTESIAN_POINT('Axis2P3D Location',(-1.49999999981,12.1243556524,-0.589)) ;
#1285=CARTESIAN_POINT('Vertex',(-2.67499999963,12.1243556533,-0.589)) ;
#1288=CARTESIAN_POINT('Axis2P3D Location',(-1.49999999981,12.1243556524,-0.589)) ;
#1292=CARTESIAN_POINT('Vertex',(-2.50343352249,11.5130078257,-0.589)) ;
#1295=CARTESIAN_POINT('Axis2P3D Location',(-1.49999999981,12.1243556524,-0.589)) ;
#1307=CARTESIAN_POINT('Axis2P3D Location',(-23.95,0.,-0.589)) ;
#1318=CARTESIAN_POINT('Axis2P3D Location',(-22.4999999998,9.31322574615E-010,-0.589)) ;
#1322=CARTESIAN_POINT('Vertex',(-23.5311595103,0.563325007906,-0.589)) ;
#1324=CARTESIAN_POINT('Vertex',(-21.325,1.43743610593E-016,-0.589)) ;
#1327=CARTESIAN_POINT('Axis2P3D Location',(-22.4999999998,9.31322574615E-010,-0.589)) ;
#1331=CARTESIAN_POINT('Vertex',(-23.6749999996,-1.76612554539E-016,-0.589)) ;
#1334=CARTESIAN_POINT('Axis2P3D Location',(-22.4999999998,-9.31322463593E-010,-0.589)) ;
#1338=CARTESIAN_POINT('Vertex',(-21.4688404894,-0.563325008063,-0.589)) ;
#1341=CARTESIAN_POINT('Axis2P3D Location',(-22.4999999998,-9.31322463593E-010,-0.589)) ;
#1353=CARTESIAN_POINT('Axis2P3D Location',(-25.352572045,0.,14.411)) ;
#1362=CARTESIAN_POINT('Axis2P3D Location',(-8.49999999971,9.31322574615E-010,14.411)) ;
#1366=CARTESIAN_POINT('Vertex',(-23.17937119,-8.01937703044,14.411)) ;
#1368=CARTESIAN_POINT('Vertex',(8.22705432895,0.,14.411)) ;
#1371=CARTESIAN_POINT('Axis2P3D Location',(-8.49999999971,9.31322574615E-010,14.411)) ;
#1375=CARTESIAN_POINT('Vertex',(-25.2270543284,9.66402122173E-016,14.411)) ;
#1378=CARTESIAN_POINT('Axis2P3D Location',(-8.49999999971,-9.31322574615E-010,14.411)) ;
#1382=CARTESIAN_POINT('Vertex',(6.17937119045,8.01937703069,14.411)) ;
#1385=CARTESIAN_POINT('Axis2P3D Location',(-8.49999999971,-9.31322574615E-010,14.411)) ;
#1397=CARTESIAN_POINT('Axis2P3D Location',(-1.5,-12.124355653,-2.089)) ;
#1402=CARTESIAN_POINT('Line Origine',(-413.267719791,17433.3264526,499677.250711)) ;
#1406=CARTESIAN_POINT('Vertex',(-1.52690172582,-10.9846044975,-1.58930458649)) ;
#1409=CARTESIAN_POINT('Line Origine',(410.267719791,-17457.5751639,499677.250711)) ;
#1413=CARTESIAN_POINT('Vertex',(-1.47309827418,-13.2641068085,-1.58930458649)) ;
#1416=CARTESIAN_POINT('Axis2P3D Location',(-1.5,-12.124355653,-1.58930458649)) ;
#1420=CARTESIAN_POINT('Vertex',(-0.359931405909,-12.124355653,-1.58930458649)) ;
#1423=CARTESIAN_POINT('Axis2P3D Location',(-1.5,-12.124355653,-1.58930458649)) ;
#1437=CARTESIAN_POINT('Axis2P3D Location',(-1.5,-12.124355653,-2.089)) ;
#1442=CARTESIAN_POINT('Axis2P3D Location',(-1.5,-12.124355653,-1.58930458649)) ;
#1446=CARTESIAN_POINT('Vertex',(-2.64006859409,-12.124355653,-1.58930458649)) ;
#1449=CARTESIAN_POINT('Axis2P3D Location',(-1.5,-12.124355653,-1.58930458649)) ;
#1463=CARTESIAN_POINT('Axis2P3D Location',(-1.5,12.124355653,-2.089)) ;
#1468=CARTESIAN_POINT('Line Origine',(14900.8197205,9091.45106557,499677.250711)) ;
#1472=CARTESIAN_POINT('Vertex',(-0.526397408285,12.7175288087,-1.58930458649)) ;
#1475=CARTESIAN_POINT('Line Origine',(-14903.8197205,-9067.20235427,499677.250711)) ;
#1479=CARTESIAN_POINT('Vertex',(-2.47360259172,11.5311824973,-1.58930458649)) ;
#1482=CARTESIAN_POINT('Axis2P3D Location',(-1.5,12.124355653,-1.58930458649)) ;
#1486=CARTESIAN_POINT('Vertex',(-0.359931405909,12.124355653,-1.58930458649)) ;
#1489=CARTESIAN_POINT('Axis2P3D Location',(-1.5,12.124355653,-1.58930458649)) ;
#1503=CARTESIAN_POINT('Axis2P3D Location',(-1.5,12.124355653,-2.089)) ;
#1508=CARTESIAN_POINT('Axis2P3D Location',(-1.5,12.124355653,-1.58930458649)) ;
#1512=CARTESIAN_POINT('Vertex',(-2.64006859409,12.124355653,-1.58930458649)) ;
#1515=CARTESIAN_POINT('Axis2P3D Location',(-1.5,12.124355653,-1.58930458649)) ;
#1529=CARTESIAN_POINT('Axis2P3D Location',(-22.5,0.,-2.089)) ;
#1534=CARTESIAN_POINT('Line Origine',(-15336.5874403,8366.12409833,499677.250711)) ;
#1538=CARTESIAN_POINT('Vertex',(-23.5005043175,0.546577999768,-1.58930458649)) ;
#1541=CARTESIAN_POINT('Line Origine',(15291.5874403,-8366.12409833,499677.250711)) ;
#1545=CARTESIAN_POINT('Vertex',(-21.4994956825,-0.546577999768,-1.58930458649)) ;
#1548=CARTESIAN_POINT('Axis2P3D Location',(-22.5,0.,-1.58930458649)) ;
#1552=CARTESIAN_POINT('Vertex',(-21.3599314059,-1.11049407517E-016,-1.58930458649)) ;
#1555=CARTESIAN_POINT('Axis2P3D Location',(-22.5,0.,-1.58930458649)) ;
#1569=CARTESIAN_POINT('Axis2P3D Location',(-22.5,0.,-2.089)) ;
#1574=CARTESIAN_POINT('Axis2P3D Location',(-22.5,0.,-1.58930458649)) ;
#1578=CARTESIAN_POINT('Vertex',(-23.6400685941,-6.06340064963E-017,-1.58930458649)) ;
#1581=CARTESIAN_POINT('Axis2P3D Location',(-22.5,0.,-1.58930458649)) ;
#1595=CARTESIAN_POINT('Axis2P3D Location',(-8.5,0.,11.111)) ;
#1600=CARTESIAN_POINT('Axis2P3D Location',(-8.5,0.,14.3190975189)) ;
#1604=CARTESIAN_POINT('Vertex',(-21.7084112239,-10.2394079843,14.3190975189)) ;
#1606=CARTESIAN_POINT('Vertex',(-10.7633818222,-16.5585236557,14.3190975189)) ;
#1609=CARTESIAN_POINT('Axis2P3D Location',(-8.5,0.,14.319097519)) ;
#1613=CARTESIAN_POINT('Vertex',(-23.1665971656,-8.01239854913,14.319097519)) ;
#1616=CARTESIAN_POINT('Line Origine',(-68657.6895646,-37503.2231849,493804.126079)) ;
#1621=CARTESIAN_POINT('Line Origine',(68640.6895646,37503.2231849,493804.126079)) ;
#1625=CARTESIAN_POINT('Vertex',(6.16659716564,8.01239854913,14.319097519)) ;
#1628=CARTESIAN_POINT('Axis2P3D Location',(-8.5,0.,14.319097519)) ;
#1632=CARTESIAN_POINT('Vertex',(6.9717930461,6.31911567131,14.3190975189)) ;
#1635=CARTESIAN_POINT('Axis2P3D Location',(-8.5,0.,14.3190975189)) ;
#1639=CARTESIAN_POINT('Vertex',(6.97179304609,-6.31911567134,14.3190975189)) ;
#1642=CARTESIAN_POINT('Axis2P3D Location',(-8.5,0.,14.319097519)) ;
#1659=CARTESIAN_POINT('Axis2P3D Location',(-8.5,0.,11.111)) ;
#1664=CARTESIAN_POINT('Axis2P3D Location',(-8.5,0.,14.3190975189)) ;
#1668=CARTESIAN_POINT('Vertex',(-10.7633818222,16.5585236557,14.3190975189)) ;
#1670=CARTESIAN_POINT('Vertex',(-21.7084112239,10.2394079844,14.3190975189)) ;
#1673=CARTESIAN_POINT('Axis2P3D Location',(-8.5,0.,14.319097519)) ;
#1678=CARTESIAN_POINT('Axis2P3D Location',(-8.5,0.,14.319097519)) ;
#1693=CARTESIAN_POINT('Axis2P3D Location',(-1.5,-12.124355653,-3.41379572313)) ;
#1698=CARTESIAN_POINT('Line Origine',(-6253.6425515,264873.732612,424020.634452)) ;
#1702=CARTESIAN_POINT('Vertex',(-1.51953382538,-11.2967619068,-2.08899999947)) ;
#1705=CARTESIAN_POINT('Line Origine',(6250.6425515,-264897.981323,424020.634452)) ;
#1709=CARTESIAN_POINT('Vertex',(-1.48046617462,-12.9519493992,-2.08899999947)) ;
#1712=CARTESIAN_POINT('Axis2P3D Location',(-1.5,-12.124355653,-2.08899999947)) ;
#1716=CARTESIAN_POINT('Vertex',(-0.672175755922,-12.124355653,-2.08899999947)) ;
#1719=CARTESIAN_POINT('Axis2P3D Location',(-1.5,-12.124355653,-2.08899999947)) ;
#1733=CARTESIAN_POINT('Axis2P3D Location',(-1.5,-12.124355653,-3.41379572313)) ;
#1738=CARTESIAN_POINT('Axis2P3D Location',(-1.5,-12.124355653,-2.08899999947)) ;
#1742=CARTESIAN_POINT('Vertex',(-2.32782424408,-12.124355653,-2.08899999947)) ;
#1745=CARTESIAN_POINT('Axis2P3D Location',(-1.5,-12.124355653,-2.08899999947)) ;
#1759=CARTESIAN_POINT('Axis2P3D Location',(-1.5,12.124355653,-3.41379572313)) ;
#1764=CARTESIAN_POINT('Line Origine',(226270.309961,137869.567117,424020.634452)) ;
#1768=CARTESIAN_POINT('Vertex',(-0.793049704468,12.5550693151,-2.08899999947)) ;
#1771=CARTESIAN_POINT('Line Origine',(-226273.309961,-137845.318406,424020.634452)) ;
#1775=CARTESIAN_POINT('Vertex',(-2.20695029553,11.6936419909,-2.08899999947)) ;
#1778=CARTESIAN_POINT('Axis2P3D Location',(-1.5,12.124355653,-2.08899999947)) ;
#1782=CARTESIAN_POINT('Vertex',(-0.672175755922,12.124355653,-2.08899999947)) ;
#1785=CARTESIAN_POINT('Axis2P3D Location',(-1.5,12.124355653,-2.08899999947)) ;
#1799=CARTESIAN_POINT('Axis2P3D Location',(-1.5,12.124355653,-3.41379572313)) ;
#1804=CARTESIAN_POINT('Axis2P3D Location',(-1.5,12.124355653,-2.08899999947)) ;
#1808=CARTESIAN_POINT('Vertex',(-2.32782424408,12.124355653,-2.08899999947)) ;
#1811=CARTESIAN_POINT('Axis2P3D Location',(-1.5,12.124355653,-2.08899999947)) ;
#1825=CARTESIAN_POINT('Axis2P3D Location',(-22.5,0.,-3.41379572313)) ;
#1830=CARTESIAN_POINT('Line Origine',(-232546.452513,127028.414206,424020.634452)) ;
#1834=CARTESIAN_POINT('Vertex',(-23.2264841209,0.396880084087,-2.08899999947)) ;
#1837=CARTESIAN_POINT('Line Origine',(232501.452513,-127028.414206,424020.634452)) ;
#1841=CARTESIAN_POINT('Vertex',(-21.7735158791,-0.396880084087,-2.08899999947)) ;
#1844=CARTESIAN_POINT('Axis2P3D Location',(-22.5,0.,-2.08899999947)) ;
#1848=CARTESIAN_POINT('Vertex',(-21.6721757559,8.4405139128E-017,-2.08899999947)) ;
#1851=CARTESIAN_POINT('Axis2P3D Location',(-22.5,0.,-2.08899999947)) ;
#1865=CARTESIAN_POINT('Axis2P3D Location',(-22.5,0.,-3.41379572313)) ;
#1870=CARTESIAN_POINT('Axis2P3D Location',(-22.5,0.,-2.08899999947)) ;
#1874=CARTESIAN_POINT('Vertex',(-23.3278242441,-3.74049749507E-018,-2.08899999947)) ;
#1877=CARTESIAN_POINT('Axis2P3D Location',(-22.5,0.,-2.08899999947)) ;
#1891=CARTESIAN_POINT('Axis2P3D Location',(-23.6226188458,0.,-2.089)) ;
#1903=CARTESIAN_POINT('Axis2P3D Location',(-23.6226188458,0.,-2.089)) ;
#1915=CARTESIAN_POINT('Axis2P3D Location',(-23.6226188458,0.,-2.089)) ;
#1927=CARTESIAN_POINT('Axis2P3D Location',(0.,0.,14.3190975189)) ;
#1944=CARTESIAN_POINT('Control Point',(0.,3.63145676875,0.131999999998)) ;
#1945=CARTESIAN_POINT('Control Point',(0.,5.69378157286,2.36079864507)) ;
#1946=CARTESIAN_POINT('Control Point',(0.,7.23559210784,5.07387880172)) ;
#1947=CARTESIAN_POINT('Control Point',(0.,8.08196115988,8.07748381734)) ;
#1948=CARTESIAN_POINT('Control Point',(0.,8.21800000075,11.1110000002)) ;
#1949=CARTESIAN_POINT('Axis1P Location',(0.,0.,5.62150000036)) ;
#1954=CARTESIAN_POINT('Control Point',(7.792027999,2.61147921207,11.1110000001)) ;
#1955=CARTESIAN_POINT('Control Point',(7.76621498129,2.62601670796,10.6682472523)) ;
#1956=CARTESIAN_POINT('Control Point',(7.75399233805,2.55469534152,10.2227415803)) ;
#1957=CARTESIAN_POINT('Control Point',(7.7567092372,2.39894510905,9.79237809796)) ;
#1958=CARTESIAN_POINT('Control Point',(7.78255181918,1.95898056403,9.07081860321)) ;
#1959=CARTESIAN_POINT('Control Point',(7.82214650889,1.26300290349,8.55340673502)) ;
#1960=CARTESIAN_POINT('Control Point',(7.83891661938,0.902113870695,8.37660008507)) ;
#1961=CARTESIAN_POINT('Control Point',(7.85925512066,0.0689339984162,8.16691240649)) ;
#1962=CARTESIAN_POINT('Control Point',(7.84444754744,-0.784109915822,8.31976684352)) ;
#1963=CARTESIAN_POINT('Control Point',(7.82574657997,-1.20218929852,8.5058278668)) ;
#1964=CARTESIAN_POINT('Control Point',(7.78326364755,-1.94442763668,9.04295834613)) ;
#1965=CARTESIAN_POINT('Control Point',(7.75664154604,-2.40281422599,9.80317601209)) ;
#1966=CARTESIAN_POINT('Control Point',(7.75419722805,-2.55587941643,10.2301749881)) ;
#1967=CARTESIAN_POINT('Control Point',(7.76643033617,-2.62589542339,10.6719410847)) ;
#1968=CARTESIAN_POINT('Control Point',(7.792027999,-2.61147921207,11.1110000001)) ;
#1969=CARTESIAN_POINT('Vertex',(7.79202719089,2.6114844573,11.1110006157)) ;
#1971=CARTESIAN_POINT('Vertex',(7.79202774421,-2.61148100533,11.1110006157)) ;
#1974=CARTESIAN_POINT('Axis2P3D Location',(0.,0.,11.111)) ;
#1979=CARTESIAN_POINT('Axis2P3D Location',(0.,0.,11.111)) ;
#1983=CARTESIAN_POINT('Vertex',(-1.00853858468E-007,8.21800000074,11.111)) ;
#1987=CARTESIAN_POINT('Control Point',(7.79202607497,2.61148495289,11.111)) ;
#1988=CARTESIAN_POINT('Control Point',(7.1405023466,4.55547083506,11.111)) ;
#1989=CARTESIAN_POINT('Control Point',(5.88337876931,6.29695652235,11.111)) ;
#1990=CARTESIAN_POINT('Control Point',(4.10100270348,7.57946348473,11.111)) ;
#1991=CARTESIAN_POINT('Control Point',(2.05023211684,8.2180000259,11.111)) ;
#1992=CARTESIAN_POINT('Control Point',(-1.00853858598E-007,8.21800000074,11.111)) ;
#2005=CARTESIAN_POINT('Control Point',(-15.8949338145,5.54548754779,0.131999999998)) ;
#2006=CARTESIAN_POINT('Control Point',(-17.6809594857,4.51432514574,2.36079864507)) ;
#2007=CARTESIAN_POINT('Control Point',(-19.0162065768,3.74341987825,5.07387880172)) ;
#2008=CARTESIAN_POINT('Control Point',(-19.7491836769,3.32023535223,8.07748381734)) ;
#2009=CARTESIAN_POINT('Control Point',(-19.866996769,3.25221593179,11.1110000002)) ;
#2010=CARTESIAN_POINT('Axis1P Location',(-12.75,7.36121593217,5.62150000036)) ;
#2015=CARTESIAN_POINT('Control Point',(-18.9076213386,12.8035705203,11.1110000001)) ;
#2016=CARTESIAN_POINT('Control Point',(-18.9073046705,12.7739470432,10.6682472524)) ;
#2017=CARTESIAN_POINT('Control Point',(-18.8394272338,12.7990226069,10.2227415806)) ;
#2018=CARTESIAN_POINT('Control Point',(-18.7059020252,12.8792506269,9.79237809768)) ;
#2019=CARTESIAN_POINT('Control Point',(-18.3378028435,13.1216132319,9.07081860316)) ;
#2020=CARTESIAN_POINT('Control Point',(-17.754865854,13.5038920692,8.5534067351)) ;
#2021=CARTESIAN_POINT('Control Point',(-17.4507118387,13.6988599274,8.37660008504)) ;
#2022=CARTESIAN_POINT('Control Point',(-16.7393261541,14.1330635223,8.1669124065)) ;
#2023=CARTESIAN_POINT('Control Point',(-15.9931646673,14.5467617448,8.31976684351)) ;
#2024=CARTESIAN_POINT('Control Point',(-15.6217468173,14.7396059233,8.50582786681)) ;
#2025=CARTESIAN_POINT('Control Point',(-14.9577080946,15.0739337936,9.0429583461)) ;
#2026=CARTESIAN_POINT('Control Point',(-14.5474226128,15.2800716721,9.80317601206)) ;
#2027=CARTESIAN_POINT('Control Point',(-14.4136421104,15.3544874258,10.2301749882)) ;
#2028=CARTESIAN_POINT('Control Point',(-14.3591230237,15.4000896117,10.6719410847)) ;
#2029=CARTESIAN_POINT('Control Point',(-14.3844066604,15.4150497323,11.1110000001)) ;
#2030=CARTESIAN_POINT('Vertex',(-18.9076213386,12.8035705203,11.1110000001)) ;
#2032=CARTESIAN_POINT('Vertex',(-14.3844066037,15.4150497429,11.111)) ;
#2035=CARTESIAN_POINT('Axis2P3D Location',(-12.75,7.36121593217,11.111)) ;
#2040=CARTESIAN_POINT('Axis2P3D Location',(-12.75,7.36121593217,11.111)) ;
#2044=CARTESIAN_POINT('Vertex',(-19.8669967185,3.25221584443,11.111)) ;
#2048=CARTESIAN_POINT('Control Point',(-18.9076485336,12.803539751,11.111)) ;
#2049=CARTESIAN_POINT('Control Point',(-20.2654166456,11.267310173,11.111)) ;
#2050=CARTESIAN_POINT('Control Point',(-21.1450159722,9.3078707637,11.111)) ;
#2051=CARTESIAN_POINT('Control Point',(-21.3645060366,7.12304239868,11.111)) ;
#2052=CARTESIAN_POINT('Control Point',(-20.8921093482,5.02776295218,11.111)) ;
#2053=CARTESIAN_POINT('Control Point',(-19.8669967185,3.25221584443,11.111)) ;
#2066=CARTESIAN_POINT('Control Point',(-9.60506618552,-9.17694431654,0.131999999998)) ;
#2067=CARTESIAN_POINT('Control Point',(-7.8190405143,-10.2081067186,2.36079864507)) ;
#2068=CARTESIAN_POINT('Control Point',(-6.48379342319,-10.9790119861,5.07387880172)) ;
#2069=CARTESIAN_POINT('Control Point',(-5.75081632314,-11.4021965121,8.07748381734)) ;
#2070=CARTESIAN_POINT('Control Point',(-5.63300323105,-11.4702159325,11.1110000002)) ;
#2071=CARTESIAN_POINT('Axis1P Location',(-12.75,-7.36121593217,5.62150000036)) ;
#2076=CARTESIAN_POINT('Control Point',(-14.3844066604,-15.4150497323,11.1110000001)) ;
#2077=CARTESIAN_POINT('Control Point',(-14.3589103108,-15.3999637512,10.6682472525)) ;
#2078=CARTESIAN_POINT('Control Point',(-14.4145651043,-15.3537179485,10.2227415807)) ;
#2079=CARTESIAN_POINT('Control Point',(-14.5508072121,-15.2781957358,9.79237809762)) ;
#2080=CARTESIAN_POINT('Control Point',(-14.9447489757,-15.0805937958,9.07081860325)) ;
#2081=CARTESIAN_POINT('Control Point',(-15.5672806547,-14.7668949729,8.55340673525)) ;
#2082=CARTESIAN_POINT('Control Point',(-15.8882047809,-14.6009737979,8.37660008498)) ;
#2083=CARTESIAN_POINT('Control Point',(-16.6199289665,-14.2019975207,8.16691240657)) ;
#2084=CARTESIAN_POINT('Control Point',(-17.3512828798,-13.7626518292,8.31976684345)) ;
#2085=CARTESIAN_POINT('Control Point',(-17.7039997629,-13.5374166246,8.50582786705)) ;
#2086=CARTESIAN_POINT('Control Point',(-18.325555553,-13.1295061569,9.04295834629)) ;
#2087=CARTESIAN_POINT('Control Point',(-18.7092189333,-12.8772574461,9.80317601209)) ;
#2088=CARTESIAN_POINT('Control Point',(-18.8405551177,-12.7986080094,10.2301749881)) ;
#2089=CARTESIAN_POINT('Control Point',(-18.9073073124,-12.7741941883,10.6719410847)) ;
#2090=CARTESIAN_POINT('Control Point',(-18.9076213386,-12.8035705203,11.1110000001)) ;
#2091=CARTESIAN_POINT('Vertex',(-14.3844066604,-15.4150497323,11.1110000001)) ;
#2093=CARTESIAN_POINT('Vertex',(-18.9076297097,-12.8035610486,11.111)) ;
#2096=CARTESIAN_POINT('Axis2P3D Location',(-12.75,-7.36121593217,11.111)) ;
#2101=CARTESIAN_POINT('Axis2P3D Location',(-12.75,-7.36121593217,11.111)) ;
#2105=CARTESIAN_POINT('Vertex',(-5.63300318063,-11.4702158452,11.111)) ;
#2109=CARTESIAN_POINT('Control Point',(-14.3843590131,-15.4150594015,11.111)) ;
#2110=CARTESIAN_POINT('Control Point',(-12.3750622226,-15.8228041425,11.111)) ;
#2111=CARTESIAN_POINT('Control Point',(-10.2383401232,-15.6048384553,11.111)) ;
#2112=CARTESIAN_POINT('Control Point',(-8.2364803262,-14.7025080846,11.111)) ;
#2113=CARTESIAN_POINT('Control Point',(-6.65811501136,-13.2457616698,11.111)) ;
#2114=CARTESIAN_POINT('Control Point',(-5.63300318063,-11.4702158452,11.111)) ;
#2126=CARTESIAN_POINT('Axis2P3D Location',(-8.5,-3.5527136788E-015,7.03695084842)) ;
#2131=CARTESIAN_POINT('Axis2P3D Location',(-8.5,-3.5527136788E-015,11.1110006157)) ;
#2135=CARTESIAN_POINT('Vertex',(-14.3870494959,-15.4140406543,11.1110006157)) ;
#2138=CARTESIAN_POINT('Axis2P3D Location',(-8.5,-3.5527136788E-015,11.1110006157)) ;
#2142=CARTESIAN_POINT('Vertex',(-18.9054258395,-12.8053549017,11.1110006157)) ;
#2145=CARTESIAN_POINT('Axis2P3D Location',(-8.5,-3.5527136788E-015,11.1110006157)) ;
#2157=CARTESIAN_POINT('Axis2P3D Location',(-8.5,-3.5527136788E-015,11.1110006157)) ;
#2161=CARTESIAN_POINT('Vertex',(-18.9057665585,12.8050780314,11.1110006157)) ;
#2164=CARTESIAN_POINT('Axis2P3D Location',(-8.5,-3.5527136788E-015,11.1110006157)) ;
#2168=CARTESIAN_POINT('Vertex',(-14.3866395406,15.4141972213,11.1110006157)) ;
#2171=CARTESIAN_POINT('Axis2P3D Location',(-8.5,-3.5527136788E-015,11.1110006157)) ;
#2183=CARTESIAN_POINT('Axis2P3D Location',(-8.5,-3.5527136788E-015,11.1110006157)) ;
#2193=CARTESIAN_POINT('Axis2P3D Location',(-26.,0.,11.111)) ;
#2254=CARTESIAN_POINT('Axis2P3D Location',(0.,0.,4.04278850555)) ;
#2259=CARTESIAN_POINT('Line Origine',(-1.13847866409,2.08397121604,2.08739425277)) ;
#2263=CARTESIAN_POINT('Vertex',(-1.02745343236,1.88074089256,3.58378850555)) ;
#2267=CARTESIAN_POINT('Control Point',(1.02745343236,-1.88074089256,3.58378850555)) ;
#2268=CARTESIAN_POINT('Control Point',(0.51860412972,-2.15872653355,3.58378850555)) ;
#2269=CARTESIAN_POINT('Control Point',(-0.0842591863065,-2.26462067737,3.58378850555)) ;
#2270=CARTESIAN_POINT('Control Point',(-0.703450656752,-2.15424316091,3.58378850555)) ;
#2271=CARTESIAN_POINT('Control Point',(-1.49735355872,-1.69260116066,3.58378850555)) ;
#2272=CARTESIAN_POINT('Control Point',(-1.95879525258,-0.940553677705,3.58378850555)) ;
#2273=CARTESIAN_POINT('Control Point',(-2.06840348827,-0.665753011168,3.58378850555)) ;
#2274=CARTESIAN_POINT('Control Point',(-2.22951812731,0.09496435143,3.58378850555)) ;
#2275=CARTESIAN_POINT('Control Point',(-2.04806710438,0.869759967663,3.58378850555)) ;
#2276=CARTESIAN_POINT('Control Point',(-1.80039023322,1.30753824936,3.58378850555)) ;
#2277=CARTESIAN_POINT('Control Point',(-1.44567586469,1.65226493647,3.58378850555)) ;
#2278=CARTESIAN_POINT('Control Point',(-1.02745343236,1.88074089256,3.58378850555)) ;
#2279=CARTESIAN_POINT('Vertex',(1.02745343236,-1.88074089256,3.58378850555)) ;
#2282=CARTESIAN_POINT('Line Origine',(1.13847866409,-2.08397121604,2.08739425277)) ;
#2295=CARTESIAN_POINT('Control Point',(-1.02745343236,1.88074089256,3.58378850555)) ;
#2296=CARTESIAN_POINT('Control Point',(-0.524362452781,2.15558074732,3.58378850555)) ;
#2297=CARTESIAN_POINT('Control Point',(0.0706267863498,2.26220196633,3.58378850555)) ;
#2298=CARTESIAN_POINT('Control Point',(0.682450613191,2.15796363268,3.58378850555)) ;
#2299=CARTESIAN_POINT('Control Point',(1.47483230837,1.70970797476,3.58378850555)) ;
#2300=CARTESIAN_POINT('Control Point',(1.94416645724,0.970431269451,3.58378850555)) ;
#2301=CARTESIAN_POINT('Control Point',(2.05796885825,0.697340835365,3.58378850555)) ;
#2302=CARTESIAN_POINT('Control Point',(2.23218910154,-0.0673095953736,3.58378850555)) ;
#2303=CARTESIAN_POINT('Control Point',(2.05821492021,-0.851613212663,3.58378850555)) ;
#2304=CARTESIAN_POINT('Control Point',(1.81014631269,-1.29802313092,3.58378850555)) ;
#2305=CARTESIAN_POINT('Control Point',(1.45143436664,-1.64911905252,3.58378850555)) ;
#2306=CARTESIAN_POINT('Control Point',(1.02745343236,-1.88074089256,3.58378850555)) ;
#2315=CARTESIAN_POINT('Axis2P3D Location',(-12.75,7.36121593217,4.04278850555)) ;
#2320=CARTESIAN_POINT('Line Origine',(-13.9855326818,5.33327887938,2.08739425277)) ;
#2324=CARTESIAN_POINT('Vertex',(-13.8650426747,5.53104471226,3.58378850555)) ;
#2328=CARTESIAN_POINT('Control Point',(-11.6349573253,9.19138715208,3.58378850555)) ;
#2329=CARTESIAN_POINT('Control Point',(-11.139790047,8.88970354978,3.58378850555)) ;
#2330=CARTESIAN_POINT('Control Point',(-10.7466513703,8.42055567498,3.58378850555)) ;
#2331=CARTESIAN_POINT('Control Point',(-10.5326453683,7.82913137356,3.58378850555)) ;
#2332=CARTESIAN_POINT('Control Point',(-10.535487617,6.91077029218,3.58378850555)) ;
#2333=CARTESIAN_POINT('Control Point',(-10.9560589952,6.13512632144,3.58378850555)) ;
#2334=CARTESIAN_POINT('Control Point',(-11.1392392356,5.9028024716,3.58378850555)) ;
#2335=CARTESIAN_POINT('Control Point',(-11.7174824772,5.38291441999,3.58378850555)) ;
#2336=CARTESIAN_POINT('Control Point',(-12.479200675,5.15265780729,3.58378850555)) ;
#2337=CARTESIAN_POINT('Control Point',(-12.9821662238,5.1482631288,3.58378850555)) ;
#2338=CARTESIAN_POINT('Control Point',(-13.4580654764,5.28309143948,3.58378850555)) ;
#2339=CARTESIAN_POINT('Control Point',(-13.8650426747,5.53104471226,3.58378850555)) ;
#2340=CARTESIAN_POINT('Vertex',(-11.6349573253,9.19138715208,3.58378850555)) ;
#2343=CARTESIAN_POINT('Line Origine',(-11.5144673182,9.38915298495,2.08739425277)) ;
#2356=CARTESIAN_POINT('Control Point',(-13.8650426747,5.53104471226,3.58378850555)) ;
#2357=CARTESIAN_POINT('Control Point',(-14.3546064607,5.82931435361,3.58378850555)) ;
#2358=CARTESIAN_POINT('Control Point',(-14.7444377645,6.29127954019,3.58378850555)) ;
#2359=CARTESIAN_POINT('Control Point',(-14.9600766329,6.87325368371,3.58378850555)) ;
#2360=CARTESIAN_POINT('Control Point',(-14.9680666934,7.7836041902,3.58378850555)) ;
#2361=CARTESIAN_POINT('Control Point',(-14.5625013606,8.55969783864,3.58378850555)) ;
#2362=CARTESIAN_POINT('Control Point',(-14.3828993076,8.79479882596,3.58378850555)) ;
#2363=CARTESIAN_POINT('Control Point',(-13.8078027312,9.32800319786,3.58378850555)) ;
#2364=CARTESIAN_POINT('Control Point',(-13.0415887837,9.56948894585,3.58378850555)) ;
#2365=CARTESIAN_POINT('Control Point',(-12.5309521503,9.57786018898,3.58378850555)) ;
#2366=CARTESIAN_POINT('Control Point',(-12.04753819,9.44275449186,3.58378850555)) ;
#2367=CARTESIAN_POINT('Control Point',(-11.6349573253,9.19138715208,3.58378850555)) ;
#2376=CARTESIAN_POINT('Axis2P3D Location',(0.,2.07205867767,3.58378850555)) ;
#2382=CARTESIAN_POINT('Control Point',(-10.6075038929,-7.41178560482,3.58378850555)) ;
#2383=CARTESIAN_POINT('Control Point',(-10.5938218686,-6.83211636153,3.58378850555)) ;
#2384=CARTESIAN_POINT('Control Point',(-10.7761825316,-6.24782295793,3.58378850555)) ;
#2385=CARTESIAN_POINT('Control Point',(-11.1582179361,-5.74819287177,3.58378850555)) ;
#2386=CARTESIAN_POINT('Control Point',(-11.9325322787,-5.25439083151,3.58378850555)) ;
#2387=CARTESIAN_POINT('Control Point',(-12.8124476256,-5.1892077679,3.58378850555)) ;
#2388=CARTESIAN_POINT('Control Point',(-13.1069141599,-5.21782300615,3.58378850555)) ;
#2389=CARTESIAN_POINT('Control Point',(-13.8568126632,-5.4235020026,3.58378850555)) ;
#2390=CARTESIAN_POINT('Control Point',(-14.4621218753,-5.94005595701,3.58378850555)) ;
#2391=CARTESIAN_POINT('Control Point',(-14.7375755972,-6.36091191311,3.58378850555)) ;
#2392=CARTESIAN_POINT('Control Point',(-14.8812508779,-6.83421723824,3.58378850555)) ;
#2393=CARTESIAN_POINT('Control Point',(-14.8924961071,-7.31064625951,3.58378850555)) ;
#2394=CARTESIAN_POINT('Vertex',(-10.6075038929,-7.41178560482,3.58378850555)) ;
#2396=CARTESIAN_POINT('Vertex',(-14.8924961071,-7.31064625951,3.58378850555)) ;
#2400=CARTESIAN_POINT('Control Point',(-14.8924961071,-7.31064625951,3.58378850555)) ;
#2401=CARTESIAN_POINT('Control Point',(-14.9061781314,-7.89031550282,3.58378850555)) ;
#2402=CARTESIAN_POINT('Control Point',(-14.7238174684,-8.47460890644,3.58378850555)) ;
#2403=CARTESIAN_POINT('Control Point',(-14.3417820639,-8.97423899254,3.58378850555)) ;
#2404=CARTESIAN_POINT('Control Point',(-13.5674677214,-9.46804103282,3.58378850555)) ;
#2405=CARTESIAN_POINT('Control Point',(-12.6875523744,-9.53322409643,3.58378850555)) ;
#2406=CARTESIAN_POINT('Control Point',(-12.3930858401,-9.50460885818,3.58378850555)) ;
#2407=CARTESIAN_POINT('Control Point',(-11.6431871337,-9.29892980603,3.58378850555)) ;
#2408=CARTESIAN_POINT('Control Point',(-11.0378777968,-8.78237562753,3.58378850555)) ;
#2409=CARTESIAN_POINT('Control Point',(-10.7624244303,-8.36151622359,3.58378850555)) ;
#2410=CARTESIAN_POINT('Control Point',(-10.618749127,-7.88821483368,3.58378850555)) ;
#2411=CARTESIAN_POINT('Control Point',(-10.6075038929,-7.41178560482,3.58378850555)) ;
#2428=CARTESIAN_POINT('Axis2P3D Location',(-12.75,-7.36121593217,4.04278850555)) ;
#2433=CARTESIAN_POINT('Line Origine',(-10.3759886541,-7.41725009542,2.08739425277)) ;
#2438=CARTESIAN_POINT('Line Origine',(-15.1240113459,-7.30518176891,2.08739425277)) ;
#53=DIRECTION('Axis2P3D Direction',(0.,0.,1.)) ;
#54=DIRECTION('Axis2P3D XDirection',(1.,0.,0.)) ;
#58=DIRECTION('Axis2P3D Direction',(0.,0.,1.)) ;
#67=DIRECTION('Axis2P3D Direction',(0.,0.,1.)) ;
#76=DIRECTION('Axis2P3D Direction',(0.,0.,1.)) ;
#85=DIRECTION('Axis2P3D Direction',(0.,0.,1.)) ;
#101=DIRECTION('Axis1P Direction',(0.,0.,1.)) ;
#132=DIRECTION('Axis2P3D Direction',(0.,0.,1.)) ;
#155=DIRECTION('Axis2P3D Direction',(0.,0.,1.)) ;
#162=DIRECTION('Axis2P3D Direction',(0.,0.,1.)) ;
#212=DIRECTION('Axis2P3D Direction',(0.,0.,1.)) ;
#213=DIRECTION('Axis2P3D XDirection',(1.,0.,0.)) ;
#253=DIRECTION('Axis1P Direction',(0.,0.,1.)) ;
#257=DIRECTION('Axis2P3D Direction',(0.,0.,1.)) ;
#273=DIRECTION('Axis2P3D Direction',(0.,0.,1.)) ;
#289=DIRECTION('Axis2P3D Direction',(0.,0.,1.)) ;
#296=DIRECTION('Axis2P3D Direction',(0.,0.,1.)) ;
#344=DIRECTION('Axis1P Direction',(0.,0.,1.)) ;
#348=DIRECTION('Axis2P3D Direction',(0.,0.,1.)) ;
#364=DIRECTION('Axis2P3D Direction',(0.,0.,1.)) ;
#380=DIRECTION('Axis2P3D Direction',(0.,0.,1.)) ;
#387=DIRECTION('Axis2P3D Direction',(0.,0.,1.)) ;
#404=DIRECTION('Axis2P3D Direction',(0.,0.,1.)) ;
#405=DIRECTION('Axis2P3D XDirection',(1.,0.,0.)) ;
#409=DIRECTION('Vector Direction',(-0.0348994966626,4.27381453583E-018,0.99939082702)) ;
#418=DIRECTION('Axis2P3D Direction',(9.26584210768E-016,0.,1.)) ;
#425=DIRECTION('Vector Direction',(0.0348994966626,0.,0.99939082702)) ;
#432=DIRECTION('Axis2P3D Direction',(9.26584210768E-016,0.,1.)) ;
#444=DIRECTION('Axis2P3D Direction',(0.,0.,1.)) ;
#445=DIRECTION('Axis2P3D XDirection',(-1.,1.22460635382E-016,0.)) ;
#449=DIRECTION('Axis2P3D Direction',(9.26584210768E-016,0.,1.)) ;
#454=DIRECTION('Axis2P3D Direction',(9.26584210768E-016,0.,1.)) ;
#466=DIRECTION('Axis2P3D Direction',(0.,0.,-1.)) ;
#467=DIRECTION('Axis2P3D XDirection',(-0.0235965852909,0.999721561817,0.)) ;
#471=DIRECTION('Axis2P3D Direction',(0.,0.,-1.)) ;
#480=DIRECTION('Axis2P3D Direction',(0.,0.,-1.)) ;
#487=DIRECTION('Axis2P3D Direction',(-0.999721561817,-0.0235965852909,-0.)) ;
#494=DIRECTION('Axis2P3D Direction',(0.,0.,-1.)) ;
#501=DIRECTION('Axis2P3D Direction',(0.,0.,-1.)) ;
#508=DIRECTION('Axis2P3D Direction',(0.999721561817,0.0235965852909,0.)) ;
#522=DIRECTION('Axis2P3D Direction',(0.,0.,-1.)) ;
#523=DIRECTION('Axis2P3D XDirection',(0.0235965852909,-0.999721561817,0.)) ;
#527=DIRECTION('Axis2P3D Direction',(0.,0.,-1.)) ;
#534=DIRECTION('Axis2P3D Direction',(0.,0.,-1.)) ;
#539=DIRECTION('Axis2P3D Direction',(0.,0.,-1.)) ;
#546=DIRECTION('Axis2P3D Direction',(0.,0.,-1.)) ;
#560=DIRECTION('Axis2P3D Direction',(0.,0.,-1.)) ;
#561=DIRECTION('Axis2P3D XDirection',(0.853985976599,0.520296023213,0.)) ;
#565=DIRECTION('Axis2P3D Direction',(0.,0.,-1.)) ;
#574=DIRECTION('Axis2P3D Direction',(0.,0.,-1.)) ;
#581=DIRECTION('Axis2P3D Direction',(-0.520296023213,0.853985976599,0.)) ;
#588=DIRECTION('Axis2P3D Direction',(0.,0.,-1.)) ;
#595=DIRECTION('Axis2P3D Direction',(0.,0.,-1.)) ;
#602=DIRECTION('Axis2P3D Direction',(0.520296023213,-0.853985976599,0.)) ;
#616=DIRECTION('Axis2P3D Direction',(0.,0.,-1.)) ;
#617=DIRECTION('Axis2P3D XDirection',(-0.853985976599,-0.520296023213,0.)) ;
#621=DIRECTION('Axis2P3D Direction',(0.,0.,-1.)) ;
#628=DIRECTION('Axis2P3D Direction',(0.,0.,-1.)) ;
#633=DIRECTION('Axis2P3D Direction',(0.,0.,-1.)) ;
#640=DIRECTION('Axis2P3D Direction',(0.,0.,-1.)) ;
#654=DIRECTION('Axis2P3D Direction',(0.746105718071,-0.660098578977,-0.0871557427477)) ;
#655=DIRECTION('Axis2P3D XDirection',(0.662620048311,0.748955720704,0.)) ;
#659=DIRECTION('Vector Direction',(0.0652757921231,-0.0577511424701,0.996194698092)) ;
#668=DIRECTION('Vector Direction',(-0.662620048311,-0.748955720704,0.)) ;
#675=DIRECTION('Vector Direction',(0.0652757921231,-0.0577511424701,0.996194698092)) ;
#682=DIRECTION('Vector Direction',(-0.662620048311,-0.748955720704,0.)) ;
#694=DIRECTION('Axis2P3D Direction',(0.,0.,-1.)) ;
#695=DIRECTION('Axis2P3D XDirection',(-0.748955720789,0.662620048216,0.)) ;
#699=DIRECTION('Vector Direction',(0.0652757920561,-0.0577511423959,-0.9961946981)) ;
#708=DIRECTION('Axis2P3D Direction',(3.36621856583E-016,-2.97817861121E-016,-1.)) ;
#713=DIRECTION('Axis2P3D Direction',(3.36621856583E-016,-2.97817861121E-016,-1.)) ;
#725=DIRECTION('Axis2P3D Direction',(-0.74610571819,0.660098578843,-0.0871557427477)) ;
#726=DIRECTION('Axis2P3D XDirection',(-0.662620048177,-0.748955720824,0.)) ;
#730=DIRECTION('Vector Direction',(-0.0652757921335,0.0577511424583,0.996194698092)) ;
#739=DIRECTION('Vector Direction',(0.662620048177,0.748955720824,0.)) ;
#744=DIRECTION('Vector Direction',(0.662620048177,0.748955720824,0.)) ;
#756=DIRECTION('Axis2P3D Direction',(0.,0.,-1.)) ;
#757=DIRECTION('Axis2P3D XDirection',(0.748955720789,-0.662620048216,0.)) ;
#761=DIRECTION('Axis2P3D Direction',(-3.36621856583E-016,2.97817861121E-016,-1.)) ;
#766=DIRECTION('Axis2P3D Direction',(-3.36621856583E-016,2.97817861121E-016,-1.)) ;
#778=DIRECTION('Axis2P3D Direction',(0.,0.,-1.)) ;
#779=DIRECTION('Axis2P3D XDirection',(-0.87758256189,0.479425538604,0.)) ;
#783=DIRECTION('Axis2P3D Direction',(0.,0.,-1.)) ;
#792=DIRECTION('Axis2P3D Direction',(0.,0.,-1.)) ;
#799=DIRECTION('Axis2P3D Direction',(-0.479425538604,-0.87758256189,-0.)) ;
#806=DIRECTION('Axis2P3D Direction',(0.,0.,-1.)) ;
#813=DIRECTION('Axis2P3D Direction',(0.,0.,-1.)) ;
#820=DIRECTION('Axis2P3D Direction',(0.479425538604,0.87758256189,0.)) ;
#834=DIRECTION('Axis2P3D Direction',(0.,0.,-1.)) ;
#835=DIRECTION('Axis2P3D XDirection',(0.87758256189,-0.479425538604,0.)) ;
#839=DIRECTION('Axis2P3D Direction',(0.,0.,-1.)) ;
#846=DIRECTION('Axis2P3D Direction',(0.,0.,-1.)) ;
#851=DIRECTION('Axis2P3D Direction',(0.,0.,-1.)) ;
#858=DIRECTION('Axis2P3D Direction',(0.,0.,-1.)) ;
#872=DIRECTION('Axis2P3D Direction',(0.,0.,1.)) ;
#881=DIRECTION('Axis2P3D Direction',(0.,0.,1.)) ;
#890=DIRECTION('Axis2P3D Direction',(0.,0.,1.)) ;
#900=DIRECTION('Axis2P3D Direction',(0.,0.,1.)) ;
#909=DIRECTION('Axis2P3D Direction',(0.,0.,1.)) ;
#918=DIRECTION('Axis2P3D Direction',(0.,0.,1.)) ;
#928=DIRECTION('Axis2P3D Direction',(0.,0.,1.)) ;
#929=DIRECTION('Axis2P3D XDirection',(1.,0.,0.)) ;
#933=DIRECTION('Axis2P3D Direction',(1.22464679915E-016,1.,-0.)) ;
#940=DIRECTION('Axis2P3D Direction',(0.,0.,1.)) ;
#947=DIRECTION('Axis2P3D Direction',(0.,-1.,0.)) ;
#959=DIRECTION('Axis2P3D Direction',(0.,0.,1.)) ;
#960=DIRECTION('Axis2P3D XDirection',(-1.,1.22460635382E-016,0.)) ;
#964=DIRECTION('Axis2P3D Direction',(0.,0.,1.)) ;
#976=DIRECTION('Axis2P3D Direction',(0.,0.,1.)) ;
#977=DIRECTION('Axis2P3D XDirection',(0.0235965852909,-0.999721561817,0.)) ;
#981=DIRECTION('Vector Direction',(-0.000411817196557,0.017447547001,0.999847695157)) ;
#988=DIRECTION('Vector Direction',(0.000411817196557,-0.017447547001,0.999847695157)) ;
#995=DIRECTION('Axis2P3D Direction',(0.,0.,1.)) ;
#1002=DIRECTION('Axis2P3D Direction',(0.,0.,1.)) ;
#1016=DIRECTION('Axis2P3D Direction',(0.,0.,1.)) ;
#1017=DIRECTION('Axis2P3D XDirection',(-0.0235965852909,0.999721561817,0.)) ;
#1021=DIRECTION('Axis2P3D Direction',(0.,0.,1.)) ;
#1028=DIRECTION('Axis2P3D Direction',(0.,0.,1.)) ;
#1042=DIRECTION('Axis2P3D Direction',(0.,0.,1.)) ;
#1043=DIRECTION('Axis2P3D XDirection',(1.,0.,0.)) ;
#1047=DIRECTION('Vector Direction',(-0.0174524064173,2.13677974752E-018,0.999847695157)) ;
#1054=DIRECTION('Vector Direction',(0.0174524064173,0.,0.999847695157)) ;
#1061=DIRECTION('Axis2P3D Direction',(0.,0.,1.)) ;
#1074=DIRECTION('Axis2P3D Direction',(0.,0.,1.)) ;
#1075=DIRECTION('Axis2P3D XDirection',(-1.,1.22464188649E-016,0.)) ;
#1079=DIRECTION('Axis2P3D Direction',(0.,0.,1.)) ;
#1092=DIRECTION('Axis2P3D Direction',(0.,0.,1.)) ;
#1093=DIRECTION('Axis2P3D XDirection',(1.,0.,0.)) ;
#1104=DIRECTION('Axis2P3D Direction',(0.,0.,1.)) ;
#1105=DIRECTION('Axis2P3D XDirection',(0.87758256189,-0.479425538604,0.)) ;
#1109=DIRECTION('Vector Direction',(-0.0153159275348,0.00836712934655,0.999847695157)) ;
#1116=DIRECTION('Vector Direction',(0.0153159275348,-0.00836712934655,0.999847695157)) ;
#1123=DIRECTION('Axis2P3D Direction',(0.,0.,1.)) ;
#1130=DIRECTION('Axis2P3D Direction',(0.,0.,1.)) ;
#1144=DIRECTION('Axis2P3D Direction',(0.,0.,1.)) ;
#1145=DIRECTION('Axis2P3D XDirection',(-0.87758256189,0.479425538604,0.)) ;
#1149=DIRECTION('Axis2P3D Direction',(0.,0.,1.)) ;
#1156=DIRECTION('Axis2P3D Direction',(0.,0.,1.)) ;
#1170=DIRECTION('Axis2P3D Direction',(0.,0.,1.)) ;
#1171=DIRECTION('Axis2P3D XDirection',(1.,0.,0.)) ;
#1175=DIRECTION('Axis2P3D Direction',(0.,-1.,0.)) ;
#1182=DIRECTION('Axis2P3D Direction',(1.22464679915E-016,1.,-0.)) ;
#1189=DIRECTION('Axis2P3D Direction',(0.,0.,1.)) ;
#1201=DIRECTION('Axis2P3D Direction',(0.,0.,1.)) ;
#1202=DIRECTION('Axis2P3D XDirection',(-1.,1.22460635382E-016,0.)) ;
#1206=DIRECTION('Axis2P3D Direction',(0.,0.,1.)) ;
#1218=DIRECTION('Axis2P3D Direction',(0.,0.,-1.)) ;
#1219=DIRECTION('Axis2P3D XDirection',(-1.,0.,0.)) ;
#1229=DIRECTION('Axis2P3D Direction',(0.,0.,-1.)) ;
#1238=DIRECTION('Axis2P3D Direction',(0.,0.,-1.)) ;
#1245=DIRECTION('Axis2P3D Direction',(0.,0.,-1.)) ;
#1252=DIRECTION('Axis2P3D Direction',(0.,0.,-1.)) ;
#1264=DIRECTION('Axis2P3D Direction',(0.,0.,-1.)) ;
#1265=DIRECTION('Axis2P3D XDirection',(-1.,0.,0.)) ;
#1273=DIRECTION('Axis2P3D Direction',(0.,0.,-1.)) ;
#1282=DIRECTION('Axis2P3D Direction',(0.,0.,-1.)) ;
#1289=DIRECTION('Axis2P3D Direction',(0.,0.,-1.)) ;
#1296=DIRECTION('Axis2P3D Direction',(0.,0.,-1.)) ;
#1308=DIRECTION('Axis2P3D Direction',(0.,0.,-1.)) ;
#1309=DIRECTION('Axis2P3D XDirection',(-1.,0.,0.)) ;
#1319=DIRECTION('Axis2P3D Direction',(0.,0.,-1.)) ;
#1328=DIRECTION('Axis2P3D Direction',(0.,0.,-1.)) ;
#1335=DIRECTION('Axis2P3D Direction',(0.,0.,-1.)) ;
#1342=DIRECTION('Axis2P3D Direction',(0.,0.,-1.)) ;
#1354=DIRECTION('Axis2P3D Direction',(0.,0.,1.)) ;
#1355=DIRECTION('Axis2P3D XDirection',(1.,0.,0.)) ;
#1363=DIRECTION('Axis2P3D Direction',(0.,0.,1.)) ;
#1372=DIRECTION('Axis2P3D Direction',(0.,0.,1.)) ;
#1379=DIRECTION('Axis2P3D Direction',(0.,0.,1.)) ;
#1386=DIRECTION('Axis2P3D Direction',(0.,0.,1.)) ;
#1398=DIRECTION('Axis2P3D Direction',(0.,0.,1.)) ;
#1399=DIRECTION('Axis2P3D XDirection',(0.0235965852909,-0.999721561817,0.)) ;
#1403=DIRECTION('Vector Direction',(-0.00082350894961,0.0348897793102,0.99939082702)) ;
#1410=DIRECTION('Vector Direction',(0.00082350894961,-0.0348897793102,0.99939082702)) ;
#1417=DIRECTION('Axis2P3D Direction',(-4.82661585013E-018,2.04490263167E-016,1.)) ;
#1424=DIRECTION('Axis2P3D Direction',(-4.82661585013E-018,2.04490263167E-016,1.)) ;
#1438=DIRECTION('Axis2P3D Direction',(0.,0.,1.)) ;
#1439=DIRECTION('Axis2P3D XDirection',(-0.0235965852909,0.999721561817,0.)) ;
#1443=DIRECTION('Axis2P3D Direction',(-4.82661585013E-018,2.04490263167E-016,1.)) ;
#1450=DIRECTION('Axis2P3D Direction',(-4.82661585013E-018,2.04490263167E-016,1.)) ;
#1464=DIRECTION('Axis2P3D Direction',(0.,0.,1.)) ;
#1465=DIRECTION('Axis2P3D XDirection',(-0.853985976599,-0.520296023213,0.)) ;
#1469=DIRECTION('Vector Direction',(0.0298036807403,0.0181580693257,0.99939082702)) ;
#1476=DIRECTION('Vector Direction',(-0.0298036807403,-0.0181580693257,0.99939082702)) ;
#1483=DIRECTION('Axis2P3D Direction',(-1.74680454804E-016,-1.06425103524E-016,1.)) ;
#1490=DIRECTION('Axis2P3D Direction',(-1.74680454804E-016,-1.06425103524E-016,1.)) ;
#1504=DIRECTION('Axis2P3D Direction',(0.,0.,1.)) ;
#1505=DIRECTION('Axis2P3D XDirection',(0.853985976599,0.520296023213,0.)) ;
#1509=DIRECTION('Axis2P3D Direction',(-1.74680454804E-016,-1.06425103524E-016,1.)) ;
#1516=DIRECTION('Axis2P3D Direction',(-1.74680454804E-016,-1.06425103524E-016,1.)) ;
#1530=DIRECTION('Axis2P3D Direction',(0.,0.,1.)) ;
#1531=DIRECTION('Axis2P3D XDirection',(0.87758256189,-0.479425538604,0.)) ;
#1535=DIRECTION('Vector Direction',(-0.0306271896899,0.0167317099845,0.99939082702)) ;
#1542=DIRECTION('Vector Direction',(0.0306271896899,-0.0167317099845,0.99939082702)) ;
#1549=DIRECTION('Axis2P3D Direction',(1.79507070655E-016,-9.80651596431E-017,1.)) ;
#1556=DIRECTION('Axis2P3D Direction',(1.79507070655E-016,-9.80651596431E-017,1.)) ;
#1570=DIRECTION('Axis2P3D Direction',(0.,0.,1.)) ;
#1571=DIRECTION('Axis2P3D XDirection',(-0.87758256189,0.479425538604,0.)) ;
#1575=DIRECTION('Axis2P3D Direction',(1.79507070655E-016,-9.80651596431E-017,1.)) ;
#1582=DIRECTION('Axis2P3D Direction',(1.79507070655E-016,-9.80651596431E-017,1.)) ;
#1596=DIRECTION('Axis2P3D Direction',(0.,0.,1.)) ;
#1597=DIRECTION('Axis2P3D XDirection',(-0.87758256189,-0.479425538604,0.)) ;
#1601=DIRECTION('Axis2P3D Direction',(-4.62144369007E-016,-2.52470619456E-016,1.)) ;
#1610=DIRECTION('Axis2P3D Direction',(-4.62144369007E-016,-2.52470619456E-016,1.)) ;
#1617=DIRECTION('Vector Direction',(-0.137284158443,-0.0749986775734,0.987688340623)) ;
#1622=DIRECTION('Vector Direction',(0.137284158443,0.0749986775734,0.987688340623)) ;
#1629=DIRECTION('Axis2P3D Direction',(-4.62144369007E-016,-2.52470619456E-016,1.)) ;
#1636=DIRECTION('Axis2P3D Direction',(-4.62144369007E-016,-2.52470619456E-016,1.)) ;
#1643=DIRECTION('Axis2P3D Direction',(-4.62144369007E-016,-2.52470619456E-016,1.)) ;
#1660=DIRECTION('Axis2P3D Direction',(0.,0.,1.)) ;
#1661=DIRECTION('Axis2P3D XDirection',(0.87758256189,0.479425538604,0.)) ;
#1665=DIRECTION('Axis2P3D Direction',(-4.62144369007E-016,-2.52470619456E-016,1.)) ;
#1674=DIRECTION('Axis2P3D Direction',(-4.62144369007E-016,-2.52470619456E-016,1.)) ;
#1679=DIRECTION('Axis2P3D Direction',(-4.62144369007E-016,-2.52470619456E-016,1.)) ;
#1694=DIRECTION('Axis2P3D Direction',(0.,0.,1.)) ;
#1695=DIRECTION('Axis2P3D XDirection',(0.0235965852909,-0.999721561817,0.)) ;
#1699=DIRECTION('Vector Direction',(-0.012504285103,0.529771713935,0.848048096495)) ;
#1706=DIRECTION('Vector Direction',(0.012504285103,-0.529771713935,0.848048096495)) ;
#1713=DIRECTION('Axis2P3D Direction',(-2.01435175642E-018,8.53424704954E-017,1.)) ;
#1720=DIRECTION('Axis2P3D Direction',(-2.01435175642E-018,8.53424704954E-017,1.)) ;
#1734=DIRECTION('Axis2P3D Direction',(0.,0.,1.)) ;
#1735=DIRECTION('Axis2P3D XDirection',(-0.0235965852909,0.999721561817,0.)) ;
#1739=DIRECTION('Axis2P3D Direction',(-2.01435175642E-018,8.53424704954E-017,1.)) ;
#1746=DIRECTION('Axis2P3D Direction',(-2.01435175642E-018,8.53424704954E-017,1.)) ;
#1760=DIRECTION('Axis2P3D Direction',(0.,0.,1.)) ;
#1761=DIRECTION('Axis2P3D XDirection',(-0.853985976599,-0.520296023213,0.)) ;
#1765=DIRECTION('Vector Direction',(0.452543619923,0.275714885523,0.848048096495)) ;
#1772=DIRECTION('Vector Direction',(-0.452543619923,-0.275714885523,0.848048096495)) ;
#1779=DIRECTION('Axis2P3D Direction',(-7.29015715925E-017,-4.44157150409E-017,1.)) ;
#1786=DIRECTION('Axis2P3D Direction',(-7.29015715925E-017,-4.44157150409E-017,1.)) ;
#1800=DIRECTION('Axis2P3D Direction',(0.,0.,1.)) ;
#1801=DIRECTION('Axis2P3D XDirection',(0.853985976599,0.520296023213,0.)) ;
#1805=DIRECTION('Axis2P3D Direction',(-7.29015715925E-017,-4.44157150409E-017,1.)) ;
#1812=DIRECTION('Axis2P3D Direction',(-7.29015715925E-017,-4.44157150409E-017,1.)) ;
#1826=DIRECTION('Axis2P3D Direction',(0.,0.,1.)) ;
#1827=DIRECTION('Axis2P3D XDirection',(0.87758256189,-0.479425538604,0.)) ;
#1831=DIRECTION('Vector Direction',(-0.465047905026,0.254056828412,0.848048096495)) ;
#1838=DIRECTION('Vector Direction',(0.465047905026,-0.254056828412,0.848048096495)) ;
#1845=DIRECTION('Axis2P3D Direction',(7.4915923349E-017,-4.09267554545E-017,1.)) ;
#1852=DIRECTION('Axis2P3D Direction',(7.4915923349E-017,-4.09267554545E-017,1.)) ;
#1866=DIRECTION('Axis2P3D Direction',(0.,0.,1.)) ;
#1867=DIRECTION('Axis2P3D XDirection',(-0.87758256189,0.479425538604,0.)) ;
#1871=DIRECTION('Axis2P3D Direction',(7.4915923349E-017,-4.09267554545E-017,1.)) ;
#1878=DIRECTION('Axis2P3D Direction',(7.4915923349E-017,-4.09267554545E-017,1.)) ;
#1892=DIRECTION('Axis2P3D Direction',(0.,0.,-1.)) ;
#1893=DIRECTION('Axis2P3D XDirection',(-1.,0.,0.)) ;
#1904=DIRECTION('Axis2P3D Direction',(0.,0.,-1.)) ;
#1905=DIRECTION('Axis2P3D XDirection',(-1.,0.,0.)) ;
#1916=DIRECTION('Axis2P3D Direction',(0.,0.,-1.)) ;
#1917=DIRECTION('Axis2P3D XDirection',(-1.,0.,0.)) ;
#1928=DIRECTION('Axis2P3D Direction',(0.,0.,1.)) ;
#1929=DIRECTION('Axis2P3D XDirection',(1.,0.,0.)) ;
#1950=DIRECTION('Axis1P Direction',(0.,0.,1.)) ;
#1975=DIRECTION('Axis2P3D Direction',(0.,0.,1.)) ;
#1980=DIRECTION('Axis2P3D Direction',(0.,0.,1.)) ;
#2011=DIRECTION('Axis1P Direction',(0.,0.,1.)) ;
#2036=DIRECTION('Axis2P3D Direction',(0.,0.,1.)) ;
#2041=DIRECTION('Axis2P3D Direction',(0.,0.,1.)) ;
#2072=DIRECTION('Axis1P Direction',(0.,0.,1.)) ;
#2097=DIRECTION('Axis2P3D Direction',(0.,0.,1.)) ;
#2102=DIRECTION('Axis2P3D Direction',(0.,0.,1.)) ;
#2127=DIRECTION('Axis2P3D Direction',(0.,0.,1.)) ;
#2128=DIRECTION('Axis2P3D XDirection',(0.87758256189,0.479425538604,0.)) ;
#2132=DIRECTION('Axis2P3D Direction',(0.,0.,1.)) ;
#2139=DIRECTION('Axis2P3D Direction',(0.,0.,1.)) ;
#2146=DIRECTION('Axis2P3D Direction',(0.,0.,1.)) ;
#2158=DIRECTION('Axis2P3D Direction',(0.,0.,1.)) ;
#2165=DIRECTION('Axis2P3D Direction',(0.,0.,1.)) ;
#2172=DIRECTION('Axis2P3D Direction',(0.,0.,1.)) ;
#2184=DIRECTION('Axis2P3D Direction',(0.,0.,1.)) ;
#2194=DIRECTION('Axis2P3D Direction',(0.,0.,1.)) ;
#2195=DIRECTION('Axis2P3D XDirection',(1.,0.,0.)) ;
#2255=DIRECTION('Axis2P3D Direction',(-0.,-0.,-1.)) ;
#2256=DIRECTION('Axis2P3D XDirection',(-0.479425538604,0.87758256189,0.)) ;
#2260=DIRECTION('Vector Direction',(-0.0733223272577,0.134215619773,-0.98823580371)) ;
#2283=DIRECTION('Vector Direction',(0.0733223272577,-0.134215619773,-0.98823580371)) ;
#2316=DIRECTION('Axis2P3D Direction',(0.,0.,-1.)) ;
#2317=DIRECTION('Axis2P3D XDirection',(-0.520296023213,-0.853985976599,0.)) ;
#2321=DIRECTION('Vector Direction',(-0.0795729726789,-0.130606807956,-0.98823580371)) ;
#2344=DIRECTION('Vector Direction',(0.0795729726789,0.130606807956,-0.98823580371)) ;
#2377=DIRECTION('Axis2P3D Direction',(0.,0.,1.)) ;
#2378=DIRECTION('Axis2P3D XDirection',(1.,0.,0.)) ;
#2429=DIRECTION('Axis2P3D Direction',(0.,0.,-1.)) ;
#2430=DIRECTION('Axis2P3D XDirection',(0.999721561817,-0.0235965852909,0.)) ;
#2434=DIRECTION('Vector Direction',(0.152895299937,-0.00360881181654,-0.98823580371)) ;
#2439=DIRECTION('Vector Direction',(-0.152895299937,0.00360881181654,-0.98823580371)) ;
#48=AXIS2_PLACEMENT_3D(' ',#47,$,$) ;
#55=AXIS2_PLACEMENT_3D('Plane Axis2P3D',#52,#53,#54) ;
#59=AXIS2_PLACEMENT_3D('Circle Axis2P3D',#57,#58,$) ;
#68=AXIS2_PLACEMENT_3D('Circle Axis2P3D',#66,#67,$) ;
#77=AXIS2_PLACEMENT_3D('Circle Axis2P3D',#75,#76,$) ;
#86=AXIS2_PLACEMENT_3D('Circle Axis2P3D',#84,#85,$) ;
#133=AXIS2_PLACEMENT_3D('Circle Axis2P3D',#131,#132,$) ;
#156=AXIS2_PLACEMENT_3D('Circle Axis2P3D',#154,#155,$) ;
#163=AXIS2_PLACEMENT_3D('Circle Axis2P3D',#161,#162,$) ;
#214=AXIS2_PLACEMENT_3D('Plane Axis2P3D',#211,#212,#213) ;
#258=AXIS2_PLACEMENT_3D('Circle Axis2P3D',#256,#257,$) ;
#274=AXIS2_PLACEMENT_3D('Circle Axis2P3D',#272,#273,$) ;
#290=AXIS2_PLACEMENT_3D('Circle Axis2P3D',#288,#289,$) ;
#297=AXIS2_PLACEMENT_3D('Circle Axis2P3D',#295,#296,$) ;
#349=AXIS2_PLACEMENT_3D('Circle Axis2P3D',#347,#348,$) ;
#365=AXIS2_PLACEMENT_3D('Circle Axis2P3D',#363,#364,$) ;
#381=AXIS2_PLACEMENT_3D('Circle Axis2P3D',#379,#380,$) ;
#388=AXIS2_PLACEMENT_3D('Circle Axis2P3D',#386,#387,$) ;
#406=AXIS2_PLACEMENT_3D('Cone Axis2P3D',#403,#404,#405) ;
#419=AXIS2_PLACEMENT_3D('Circle Axis2P3D',#417,#418,$) ;
#433=AXIS2_PLACEMENT_3D('Circle Axis2P3D',#431,#432,$) ;
#446=AXIS2_PLACEMENT_3D('Cone Axis2P3D',#443,#444,#445) ;
#450=AXIS2_PLACEMENT_3D('Circle Axis2P3D',#448,#449,$) ;
#455=AXIS2_PLACEMENT_3D('Circle Axis2P3D',#453,#454,$) ;
#468=AXIS2_PLACEMENT_3D('Torus Axis2P3D',#465,#466,#467) ;
#472=AXIS2_PLACEMENT_3D('Circle Axis2P3D',#470,#471,$) ;
#481=AXIS2_PLACEMENT_3D('Circle Axis2P3D',#479,#480,$) ;
#488=AXIS2_PLACEMENT_3D('Circle Axis2P3D',#486,#487,$) ;
#495=AXIS2_PLACEMENT_3D('Circle Axis2P3D',#493,#494,$) ;
#502=AXIS2_PLACEMENT_3D('Circle Axis2P3D',#500,#501,$) ;
#509=AXIS2_PLACEMENT_3D('Circle Axis2P3D',#507,#508,$) ;
#524=AXIS2_PLACEMENT_3D('Torus Axis2P3D',#521,#522,#523) ;
#528=AXIS2_PLACEMENT_3D('Circle Axis2P3D',#526,#527,$) ;
#535=AXIS2_PLACEMENT_3D('Circle Axis2P3D',#533,#534,$) ;
#540=AXIS2_PLACEMENT_3D('Circle Axis2P3D',#538,#539,$) ;
#547=AXIS2_PLACEMENT_3D('Circle Axis2P3D',#545,#546,$) ;
#562=AXIS2_PLACEMENT_3D('Torus Axis2P3D',#559,#560,#561) ;
#566=AXIS2_PLACEMENT_3D('Circle Axis2P3D',#564,#565,$) ;
#575=AXIS2_PLACEMENT_3D('Circle Axis2P3D',#573,#574,$) ;
#582=AXIS2_PLACEMENT_3D('Circle Axis2P3D',#580,#581,$) ;
#589=AXIS2_PLACEMENT_3D('Circle Axis2P3D',#587,#588,$) ;
#596=AXIS2_PLACEMENT_3D('Circle Axis2P3D',#594,#595,$) ;
#603=AXIS2_PLACEMENT_3D('Circle Axis2P3D',#601,#602,$) ;
#618=AXIS2_PLACEMENT_3D('Torus Axis2P3D',#615,#616,#617) ;
#622=AXIS2_PLACEMENT_3D('Circle Axis2P3D',#620,#621,$) ;
#629=AXIS2_PLACEMENT_3D('Circle Axis2P3D',#627,#628,$) ;
#634=AXIS2_PLACEMENT_3D('Circle Axis2P3D',#632,#633,$) ;
#641=AXIS2_PLACEMENT_3D('Circle Axis2P3D',#639,#640,$) ;
#656=AXIS2_PLACEMENT_3D('Plane Axis2P3D',#653,#654,#655) ;
#696=AXIS2_PLACEMENT_3D('Cone Axis2P3D',#693,#694,#695) ;
#709=AXIS2_PLACEMENT_3D('Circle Axis2P3D',#707,#708,$) ;
#714=AXIS2_PLACEMENT_3D('Circle Axis2P3D',#712,#713,$) ;
#727=AXIS2_PLACEMENT_3D('Plane Axis2P3D',#724,#725,#726) ;
#758=AXIS2_PLACEMENT_3D('Cone Axis2P3D',#755,#756,#757) ;
#762=AXIS2_PLACEMENT_3D('Circle Axis2P3D',#760,#761,$) ;
#767=AXIS2_PLACEMENT_3D('Circle Axis2P3D',#765,#766,$) ;
#780=AXIS2_PLACEMENT_3D('Torus Axis2P3D',#777,#778,#779) ;
#784=AXIS2_PLACEMENT_3D('Circle Axis2P3D',#782,#783,$) ;
#793=AXIS2_PLACEMENT_3D('Circle Axis2P3D',#791,#792,$) ;
#800=AXIS2_PLACEMENT_3D('Circle Axis2P3D',#798,#799,$) ;
#807=AXIS2_PLACEMENT_3D('Circle Axis2P3D',#805,#806,$) ;
#814=AXIS2_PLACEMENT_3D('Circle Axis2P3D',#812,#813,$) ;
#821=AXIS2_PLACEMENT_3D('Circle Axis2P3D',#819,#820,$) ;
#836=AXIS2_PLACEMENT_3D('Torus Axis2P3D',#833,#834,#835) ;
#840=AXIS2_PLACEMENT_3D('Circle Axis2P3D',#838,#839,$) ;
#847=AXIS2_PLACEMENT_3D('Circle Axis2P3D',#845,#846,$) ;
#852=AXIS2_PLACEMENT_3D('Circle Axis2P3D',#850,#851,$) ;
#859=AXIS2_PLACEMENT_3D('Circle Axis2P3D',#857,#858,$) ;
#873=AXIS2_PLACEMENT_3D('Circle Axis2P3D',#871,#872,$) ;
#882=AXIS2_PLACEMENT_3D('Circle Axis2P3D',#880,#881,$) ;
#891=AXIS2_PLACEMENT_3D('Circle Axis2P3D',#889,#890,$) ;
#901=AXIS2_PLACEMENT_3D('Circle Axis2P3D',#899,#900,$) ;
#910=AXIS2_PLACEMENT_3D('Circle Axis2P3D',#908,#909,$) ;
#919=AXIS2_PLACEMENT_3D('Circle Axis2P3D',#917,#918,$) ;
#930=AXIS2_PLACEMENT_3D('Torus Axis2P3D',#927,#928,#929) ;
#934=AXIS2_PLACEMENT_3D('Circle Axis2P3D',#932,#933,$) ;
#941=AXIS2_PLACEMENT_3D('Circle Axis2P3D',#939,#940,$) ;
#948=AXIS2_PLACEMENT_3D('Circle Axis2P3D',#946,#947,$) ;
#961=AXIS2_PLACEMENT_3D('Torus Axis2P3D',#958,#959,#960) ;
#965=AXIS2_PLACEMENT_3D('Circle Axis2P3D',#963,#964,$) ;
#978=AXIS2_PLACEMENT_3D('Cone Axis2P3D',#975,#976,#977) ;
#996=AXIS2_PLACEMENT_3D('Circle Axis2P3D',#994,#995,$) ;
#1003=AXIS2_PLACEMENT_3D('Circle Axis2P3D',#1001,#1002,$) ;
#1018=AXIS2_PLACEMENT_3D('Cone Axis2P3D',#1015,#1016,#1017) ;
#1022=AXIS2_PLACEMENT_3D('Circle Axis2P3D',#1020,#1021,$) ;
#1029=AXIS2_PLACEMENT_3D('Circle Axis2P3D',#1027,#1028,$) ;
#1044=AXIS2_PLACEMENT_3D('Cone Axis2P3D',#1041,#1042,#1043) ;
#1062=AXIS2_PLACEMENT_3D('Circle Axis2P3D',#1060,#1061,$) ;
#1076=AXIS2_PLACEMENT_3D('Cone Axis2P3D',#1073,#1074,#1075) ;
#1080=AXIS2_PLACEMENT_3D('Circle Axis2P3D',#1078,#1079,$) ;
#1094=AXIS2_PLACEMENT_3D('Plane Axis2P3D',#1091,#1092,#1093) ;
#1106=AXIS2_PLACEMENT_3D('Cone Axis2P3D',#1103,#1104,#1105) ;
#1124=AXIS2_PLACEMENT_3D('Circle Axis2P3D',#1122,#1123,$) ;
#1131=AXIS2_PLACEMENT_3D('Circle Axis2P3D',#1129,#1130,$) ;
#1146=AXIS2_PLACEMENT_3D('Cone Axis2P3D',#1143,#1144,#1145) ;
#1150=AXIS2_PLACEMENT_3D('Circle Axis2P3D',#1148,#1149,$) ;
#1157=AXIS2_PLACEMENT_3D('Circle Axis2P3D',#1155,#1156,$) ;
#1172=AXIS2_PLACEMENT_3D('Torus Axis2P3D',#1169,#1170,#1171) ;
#1176=AXIS2_PLACEMENT_3D('Circle Axis2P3D',#1174,#1175,$) ;
#1183=AXIS2_PLACEMENT_3D('Circle Axis2P3D',#1181,#1182,$) ;
#1190=AXIS2_PLACEMENT_3D('Circle Axis2P3D',#1188,#1189,$) ;
#1203=AXIS2_PLACEMENT_3D('Torus Axis2P3D',#1200,#1201,#1202) ;
#1207=AXIS2_PLACEMENT_3D('Circle Axis2P3D',#1205,#1206,$) ;
#1220=AXIS2_PLACEMENT_3D('Plane Axis2P3D',#1217,#1218,#1219) ;
#1230=AXIS2_PLACEMENT_3D('Circle Axis2P3D',#1228,#1229,$) ;
#1239=AXIS2_PLACEMENT_3D('Circle Axis2P3D',#1237,#1238,$) ;
#1246=AXIS2_PLACEMENT_3D('Circle Axis2P3D',#1244,#1245,$) ;
#1253=AXIS2_PLACEMENT_3D('Circle Axis2P3D',#1251,#1252,$) ;
#1266=AXIS2_PLACEMENT_3D('Plane Axis2P3D',#1263,#1264,#1265) ;
#1274=AXIS2_PLACEMENT_3D('Circle Axis2P3D',#1272,#1273,$) ;
#1283=AXIS2_PLACEMENT_3D('Circle Axis2P3D',#1281,#1282,$) ;
#1290=AXIS2_PLACEMENT_3D('Circle Axis2P3D',#1288,#1289,$) ;
#1297=AXIS2_PLACEMENT_3D('Circle Axis2P3D',#1295,#1296,$) ;
#1310=AXIS2_PLACEMENT_3D('Plane Axis2P3D',#1307,#1308,#1309) ;
#1320=AXIS2_PLACEMENT_3D('Circle Axis2P3D',#1318,#1319,$) ;
#1329=AXIS2_PLACEMENT_3D('Circle Axis2P3D',#1327,#1328,$) ;
#1336=AXIS2_PLACEMENT_3D('Circle Axis2P3D',#1334,#1335,$) ;
#1343=AXIS2_PLACEMENT_3D('Circle Axis2P3D',#1341,#1342,$) ;
#1356=AXIS2_PLACEMENT_3D('Plane Axis2P3D',#1353,#1354,#1355) ;
#1364=AXIS2_PLACEMENT_3D('Circle Axis2P3D',#1362,#1363,$) ;
#1373=AXIS2_PLACEMENT_3D('Circle Axis2P3D',#1371,#1372,$) ;
#1380=AXIS2_PLACEMENT_3D('Circle Axis2P3D',#1378,#1379,$) ;
#1387=AXIS2_PLACEMENT_3D('Circle Axis2P3D',#1385,#1386,$) ;
#1400=AXIS2_PLACEMENT_3D('Cone Axis2P3D',#1397,#1398,#1399) ;
#1418=AXIS2_PLACEMENT_3D('Circle Axis2P3D',#1416,#1417,$) ;
#1425=AXIS2_PLACEMENT_3D('Circle Axis2P3D',#1423,#1424,$) ;
#1440=AXIS2_PLACEMENT_3D('Cone Axis2P3D',#1437,#1438,#1439) ;
#1444=AXIS2_PLACEMENT_3D('Circle Axis2P3D',#1442,#1443,$) ;
#1451=AXIS2_PLACEMENT_3D('Circle Axis2P3D',#1449,#1450,$) ;
#1466=AXIS2_PLACEMENT_3D('Cone Axis2P3D',#1463,#1464,#1465) ;
#1484=AXIS2_PLACEMENT_3D('Circle Axis2P3D',#1482,#1483,$) ;
#1491=AXIS2_PLACEMENT_3D('Circle Axis2P3D',#1489,#1490,$) ;
#1506=AXIS2_PLACEMENT_3D('Cone Axis2P3D',#1503,#1504,#1505) ;
#1510=AXIS2_PLACEMENT_3D('Circle Axis2P3D',#1508,#1509,$) ;
#1517=AXIS2_PLACEMENT_3D('Circle Axis2P3D',#1515,#1516,$) ;
#1532=AXIS2_PLACEMENT_3D('Cone Axis2P3D',#1529,#1530,#1531) ;
#1550=AXIS2_PLACEMENT_3D('Circle Axis2P3D',#1548,#1549,$) ;
#1557=AXIS2_PLACEMENT_3D('Circle Axis2P3D',#1555,#1556,$) ;
#1572=AXIS2_PLACEMENT_3D('Cone Axis2P3D',#1569,#1570,#1571) ;
#1576=AXIS2_PLACEMENT_3D('Circle Axis2P3D',#1574,#1575,$) ;
#1583=AXIS2_PLACEMENT_3D('Circle Axis2P3D',#1581,#1582,$) ;
#1598=AXIS2_PLACEMENT_3D('Cone Axis2P3D',#1595,#1596,#1597) ;
#1602=AXIS2_PLACEMENT_3D('Circle Axis2P3D',#1600,#1601,$) ;
#1611=AXIS2_PLACEMENT_3D('Circle Axis2P3D',#1609,#1610,$) ;
#1630=AXIS2_PLACEMENT_3D('Circle Axis2P3D',#1628,#1629,$) ;
#1637=AXIS2_PLACEMENT_3D('Circle Axis2P3D',#1635,#1636,$) ;
#1644=AXIS2_PLACEMENT_3D('Circle Axis2P3D',#1642,#1643,$) ;
#1662=AXIS2_PLACEMENT_3D('Cone Axis2P3D',#1659,#1660,#1661) ;
#1666=AXIS2_PLACEMENT_3D('Circle Axis2P3D',#1664,#1665,$) ;
#1675=AXIS2_PLACEMENT_3D('Circle Axis2P3D',#1673,#1674,$) ;
#1680=AXIS2_PLACEMENT_3D('Circle Axis2P3D',#1678,#1679,$) ;
#1696=AXIS2_PLACEMENT_3D('Cone Axis2P3D',#1693,#1694,#1695) ;
#1714=AXIS2_PLACEMENT_3D('Circle Axis2P3D',#1712,#1713,$) ;
#1721=AXIS2_PLACEMENT_3D('Circle Axis2P3D',#1719,#1720,$) ;
#1736=AXIS2_PLACEMENT_3D('Cone Axis2P3D',#1733,#1734,#1735) ;
#1740=AXIS2_PLACEMENT_3D('Circle Axis2P3D',#1738,#1739,$) ;
#1747=AXIS2_PLACEMENT_3D('Circle Axis2P3D',#1745,#1746,$) ;
#1762=AXIS2_PLACEMENT_3D('Cone Axis2P3D',#1759,#1760,#1761) ;
#1780=AXIS2_PLACEMENT_3D('Circle Axis2P3D',#1778,#1779,$) ;
#1787=AXIS2_PLACEMENT_3D('Circle Axis2P3D',#1785,#1786,$) ;
#1802=AXIS2_PLACEMENT_3D('Cone Axis2P3D',#1799,#1800,#1801) ;
#1806=AXIS2_PLACEMENT_3D('Circle Axis2P3D',#1804,#1805,$) ;
#1813=AXIS2_PLACEMENT_3D('Circle Axis2P3D',#1811,#1812,$) ;
#1828=AXIS2_PLACEMENT_3D('Cone Axis2P3D',#1825,#1826,#1827) ;
#1846=AXIS2_PLACEMENT_3D('Circle Axis2P3D',#1844,#1845,$) ;
#1853=AXIS2_PLACEMENT_3D('Circle Axis2P3D',#1851,#1852,$) ;
#1868=AXIS2_PLACEMENT_3D('Cone Axis2P3D',#1865,#1866,#1867) ;
#1872=AXIS2_PLACEMENT_3D('Circle Axis2P3D',#1870,#1871,$) ;
#1879=AXIS2_PLACEMENT_3D('Circle Axis2P3D',#1877,#1878,$) ;
#1894=AXIS2_PLACEMENT_3D('Plane Axis2P3D',#1891,#1892,#1893) ;
#1906=AXIS2_PLACEMENT_3D('Plane Axis2P3D',#1903,#1904,#1905) ;
#1918=AXIS2_PLACEMENT_3D('Plane Axis2P3D',#1915,#1916,#1917) ;
#1930=AXIS2_PLACEMENT_3D('Plane Axis2P3D',#1927,#1928,#1929) ;
#1976=AXIS2_PLACEMENT_3D('Circle Axis2P3D',#1974,#1975,$) ;
#1981=AXIS2_PLACEMENT_3D('Circle Axis2P3D',#1979,#1980,$) ;
#2037=AXIS2_PLACEMENT_3D('Circle Axis2P3D',#2035,#2036,$) ;
#2042=AXIS2_PLACEMENT_3D('Circle Axis2P3D',#2040,#2041,$) ;
#2098=AXIS2_PLACEMENT_3D('Circle Axis2P3D',#2096,#2097,$) ;
#2103=AXIS2_PLACEMENT_3D('Circle Axis2P3D',#2101,#2102,$) ;
#2129=AXIS2_PLACEMENT_3D('Cone Axis2P3D',#2126,#2127,#2128) ;
#2133=AXIS2_PLACEMENT_3D('Circle Axis2P3D',#2131,#2132,$) ;
#2140=AXIS2_PLACEMENT_3D('Circle Axis2P3D',#2138,#2139,$) ;
#2147=AXIS2_PLACEMENT_3D('Circle Axis2P3D',#2145,#2146,$) ;
#2159=AXIS2_PLACEMENT_3D('Circle Axis2P3D',#2157,#2158,$) ;
#2166=AXIS2_PLACEMENT_3D('Circle Axis2P3D',#2164,#2165,$) ;
#2173=AXIS2_PLACEMENT_3D('Circle Axis2P3D',#2171,#2172,$) ;
#2185=AXIS2_PLACEMENT_3D('Circle Axis2P3D',#2183,#2184,$) ;
#2196=AXIS2_PLACEMENT_3D('Plane Axis2P3D',#2193,#2194,#2195) ;
#2257=AXIS2_PLACEMENT_3D('Cone Axis2P3D',#2254,#2255,#2256) ;
#2318=AXIS2_PLACEMENT_3D('Cone Axis2P3D',#2315,#2316,#2317) ;
#2379=AXIS2_PLACEMENT_3D('Plane Axis2P3D',#2376,#2377,#2378) ;
#2431=AXIS2_PLACEMENT_3D('Cone Axis2P3D',#2428,#2429,#2430) ;
#40=PRODUCT_DEFINITION_SHAPE(' ',' ',#14) ;
#31=APPROVAL_PERSON_ORGANIZATION(#25,#21,#19) ;
#25=PERSON_AND_ORGANIZATION(#22,#23) ;
#22=PERSON(' ',' ',' ',$,$,$) ;
#23=ORGANIZATION(' ',' ',' ') ;
#21=APPROVAL(#20,' ') ;
#20=APPROVAL_STATUS('not_yet_approved') ;
#19=APPROVAL_ROLE('APPROVER') ;
#13=DATE_AND_TIME(#11,#12) ;
#12=LOCAL_TIME(8,9,59.,#10) ;
#10=COORDINATED_UNIVERSAL_TIME_OFFSET(0,0,.AHEAD.) ;
#72=ORIENTED_EDGE('',*,*,#65,.F.) ;
#73=ORIENTED_EDGE('',*,*,#70,.F.) ;
#90=ORIENTED_EDGE('',*,*,#83,.T.) ;
#91=ORIENTED_EDGE('',*,*,#88,.T.) ;
#200=ORIENTED_EDGE('',*,*,#130,.F.) ;
#201=ORIENTED_EDGE('',*,*,#137,.F.) ;
#202=ORIENTED_EDGE('',*,*,#144,.F.) ;
#203=ORIENTED_EDGE('',*,*,#65,.T.) ;
#204=ORIENTED_EDGE('',*,*,#153,.T.) ;
#205=ORIENTED_EDGE('',*,*,#160,.F.) ;
#206=ORIENTED_EDGE('',*,*,#167,.F.) ;
#207=ORIENTED_EDGE('',*,*,#192,.F.) ;
#208=ORIENTED_EDGE('',*,*,#198,.F.) ;
#241=ORIENTED_EDGE('',*,*,#228,.T.) ;
#242=ORIENTED_EDGE('',*,*,#198,.T.) ;
#243=ORIENTED_EDGE('',*,*,#239,.T.) ;
#326=ORIENTED_EDGE('',*,*,#192,.T.) ;
#327=ORIENTED_EDGE('',*,*,#262,.F.) ;
#328=ORIENTED_EDGE('',*,*,#271,.F.) ;
#329=ORIENTED_EDGE('',*,*,#278,.T.) ;
#330=ORIENTED_EDGE('',*,*,#287,.T.) ;
#331=ORIENTED_EDGE('',*,*,#294,.F.) ;
#332=ORIENTED_EDGE('',*,*,#301,.F.) ;
#333=ORIENTED_EDGE('',*,*,#324,.F.) ;
#334=ORIENTED_EDGE('',*,*,#239,.F.) ;
#392=ORIENTED_EDGE('',*,*,#130,.T.) ;
#393=ORIENTED_EDGE('',*,*,#228,.F.) ;
#394=ORIENTED_EDGE('',*,*,#324,.T.) ;
#395=ORIENTED_EDGE('',*,*,#353,.F.) ;
#396=ORIENTED_EDGE('',*,*,#362,.F.) ;
#397=ORIENTED_EDGE('',*,*,#369,.T.) ;
#398=ORIENTED_EDGE('',*,*,#378,.T.) ;
#399=ORIENTED_EDGE('',*,*,#385,.F.) ;
#400=ORIENTED_EDGE('',*,*,#390,.F.) ;
#437=ORIENTED_EDGE('',*,*,#416,.T.) ;
#438=ORIENTED_EDGE('',*,*,#423,.T.) ;
#439=ORIENTED_EDGE('',*,*,#430,.T.) ;
#440=ORIENTED_EDGE('',*,*,#435,.T.) ;
#459=ORIENTED_EDGE('',*,*,#430,.F.) ;
#460=ORIENTED_EDGE('',*,*,#452,.T.) ;
#461=ORIENTED_EDGE('',*,*,#416,.F.) ;
#462=ORIENTED_EDGE('',*,*,#457,.T.) ;
#513=ORIENTED_EDGE('',*,*,#478,.F.) ;
#514=ORIENTED_EDGE('',*,*,#485,.F.) ;
#515=ORIENTED_EDGE('',*,*,#492,.T.) ;
#516=ORIENTED_EDGE('',*,*,#499,.T.) ;
#517=ORIENTED_EDGE('',*,*,#506,.T.) ;
#518=ORIENTED_EDGE('',*,*,#511,.T.) ;
#551=ORIENTED_EDGE('',*,*,#532,.F.) ;
#552=ORIENTED_EDGE('',*,*,#537,.F.) ;
#553=ORIENTED_EDGE('',*,*,#511,.F.) ;
#554=ORIENTED_EDGE('',*,*,#544,.T.) ;
#555=ORIENTED_EDGE('',*,*,#549,.T.) ;
#556=ORIENTED_EDGE('',*,*,#492,.F.) ;
#607=ORIENTED_EDGE('',*,*,#572,.F.) ;
#608=ORIENTED_EDGE('',*,*,#579,.F.) ;
#609=ORIENTED_EDGE('',*,*,#586,.F.) ;
#610=ORIENTED_EDGE('',*,*,#593,.T.) ;
#611=ORIENTED_EDGE('',*,*,#600,.T.) ;
#612=ORIENTED_EDGE('',*,*,#605,.F.) ;
#645=ORIENTED_EDGE('',*,*,#626,.F.) ;
#646=ORIENTED_EDGE('',*,*,#631,.F.) ;
#647=ORIENTED_EDGE('',*,*,#605,.T.) ;
#648=ORIENTED_EDGE('',*,*,#638,.T.) ;
#649=ORIENTED_EDGE('',*,*,#643,.T.) ;
#650=ORIENTED_EDGE('',*,*,#586,.T.) ;
#687=ORIENTED_EDGE('',*,*,#666,.T.) ;
#688=ORIENTED_EDGE('',*,*,#673,.T.) ;
#689=ORIENTED_EDGE('',*,*,#680,.F.) ;
#690=ORIENTED_EDGE('',*,*,#685,.F.) ;
#718=ORIENTED_EDGE('',*,*,#706,.T.) ;
#719=ORIENTED_EDGE('',*,*,#711,.T.) ;
#720=ORIENTED_EDGE('',*,*,#666,.F.) ;
#721=ORIENTED_EDGE('',*,*,#716,.F.) ;
#749=ORIENTED_EDGE('',*,*,#737,.T.) ;
#750=ORIENTED_EDGE('',*,*,#742,.T.) ;
#751=ORIENTED_EDGE('',*,*,#706,.F.) ;
#752=ORIENTED_EDGE('',*,*,#747,.F.) ;
#771=ORIENTED_EDGE('',*,*,#680,.T.) ;
#772=ORIENTED_EDGE('',*,*,#764,.T.) ;
#773=ORIENTED_EDGE('',*,*,#737,.F.) ;
#774=ORIENTED_EDGE('',*,*,#769,.F.) ;
#825=ORIENTED_EDGE('',*,*,#790,.F.) ;
#826=ORIENTED_EDGE('',*,*,#797,.F.) ;
#827=ORIENTED_EDGE('',*,*,#804,.F.) ;
#828=ORIENTED_EDGE('',*,*,#811,.T.) ;
#829=ORIENTED_EDGE('',*,*,#818,.T.) ;
#830=ORIENTED_EDGE('',*,*,#823,.F.) ;
#863=ORIENTED_EDGE('',*,*,#844,.F.) ;
#864=ORIENTED_EDGE('',*,*,#849,.F.) ;
#865=ORIENTED_EDGE('',*,*,#823,.T.) ;
#866=ORIENTED_EDGE('',*,*,#856,.T.) ;
#867=ORIENTED_EDGE('',*,*,#861,.T.) ;
#868=ORIENTED_EDGE('',*,*,#804,.T.) ;
#877=ORIENTED_EDGE('',*,*,#278,.F.) ;
#878=ORIENTED_EDGE('',*,*,#875,.F.) ;
#895=ORIENTED_EDGE('',*,*,#888,.T.) ;
#896=ORIENTED_EDGE('',*,*,#893,.T.) ;
#905=ORIENTED_EDGE('',*,*,#369,.F.) ;
#906=ORIENTED_EDGE('',*,*,#903,.F.) ;
#923=ORIENTED_EDGE('',*,*,#916,.T.) ;
#924=ORIENTED_EDGE('',*,*,#921,.T.) ;
#952=ORIENTED_EDGE('',*,*,#938,.T.) ;
#953=ORIENTED_EDGE('',*,*,#945,.F.) ;
#954=ORIENTED_EDGE('',*,*,#950,.T.) ;
#955=ORIENTED_EDGE('',*,*,#423,.F.) ;
#969=ORIENTED_EDGE('',*,*,#950,.F.) ;
#970=ORIENTED_EDGE('',*,*,#967,.F.) ;
#971=ORIENTED_EDGE('',*,*,#938,.F.) ;
#972=ORIENTED_EDGE('',*,*,#452,.F.) ;
#1007=ORIENTED_EDGE('',*,*,#986,.F.) ;
#1008=ORIENTED_EDGE('',*,*,#485,.T.) ;
#1009=ORIENTED_EDGE('',*,*,#478,.T.) ;
#1010=ORIENTED_EDGE('',*,*,#993,.F.) ;
#1011=ORIENTED_EDGE('',*,*,#1000,.F.) ;
#1012=ORIENTED_EDGE('',*,*,#1005,.F.) ;
#1033=ORIENTED_EDGE('',*,*,#993,.T.) ;
#1034=ORIENTED_EDGE('',*,*,#537,.T.) ;
#1035=ORIENTED_EDGE('',*,*,#532,.T.) ;
#1036=ORIENTED_EDGE('',*,*,#986,.T.) ;
#1037=ORIENTED_EDGE('',*,*,#1026,.F.) ;
#1038=ORIENTED_EDGE('',*,*,#1031,.F.) ;
#1066=ORIENTED_EDGE('',*,*,#1052,.T.) ;
#1067=ORIENTED_EDGE('',*,*,#626,.T.) ;
#1068=ORIENTED_EDGE('',*,*,#579,.T.) ;
#1069=ORIENTED_EDGE('',*,*,#1059,.T.) ;
#1070=ORIENTED_EDGE('',*,*,#1064,.F.) ;
#1084=ORIENTED_EDGE('',*,*,#1059,.F.) ;
#1085=ORIENTED_EDGE('',*,*,#572,.T.) ;
#1086=ORIENTED_EDGE('',*,*,#631,.T.) ;
#1087=ORIENTED_EDGE('',*,*,#1052,.F.) ;
#1088=ORIENTED_EDGE('',*,*,#1082,.F.) ;
#1097=ORIENTED_EDGE('',*,*,#742,.F.) ;
#1098=ORIENTED_EDGE('',*,*,#764,.F.) ;
#1099=ORIENTED_EDGE('',*,*,#673,.F.) ;
#1100=ORIENTED_EDGE('',*,*,#711,.F.) ;
#1135=ORIENTED_EDGE('',*,*,#1114,.T.) ;
#1136=ORIENTED_EDGE('',*,*,#797,.T.) ;
#1137=ORIENTED_EDGE('',*,*,#790,.T.) ;
#1138=ORIENTED_EDGE('',*,*,#1121,.T.) ;
#1139=ORIENTED_EDGE('',*,*,#1128,.F.) ;
#1140=ORIENTED_EDGE('',*,*,#1133,.F.) ;
#1161=ORIENTED_EDGE('',*,*,#1121,.F.) ;
#1162=ORIENTED_EDGE('',*,*,#849,.T.) ;
#1163=ORIENTED_EDGE('',*,*,#844,.T.) ;
#1164=ORIENTED_EDGE('',*,*,#1114,.F.) ;
#1165=ORIENTED_EDGE('',*,*,#1154,.F.) ;
#1166=ORIENTED_EDGE('',*,*,#1159,.F.) ;
#1194=ORIENTED_EDGE('',*,*,#1180,.T.) ;
#1195=ORIENTED_EDGE('',*,*,#945,.T.) ;
#1196=ORIENTED_EDGE('',*,*,#1187,.T.) ;
#1197=ORIENTED_EDGE('',*,*,#1192,.F.) ;
#1211=ORIENTED_EDGE('',*,*,#1187,.F.) ;
#1212=ORIENTED_EDGE('',*,*,#967,.T.) ;
#1213=ORIENTED_EDGE('',*,*,#1180,.F.) ;
#1214=ORIENTED_EDGE('',*,*,#1209,.F.) ;
#1223=ORIENTED_EDGE('',*,*,#1000,.T.) ;
#1224=ORIENTED_EDGE('',*,*,#1031,.T.) ;
#1225=ORIENTED_EDGE('',*,*,#1026,.T.) ;
#1226=ORIENTED_EDGE('',*,*,#1005,.T.) ;
#1257=ORIENTED_EDGE('',*,*,#1236,.F.) ;
#1258=ORIENTED_EDGE('',*,*,#1243,.F.) ;
#1259=ORIENTED_EDGE('',*,*,#1250,.F.) ;
#1260=ORIENTED_EDGE('',*,*,#1255,.F.) ;
#1269=ORIENTED_EDGE('',*,*,#1082,.T.) ;
#1270=ORIENTED_EDGE('',*,*,#1064,.T.) ;
#1301=ORIENTED_EDGE('',*,*,#1280,.F.) ;
#1302=ORIENTED_EDGE('',*,*,#1287,.F.) ;
#1303=ORIENTED_EDGE('',*,*,#1294,.F.) ;
#1304=ORIENTED_EDGE('',*,*,#1299,.F.) ;
#1313=ORIENTED_EDGE('',*,*,#1128,.T.) ;
#1314=ORIENTED_EDGE('',*,*,#1159,.T.) ;
#1315=ORIENTED_EDGE('',*,*,#1154,.T.) ;
#1316=ORIENTED_EDGE('',*,*,#1133,.T.) ;
#1347=ORIENTED_EDGE('',*,*,#1326,.F.) ;
#1348=ORIENTED_EDGE('',*,*,#1333,.F.) ;
#1349=ORIENTED_EDGE('',*,*,#1340,.F.) ;
#1350=ORIENTED_EDGE('',*,*,#1345,.F.) ;
#1359=ORIENTED_EDGE('',*,*,#1192,.T.) ;
#1360=ORIENTED_EDGE('',*,*,#1209,.T.) ;
#1391=ORIENTED_EDGE('',*,*,#1370,.F.) ;
#1392=ORIENTED_EDGE('',*,*,#1377,.F.) ;
#1393=ORIENTED_EDGE('',*,*,#1384,.F.) ;
#1394=ORIENTED_EDGE('',*,*,#1389,.F.) ;
#1429=ORIENTED_EDGE('',*,*,#1408,.F.) ;
#1430=ORIENTED_EDGE('',*,*,#1236,.T.) ;
#1431=ORIENTED_EDGE('',*,*,#1255,.T.) ;
#1432=ORIENTED_EDGE('',*,*,#1415,.F.) ;
#1433=ORIENTED_EDGE('',*,*,#1422,.F.) ;
#1434=ORIENTED_EDGE('',*,*,#1427,.F.) ;
#1455=ORIENTED_EDGE('',*,*,#1415,.T.) ;
#1456=ORIENTED_EDGE('',*,*,#1250,.T.) ;
#1457=ORIENTED_EDGE('',*,*,#1243,.T.) ;
#1458=ORIENTED_EDGE('',*,*,#1408,.T.) ;
#1459=ORIENTED_EDGE('',*,*,#1448,.F.) ;
#1460=ORIENTED_EDGE('',*,*,#1453,.F.) ;
#1495=ORIENTED_EDGE('',*,*,#1474,.T.) ;
#1496=ORIENTED_EDGE('',*,*,#1280,.T.) ;
#1497=ORIENTED_EDGE('',*,*,#1299,.T.) ;
#1498=ORIENTED_EDGE('',*,*,#1481,.T.) ;
#1499=ORIENTED_EDGE('',*,*,#1488,.F.) ;
#1500=ORIENTED_EDGE('',*,*,#1493,.F.) ;
#1521=ORIENTED_EDGE('',*,*,#1481,.F.) ;
#1522=ORIENTED_EDGE('',*,*,#1294,.T.) ;
#1523=ORIENTED_EDGE('',*,*,#1287,.T.) ;
#1524=ORIENTED_EDGE('',*,*,#1474,.F.) ;
#1525=ORIENTED_EDGE('',*,*,#1514,.F.) ;
#1526=ORIENTED_EDGE('',*,*,#1519,.F.) ;
#1561=ORIENTED_EDGE('',*,*,#1540,.T.) ;
#1562=ORIENTED_EDGE('',*,*,#1326,.T.) ;
#1563=ORIENTED_EDGE('',*,*,#1345,.T.) ;
#1564=ORIENTED_EDGE('',*,*,#1547,.T.) ;
#1565=ORIENTED_EDGE('',*,*,#1554,.F.) ;
#1566=ORIENTED_EDGE('',*,*,#1559,.F.) ;
#1587=ORIENTED_EDGE('',*,*,#1547,.F.) ;
#1588=ORIENTED_EDGE('',*,*,#1340,.T.) ;
#1589=ORIENTED_EDGE('',*,*,#1333,.T.) ;
#1590=ORIENTED_EDGE('',*,*,#1540,.F.) ;
#1591=ORIENTED_EDGE('',*,*,#1580,.F.) ;
#1592=ORIENTED_EDGE('',*,*,#1585,.F.) ;
#1648=ORIENTED_EDGE('',*,*,#1608,.F.) ;
#1649=ORIENTED_EDGE('',*,*,#1615,.F.) ;
#1650=ORIENTED_EDGE('',*,*,#1620,.T.) ;
#1651=ORIENTED_EDGE('',*,*,#1370,.T.) ;
#1652=ORIENTED_EDGE('',*,*,#1389,.T.) ;
#1653=ORIENTED_EDGE('',*,*,#1627,.T.) ;
#1654=ORIENTED_EDGE('',*,*,#1634,.F.) ;
#1655=ORIENTED_EDGE('',*,*,#1641,.F.) ;
#1656=ORIENTED_EDGE('',*,*,#1646,.F.) ;
#1684=ORIENTED_EDGE('',*,*,#1672,.F.) ;
#1685=ORIENTED_EDGE('',*,*,#1677,.F.) ;
#1686=ORIENTED_EDGE('',*,*,#1627,.F.) ;
#1687=ORIENTED_EDGE('',*,*,#1384,.T.) ;
#1688=ORIENTED_EDGE('',*,*,#1377,.T.) ;
#1689=ORIENTED_EDGE('',*,*,#1620,.F.) ;
#1690=ORIENTED_EDGE('',*,*,#1682,.F.) ;
#1725=ORIENTED_EDGE('',*,*,#1704,.F.) ;
#1726=ORIENTED_EDGE('',*,*,#1427,.T.) ;
#1727=ORIENTED_EDGE('',*,*,#1422,.T.) ;
#1728=ORIENTED_EDGE('',*,*,#1711,.F.) ;
#1729=ORIENTED_EDGE('',*,*,#1718,.F.) ;
#1730=ORIENTED_EDGE('',*,*,#1723,.F.) ;
#1751=ORIENTED_EDGE('',*,*,#1711,.T.) ;
#1752=ORIENTED_EDGE('',*,*,#1453,.T.) ;
#1753=ORIENTED_EDGE('',*,*,#1448,.T.) ;
#1754=ORIENTED_EDGE('',*,*,#1704,.T.) ;
#1755=ORIENTED_EDGE('',*,*,#1744,.F.) ;
#1756=ORIENTED_EDGE('',*,*,#1749,.F.) ;
#1791=ORIENTED_EDGE('',*,*,#1770,.T.) ;
#1792=ORIENTED_EDGE('',*,*,#1493,.T.) ;
#1793=ORIENTED_EDGE('',*,*,#1488,.T.) ;
#1794=ORIENTED_EDGE('',*,*,#1777,.T.) ;
#1795=ORIENTED_EDGE('',*,*,#1784,.F.) ;
#1796=ORIENTED_EDGE('',*,*,#1789,.F.) ;
#1817=ORIENTED_EDGE('',*,*,#1777,.F.) ;
#1818=ORIENTED_EDGE('',*,*,#1519,.T.) ;
#1819=ORIENTED_EDGE('',*,*,#1514,.T.) ;
#1820=ORIENTED_EDGE('',*,*,#1770,.F.) ;
#1821=ORIENTED_EDGE('',*,*,#1810,.F.) ;
#1822=ORIENTED_EDGE('',*,*,#1815,.F.) ;
#1857=ORIENTED_EDGE('',*,*,#1836,.T.) ;
#1858=ORIENTED_EDGE('',*,*,#1559,.T.) ;
#1859=ORIENTED_EDGE('',*,*,#1554,.T.) ;
#1860=ORIENTED_EDGE('',*,*,#1843,.T.) ;
#1861=ORIENTED_EDGE('',*,*,#1850,.F.) ;
#1862=ORIENTED_EDGE('',*,*,#1855,.F.) ;
#1883=ORIENTED_EDGE('',*,*,#1843,.F.) ;
#1884=ORIENTED_EDGE('',*,*,#1585,.T.) ;
#1885=ORIENTED_EDGE('',*,*,#1580,.T.) ;
#1886=ORIENTED_EDGE('',*,*,#1836,.F.) ;
#1887=ORIENTED_EDGE('',*,*,#1876,.F.) ;
#1888=ORIENTED_EDGE('',*,*,#1881,.F.) ;
#1897=ORIENTED_EDGE('',*,*,#1718,.T.) ;
#1898=ORIENTED_EDGE('',*,*,#1749,.T.) ;
#1899=ORIENTED_EDGE('',*,*,#1744,.T.) ;
#1900=ORIENTED_EDGE('',*,*,#1723,.T.) ;
#1909=ORIENTED_EDGE('',*,*,#1784,.T.) ;
#1910=ORIENTED_EDGE('',*,*,#1815,.T.) ;
#1911=ORIENTED_EDGE('',*,*,#1810,.T.) ;
#1912=ORIENTED_EDGE('',*,*,#1789,.T.) ;
#1921=ORIENTED_EDGE('',*,*,#1850,.T.) ;
#1922=ORIENTED_EDGE('',*,*,#1881,.T.) ;
#1923=ORIENTED_EDGE('',*,*,#1876,.T.) ;
#1924=ORIENTED_EDGE('',*,*,#1855,.T.) ;
#1933=ORIENTED_EDGE('',*,*,#1608,.T.) ;
#1934=ORIENTED_EDGE('',*,*,#1646,.T.) ;
#1935=ORIENTED_EDGE('',*,*,#1641,.T.) ;
#1936=ORIENTED_EDGE('',*,*,#1634,.T.) ;
#1937=ORIENTED_EDGE('',*,*,#1677,.T.) ;
#1938=ORIENTED_EDGE('',*,*,#1672,.T.) ;
#1939=ORIENTED_EDGE('',*,*,#1682,.T.) ;
#1940=ORIENTED_EDGE('',*,*,#1615,.T.) ;
#1995=ORIENTED_EDGE('',*,*,#1973,.T.) ;
#1996=ORIENTED_EDGE('',*,*,#1978,.F.) ;
#1997=ORIENTED_EDGE('',*,*,#378,.F.) ;
#1998=ORIENTED_EDGE('',*,*,#903,.T.) ;
#1999=ORIENTED_EDGE('',*,*,#362,.T.) ;
#2000=ORIENTED_EDGE('',*,*,#1985,.F.) ;
#2001=ORIENTED_EDGE('',*,*,#1993,.F.) ;
#2056=ORIENTED_EDGE('',*,*,#2034,.T.) ;
#2057=ORIENTED_EDGE('',*,*,#2039,.F.) ;
#2058=ORIENTED_EDGE('',*,*,#287,.F.) ;
#2059=ORIENTED_EDGE('',*,*,#875,.T.) ;
#2060=ORIENTED_EDGE('',*,*,#271,.T.) ;
#2061=ORIENTED_EDGE('',*,*,#2046,.F.) ;
#2062=ORIENTED_EDGE('',*,*,#2054,.F.) ;
#2117=ORIENTED_EDGE('',*,*,#2095,.T.) ;
#2118=ORIENTED_EDGE('',*,*,#2100,.F.) ;
#2119=ORIENTED_EDGE('',*,*,#153,.F.) ;
#2120=ORIENTED_EDGE('',*,*,#70,.T.) ;
#2121=ORIENTED_EDGE('',*,*,#144,.T.) ;
#2122=ORIENTED_EDGE('',*,*,#2107,.F.) ;
#2123=ORIENTED_EDGE('',*,*,#2115,.F.) ;
#2151=ORIENTED_EDGE('',*,*,#2137,.F.) ;
#2152=ORIENTED_EDGE('',*,*,#2144,.F.) ;
#2153=ORIENTED_EDGE('',*,*,#2149,.F.) ;
#2154=ORIENTED_EDGE('',*,*,#2095,.F.) ;
#2177=ORIENTED_EDGE('',*,*,#2163,.F.) ;
#2178=ORIENTED_EDGE('',*,*,#2170,.F.) ;
#2179=ORIENTED_EDGE('',*,*,#2175,.F.) ;
#2180=ORIENTED_EDGE('',*,*,#2034,.F.) ;
#2189=ORIENTED_EDGE('',*,*,#2187,.F.) ;
#2190=ORIENTED_EDGE('',*,*,#1973,.F.) ;
#2199=ORIENTED_EDGE('',*,*,#457,.F.) ;
#2200=ORIENTED_EDGE('',*,*,#435,.F.) ;
#2203=ORIENTED_EDGE('',*,*,#685,.T.) ;
#2204=ORIENTED_EDGE('',*,*,#769,.T.) ;
#2205=ORIENTED_EDGE('',*,*,#747,.T.) ;
#2206=ORIENTED_EDGE('',*,*,#716,.T.) ;
#2209=ORIENTED_EDGE('',*,*,#506,.F.) ;
#2210=ORIENTED_EDGE('',*,*,#499,.F.) ;
#2211=ORIENTED_EDGE('',*,*,#549,.F.) ;
#2212=ORIENTED_EDGE('',*,*,#544,.F.) ;
#2215=ORIENTED_EDGE('',*,*,#1978,.T.) ;
#2216=ORIENTED_EDGE('',*,*,#2187,.T.) ;
#2217=ORIENTED_EDGE('',*,*,#1993,.T.) ;
#2218=ORIENTED_EDGE('',*,*,#1985,.T.) ;
#2219=ORIENTED_EDGE('',*,*,#353,.T.) ;
#2220=ORIENTED_EDGE('',*,*,#301,.T.) ;
#2221=ORIENTED_EDGE('',*,*,#294,.T.) ;
#2222=ORIENTED_EDGE('',*,*,#2039,.T.) ;
#2223=ORIENTED_EDGE('',*,*,#2175,.T.) ;
#2224=ORIENTED_EDGE('',*,*,#2170,.T.) ;
#2225=ORIENTED_EDGE('',*,*,#2163,.T.) ;
#2226=ORIENTED_EDGE('',*,*,#2054,.T.) ;
#2227=ORIENTED_EDGE('',*,*,#2046,.T.) ;
#2228=ORIENTED_EDGE('',*,*,#262,.T.) ;
#2229=ORIENTED_EDGE('',*,*,#167,.T.) ;
#2230=ORIENTED_EDGE('',*,*,#160,.T.) ;
#2231=ORIENTED_EDGE('',*,*,#2100,.T.) ;
#2232=ORIENTED_EDGE('',*,*,#2149,.T.) ;
#2233=ORIENTED_EDGE('',*,*,#2144,.T.) ;
#2234=ORIENTED_EDGE('',*,*,#2137,.T.) ;
#2235=ORIENTED_EDGE('',*,*,#2115,.T.) ;
#2236=ORIENTED_EDGE('',*,*,#2107,.T.) ;
#2237=ORIENTED_EDGE('',*,*,#137,.T.) ;
#2238=ORIENTED_EDGE('',*,*,#390,.T.) ;
#2239=ORIENTED_EDGE('',*,*,#385,.T.) ;
#2242=ORIENTED_EDGE('',*,*,#818,.F.) ;
#2243=ORIENTED_EDGE('',*,*,#811,.F.) ;
#2244=ORIENTED_EDGE('',*,*,#861,.F.) ;
#2245=ORIENTED_EDGE('',*,*,#856,.F.) ;
#2248=ORIENTED_EDGE('',*,*,#638,.F.) ;
#2249=ORIENTED_EDGE('',*,*,#600,.F.) ;
#2250=ORIENTED_EDGE('',*,*,#593,.F.) ;
#2251=ORIENTED_EDGE('',*,*,#643,.F.) ;
#2288=ORIENTED_EDGE('',*,*,#916,.F.) ;
#2289=ORIENTED_EDGE('',*,*,#2265,.T.) ;
#2290=ORIENTED_EDGE('',*,*,#2281,.F.) ;
#2291=ORIENTED_EDGE('',*,*,#2286,.F.) ;
#2309=ORIENTED_EDGE('',*,*,#2286,.T.) ;
#2310=ORIENTED_EDGE('',*,*,#2307,.F.) ;
#2311=ORIENTED_EDGE('',*,*,#2265,.F.) ;
#2312=ORIENTED_EDGE('',*,*,#921,.F.) ;
#2349=ORIENTED_EDGE('',*,*,#888,.F.) ;
#2350=ORIENTED_EDGE('',*,*,#2326,.T.) ;
#2351=ORIENTED_EDGE('',*,*,#2342,.F.) ;
#2352=ORIENTED_EDGE('',*,*,#2347,.F.) ;
#2370=ORIENTED_EDGE('',*,*,#2347,.T.) ;
#2371=ORIENTED_EDGE('',*,*,#2368,.F.) ;
#2372=ORIENTED_EDGE('',*,*,#2326,.F.) ;
#2373=ORIENTED_EDGE('',*,*,#893,.F.) ;
#2414=ORIENTED_EDGE('',*,*,#2398,.F.) ;
#2415=ORIENTED_EDGE('',*,*,#2412,.F.) ;
#2419=ORIENTED_EDGE('',*,*,#2368,.T.) ;
#2420=ORIENTED_EDGE('',*,*,#2342,.T.) ;
#2424=ORIENTED_EDGE('',*,*,#2307,.T.) ;
#2425=ORIENTED_EDGE('',*,*,#2281,.T.) ;
#2444=ORIENTED_EDGE('',*,*,#83,.F.) ;
#2445=ORIENTED_EDGE('',*,*,#2437,.T.) ;
#2446=ORIENTED_EDGE('',*,*,#2398,.T.) ;
#2447=ORIENTED_EDGE('',*,*,#2442,.F.) ;
#2451=ORIENTED_EDGE('',*,*,#2442,.T.) ;
#2452=ORIENTED_EDGE('',*,*,#2412,.T.) ;
#2453=ORIENTED_EDGE('',*,*,#2437,.F.) ;
#2454=ORIENTED_EDGE('',*,*,#88,.F.) ;
#92=FACE_BOUND('',#89,.T.) ;
#897=FACE_BOUND('',#894,.T.) ;
#925=FACE_BOUND('',#922,.T.) ;
#1261=FACE_BOUND('',#1256,.T.) ;
#1305=FACE_BOUND('',#1300,.T.) ;
#1351=FACE_BOUND('',#1346,.T.) ;
#1395=FACE_BOUND('',#1390,.T.) ;
#2207=FACE_BOUND('',#2202,.T.) ;
#2213=FACE_BOUND('',#2208,.T.) ;
#2240=FACE_BOUND('',#2214,.T.) ;
#2246=FACE_BOUND('',#2241,.T.) ;
#2252=FACE_BOUND('',#2247,.T.) ;
#51=CLOSED_SHELL('Closed Shell',(#93,#210,#245,#336,#402,#442,#464,#520,#558,#614,#652,#692,#723,#754,#776,#832,#870,#898,#926,#957,#974,#1014,#1040,#1072,#1090,#1102,#1142,#1168,#1199,#1216,#1262,#1306,#1352,#1396,#1436,#1462,#1502,#1528,#1568,#1594,#1658,#1692,#1732,#1758,#1798,#1824,#1864,#1890,#1902,#1914,#1926,#1942,#2003,#2064,#2125,#2156,#2182,#2192,#2253,#2293,#2314,#2354,#2375,#2417,#2422,#2427,#2449,#2456)) ;
#410=VECTOR('Line Direction',#409,1.) ;
#426=VECTOR('Line Direction',#425,1.) ;
#660=VECTOR('Line Direction',#659,1.) ;
#669=VECTOR('Line Direction',#668,1.) ;
#676=VECTOR('Line Direction',#675,1.) ;
#683=VECTOR('Line Direction',#682,1.) ;
#700=VECTOR('Line Direction',#699,1.) ;
#731=VECTOR('Line Direction',#730,1.) ;
#740=VECTOR('Line Direction',#739,1.) ;
#745=VECTOR('Line Direction',#744,1.) ;
#982=VECTOR('Line Direction',#981,1.) ;
#989=VECTOR('Line Direction',#988,1.) ;
#1048=VECTOR('Line Direction',#1047,1.) ;
#1055=VECTOR('Line Direction',#1054,1.) ;
#1110=VECTOR('Line Direction',#1109,1.) ;
#1117=VECTOR('Line Direction',#1116,1.) ;
#1404=VECTOR('Line Direction',#1403,1.) ;
#1411=VECTOR('Line Direction',#1410,1.) ;
#1470=VECTOR('Line Direction',#1469,1.) ;
#1477=VECTOR('Line Direction',#1476,1.) ;
#1536=VECTOR('Line Direction',#1535,1.) ;
#1543=VECTOR('Line Direction',#1542,1.) ;
#1618=VECTOR('Line Direction',#1617,1.) ;
#1623=VECTOR('Line Direction',#1622,1.) ;
#1700=VECTOR('Line Direction',#1699,1.) ;
#1707=VECTOR('Line Direction',#1706,1.) ;
#1766=VECTOR('Line Direction',#1765,1.) ;
#1773=VECTOR('Line Direction',#1772,1.) ;
#1832=VECTOR('Line Direction',#1831,1.) ;
#1839=VECTOR('Line Direction',#1838,1.) ;
#2261=VECTOR('Line Direction',#2260,1.) ;
#2284=VECTOR('Line Direction',#2283,1.) ;
#2322=VECTOR('Line Direction',#2321,1.) ;
#2345=VECTOR('Line Direction',#2344,1.) ;
#2435=VECTOR('Line Direction',#2434,1.) ;
#2440=VECTOR('Line Direction',#2439,1.) ;
#2458=ADVANCED_BREP_SHAPE_REPRESENTATION('NONE',(#2457),#46) ;
#49=SHAPE_REPRESENTATION(' ',(#48),#46) ;
#93=ADVANCED_FACE('cute3-ww',(#74,#92),#56,.F.) ;
#210=ADVANCED_FACE('cute3-ww',(#209),#103,.T.) ;
#245=ADVANCED_FACE('cute3-ww',(#244),#215,.F.) ;
#336=ADVANCED_FACE('cute3-ww',(#335),#255,.T.) ;
#402=ADVANCED_FACE('cute3-ww',(#401),#346,.T.) ;
#442=ADVANCED_FACE('cute3-ww',(#441),#407,.T.) ;
#464=ADVANCED_FACE('cute3-ww',(#463),#447,.T.) ;
#520=ADVANCED_FACE('cute3-ww',(#519),#469,.F.) ;
#558=ADVANCED_FACE('cute3-ww',(#557),#525,.F.) ;
#614=ADVANCED_FACE('cute3-ww',(#613),#563,.F.) ;
#652=ADVANCED_FACE('cute3-ww',(#651),#619,.F.) ;
#692=ADVANCED_FACE('cute3-ww',(#691),#657,.T.) ;
#723=ADVANCED_FACE('cute3-ww',(#722),#697,.F.) ;
#754=ADVANCED_FACE('cute3-ww',(#753),#728,.T.) ;
#776=ADVANCED_FACE('cute3-ww',(#775),#759,.F.) ;
#832=ADVANCED_FACE('cute3-ww',(#831),#781,.F.) ;
#870=ADVANCED_FACE('cute3-ww',(#869),#837,.F.) ;
#898=ADVANCED_FACE('cute3-ww',(#879,#897),#56,.F.) ;
#926=ADVANCED_FACE('cute3-ww',(#907,#925),#56,.F.) ;
#957=ADVANCED_FACE('cute3-ww',(#956),#931,.T.) ;
#974=ADVANCED_FACE('cute3-ww',(#973),#962,.T.) ;
#1014=ADVANCED_FACE('cute3-ww',(#1013),#979,.T.) ;
#1040=ADVANCED_FACE('cute3-ww',(#1039),#1019,.T.) ;
#1072=ADVANCED_FACE('cute3-ww',(#1071),#1045,.T.) ;
#1090=ADVANCED_FACE('cute3-ww',(#1089),#1077,.T.) ;
#1102=ADVANCED_FACE('cute3-ww',(#1101),#1095,.F.) ;
#1142=ADVANCED_FACE('cute3-ww',(#1141),#1107,.T.) ;
#1168=ADVANCED_FACE('cute3-ww',(#1167),#1147,.T.) ;
#1199=ADVANCED_FACE('cute3-ww',(#1198),#1173,.T.) ;
#1216=ADVANCED_FACE('cute3-ww',(#1215),#1204,.T.) ;
#1262=ADVANCED_FACE('cute3-ww',(#1227,#1261),#1221,.T.) ;
#1306=ADVANCED_FACE('cute3-ww',(#1271,#1305),#1267,.T.) ;
#1352=ADVANCED_FACE('cute3-ww',(#1317,#1351),#1311,.T.) ;
#1396=ADVANCED_FACE('cute3-ww',(#1361,#1395),#1357,.T.) ;
#1436=ADVANCED_FACE('cute3-ww',(#1435),#1401,.T.) ;
#1462=ADVANCED_FACE('cute3-ww',(#1461),#1441,.T.) ;
#1502=ADVANCED_FACE('cute3-ww',(#1501),#1467,.T.) ;
#1528=ADVANCED_FACE('cute3-ww',(#1527),#1507,.T.) ;
#1568=ADVANCED_FACE('cute3-ww',(#1567),#1533,.T.) ;
#1594=ADVANCED_FACE('cute3-ww',(#1593),#1573,.T.) ;
#1658=ADVANCED_FACE('cute3-ww',(#1657),#1599,.F.) ;
#1692=ADVANCED_FACE('cute3-ww',(#1691),#1663,.F.) ;
#1732=ADVANCED_FACE('cute3-ww',(#1731),#1697,.T.) ;
#1758=ADVANCED_FACE('cute3-ww',(#1757),#1737,.T.) ;
#1798=ADVANCED_FACE('cute3-ww',(#1797),#1763,.T.) ;
#1824=ADVANCED_FACE('cute3-ww',(#1823),#1803,.T.) ;
#1864=ADVANCED_FACE('cute3-ww',(#1863),#1829,.T.) ;
#1890=ADVANCED_FACE('cute3-ww',(#1889),#1869,.T.) ;
#1902=ADVANCED_FACE('cute3-ww',(#1901),#1895,.T.) ;
#1914=ADVANCED_FACE('cute3-ww',(#1913),#1907,.T.) ;
#1926=ADVANCED_FACE('cute3-ww',(#1925),#1919,.T.) ;
#1942=ADVANCED_FACE('cute3-ww',(#1941),#1931,.T.) ;
#2003=ADVANCED_FACE('cute3-ww',(#2002),#1952,.T.) ;
#2064=ADVANCED_FACE('cute3-ww',(#2063),#2013,.T.) ;
#2125=ADVANCED_FACE('cute3-ww',(#2124),#2074,.T.) ;
#2156=ADVANCED_FACE('cute3-ww',(#2155),#2130,.T.) ;
#2182=ADVANCED_FACE('cute3-ww',(#2181),#2130,.T.) ;
#2192=ADVANCED_FACE('cute3-ww',(#2191),#2130,.T.) ;
#2253=ADVANCED_FACE('cute3-ww',(#2201,#2207,#2213,#2240,#2246,#2252),#2197,.F.) ;
#2293=ADVANCED_FACE('cute3-ww',(#2292),#2258,.F.) ;
#2314=ADVANCED_FACE('cute3-ww',(#2313),#2258,.F.) ;
#2354=ADVANCED_FACE('cute3-ww',(#2353),#2319,.F.) ;
#2375=ADVANCED_FACE('cute3-ww',(#2374),#2319,.F.) ;
#2417=ADVANCED_FACE('cute3-ww',(#2416),#2380,.F.) ;
#2422=ADVANCED_FACE('cute3-ww',(#2421),#2380,.F.) ;
#2427=ADVANCED_FACE('cute3-ww',(#2426),#2380,.F.) ;
#2449=ADVANCED_FACE('cute3-ww',(#2448),#2432,.F.) ;
#2456=ADVANCED_FACE('cute3-ww',(#2455),#2432,.F.) ;
#4=APPLICATION_PROTOCOL_DEFINITION('international standard','config_control_design',1994,#1) ;
#32=APPROVAL_DATE_TIME(#13,#21) ;
#102=AXIS1_PLACEMENT('Revolution Surface Axis1P',#100,#101) ;
#254=AXIS1_PLACEMENT('Revolution Surface Axis1P',#252,#253) ;
#345=AXIS1_PLACEMENT('Revolution Surface Axis1P',#343,#344) ;
#1951=AXIS1_PLACEMENT('Revolution Surface Axis1P',#1949,#1950) ;
#2012=AXIS1_PLACEMENT('Revolution Surface Axis1P',#2010,#2011) ;
#2073=AXIS1_PLACEMENT('Revolution Surface Axis1P',#2071,#2072) ;
#94=B_SPLINE_CURVE_WITH_KNOTS('',4,(#95,#96,#97,#98,#99),.UNSPECIFIED.,.F.,.U.,(5,5),(95.8219101796,107.968170179),.UNSPECIFIED.) ;
#104=B_SPLINE_CURVE_WITH_KNOTS('',5,(#105,#106,#107,#108,#109,#110,#111,#112,#113,#114,#115,#116,#117,#118,#119,#120,#121,#122,#123,#124,#125),.UNSPECIFIED.,.F.,.U.,(6,3,3,3,3,3,6),(0.,3.27328101155,6.49753248892,9.01939188129,10.6564947078,12.6358365893,17.2030192773),.UNSPECIFIED.) ;
#138=B_SPLINE_CURVE_WITH_KNOTS('',4,(#139,#140,#141,#142,#143),.UNSPECIFIED.,.F.,.U.,(5,5),(95.8219101796,107.968170179),.UNSPECIFIED.) ;
#145=B_SPLINE_CURVE_WITH_KNOTS('',4,(#146,#147,#148,#149,#150),.UNSPECIFIED.,.F.,.U.,(5,5),(95.8219101796,107.968170179),.UNSPECIFIED.) ;
#168=B_SPLINE_CURVE_WITH_KNOTS('',5,(#169,#170,#171,#172,#173,#174,#175,#176,#177,#178,#179,#180,#181,#182,#183,#184,#185,#186,#187,#188,#189),.UNSPECIFIED.,.F.,.U.,(6,3,3,3,3,3,6),(0.,3.27328101152,6.49753248962,9.01939188103,10.6564947067,12.6358365882,17.2030192763),.UNSPECIFIED.) ;
#193=B_SPLINE_CURVE_WITH_KNOTS('',3,(#194,#195,#196,#197),.UNSPECIFIED.,.F.,.U.,(4,4),(0.,1.46162575232),.UNSPECIFIED.) ;
#216=B_SPLINE_CURVE_WITH_KNOTS('',5,(#217,#218,#219,#220,#221,#222,#223,#224,#225),.UNSPECIFIED.,.F.,.U.,(6,3,6),(0.,1.17549171526,1.46184318471),.UNSPECIFIED.) ;
#229=B_SPLINE_CURVE_WITH_KNOTS('',5,(#230,#231,#232,#233,#234,#235,#236,#237,#238),.UNSPECIFIED.,.F.,.U.,(6,3,6),(0.,1.44581036704,1.46163099492),.UNSPECIFIED.) ;
#246=B_SPLINE_CURVE_WITH_KNOTS('',4,(#247,#248,#249,#250,#251),.UNSPECIFIED.,.F.,.U.,(5,5),(95.8219101796,107.968170179),.UNSPECIFIED.) ;
#263=B_SPLINE_CURVE_WITH_KNOTS('',4,(#264,#265,#266,#267,#268),.UNSPECIFIED.,.F.,.U.,(5,5),(95.8219101796,107.968170179),.UNSPECIFIED.) ;
#279=B_SPLINE_CURVE_WITH_KNOTS('',4,(#280,#281,#282,#283,#284),.UNSPECIFIED.,.F.,.U.,(5,5),(95.8219101796,107.968170179),.UNSPECIFIED.) ;
#302=B_SPLINE_CURVE_WITH_KNOTS('',5,(#303,#304,#305,#306,#307,#308,#309,#310,#311,#312,#313,#314,#315,#316,#317,#318,#319,#320,#321,#322,#323),.UNSPECIFIED.,.F.,.U.,(6,3,3,3,3,3,6),(0.,3.27328101155,6.49753248879,9.01939188104,10.6564947058,12.6358365876,17.2030192754),.UNSPECIFIED.) ;
#337=B_SPLINE_CURVE_WITH_KNOTS('',4,(#338,#339,#340,#341,#342),.UNSPECIFIED.,.F.,.U.,(5,5),(95.8219101796,107.968170179),.UNSPECIFIED.) ;
#354=B_SPLINE_CURVE_WITH_KNOTS('',4,(#355,#356,#357,#358,#359),.UNSPECIFIED.,.F.,.U.,(5,5),(95.8219101796,107.968170179),.UNSPECIFIED.) ;
#370=B_SPLINE_CURVE_WITH_KNOTS('',4,(#371,#372,#373,#374,#375),.UNSPECIFIED.,.F.,.U.,(5,5),(95.8219101796,107.968170179),.UNSPECIFIED.) ;
#1943=B_SPLINE_CURVE_WITH_KNOTS('',4,(#1944,#1945,#1946,#1947,#1948),.UNSPECIFIED.,.F.,.U.,(5,5),(95.8219101796,107.968170179),.UNSPECIFIED.) ;
#1953=B_SPLINE_CURVE_WITH_KNOTS('',5,(#1954,#1955,#1956,#1957,#1958,#1959,#1960,#1961,#1962,#1963,#1964,#1965,#1966,#1967,#1968),.UNSPECIFIED.,.F.,.U.,(6,3,3,3,6),(0.,3.13696370583,5.70450342849,8.59113989145,11.70193229),.UNSPECIFIED.) ;
#1986=B_SPLINE_CURVE_WITH_KNOTS('',5,(#1987,#1988,#1989,#1990,#1991,#1992),.UNSPECIFIED.,.F.,.U.,(6,6),(16.2029438234,30.700218341),.UNSPECIFIED.) ;
#2004=B_SPLINE_CURVE_WITH_KNOTS('',4,(#2005,#2006,#2007,#2008,#2009),.UNSPECIFIED.,.F.,.U.,(5,5),(95.8219101796,107.968170179),.UNSPECIFIED.) ;
#2014=B_SPLINE_CURVE_WITH_KNOTS('',5,(#2015,#2016,#2017,#2018,#2019,#2020,#2021,#2022,#2023,#2024,#2025,#2026,#2027,#2028,#2029),.UNSPECIFIED.,.F.,.U.,(6,3,3,3,6),(0.,3.13696370471,5.70450342695,8.59113988991,11.7019322882),.UNSPECIFIED.) ;
#2047=B_SPLINE_CURVE_WITH_KNOTS('',5,(#2048,#2049,#2050,#2051,#2052,#2053),.UNSPECIFIED.,.F.,.U.,(6,6),(16.2029933343,30.700218341),.UNSPECIFIED.) ;
#2065=B_SPLINE_CURVE_WITH_KNOTS('',4,(#2066,#2067,#2068,#2069,#2070),.UNSPECIFIED.,.F.,.U.,(5,5),(95.8219101796,107.968170179),.UNSPECIFIED.) ;
#2075=B_SPLINE_CURVE_WITH_KNOTS('',5,(#2076,#2077,#2078,#2079,#2080,#2081,#2082,#2083,#2084,#2085,#2086,#2087,#2088,#2089,#2090),.UNSPECIFIED.,.F.,.U.,(6,3,3,3,6),(0.,3.13696370451,5.70450342591,8.5911398875,11.7019322859),.UNSPECIFIED.) ;
#2108=B_SPLINE_CURVE_WITH_KNOTS('',5,(#2109,#2110,#2111,#2112,#2113,#2114),.UNSPECIFIED.,.F.,.U.,(6,6),(16.2030040167,30.7002183411),.UNSPECIFIED.) ;
#2266=B_SPLINE_CURVE_WITH_KNOTS('',5,(#2267,#2268,#2269,#2270,#2271,#2272,#2273,#2274,#2275,#2276,#2277,#2278),.UNSPECIFIED.,.F.,.U.,(6,3,3,6),(10.0489591142,14.3761765212,16.5413836043,20.0979167071),.UNSPECIFIED.) ;
#2294=B_SPLINE_CURVE_WITH_KNOTS('',5,(#2295,#2296,#2297,#2298,#2299,#2300,#2301,#2302,#2303,#2304,#2305,#2306),.UNSPECIFIED.,.F.,.U.,(6,3,3,6),(0.,4.27824904714,6.44345613018,10.0489591142),.UNSPECIFIED.) ;
#2327=B_SPLINE_CURVE_WITH_KNOTS('',5,(#2328,#2329,#2330,#2331,#2332,#2333,#2334,#2335,#2336,#2337,#2338,#2339),.UNSPECIFIED.,.F.,.U.,(6,3,3,6),(10.0489591142,14.3761765214,16.5413836044,20.0979167072),.UNSPECIFIED.) ;
#2355=B_SPLINE_CURVE_WITH_KNOTS('',5,(#2356,#2357,#2358,#2359,#2360,#2361,#2362,#2363,#2364,#2365,#2366,#2367),.UNSPECIFIED.,.F.,.U.,(6,3,3,6),(0.,4.27824904724,6.4434561303,10.0489591142),.UNSPECIFIED.) ;
#2381=B_SPLINE_CURVE_WITH_KNOTS('',5,(#2382,#2383,#2384,#2385,#2386,#2387,#2388,#2389,#2390,#2391,#2392,#2393),.UNSPECIFIED.,.F.,.U.,(6,3,3,6),(0.,4.32721740715,6.49242449018,10.0489560433),.UNSPECIFIED.) ;
#2399=B_SPLINE_CURVE_WITH_KNOTS('',5,(#2400,#2401,#2402,#2403,#2404,#2405,#2406,#2407,#2408,#2409,#2410,#2411),.UNSPECIFIED.,.F.,.U.,(6,3,3,6),(10.0489560433,14.3761734506,16.5413805336,20.0979136364),.UNSPECIFIED.) ;
#2457=MANIFOLD_SOLID_BREP('cute3-ww',#51) ;
#11=CALENDAR_DATE(2013,22,2) ;
#30=CC_DESIGN_APPROVAL(#21,(#16,#6,#14)) ;
#18=CC_DESIGN_DATE_AND_TIME_ASSIGNMENT(#13,#17,(#16)) ;
#29=CC_DESIGN_DATE_AND_TIME_ASSIGNMENT(#13,#28,(#14)) ;
#17=DATE_TIME_ROLE('classification_date') ;
#28=DATE_TIME_ROLE('creation_date') ;
#27=CC_DESIGN_PERSON_AND_ORGANIZATION_ASSIGNMENT(#25,#26,(#16)) ;
#33=CC_DESIGN_PERSON_AND_ORGANIZATION_ASSIGNMENT(#25,#34,(#6)) ;
#35=CC_DESIGN_PERSON_AND_ORGANIZATION_ASSIGNMENT(#25,#36,(#6,#14)) ;
#37=CC_DESIGN_PERSON_AND_ORGANIZATION_ASSIGNMENT(#25,#38,(#5)) ;
#26=PERSON_AND_ORGANIZATION_ROLE('classification_officer') ;
#34=PERSON_AND_ORGANIZATION_ROLE('design_supplier') ;
#36=PERSON_AND_ORGANIZATION_ROLE('creator') ;
#38=PERSON_AND_ORGANIZATION_ROLE('design_owner') ;
#39=CC_DESIGN_SECURITY_CLASSIFICATION(#16,(#6)) ;
#60=CIRCLE('generated circle',#59,3.63145676875) ;
#69=CIRCLE('generated circle',#68,3.63145676875) ;
#78=CIRCLE('generated circle',#77,2.67728641313) ;
#87=CIRCLE('generated circle',#86,2.67728641313) ;
#134=CIRCLE('generated circle',#133,8.21800000075) ;
#157=CIRCLE('generated circle',#156,8.21800000075) ;
#164=CIRCLE('generated circle',#163,8.21800000075) ;
#259=CIRCLE('generated circle',#258,8.21800000075) ;
#275=CIRCLE('generated circle',#274,3.63145676875) ;
#291=CIRCLE('generated circle',#290,8.21800000075) ;
#298=CIRCLE('generated circle',#297,8.21800000075) ;
#350=CIRCLE('generated circle',#349,8.21800000075) ;
#366=CIRCLE('generated circle',#365,3.63145676875) ;
#382=CIRCLE('generated circle',#381,8.21800000075) ;
#389=CIRCLE('generated circle',#388,8.21800000075) ;
#420=CIRCLE('generated circle',#419,17.4819302566) ;
#434=CIRCLE('generated circle',#433,17.3847614608) ;
#451=CIRCLE('generated circle',#450,17.4819302566) ;
#456=CIRCLE('generated circle',#455,17.3847614608) ;
#473=CIRCLE('generated circle',#472,1.64050391402) ;
#482=CIRCLE('generated circle',#481,1.64050391402) ;
#489=CIRCLE('generated circle',#488,0.8) ;
#496=CIRCLE('generated circle',#495,2.44038207015) ;
#503=CIRCLE('generated circle',#502,2.44038207015) ;
#510=CIRCLE('generated circle',#509,0.8) ;
#529=CIRCLE('generated circle',#528,1.64050391402) ;
#536=CIRCLE('generated circle',#535,1.64050391402) ;
#541=CIRCLE('generated circle',#540,2.44038207015) ;
#548=CIRCLE('generated circle',#547,2.44038207015) ;
#567=CIRCLE('generated circle',#566,1.64050391402) ;
#576=CIRCLE('generated circle',#575,1.64050391402) ;
#583=CIRCLE('generated circle',#582,0.8) ;
#590=CIRCLE('generated circle',#589,2.44038207015) ;
#597=CIRCLE('generated circle',#596,2.44038207015) ;
#604=CIRCLE('generated circle',#603,0.8) ;
#623=CIRCLE('generated circle',#622,1.64050391402) ;
#630=CIRCLE('generated circle',#629,1.64050391402) ;
#635=CIRCLE('generated circle',#634,2.44038207015) ;
#642=CIRCLE('generated circle',#641,2.44038207015) ;
#710=CIRCLE('generated circle',#709,1.28250226729) ;
#715=CIRCLE('generated circle',#714,1.29999999998) ;
#763=CIRCLE('generated circle',#762,1.28250226729) ;
#768=CIRCLE('generated circle',#767,1.29999999998) ;
#785=CIRCLE('generated circle',#784,1.64050391402) ;
#794=CIRCLE('generated circle',#793,1.64050391402) ;
#801=CIRCLE('generated circle',#800,0.8) ;
#808=CIRCLE('generated circle',#807,2.44038207015) ;
#815=CIRCLE('generated circle',#814,2.44038207015) ;
#822=CIRCLE('generated circle',#821,0.8) ;
#841=CIRCLE('generated circle',#840,1.64050391402) ;
#848=CIRCLE('generated circle',#847,1.64050391402) ;
#853=CIRCLE('generated circle',#852,2.44038207015) ;
#860=CIRCLE('generated circle',#859,2.44038207015) ;
#874=CIRCLE('generated circle',#873,3.63145676875) ;
#883=CIRCLE('generated circle',#882,2.67728641313) ;
#892=CIRCLE('generated circle',#891,2.67728641313) ;
#902=CIRCLE('generated circle',#901,3.63145676875) ;
#911=CIRCLE('generated circle',#910,2.67728641313) ;
#920=CIRCLE('generated circle',#919,2.67728641313) ;
#935=CIRCLE('generated circle',#934,0.5) ;
#942=CIRCLE('generated circle',#941,17.4822348431) ;
#949=CIRCLE('generated circle',#948,0.5) ;
#966=CIRCLE('generated circle',#965,17.4822348431) ;
#997=CIRCLE('generated circle',#996,1.45) ;
#1004=CIRCLE('generated circle',#1003,1.45) ;
#1023=CIRCLE('generated circle',#1022,1.45) ;
#1030=CIRCLE('generated circle',#1029,1.45) ;
#1063=CIRCLE('generated circle',#1062,1.45) ;
#1081=CIRCLE('generated circle',#1080,1.45) ;
#1125=CIRCLE('generated circle',#1124,1.45) ;
#1132=CIRCLE('generated circle',#1131,1.45) ;
#1151=CIRCLE('generated circle',#1150,1.45) ;
#1158=CIRCLE('generated circle',#1157,1.45) ;
#1177=CIRCLE('generated circle',#1176,0.5) ;
#1184=CIRCLE('generated circle',#1183,0.5) ;
#1191=CIRCLE('generated circle',#1190,16.9822348431) ;
#1208=CIRCLE('generated circle',#1207,16.9822348431) ;
#1231=CIRCLE('generated circle',#1230,1.17499999981) ;
#1240=CIRCLE('generated circle',#1239,1.17499999981) ;
#1247=CIRCLE('generated circle',#1246,1.17499999981) ;
#1254=CIRCLE('generated circle',#1253,1.17499999981) ;
#1275=CIRCLE('generated circle',#1274,1.17499999981) ;
#1284=CIRCLE('generated circle',#1283,1.17499999981) ;
#1291=CIRCLE('generated circle',#1290,1.17499999981) ;
#1298=CIRCLE('generated circle',#1297,1.17499999981) ;
#1321=CIRCLE('generated circle',#1320,1.17499999981) ;
#1330=CIRCLE('generated circle',#1329,1.17499999981) ;
#1337=CIRCLE('generated circle',#1336,1.17499999981) ;
#1344=CIRCLE('generated circle',#1343,1.17499999981) ;
#1365=CIRCLE('generated circle',#1364,16.7270543287) ;
#1374=CIRCLE('generated circle',#1373,16.7270543287) ;
#1381=CIRCLE('generated circle',#1380,16.7270543287) ;
#1388=CIRCLE('generated circle',#1387,16.7270543287) ;
#1419=CIRCLE('generated circle',#1418,1.14006859409) ;
#1426=CIRCLE('generated circle',#1425,1.14006859409) ;
#1445=CIRCLE('generated circle',#1444,1.14006859409) ;
#1452=CIRCLE('generated circle',#1451,1.14006859409) ;
#1485=CIRCLE('generated circle',#1484,1.14006859409) ;
#1492=CIRCLE('generated circle',#1491,1.14006859409) ;
#1511=CIRCLE('generated circle',#1510,1.14006859409) ;
#1518=CIRCLE('generated circle',#1517,1.14006859409) ;
#1551=CIRCLE('generated circle',#1550,1.14006859409) ;
#1558=CIRCLE('generated circle',#1557,1.14006859409) ;
#1577=CIRCLE('generated circle',#1576,1.14006859409) ;
#1584=CIRCLE('generated circle',#1583,1.14006859409) ;
#1603=CIRCLE('generated circle',#1602,16.7124984047) ;
#1612=CIRCLE('generated circle',#1611,16.7124984048) ;
#1631=CIRCLE('generated circle',#1630,16.7124984048) ;
#1638=CIRCLE('generated circle',#1637,16.7124984047) ;
#1645=CIRCLE('generated circle',#1644,16.7124984048) ;
#1667=CIRCLE('generated circle',#1666,16.7124984047) ;
#1676=CIRCLE('generated circle',#1675,16.7124984048) ;
#1681=CIRCLE('generated circle',#1680,16.7124984048) ;
#1715=CIRCLE('generated circle',#1714,0.827824244078) ;
#1722=CIRCLE('generated circle',#1721,0.827824244078) ;
#1741=CIRCLE('generated circle',#1740,0.827824244078) ;
#1748=CIRCLE('generated circle',#1747,0.827824244078) ;
#1781=CIRCLE('generated circle',#1780,0.827824244078) ;
#1788=CIRCLE('generated circle',#1787,0.827824244078) ;
#1807=CIRCLE('generated circle',#1806,0.827824244078) ;
#1814=CIRCLE('generated circle',#1813,0.827824244078) ;
#1847=CIRCLE('generated circle',#1846,0.827824244078) ;
#1854=CIRCLE('generated circle',#1853,0.827824244078) ;
#1873=CIRCLE('generated circle',#1872,0.827824244078) ;
#1880=CIRCLE('generated circle',#1879,0.827824244078) ;
#1977=CIRCLE('generated circle',#1976,8.21800000074) ;
#1982=CIRCLE('generated circle',#1981,8.21800000074) ;
#2038=CIRCLE('generated circle',#2037,8.21800000074) ;
#2043=CIRCLE('generated circle',#2042,8.21800000074) ;
#2099=CIRCLE('generated circle',#2098,8.21800000074) ;
#2104=CIRCLE('generated circle',#2103,8.21800000074) ;
#2134=CIRCLE('generated circle',#2133,16.5000000321) ;
#2141=CIRCLE('generated circle',#2140,16.5000000321) ;
#2148=CIRCLE('generated circle',#2147,16.5000000321) ;
#2160=CIRCLE('generated circle',#2159,16.5000000321) ;
#2167=CIRCLE('generated circle',#2166,16.5000000321) ;
#2174=CIRCLE('generated circle',#2173,16.5000000321) ;
#2186=CIRCLE('generated circle',#2185,16.5000000321) ;
#407=CONICAL_SURFACE('Cone',#406,17.5,0.034906585) ;
#447=CONICAL_SURFACE('Cone',#446,17.5,0.034906585) ;
#697=CONICAL_SURFACE('Cone',#696,1.28250226729,0.0872664625) ;
#759=CONICAL_SURFACE('Cone',#758,1.28250226729,0.0872664625) ;
#979=CONICAL_SURFACE('Cone',#978,1.45,0.0174532925) ;
#1019=CONICAL_SURFACE('Cone',#1018,1.45,0.0174532925) ;
#1045=CONICAL_SURFACE('Cone',#1044,1.45,0.0174532925) ;
#1077=CONICAL_SURFACE('Cone',#1076,1.45,0.0174532925) ;
#1107=CONICAL_SURFACE('Cone',#1106,1.45,0.0174532925) ;
#1147=CONICAL_SURFACE('Cone',#1146,1.45,0.0174532925) ;
#1401=CONICAL_SURFACE('Cone',#1400,1.12261884576,0.034906585) ;
#1441=CONICAL_SURFACE('Cone',#1440,1.12261884576,0.034906585) ;
#1467=CONICAL_SURFACE('Cone',#1466,1.12261884576,0.034906585) ;
#1507=CONICAL_SURFACE('Cone',#1506,1.12261884576,0.034906585) ;
#1533=CONICAL_SURFACE('Cone',#1532,1.12261884576,0.034906585) ;
#1573=CONICAL_SURFACE('Cone',#1572,1.12261884576,0.034906585) ;
#1599=CONICAL_SURFACE('Cone',#1598,16.2043856753,0.157079632501) ;
#1663=CONICAL_SURFACE('Cone',#1662,16.2043856753,0.157079632501) ;
#1697=CONICAL_SURFACE('Cone',#1696,0.,0.55850536) ;
#1737=CONICAL_SURFACE('Cone',#1736,0.,0.55850536) ;
#1763=CONICAL_SURFACE('Cone',#1762,0.,0.55850536) ;
#1803=CONICAL_SURFACE('Cone',#1802,0.,0.55850536) ;
#1829=CONICAL_SURFACE('Cone',#1828,0.,0.55850536) ;
#1869=CONICAL_SURFACE('Cone',#1868,0.,0.55850536) ;
#2130=CONICAL_SURFACE('Cone',#2129,16.2866436208,0.0523218161512) ;
#2258=CONICAL_SURFACE('Cone',#2257,2.07205867767,0.153540450553) ;
#2319=CONICAL_SURFACE('Cone',#2318,2.07205867767,0.153540450553) ;
#2432=CONICAL_SURFACE('Cone',#2431,2.07205867767,0.153540450553) ;
#2459=SHAPE_REPRESENTATION_RELATIONSHIP(' ',' ',#49,#2458) ;
#469=TOROIDAL_SURFACE('homeo Torus',#468,2.44038207015,0.8) ;
#525=TOROIDAL_SURFACE('homeo Torus',#524,2.44038207015,0.8) ;
#563=TOROIDAL_SURFACE('homeo Torus',#562,2.44038207015,0.8) ;
#619=TOROIDAL_SURFACE('homeo Torus',#618,2.44038207015,0.8) ;
#781=TOROIDAL_SURFACE('homeo Torus',#780,2.44038207015,0.8) ;
#837=TOROIDAL_SURFACE('homeo Torus',#836,2.44038207015,0.8) ;
#931=TOROIDAL_SURFACE('homeo Torus',#930,16.9822348431,0.5) ;
#962=TOROIDAL_SURFACE('homeo Torus',#961,16.9822348431,0.5) ;
#1173=TOROIDAL_SURFACE('homeo Torus',#1172,16.9822348431,0.5) ;
#1204=TOROIDAL_SURFACE('homeo Torus',#1203,16.9822348431,0.5) ;
#3=DESIGN_CONTEXT(' ',#1,'design') ;
#65=EDGE_CURVE('',#62,#64,#60,.T.) ;
#70=EDGE_CURVE('',#64,#62,#69,.T.) ;
#83=EDGE_CURVE('',#80,#82,#78,.T.) ;
#88=EDGE_CURVE('',#82,#80,#87,.T.) ;
#130=EDGE_CURVE('',#127,#129,#104,.T.) ;
#137=EDGE_CURVE('',#136,#127,#134,.T.) ;
#144=EDGE_CURVE('',#62,#136,#138,.T.) ;
#153=EDGE_CURVE('',#64,#152,#145,.T.) ;
#160=EDGE_CURVE('',#159,#152,#157,.T.) ;
#167=EDGE_CURVE('',#166,#159,#164,.T.) ;
#192=EDGE_CURVE('',#191,#166,#168,.T.) ;
#198=EDGE_CURVE('',#129,#191,#193,.T.) ;
#228=EDGE_CURVE('',#227,#129,#216,.T.) ;
#239=EDGE_CURVE('',#191,#227,#229,.T.) ;
#262=EDGE_CURVE('',#261,#166,#259,.T.) ;
#271=EDGE_CURVE('',#270,#261,#263,.T.) ;
#278=EDGE_CURVE('',#270,#277,#275,.T.) ;
#287=EDGE_CURVE('',#277,#286,#279,.T.) ;
#294=EDGE_CURVE('',#293,#286,#291,.T.) ;
#301=EDGE_CURVE('',#300,#293,#298,.T.) ;
#324=EDGE_CURVE('',#227,#300,#302,.T.) ;
#353=EDGE_CURVE('',#352,#300,#350,.T.) ;
#362=EDGE_CURVE('',#361,#352,#354,.T.) ;
#369=EDGE_CURVE('',#361,#368,#366,.T.) ;
#378=EDGE_CURVE('',#368,#377,#370,.T.) ;
#385=EDGE_CURVE('',#384,#377,#382,.T.) ;
#390=EDGE_CURVE('',#127,#384,#389,.T.) ;
#416=EDGE_CURVE('',#413,#415,#411,.T.) ;
#423=EDGE_CURVE('',#415,#422,#420,.F.) ;
#430=EDGE_CURVE('',#422,#429,#427,.F.) ;
#435=EDGE_CURVE('',#429,#413,#434,.T.) ;
#452=EDGE_CURVE('',#422,#415,#451,.F.) ;
#457=EDGE_CURVE('',#413,#429,#456,.T.) ;
#478=EDGE_CURVE('',#475,#477,#473,.T.) ;
#485=EDGE_CURVE('',#484,#475,#482,.T.) ;
#492=EDGE_CURVE('',#484,#491,#489,.T.) ;
#499=EDGE_CURVE('',#491,#498,#496,.T.) ;
#506=EDGE_CURVE('',#498,#505,#503,.T.) ;
#511=EDGE_CURVE('',#505,#477,#510,.F.) ;
#532=EDGE_CURVE('',#531,#484,#529,.T.) ;
#537=EDGE_CURVE('',#477,#531,#536,.T.) ;
#544=EDGE_CURVE('',#505,#543,#541,.T.) ;
#549=EDGE_CURVE('',#543,#491,#548,.T.) ;
#572=EDGE_CURVE('',#569,#571,#567,.T.) ;
#579=EDGE_CURVE('',#578,#569,#576,.T.) ;
#586=EDGE_CURVE('',#585,#578,#583,.F.) ;
#593=EDGE_CURVE('',#585,#592,#590,.T.) ;
#600=EDGE_CURVE('',#592,#599,#597,.T.) ;
#605=EDGE_CURVE('',#571,#599,#604,.T.) ;
#626=EDGE_CURVE('',#625,#578,#623,.T.) ;
#631=EDGE_CURVE('',#571,#625,#630,.T.) ;
#638=EDGE_CURVE('',#599,#637,#635,.T.) ;
#643=EDGE_CURVE('',#637,#585,#642,.T.) ;
#666=EDGE_CURVE('',#663,#665,#661,.T.) ;
#673=EDGE_CURVE('',#665,#672,#670,.T.) ;
#680=EDGE_CURVE('',#679,#672,#677,.T.) ;
#685=EDGE_CURVE('',#663,#679,#684,.T.) ;
#706=EDGE_CURVE('',#703,#705,#701,.F.) ;
#711=EDGE_CURVE('',#705,#665,#710,.F.) ;
#716=EDGE_CURVE('',#703,#663,#715,.F.) ;
#737=EDGE_CURVE('',#734,#736,#732,.T.) ;
#742=EDGE_CURVE('',#736,#705,#741,.T.) ;
#747=EDGE_CURVE('',#734,#703,#746,.T.) ;
#764=EDGE_CURVE('',#672,#736,#763,.F.) ;
#769=EDGE_CURVE('',#679,#734,#768,.F.) ;
#790=EDGE_CURVE('',#787,#789,#785,.T.) ;
#797=EDGE_CURVE('',#796,#787,#794,.T.) ;
#804=EDGE_CURVE('',#803,#796,#801,.F.) ;
#811=EDGE_CURVE('',#803,#810,#808,.T.) ;
#818=EDGE_CURVE('',#810,#817,#815,.T.) ;
#823=EDGE_CURVE('',#789,#817,#822,.T.) ;
#844=EDGE_CURVE('',#843,#796,#841,.T.) ;
#849=EDGE_CURVE('',#789,#843,#848,.T.) ;
#856=EDGE_CURVE('',#817,#855,#853,.T.) ;
#861=EDGE_CURVE('',#855,#803,#860,.T.) ;
#875=EDGE_CURVE('',#277,#270,#874,.T.) ;
#888=EDGE_CURVE('',#885,#887,#883,.T.) ;
#893=EDGE_CURVE('',#887,#885,#892,.T.) ;
#903=EDGE_CURVE('',#368,#361,#902,.T.) ;
#916=EDGE_CURVE('',#913,#915,#911,.T.) ;
#921=EDGE_CURVE('',#915,#913,#920,.T.) ;
#938=EDGE_CURVE('',#415,#937,#935,.T.) ;
#945=EDGE_CURVE('',#944,#937,#942,.T.) ;
#950=EDGE_CURVE('',#944,#422,#949,.F.) ;
#967=EDGE_CURVE('',#937,#944,#966,.T.) ;
#986=EDGE_CURVE('',#484,#985,#983,.F.) ;
#993=EDGE_CURVE('',#992,#477,#990,.T.) ;
#1000=EDGE_CURVE('',#999,#992,#997,.F.) ;
#1005=EDGE_CURVE('',#985,#999,#1004,.F.) ;
#1026=EDGE_CURVE('',#1025,#985,#1023,.F.) ;
#1031=EDGE_CURVE('',#992,#1025,#1030,.F.) ;
#1052=EDGE_CURVE('',#1051,#625,#1049,.T.) ;
#1059=EDGE_CURVE('',#569,#1058,#1056,.F.) ;
#1064=EDGE_CURVE('',#1051,#1058,#1063,.F.) ;
#1082=EDGE_CURVE('',#1058,#1051,#1081,.F.) ;
#1114=EDGE_CURVE('',#1113,#796,#1111,.T.) ;
#1121=EDGE_CURVE('',#789,#1120,#1118,.F.) ;
#1128=EDGE_CURVE('',#1127,#1120,#1125,.F.) ;
#1133=EDGE_CURVE('',#1113,#1127,#1132,.F.) ;
#1154=EDGE_CURVE('',#1153,#1113,#1151,.F.) ;
#1159=EDGE_CURVE('',#1120,#1153,#1158,.F.) ;
#1180=EDGE_CURVE('',#1179,#944,#1177,.F.) ;
#1187=EDGE_CURVE('',#937,#1186,#1184,.T.) ;
#1192=EDGE_CURVE('',#1179,#1186,#1191,.T.) ;
#1209=EDGE_CURVE('',#1186,#1179,#1208,.T.) ;
#1236=EDGE_CURVE('',#1233,#1235,#1231,.T.) ;
#1243=EDGE_CURVE('',#1242,#1233,#1240,.T.) ;
#1250=EDGE_CURVE('',#1249,#1242,#1247,.T.) ;
#1255=EDGE_CURVE('',#1235,#1249,#1254,.T.) ;
#1280=EDGE_CURVE('',#1277,#1279,#1275,.T.) ;
#1287=EDGE_CURVE('',#1286,#1277,#1284,.T.) ;
#1294=EDGE_CURVE('',#1293,#1286,#1291,.T.) ;
#1299=EDGE_CURVE('',#1279,#1293,#1298,.T.) ;
#1326=EDGE_CURVE('',#1323,#1325,#1321,.T.) ;
#1333=EDGE_CURVE('',#1332,#1323,#1330,.T.) ;
#1340=EDGE_CURVE('',#1339,#1332,#1337,.T.) ;
#1345=EDGE_CURVE('',#1325,#1339,#1344,.T.) ;
#1370=EDGE_CURVE('',#1367,#1369,#1365,.T.) ;
#1377=EDGE_CURVE('',#1376,#1367,#1374,.T.) ;
#1384=EDGE_CURVE('',#1383,#1376,#1381,.T.) ;
#1389=EDGE_CURVE('',#1369,#1383,#1388,.T.) ;
#1408=EDGE_CURVE('',#1233,#1407,#1405,.F.) ;
#1415=EDGE_CURVE('',#1414,#1249,#1412,.T.) ;
#1422=EDGE_CURVE('',#1421,#1414,#1419,.F.) ;
#1427=EDGE_CURVE('',#1407,#1421,#1426,.F.) ;
#1448=EDGE_CURVE('',#1447,#1407,#1445,.F.) ;
#1453=EDGE_CURVE('',#1414,#1447,#1452,.F.) ;
#1474=EDGE_CURVE('',#1473,#1277,#1471,.T.) ;
#1481=EDGE_CURVE('',#1293,#1480,#1478,.F.) ;
#1488=EDGE_CURVE('',#1487,#1480,#1485,.F.) ;
#1493=EDGE_CURVE('',#1473,#1487,#1492,.F.) ;
#1514=EDGE_CURVE('',#1513,#1473,#1511,.F.) ;
#1519=EDGE_CURVE('',#1480,#1513,#1518,.F.) ;
#1540=EDGE_CURVE('',#1539,#1323,#1537,.T.) ;
#1547=EDGE_CURVE('',#1339,#1546,#1544,.F.) ;
#1554=EDGE_CURVE('',#1553,#1546,#1551,.F.) ;
#1559=EDGE_CURVE('',#1539,#1553,#1558,.F.) ;
#1580=EDGE_CURVE('',#1579,#1539,#1577,.F.) ;
#1585=EDGE_CURVE('',#1546,#1579,#1584,.F.) ;
#1608=EDGE_CURVE('',#1605,#1607,#1603,.T.) ;
#1615=EDGE_CURVE('',#1614,#1605,#1612,.T.) ;
#1620=EDGE_CURVE('',#1614,#1367,#1619,.T.) ;
#1627=EDGE_CURVE('',#1383,#1626,#1624,.F.) ;
#1634=EDGE_CURVE('',#1633,#1626,#1631,.T.) ;
#1641=EDGE_CURVE('',#1640,#1633,#1638,.T.) ;
#1646=EDGE_CURVE('',#1607,#1640,#1645,.T.) ;
#1672=EDGE_CURVE('',#1669,#1671,#1667,.T.) ;
#1677=EDGE_CURVE('',#1626,#1669,#1676,.T.) ;
#1682=EDGE_CURVE('',#1671,#1614,#1681,.T.) ;
#1704=EDGE_CURVE('',#1407,#1703,#1701,.F.) ;
#1711=EDGE_CURVE('',#1710,#1414,#1708,.T.) ;
#1718=EDGE_CURVE('',#1717,#1710,#1715,.F.) ;
#1723=EDGE_CURVE('',#1703,#1717,#1722,.F.) ;
#1744=EDGE_CURVE('',#1743,#1703,#1741,.F.) ;
#1749=EDGE_CURVE('',#1710,#1743,#1748,.F.) ;
#1770=EDGE_CURVE('',#1769,#1473,#1767,.T.) ;
#1777=EDGE_CURVE('',#1480,#1776,#1774,.F.) ;
#1784=EDGE_CURVE('',#1783,#1776,#1781,.F.) ;
#1789=EDGE_CURVE('',#1769,#1783,#1788,.F.) ;
#1810=EDGE_CURVE('',#1809,#1769,#1807,.F.) ;
#1815=EDGE_CURVE('',#1776,#1809,#1814,.F.) ;
#1836=EDGE_CURVE('',#1835,#1539,#1833,.T.) ;
#1843=EDGE_CURVE('',#1546,#1842,#1840,.F.) ;
#1850=EDGE_CURVE('',#1849,#1842,#1847,.F.) ;
#1855=EDGE_CURVE('',#1835,#1849,#1854,.F.) ;
#1876=EDGE_CURVE('',#1875,#1835,#1873,.F.) ;
#1881=EDGE_CURVE('',#1842,#1875,#1880,.F.) ;
#1973=EDGE_CURVE('',#1970,#1972,#1953,.T.) ;
#1978=EDGE_CURVE('',#377,#1972,#1977,.T.) ;
#1985=EDGE_CURVE('',#1984,#352,#1982,.T.) ;
#1993=EDGE_CURVE('',#1970,#1984,#1986,.T.) ;
#2034=EDGE_CURVE('',#2031,#2033,#2014,.T.) ;
#2039=EDGE_CURVE('',#286,#2033,#2038,.T.) ;
#2046=EDGE_CURVE('',#2045,#261,#2043,.T.) ;
#2054=EDGE_CURVE('',#2031,#2045,#2047,.T.) ;
#2095=EDGE_CURVE('',#2092,#2094,#2075,.T.) ;
#2100=EDGE_CURVE('',#152,#2094,#2099,.T.) ;
#2107=EDGE_CURVE('',#2106,#136,#2104,.T.) ;
#2115=EDGE_CURVE('',#2092,#2106,#2108,.T.) ;
#2137=EDGE_CURVE('',#2136,#2092,#2134,.T.) ;
#2144=EDGE_CURVE('',#2143,#2136,#2141,.T.) ;
#2149=EDGE_CURVE('',#2094,#2143,#2148,.T.) ;
#2163=EDGE_CURVE('',#2162,#2031,#2160,.T.) ;
#2170=EDGE_CURVE('',#2169,#2162,#2167,.T.) ;
#2175=EDGE_CURVE('',#2033,#2169,#2174,.T.) ;
#2187=EDGE_CURVE('',#1972,#1970,#2186,.T.) ;
#2265=EDGE_CURVE('',#913,#2264,#2262,.F.) ;
#2281=EDGE_CURVE('',#2280,#2264,#2266,.T.) ;
#2286=EDGE_CURVE('',#915,#2280,#2285,.F.) ;
#2307=EDGE_CURVE('',#2264,#2280,#2294,.T.) ;
#2326=EDGE_CURVE('',#885,#2325,#2323,.F.) ;
#2342=EDGE_CURVE('',#2341,#2325,#2327,.T.) ;
#2347=EDGE_CURVE('',#887,#2341,#2346,.F.) ;
#2368=EDGE_CURVE('',#2325,#2341,#2355,.T.) ;
#2398=EDGE_CURVE('',#2395,#2397,#2381,.T.) ;
#2412=EDGE_CURVE('',#2397,#2395,#2399,.T.) ;
#2437=EDGE_CURVE('',#80,#2395,#2436,.F.) ;
#2442=EDGE_CURVE('',#82,#2397,#2441,.F.) ;
#71=EDGE_LOOP('',(#72,#73)) ;
#89=EDGE_LOOP('',(#90,#91)) ;
#199=EDGE_LOOP('',(#200,#201,#202,#203,#204,#205,#206,#207,#208)) ;
#240=EDGE_LOOP('',(#241,#242,#243)) ;
#325=EDGE_LOOP('',(#326,#327,#328,#329,#330,#331,#332,#333,#334)) ;
#391=EDGE_LOOP('',(#392,#393,#394,#395,#396,#397,#398,#399,#400)) ;
#436=EDGE_LOOP('',(#437,#438,#439,#440)) ;
#458=EDGE_LOOP('',(#459,#460,#461,#462)) ;
#512=EDGE_LOOP('',(#513,#514,#515,#516,#517,#518)) ;
#550=EDGE_LOOP('',(#551,#552,#553,#554,#555,#556)) ;
#606=EDGE_LOOP('',(#607,#608,#609,#610,#611,#612)) ;
#644=EDGE_LOOP('',(#645,#646,#647,#648,#649,#650)) ;
#686=EDGE_LOOP('',(#687,#688,#689,#690)) ;
#717=EDGE_LOOP('',(#718,#719,#720,#721)) ;
#748=EDGE_LOOP('',(#749,#750,#751,#752)) ;
#770=EDGE_LOOP('',(#771,#772,#773,#774)) ;
#824=EDGE_LOOP('',(#825,#826,#827,#828,#829,#830)) ;
#862=EDGE_LOOP('',(#863,#864,#865,#866,#867,#868)) ;
#876=EDGE_LOOP('',(#877,#878)) ;
#894=EDGE_LOOP('',(#895,#896)) ;
#904=EDGE_LOOP('',(#905,#906)) ;
#922=EDGE_LOOP('',(#923,#924)) ;
#951=EDGE_LOOP('',(#952,#953,#954,#955)) ;
#968=EDGE_LOOP('',(#969,#970,#971,#972)) ;
#1006=EDGE_LOOP('',(#1007,#1008,#1009,#1010,#1011,#1012)) ;
#1032=EDGE_LOOP('',(#1033,#1034,#1035,#1036,#1037,#1038)) ;
#1065=EDGE_LOOP('',(#1066,#1067,#1068,#1069,#1070)) ;
#1083=EDGE_LOOP('',(#1084,#1085,#1086,#1087,#1088)) ;
#1096=EDGE_LOOP('',(#1097,#1098,#1099,#1100)) ;
#1134=EDGE_LOOP('',(#1135,#1136,#1137,#1138,#1139,#1140)) ;
#1160=EDGE_LOOP('',(#1161,#1162,#1163,#1164,#1165,#1166)) ;
#1193=EDGE_LOOP('',(#1194,#1195,#1196,#1197)) ;
#1210=EDGE_LOOP('',(#1211,#1212,#1213,#1214)) ;
#1222=EDGE_LOOP('',(#1223,#1224,#1225,#1226)) ;
#1256=EDGE_LOOP('',(#1257,#1258,#1259,#1260)) ;
#1268=EDGE_LOOP('',(#1269,#1270)) ;
#1300=EDGE_LOOP('',(#1301,#1302,#1303,#1304)) ;
#1312=EDGE_LOOP('',(#1313,#1314,#1315,#1316)) ;
#1346=EDGE_LOOP('',(#1347,#1348,#1349,#1350)) ;
#1358=EDGE_LOOP('',(#1359,#1360)) ;
#1390=EDGE_LOOP('',(#1391,#1392,#1393,#1394)) ;
#1428=EDGE_LOOP('',(#1429,#1430,#1431,#1432,#1433,#1434)) ;
#1454=EDGE_LOOP('',(#1455,#1456,#1457,#1458,#1459,#1460)) ;
#1494=EDGE_LOOP('',(#1495,#1496,#1497,#1498,#1499,#1500)) ;
#1520=EDGE_LOOP('',(#1521,#1522,#1523,#1524,#1525,#1526)) ;
#1560=EDGE_LOOP('',(#1561,#1562,#1563,#1564,#1565,#1566)) ;
#1586=EDGE_LOOP('',(#1587,#1588,#1589,#1590,#1591,#1592)) ;
#1647=EDGE_LOOP('',(#1648,#1649,#1650,#1651,#1652,#1653,#1654,#1655,#1656)) ;
#1683=EDGE_LOOP('',(#1684,#1685,#1686,#1687,#1688,#1689,#1690)) ;
#1724=EDGE_LOOP('',(#1725,#1726,#1727,#1728,#1729,#1730)) ;
#1750=EDGE_LOOP('',(#1751,#1752,#1753,#1754,#1755,#1756)) ;
#1790=EDGE_LOOP('',(#1791,#1792,#1793,#1794,#1795,#1796)) ;
#1816=EDGE_LOOP('',(#1817,#1818,#1819,#1820,#1821,#1822)) ;
#1856=EDGE_LOOP('',(#1857,#1858,#1859,#1860,#1861,#1862)) ;
#1882=EDGE_LOOP('',(#1883,#1884,#1885,#1886,#1887,#1888)) ;
#1896=EDGE_LOOP('',(#1897,#1898,#1899,#1900)) ;
#1908=EDGE_LOOP('',(#1909,#1910,#1911,#1912)) ;
#1920=EDGE_LOOP('',(#1921,#1922,#1923,#1924)) ;
#1932=EDGE_LOOP('',(#1933,#1934,#1935,#1936,#1937,#1938,#1939,#1940)) ;
#1994=EDGE_LOOP('',(#1995,#1996,#1997,#1998,#1999,#2000,#2001)) ;
#2055=EDGE_LOOP('',(#2056,#2057,#2058,#2059,#2060,#2061,#2062)) ;
#2116=EDGE_LOOP('',(#2117,#2118,#2119,#2120,#2121,#2122,#2123)) ;
#2150=EDGE_LOOP('',(#2151,#2152,#2153,#2154)) ;
#2176=EDGE_LOOP('',(#2177,#2178,#2179,#2180)) ;
#2188=EDGE_LOOP('',(#2189,#2190)) ;
#2198=EDGE_LOOP('',(#2199,#2200)) ;
#2202=EDGE_LOOP('',(#2203,#2204,#2205,#2206)) ;
#2208=EDGE_LOOP('',(#2209,#2210,#2211,#2212)) ;
#2214=EDGE_LOOP('',(#2215,#2216,#2217,#2218,#2219,#2220,#2221,#2222,#2223,#2224,#2225,#2226,#2227,#2228,#2229,#2230,#2231,#2232,#2233,#2234,#2235,#2236,#2237,#2238,#2239)) ;
#2241=EDGE_LOOP('',(#2242,#2243,#2244,#2245)) ;
#2247=EDGE_LOOP('',(#2248,#2249,#2250,#2251)) ;
#2287=EDGE_LOOP('',(#2288,#2289,#2290,#2291)) ;
#2308=EDGE_LOOP('',(#2309,#2310,#2311,#2312)) ;
#2348=EDGE_LOOP('',(#2349,#2350,#2351,#2352)) ;
#2369=EDGE_LOOP('',(#2370,#2371,#2372,#2373)) ;
#2413=EDGE_LOOP('',(#2414,#2415)) ;
#2418=EDGE_LOOP('',(#2419,#2420)) ;
#2423=EDGE_LOOP('',(#2424,#2425)) ;
#2443=EDGE_LOOP('',(#2444,#2445,#2446,#2447)) ;
#2450=EDGE_LOOP('',(#2451,#2452,#2453,#2454)) ;
#74=FACE_OUTER_BOUND('',#71,.T.) ;
#209=FACE_OUTER_BOUND('',#199,.T.) ;
#244=FACE_OUTER_BOUND('',#240,.T.) ;
#335=FACE_OUTER_BOUND('',#325,.T.) ;
#401=FACE_OUTER_BOUND('',#391,.T.) ;
#441=FACE_OUTER_BOUND('',#436,.T.) ;
#463=FACE_OUTER_BOUND('',#458,.T.) ;
#519=FACE_OUTER_BOUND('',#512,.T.) ;
#557=FACE_OUTER_BOUND('',#550,.T.) ;
#613=FACE_OUTER_BOUND('',#606,.T.) ;
#651=FACE_OUTER_BOUND('',#644,.T.) ;
#691=FACE_OUTER_BOUND('',#686,.T.) ;
#722=FACE_OUTER_BOUND('',#717,.T.) ;
#753=FACE_OUTER_BOUND('',#748,.T.) ;
#775=FACE_OUTER_BOUND('',#770,.T.) ;
#831=FACE_OUTER_BOUND('',#824,.T.) ;
#869=FACE_OUTER_BOUND('',#862,.T.) ;
#879=FACE_OUTER_BOUND('',#876,.T.) ;
#907=FACE_OUTER_BOUND('',#904,.T.) ;
#956=FACE_OUTER_BOUND('',#951,.T.) ;
#973=FACE_OUTER_BOUND('',#968,.T.) ;
#1013=FACE_OUTER_BOUND('',#1006,.T.) ;
#1039=FACE_OUTER_BOUND('',#1032,.T.) ;
#1071=FACE_OUTER_BOUND('',#1065,.T.) ;
#1089=FACE_OUTER_BOUND('',#1083,.T.) ;
#1101=FACE_OUTER_BOUND('',#1096,.T.) ;
#1141=FACE_OUTER_BOUND('',#1134,.T.) ;
#1167=FACE_OUTER_BOUND('',#1160,.T.) ;
#1198=FACE_OUTER_BOUND('',#1193,.T.) ;
#1215=FACE_OUTER_BOUND('',#1210,.T.) ;
#1227=FACE_OUTER_BOUND('',#1222,.T.) ;
#1271=FACE_OUTER_BOUND('',#1268,.T.) ;
#1317=FACE_OUTER_BOUND('',#1312,.T.) ;
#1361=FACE_OUTER_BOUND('',#1358,.T.) ;
#1435=FACE_OUTER_BOUND('',#1428,.T.) ;
#1461=FACE_OUTER_BOUND('',#1454,.T.) ;
#1501=FACE_OUTER_BOUND('',#1494,.T.) ;
#1527=FACE_OUTER_BOUND('',#1520,.T.) ;
#1567=FACE_OUTER_BOUND('',#1560,.T.) ;
#1593=FACE_OUTER_BOUND('',#1586,.T.) ;
#1657=FACE_OUTER_BOUND('',#1647,.T.) ;
#1691=FACE_OUTER_BOUND('',#1683,.T.) ;
#1731=FACE_OUTER_BOUND('',#1724,.T.) ;
#1757=FACE_OUTER_BOUND('',#1750,.T.) ;
#1797=FACE_OUTER_BOUND('',#1790,.T.) ;
#1823=FACE_OUTER_BOUND('',#1816,.T.) ;
#1863=FACE_OUTER_BOUND('',#1856,.T.) ;
#1889=FACE_OUTER_BOUND('',#1882,.T.) ;
#1901=FACE_OUTER_BOUND('',#1896,.T.) ;
#1913=FACE_OUTER_BOUND('',#1908,.T.) ;
#1925=FACE_OUTER_BOUND('',#1920,.T.) ;
#1941=FACE_OUTER_BOUND('',#1932,.T.) ;
#2002=FACE_OUTER_BOUND('',#1994,.T.) ;
#2063=FACE_OUTER_BOUND('',#2055,.T.) ;
#2124=FACE_OUTER_BOUND('',#2116,.T.) ;
#2155=FACE_OUTER_BOUND('',#2150,.T.) ;
#2181=FACE_OUTER_BOUND('',#2176,.T.) ;
#2191=FACE_OUTER_BOUND('',#2188,.T.) ;
#2201=FACE_OUTER_BOUND('',#2198,.T.) ;
#2292=FACE_OUTER_BOUND('',#2287,.T.) ;
#2313=FACE_OUTER_BOUND('',#2308,.T.) ;
#2353=FACE_OUTER_BOUND('',#2348,.T.) ;
#2374=FACE_OUTER_BOUND('',#2369,.T.) ;
#2416=FACE_OUTER_BOUND('',#2413,.T.) ;
#2421=FACE_OUTER_BOUND('',#2418,.T.) ;
#2426=FACE_OUTER_BOUND('',#2423,.T.) ;
#2448=FACE_OUTER_BOUND('',#2443,.T.) ;
#2455=FACE_OUTER_BOUND('',#2450,.T.) ;
#45=UNCERTAINTY_MEASURE_WITH_UNIT(LENGTH_MEASURE(0.005),#41,'distance_accuracy_value','CONFUSED CURVE UNCERTAINTY') ;
#411=LINE('Line',#408,#410) ;
#427=LINE('Line',#424,#426) ;
#661=LINE('Line',#658,#660) ;
#670=LINE('Line',#667,#669) ;
#677=LINE('Line',#674,#676) ;
#684=LINE('Line',#681,#683) ;
#701=LINE('Line',#698,#700) ;
#732=LINE('Line',#729,#731) ;
#741=LINE('Line',#738,#740) ;
#746=LINE('Line',#743,#745) ;
#983=LINE('Line',#980,#982) ;
#990=LINE('Line',#987,#989) ;
#1049=LINE('Line',#1046,#1048) ;
#1056=LINE('Line',#1053,#1055) ;
#1111=LINE('Line',#1108,#1110) ;
#1118=LINE('Line',#1115,#1117) ;
#1405=LINE('Line',#1402,#1404) ;
#1412=LINE('Line',#1409,#1411) ;
#1471=LINE('Line',#1468,#1470) ;
#1478=LINE('Line',#1475,#1477) ;
#1537=LINE('Line',#1534,#1536) ;
#1544=LINE('Line',#1541,#1543) ;
#1619=LINE('Line',#1616,#1618) ;
#1624=LINE('Line',#1621,#1623) ;
#1701=LINE('Line',#1698,#1700) ;
#1708=LINE('Line',#1705,#1707) ;
#1767=LINE('Line',#1764,#1766) ;
#1774=LINE('Line',#1771,#1773) ;
#1833=LINE('Line',#1830,#1832) ;
#1840=LINE('Line',#1837,#1839) ;
#2262=LINE('Line',#2259,#2261) ;
#2285=LINE('Line',#2282,#2284) ;
#2323=LINE('Line',#2320,#2322) ;
#2346=LINE('Line',#2343,#2345) ;
#2436=LINE('Line',#2433,#2435) ;
#2441=LINE('Line',#2438,#2440) ;
#2=MECHANICAL_CONTEXT(' ',#1,'mechanical') ;
#24=PERSONAL_ADDRESS(' ',' ',' ',' ',' ',' ',' ',' ',' ',' ',' ',' ',(#22),' ') ;
#56=PLANE('Plane',#55) ;
#215=PLANE('Plane',#214) ;
#657=PLANE('Plane',#656) ;
#728=PLANE('Plane',#727) ;
#1095=PLANE('Plane',#1094) ;
#1221=PLANE('Plane',#1220) ;
#1267=PLANE('Plane',#1266) ;
#1311=PLANE('Plane',#1310) ;
#1357=PLANE('Plane',#1356) ;
#1895=PLANE('Plane',#1894) ;
#1907=PLANE('Plane',#1906) ;
#1919=PLANE('Plane',#1918) ;
#1931=PLANE('Plane',#1930) ;
#2197=PLANE('Plane',#2196) ;
#2380=PLANE('Plane',#2379) ;
#43=PLANE_ANGLE_MEASURE_WITH_UNIT(PLANE_ANGLE_MEASURE(0.0174532925199),#42) ;
#7=PRODUCT_CATEGORY('part',$) ;
#9=PRODUCT_CATEGORY_RELATIONSHIP(' ',' ',#7,#8) ;
#6=PRODUCT_DEFINITION_FORMATION_WITH_SPECIFIED_SOURCE(' ',' ',#5,.NOT_KNOWN.) ;
#8=PRODUCT_RELATED_PRODUCT_CATEGORY('detail',$,(#5)) ;
#50=SHAPE_DEFINITION_REPRESENTATION(#40,#49) ;
#103=SURFACE_OF_REVOLUTION('Surface of Revolution',#94,#102) ;
#255=SURFACE_OF_REVOLUTION('Surface of Revolution',#246,#254) ;
#346=SURFACE_OF_REVOLUTION('Surface of Revolution',#337,#345) ;
#1952=SURFACE_OF_REVOLUTION('Surface of Revolution',#1943,#1951) ;
#2013=SURFACE_OF_REVOLUTION('Surface of Revolution',#2004,#2012) ;
#2074=SURFACE_OF_REVOLUTION('Surface of Revolution',#2065,#2073) ;
#62=VERTEX_POINT('',#61) ;
#64=VERTEX_POINT('',#63) ;
#80=VERTEX_POINT('',#79) ;
#82=VERTEX_POINT('',#81) ;
#127=VERTEX_POINT('',#126) ;
#129=VERTEX_POINT('',#128) ;
#136=VERTEX_POINT('',#135) ;
#152=VERTEX_POINT('',#151) ;
#159=VERTEX_POINT('',#158) ;
#166=VERTEX_POINT('',#165) ;
#191=VERTEX_POINT('',#190) ;
#227=VERTEX_POINT('',#226) ;
#261=VERTEX_POINT('',#260) ;
#270=VERTEX_POINT('',#269) ;
#277=VERTEX_POINT('',#276) ;
#286=VERTEX_POINT('',#285) ;
#293=VERTEX_POINT('',#292) ;
#300=VERTEX_POINT('',#299) ;
#352=VERTEX_POINT('',#351) ;
#361=VERTEX_POINT('',#360) ;
#368=VERTEX_POINT('',#367) ;
#377=VERTEX_POINT('',#376) ;
#384=VERTEX_POINT('',#383) ;
#413=VERTEX_POINT('',#412) ;
#415=VERTEX_POINT('',#414) ;
#422=VERTEX_POINT('',#421) ;
#429=VERTEX_POINT('',#428) ;
#475=VERTEX_POINT('',#474) ;
#477=VERTEX_POINT('',#476) ;
#484=VERTEX_POINT('',#483) ;
#491=VERTEX_POINT('',#490) ;
#498=VERTEX_POINT('',#497) ;
#505=VERTEX_POINT('',#504) ;
#531=VERTEX_POINT('',#530) ;
#543=VERTEX_POINT('',#542) ;
#569=VERTEX_POINT('',#568) ;
#571=VERTEX_POINT('',#570) ;
#578=VERTEX_POINT('',#577) ;
#585=VERTEX_POINT('',#584) ;
#592=VERTEX_POINT('',#591) ;
#599=VERTEX_POINT('',#598) ;
#625=VERTEX_POINT('',#624) ;
#637=VERTEX_POINT('',#636) ;
#663=VERTEX_POINT('',#662) ;
#665=VERTEX_POINT('',#664) ;
#672=VERTEX_POINT('',#671) ;
#679=VERTEX_POINT('',#678) ;
#703=VERTEX_POINT('',#702) ;
#705=VERTEX_POINT('',#704) ;
#734=VERTEX_POINT('',#733) ;
#736=VERTEX_POINT('',#735) ;
#787=VERTEX_POINT('',#786) ;
#789=VERTEX_POINT('',#788) ;
#796=VERTEX_POINT('',#795) ;
#803=VERTEX_POINT('',#802) ;
#810=VERTEX_POINT('',#809) ;
#817=VERTEX_POINT('',#816) ;
#843=VERTEX_POINT('',#842) ;
#855=VERTEX_POINT('',#854) ;
#885=VERTEX_POINT('',#884) ;
#887=VERTEX_POINT('',#886) ;
#913=VERTEX_POINT('',#912) ;
#915=VERTEX_POINT('',#914) ;
#937=VERTEX_POINT('',#936) ;
#944=VERTEX_POINT('',#943) ;
#985=VERTEX_POINT('',#984) ;
#992=VERTEX_POINT('',#991) ;
#999=VERTEX_POINT('',#998) ;
#1025=VERTEX_POINT('',#1024) ;
#1051=VERTEX_POINT('',#1050) ;
#1058=VERTEX_POINT('',#1057) ;
#1113=VERTEX_POINT('',#1112) ;
#1120=VERTEX_POINT('',#1119) ;
#1127=VERTEX_POINT('',#1126) ;
#1153=VERTEX_POINT('',#1152) ;
#1179=VERTEX_POINT('',#1178) ;
#1186=VERTEX_POINT('',#1185) ;
#1233=VERTEX_POINT('',#1232) ;
#1235=VERTEX_POINT('',#1234) ;
#1242=VERTEX_POINT('',#1241) ;
#1249=VERTEX_POINT('',#1248) ;
#1277=VERTEX_POINT('',#1276) ;
#1279=VERTEX_POINT('',#1278) ;
#1286=VERTEX_POINT('',#1285) ;
#1293=VERTEX_POINT('',#1292) ;
#1323=VERTEX_POINT('',#1322) ;
#1325=VERTEX_POINT('',#1324) ;
#1332=VERTEX_POINT('',#1331) ;
#1339=VERTEX_POINT('',#1338) ;
#1367=VERTEX_POINT('',#1366) ;
#1369=VERTEX_POINT('',#1368) ;
#1376=VERTEX_POINT('',#1375) ;
#1383=VERTEX_POINT('',#1382) ;
#1407=VERTEX_POINT('',#1406) ;
#1414=VERTEX_POINT('',#1413) ;
#1421=VERTEX_POINT('',#1420) ;
#1447=VERTEX_POINT('',#1446) ;
#1473=VERTEX_POINT('',#1472) ;
#1480=VERTEX_POINT('',#1479) ;
#1487=VERTEX_POINT('',#1486) ;
#1513=VERTEX_POINT('',#1512) ;
#1539=VERTEX_POINT('',#1538) ;
#1546=VERTEX_POINT('',#1545) ;
#1553=VERTEX_POINT('',#1552) ;
#1579=VERTEX_POINT('',#1578) ;
#1605=VERTEX_POINT('',#1604) ;
#1607=VERTEX_POINT('',#1606) ;
#1614=VERTEX_POINT('',#1613) ;
#1626=VERTEX_POINT('',#1625) ;
#1633=VERTEX_POINT('',#1632) ;
#1640=VERTEX_POINT('',#1639) ;
#1669=VERTEX_POINT('',#1668) ;
#1671=VERTEX_POINT('',#1670) ;
#1703=VERTEX_POINT('',#1702) ;
#1710=VERTEX_POINT('',#1709) ;
#1717=VERTEX_POINT('',#1716) ;
#1743=VERTEX_POINT('',#1742) ;
#1769=VERTEX_POINT('',#1768) ;
#1776=VERTEX_POINT('',#1775) ;
#1783=VERTEX_POINT('',#1782) ;
#1809=VERTEX_POINT('',#1808) ;
#1835=VERTEX_POINT('',#1834) ;
#1842=VERTEX_POINT('',#1841) ;
#1849=VERTEX_POINT('',#1848) ;
#1875=VERTEX_POINT('',#1874) ;
#1970=VERTEX_POINT('',#1969) ;
#1972=VERTEX_POINT('',#1971) ;
#1984=VERTEX_POINT('',#1983) ;
#2031=VERTEX_POINT('',#2030) ;
#2033=VERTEX_POINT('',#2032) ;
#2045=VERTEX_POINT('',#2044) ;
#2092=VERTEX_POINT('',#2091) ;
#2094=VERTEX_POINT('',#2093) ;
#2106=VERTEX_POINT('',#2105) ;
#2136=VERTEX_POINT('',#2135) ;
#2143=VERTEX_POINT('',#2142) ;
#2162=VERTEX_POINT('',#2161) ;
#2169=VERTEX_POINT('',#2168) ;
#2264=VERTEX_POINT('',#2263) ;
#2280=VERTEX_POINT('',#2279) ;
#2325=VERTEX_POINT('',#2324) ;
#2341=VERTEX_POINT('',#2340) ;
#2395=VERTEX_POINT('',#2394) ;
#2397=VERTEX_POINT('',#2396) ;
#41=(LENGTH_UNIT()NAMED_UNIT(*)SI_UNIT(.MILLI.,.METRE.)) ;
#42=(NAMED_UNIT(*)PLANE_ANGLE_UNIT()SI_UNIT($,.RADIAN.)) ;
#44=(NAMED_UNIT(*)SI_UNIT($,.STERADIAN.)SOLID_ANGLE_UNIT()) ;
#46=(GEOMETRIC_REPRESENTATION_CONTEXT(3)GLOBAL_UNCERTAINTY_ASSIGNED_CONTEXT((#45))GLOBAL_UNIT_ASSIGNED_CONTEXT((#41,#42,#44))REPRESENTATION_CONTEXT(' ',' ')) ;
ENDSEC;
END-ISO-10303-21;
