ISO-10303-21;
HEADER;
FILE_DESCRIPTION(('CATIA V5 STEP Exchange'),'2;1');

FILE_NAME('Z:\\Engineering\\LEDIL_ENGINEERING\\Cute\\Cute-3-ISF\\Mallitiedostot\\Cute-3-ISF''s_documents\\mechanical_models\\20081107_pv_Cute-3-SS_M_Lens_mechModel.stp','2010-06-01T10:46:56+00:00',('none'),('none'),'CATIA Version 5 Release 20 GA (IN-10)','CATIA V5 STEP AP203','none');

FILE_SCHEMA(('CONFIG_CONTROL_DESIGN'));

ENDSEC;
/* file written by CATIA V5R20 */
DATA;
#5=PRODUCT('Cute-3-ISF-SS_mechModel','','',(#2)) ;
#1=APPLICATION_CONTEXT('configuration controlled 3D design of mechanical parts and assemblies') ;
#14=PRODUCT_DEFINITION('',' ',#6,#3) ;
#16=SECURITY_CLASSIFICATION(' ',' ',#15) ;
#15=SECURITY_CLASSIFICATION_LEVEL('unclassified') ;
#47=CARTESIAN_POINT(' ',(0.,0.,0.)) ;
#52=CARTESIAN_POINT('Axis2P3D Location',(-12.7500000517,7.36121524911,3.5)) ;
#57=CARTESIAN_POINT('Axis2P3D Location',(-12.7500000517,7.36121524911,-8.881784197E-016)) ;
#61=CARTESIAN_POINT('Vertex',(-11.7031216917,5.44491726507,-4.4408920985E-016)) ;
#63=CARTESIAN_POINT('Vertex',(-13.7968784116,9.27751323316,-4.4408920985E-016)) ;
#66=CARTESIAN_POINT('Line Origine',(-12.0184324286,6.02208969738,1.75)) ;
#70=CARTESIAN_POINT('Vertex',(-12.3337431654,6.59926212969,3.5)) ;
#73=CARTESIAN_POINT('Axis2P3D Location',(-12.7500000517,7.36121524911,3.5)) ;
#77=CARTESIAN_POINT('Vertex',(-13.166256938,8.12316836854,3.5)) ;
#80=CARTESIAN_POINT('Line Origine',(-13.4815676748,8.70034080085,1.75)) ;
#92=CARTESIAN_POINT('Axis2P3D Location',(-12.7500000517,7.36121524911,-8.881784197E-016)) ;
#97=CARTESIAN_POINT('Axis2P3D Location',(-12.7500000517,7.36121524911,3.5)) ;
#109=CARTESIAN_POINT('Axis2P3D Location',(0.,-0.868240952492,3.5)) ;
#119=CARTESIAN_POINT('Axis2P3D Location',(-12.7499993826,-7.3612156354,3.5)) ;
#124=CARTESIAN_POINT('Axis2P3D Location',(-12.7499993826,-7.3612156354,-8.881784197E-016)) ;
#128=CARTESIAN_POINT('Vertex',(-11.7031210227,-9.27751361944,-4.4408920985E-016)) ;
#130=CARTESIAN_POINT('Vertex',(-13.7968777426,-5.44491765135,-4.4408920985E-016)) ;
#133=CARTESIAN_POINT('Line Origine',(-12.0184317595,-8.70034118713,1.75)) ;
#137=CARTESIAN_POINT('Vertex',(-12.3337424963,-8.12316875482,3.5)) ;
#140=CARTESIAN_POINT('Axis2P3D Location',(-12.7499993826,-7.3612156354,3.5)) ;
#144=CARTESIAN_POINT('Vertex',(-13.1662562689,-6.59926251597,3.5)) ;
#147=CARTESIAN_POINT('Line Origine',(-13.4815670057,-6.02209008366,1.75)) ;
#159=CARTESIAN_POINT('Axis2P3D Location',(-12.7499993826,-7.3612156354,-8.881784197E-016)) ;
#164=CARTESIAN_POINT('Axis2P3D Location',(-12.7499993826,-7.3612156354,3.5)) ;
#181=CARTESIAN_POINT('Axis2P3D Location',(0.,0.,3.5)) ;
#186=CARTESIAN_POINT('Axis2P3D Location',(0.,0.,-8.881784197E-016)) ;
#190=CARTESIAN_POINT('Vertex',(1.04687835997,-1.91629798405,-4.4408920985E-016)) ;
#192=CARTESIAN_POINT('Vertex',(-1.04687835997,1.91629798405,-4.4408920985E-016)) ;
#195=CARTESIAN_POINT('Line Origine',(0.731567623127,-1.33912555174,1.75)) ;
#199=CARTESIAN_POINT('Vertex',(0.416256886287,-0.761953119426,3.5)) ;
#202=CARTESIAN_POINT('Axis2P3D Location',(0.,0.,3.5)) ;
#206=CARTESIAN_POINT('Vertex',(-0.416256886287,0.761953119426,3.5)) ;
#209=CARTESIAN_POINT('Line Origine',(-0.731567623127,1.33912555174,1.75)) ;
#221=CARTESIAN_POINT('Axis2P3D Location',(0.,0.,-8.881784197E-016)) ;
#226=CARTESIAN_POINT('Axis2P3D Location',(0.,0.,3.5)) ;
#243=CARTESIAN_POINT('Axis2P3D Location',(8.,3.85188681239,13.5261679781)) ;
#249=CARTESIAN_POINT('Control Point',(8.38260939547,4.,10.7)) ;
#250=CARTESIAN_POINT('Control Point',(8.38845116534,3.97534392029,11.1704660272)) ;
#251=CARTESIAN_POINT('Control Point',(8.3942454048,3.95068780973,11.6409326429)) ;
#252=CARTESIAN_POINT('Control Point',(8.39999219587,3.92603166828,12.1113998482)) ;
#253=CARTESIAN_POINT('Control Point',(8.40569161865,3.90137549719,12.5818676189)) ;
#254=CARTESIAN_POINT('Control Point',(8.41134375196,3.87671929641,13.0523359562)) ;
#255=CARTESIAN_POINT('Vertex',(8.38260939547,4.,10.7)) ;
#257=CARTESIAN_POINT('Vertex',(8.41134375196,3.87671929641,13.0523359562)) ;
#260=CARTESIAN_POINT('Line Origine',(8.45070051398,3.87671929641,13.0523359562)) ;
#264=CARTESIAN_POINT('Vertex',(8.490057276,3.87671929641,13.0523359562)) ;
#268=CARTESIAN_POINT('Control Point',(8.58815111333,4.,10.7)) ;
#269=CARTESIAN_POINT('Control Point',(8.56853228824,3.97534378686,11.1704685731)) ;
#270=CARTESIAN_POINT('Control Point',(8.54891346315,3.95068757372,11.6409371463)) ;
#271=CARTESIAN_POINT('Control Point',(8.52929468546,3.92603142015,12.1114045827)) ;
#272=CARTESIAN_POINT('Control Point',(8.50967596767,3.90137534186,12.5818705828)) ;
#273=CARTESIAN_POINT('Control Point',(8.490057276,3.87671929641,13.0523359562)) ;
#274=CARTESIAN_POINT('Vertex',(8.58815111333,4.,10.7)) ;
#277=CARTESIAN_POINT('Line Origine',(8.4853802544,4.,10.7)) ;
#289=CARTESIAN_POINT('Axis2P3D Location',(-8.5,-4.4408920985E-016,13.5261679781)) ;
#295=CARTESIAN_POINT('Control Point',(8.57106298613,3.3774045213,13.5261679781)) ;
#296=CARTESIAN_POINT('Control Point',(8.90090031633,1.71024448656,13.5261679781)) ;
#297=CARTESIAN_POINT('Control Point',(9.01365914662,-1.20459224817E-008,13.5261679781)) ;
#298=CARTESIAN_POINT('Control Point',(8.90090031398,-1.71024451049,13.5261679781)) ;
#299=CARTESIAN_POINT('Control Point',(8.57106298148,-3.37740454478,13.5261679781)) ;
#300=CARTESIAN_POINT('Vertex',(8.57106291545,3.37740452903,13.5261679781)) ;
#302=CARTESIAN_POINT('Vertex',(8.57106291546,-3.37740452903,13.5261679781)) ;
#306=CARTESIAN_POINT('Control Point',(8.49011135378,-3.87673164449,13.0523386564)) ;
#307=CARTESIAN_POINT('Control Point',(8.48211894139,-3.86671013792,13.2435603931)) ;
#308=CARTESIAN_POINT('Control Point',(8.49785063998,-3.7556520906,13.4321825309)) ;
#309=CARTESIAN_POINT('Control Point',(8.53397151318,-3.5648830606,13.5261679781)) ;
#310=CARTESIAN_POINT('Control Point',(8.57106298148,-3.37740454478,13.5261679781)) ;
#311=CARTESIAN_POINT('Vertex',(8.490057276,-3.87671929641,13.0523359562)) ;
#315=CARTESIAN_POINT('Control Point',(8.58815111333,-4.,10.7)) ;
#316=CARTESIAN_POINT('Control Point',(8.5555596767,-3.95893126561,11.4841200265)) ;
#317=CARTESIAN_POINT('Control Point',(8.52288049726,-3.9178414583,12.2682329921)) ;
#318=CARTESIAN_POINT('Control Point',(8.49011135378,-3.87673164449,13.0523386564)) ;
#319=CARTESIAN_POINT('Vertex',(8.58815111333,-4.,10.7)) ;
#323=CARTESIAN_POINT('Control Point',(8.58815111333,4.,10.7)) ;
#324=CARTESIAN_POINT('Control Point',(9.04802771817,2.03538977076,10.7)) ;
#325=CARTESIAN_POINT('Control Point',(9.20676072821,-5.98943117325E-012,10.7)) ;
#326=CARTESIAN_POINT('Control Point',(9.04802771817,-2.03538977076,10.7)) ;
#327=CARTESIAN_POINT('Control Point',(8.58815111333,-4.,10.7)) ;
#330=CARTESIAN_POINT('Control Point',(8.49011135378,3.87673164449,13.0523386564)) ;
#331=CARTESIAN_POINT('Control Point',(8.48211894073,3.8667101371,13.2435604088)) ;
#332=CARTESIAN_POINT('Control Point',(8.4978506507,3.75565202873,13.4321825801)) ;
#333=CARTESIAN_POINT('Control Point',(8.53397151504,3.56488305255,13.5261679781)) ;
#334=CARTESIAN_POINT('Control Point',(8.57106298613,3.3774045213,13.5261679781)) ;
#345=CARTESIAN_POINT('Axis2P3D Location',(8.47541333735,3.37740452903,13.0261679781)) ;
#350=CARTESIAN_POINT('Line Origine',(8.47541333735,3.37740452903,13.5261679781)) ;
#354=CARTESIAN_POINT('Vertex',(8.51809738623,3.37740452903,13.5261679781)) ;
#358=CARTESIAN_POINT('Control Point',(8.41134375196,3.87671929641,13.0523359562)) ;
#359=CARTESIAN_POINT('Control Point',(8.41364684196,3.86667256776,13.2440389588)) ;
#360=CARTESIAN_POINT('Control Point',(8.43960323997,3.75570380135,13.4313715602)) ;
#361=CARTESIAN_POINT('Control Point',(8.48072598651,3.56571188588,13.5261679781)) ;
#362=CARTESIAN_POINT('Control Point',(8.51809738623,3.37740452903,13.5261679781)) ;
#371=CARTESIAN_POINT('Axis2P3D Location',(-8.5,0.,10.7)) ;
#376=CARTESIAN_POINT('Axis2P3D Location',(-8.5,0.,10.7)) ;
#380=CARTESIAN_POINT('Vertex',(8.35169765042,4.12829096584,10.7)) ;
#383=CARTESIAN_POINT('Line Origine',(8.35169765042,4.12829096584,10.7)) ;
#387=CARTESIAN_POINT('Vertex',(8.35169765042,4.12829096584,13.55065007)) ;
#390=CARTESIAN_POINT('Axis2P3D Location',(-8.5,0.,13.55065007)) ;
#394=CARTESIAN_POINT('Vertex',(8.35169765042,-4.12829096584,13.55065007)) ;
#397=CARTESIAN_POINT('Line Origine',(8.35169765042,-4.12829096584,10.7)) ;
#401=CARTESIAN_POINT('Vertex',(8.35169765042,-4.12829096584,10.7)) ;
#404=CARTESIAN_POINT('Axis2P3D Location',(-8.5,0.,10.7)) ;
#408=CARTESIAN_POINT('Vertex',(8.38260939547,-4.,10.7)) ;
#412=CARTESIAN_POINT('Control Point',(8.38260939547,-4.,10.7)) ;
#413=CARTESIAN_POINT('Control Point',(8.39234567858,-3.95890653381,11.4841100453)) ;
#414=CARTESIAN_POINT('Control Point',(8.40192352977,-3.91781296438,12.2682220607)) ;
#415=CARTESIAN_POINT('Control Point',(8.41134375196,-3.87671929641,13.0523359562)) ;
#416=CARTESIAN_POINT('Vertex',(8.41134375196,-3.87671929641,13.0523359562)) ;
#420=CARTESIAN_POINT('Control Point',(8.41134375196,-3.87671929641,13.0523359562)) ;
#421=CARTESIAN_POINT('Control Point',(8.41364684196,-3.86667256776,13.2440389588)) ;
#422=CARTESIAN_POINT('Control Point',(8.43960334856,-3.7557039219,13.4313706144)) ;
#423=CARTESIAN_POINT('Control Point',(8.48072598651,-3.56571188588,13.5261679781)) ;
#424=CARTESIAN_POINT('Control Point',(8.51809738623,-3.37740452903,13.5261679781)) ;
#425=CARTESIAN_POINT('Vertex',(8.51809738623,-3.37740452903,13.5261679781)) ;
#428=CARTESIAN_POINT('Axis2P3D Location',(-8.5,0.,13.5261679781)) ;
#446=CARTESIAN_POINT('Axis2P3D Location',(8.83733735217,4.24726188705,10.7)) ;
#451=CARTESIAN_POINT('Axis2P3D Location',(8.83733735217,4.24726188705,10.7)) ;
#455=CARTESIAN_POINT('Vertex',(8.40979985299,4.50651405542,10.7)) ;
#459=CARTESIAN_POINT('Control Point',(8.34329830372,4.17028514633,13.5261679781)) ;
#460=CARTESIAN_POINT('Control Point',(8.33620908016,4.21578399738,13.4488210484)) ;
#461=CARTESIAN_POINT('Control Point',(8.3356496965,4.25380665873,13.281927577)) ;
#462=CARTESIAN_POINT('Control Point',(8.3374213334,4.28146661968,13.1191168476)) ;
#463=CARTESIAN_POINT('Control Point',(8.34485988646,4.34616913491,12.675814818)) ;
#464=CARTESIAN_POINT('Control Point',(8.35826603309,4.39427680803,12.1971243041)) ;
#465=CARTESIAN_POINT('Control Point',(8.36686138725,4.4194438639,11.9169485649)) ;
#466=CARTESIAN_POINT('Control Point',(8.38067822641,4.45276666732,11.5001902678)) ;
#467=CARTESIAN_POINT('Control Point',(8.39574562569,4.48207907466,11.0790160832)) ;
#468=CARTESIAN_POINT('Control Point',(8.4003440626,4.49051241547,10.9529137656)) ;
#469=CARTESIAN_POINT('Control Point',(8.40503063045,4.49864904318,10.8265792308)) ;
#470=CARTESIAN_POINT('Control Point',(8.40979985299,4.50651405542,10.7)) ;
#471=CARTESIAN_POINT('Vertex',(8.34329830372,4.17028514633,13.5261679781)) ;
#475=CARTESIAN_POINT('Control Point',(8.35169765042,4.12829096584,13.55065007)) ;
#476=CARTESIAN_POINT('Control Point',(8.34759064101,4.14505579215,13.55065007)) ;
#477=CARTESIAN_POINT('Control Point',(8.3446432726,4.1616530954,13.5408422528)) ;
#478=CARTESIAN_POINT('Control Point',(8.34329830372,4.17028514633,13.5261679781)) ;
#487=CARTESIAN_POINT('Axis2P3D Location',(-8.5,0.,14.)) ;
#492=CARTESIAN_POINT('Axis2P3D Location',(-8.5,0.,10.7)) ;
#496=CARTESIAN_POINT('Vertex',(6.85769483308,8.38994692557,10.7)) ;
#499=CARTESIAN_POINT('Line Origine',(6.78180778029,8.34848963969,12.35)) ;
#503=CARTESIAN_POINT('Vertex',(6.72771328245,8.31893768083,13.5261679781)) ;
#506=CARTESIAN_POINT('Axis2P3D Location',(-8.5,0.,13.5261679781)) ;
#518=CARTESIAN_POINT('Axis2P3D Location',(-8.5,0.,10.7)) ;
#522=CARTESIAN_POINT('Vertex',(-23.8576948331,-8.38994692557,10.7)) ;
#525=CARTESIAN_POINT('Line Origine',(-23.7818077803,-8.34848963969,12.35)) ;
#529=CARTESIAN_POINT('Vertex',(-23.7277132824,-8.31893768083,13.5261679781)) ;
#532=CARTESIAN_POINT('Axis2P3D Location',(-8.5,0.,13.5261679781)) ;
#544=CARTESIAN_POINT('Axis2P3D Location',(-8.5,0.,13.5261679781)) ;
#548=CARTESIAN_POINT('Vertex',(8.34329830372,-4.17028514633,13.5261679781)) ;
#551=CARTESIAN_POINT('Axis2P3D Location',(-8.5,0.,10.7)) ;
#555=CARTESIAN_POINT('Vertex',(8.40979985299,-4.50651405542,10.7)) ;
#559=CARTESIAN_POINT('Control Point',(8.34329830372,-4.17028514633,13.5261679781)) ;
#560=CARTESIAN_POINT('Control Point',(8.33620908017,-4.21578399735,13.4488210484)) ;
#561=CARTESIAN_POINT('Control Point',(8.33564943896,-4.25380652908,13.2819275771)) ;
#562=CARTESIAN_POINT('Control Point',(8.33742129006,-4.28146661531,13.1191168474)) ;
#563=CARTESIAN_POINT('Control Point',(8.34485995079,-4.34616914142,12.675814818)) ;
#564=CARTESIAN_POINT('Control Point',(8.35826593762,-4.39427679834,12.1971243043)) ;
#565=CARTESIAN_POINT('Control Point',(8.36686136825,-4.4194438644,11.9169485647)) ;
#566=CARTESIAN_POINT('Control Point',(8.3806782345,-4.45276666712,11.5001902677)) ;
#567=CARTESIAN_POINT('Control Point',(8.39574562225,-4.48207907475,11.0790160832)) ;
#568=CARTESIAN_POINT('Control Point',(8.40034406485,-4.49051241535,10.9529137656)) ;
#569=CARTESIAN_POINT('Control Point',(8.40503063045,-4.49864904318,10.8265792308)) ;
#570=CARTESIAN_POINT('Control Point',(8.40979985299,-4.50651405542,10.7)) ;
#579=CARTESIAN_POINT('Axis2P3D Location',(8.83733735217,-4.24726188705,10.7)) ;
#585=CARTESIAN_POINT('Control Point',(8.35169765042,-4.12829096584,13.55065007)) ;
#586=CARTESIAN_POINT('Control Point',(8.34759064101,-4.14505579215,13.55065007)) ;
#587=CARTESIAN_POINT('Control Point',(8.3446432726,-4.1616530954,13.5408422528)) ;
#588=CARTESIAN_POINT('Control Point',(8.34329830372,-4.17028514633,13.5261679781)) ;
#590=CARTESIAN_POINT('Axis2P3D Location',(8.83733735217,-4.24726188705,10.7)) ;
#602=CARTESIAN_POINT('Axis2P3D Location',(8.,-4.,10.7)) ;
#607=CARTESIAN_POINT('Line Origine',(8.4853802544,-4.,10.7)) ;
#612=CARTESIAN_POINT('Line Origine',(8.45070051398,-3.87671929641,13.0523359562)) ;
#624=CARTESIAN_POINT('Axis2P3D Location',(3.51274153337,-9.15926427108,10.7)) ;
#629=CARTESIAN_POINT('Axis2P3D Location',(3.51274153337,-9.15926427108,10.7)) ;
#633=CARTESIAN_POINT('Vertex',(3.6490144076,-7.86642687692,10.7000000146)) ;
#635=CARTESIAN_POINT('Vertex',(4.4863839704,-10.0206703338,10.7)) ;
#638=CARTESIAN_POINT('Line Origine',(4.47983145689,-10.0148731595,10.8)) ;
#642=CARTESIAN_POINT('Vertex',(4.47327894343,-10.0090759853,10.8999999994)) ;
#645=CARTESIAN_POINT('Axis2P3D Location',(3.51274153337,-9.15926427108,10.9)) ;
#649=CARTESIAN_POINT('Vertex',(2.55220412336,-8.30945255689,10.9)) ;
#652=CARTESIAN_POINT('Line Origine',(2.54565160985,-8.30365538265,10.8)) ;
#656=CARTESIAN_POINT('Vertex',(2.53909909635,-8.2978582084,10.7)) ;
#659=CARTESIAN_POINT('Axis2P3D Location',(3.51274153337,-9.15926427108,10.7)) ;
#663=CARTESIAN_POINT('Vertex',(2.54691230761,-8.28910222245,10.7000000146)) ;
#667=CARTESIAN_POINT('Control Point',(3.64902229768,-7.86642725508,10.7000000146)) ;
#668=CARTESIAN_POINT('Control Point',(3.34439430853,-7.83431575558,10.7000000146)) ;
#669=CARTESIAN_POINT('Control Point',(3.02906197134,-7.89809761569,10.7000000146)) ;
#670=CARTESIAN_POINT('Control Point',(2.75193599705,-8.0615418042,10.7000000146)) ;
#671=CARTESIAN_POINT('Control Point',(2.54691328061,-8.28910578963,10.7000000146)) ;
#682=CARTESIAN_POINT('Axis2P3D Location',(3.75750191736,-10.8445216266,10.7)) ;
#687=CARTESIAN_POINT('Line Origine',(3.74439689039,-10.8329272782,10.8999999994)) ;
#691=CARTESIAN_POINT('Vertex',(3.01551483731,-11.656778571,10.9)) ;
#694=CARTESIAN_POINT('Line Origine',(3.75750191736,-10.8445216266,10.7)) ;
#698=CARTESIAN_POINT('Vertex',(3.02861986432,-11.6683729195,10.7)) ;
#701=CARTESIAN_POINT('Line Origine',(3.02206735084,-11.6625757453,10.7999999997)) ;
#713=CARTESIAN_POINT('Axis2P3D Location',(2.0549774273,-10.8069668568,10.7)) ;
#718=CARTESIAN_POINT('Axis2P3D Location',(2.0549774273,-10.8069668568,10.7)) ;
#722=CARTESIAN_POINT('Vertex',(1.08133499027,-9.94556079414,10.7)) ;
#725=CARTESIAN_POINT('Line Origine',(1.08788750378,-9.95135796838,10.8)) ;
#729=CARTESIAN_POINT('Vertex',(1.09444001724,-9.95715514259,10.8999999994)) ;
#732=CARTESIAN_POINT('Axis2P3D Location',(2.0549774273,-10.8069668568,10.9)) ;
#744=CARTESIAN_POINT('Axis2P3D Location',(1.81021704331,-9.12170950127,10.7)) ;
#749=CARTESIAN_POINT('Line Origine',(1.82332207028,-9.13330384973,10.8999999994)) ;
#754=CARTESIAN_POINT('Line Origine',(1.81021704331,-9.12170950127,10.7)) ;
#766=CARTESIAN_POINT('Axis2P3D Location',(-22.5,4.4408920985E-016,9.9)) ;
#771=CARTESIAN_POINT('Axis2P3D Location',(-22.5,4.4408920985E-016,10.7)) ;
#775=CARTESIAN_POINT('Vertex',(-23.7201913412,2.1134326941,10.7)) ;
#777=CARTESIAN_POINT('Vertex',(-21.2798087812,-2.11343276163,10.7)) ;
#780=CARTESIAN_POINT('Axis2P3D Location',(-21.2798089649,-2.11343286769,9.9)) ;
#784=CARTESIAN_POINT('Vertex',(-21.679748043,-1.42071806456,9.91396192515)) ;
#787=CARTESIAN_POINT('Axis2P3D Location',(-22.5,4.4408920985E-016,9.91396192515)) ;
#791=CARTESIAN_POINT('Vertex',(-23.320251957,1.42071806456,9.91396192515)) ;
#794=CARTESIAN_POINT('Axis2P3D Location',(-23.7201910351,2.11343286769,9.9)) ;
#806=CARTESIAN_POINT('Axis2P3D Location',(-22.5,1.11022302463E-015,9.9)) ;
#811=CARTESIAN_POINT('Axis2P3D Location',(-22.5,1.11022302463E-015,10.7)) ;
#816=CARTESIAN_POINT('Axis2P3D Location',(-22.5,1.11022302463E-015,9.91396192515)) ;
#828=CARTESIAN_POINT('Axis2P3D Location',(-1.5,12.124355653,9.9)) ;
#833=CARTESIAN_POINT('Axis2P3D Location',(-1.5,12.124355653,10.7)) ;
#837=CARTESIAN_POINT('Vertex',(-3.94038207285,12.1243553011,10.7)) ;
#839=CARTESIAN_POINT('Vertex',(0.940382070152,12.1243558651,10.7)) ;
#842=CARTESIAN_POINT('Axis2P3D Location',(0.940382070153,12.124355653,9.9)) ;
#846=CARTESIAN_POINT('Vertex',(0.140503914028,12.124355653,9.91396192515)) ;
#849=CARTESIAN_POINT('Axis2P3D Location',(-1.5,12.124355653,9.91396192515)) ;
#853=CARTESIAN_POINT('Vertex',(-3.14050391403,12.124355653,9.91396192515)) ;
#856=CARTESIAN_POINT('Axis2P3D Location',(-3.94038207015,12.124355653,9.9)) ;
#868=CARTESIAN_POINT('Axis2P3D Location',(-1.5,12.124355653,9.9)) ;
#873=CARTESIAN_POINT('Axis2P3D Location',(-1.5,12.124355653,10.7)) ;
#878=CARTESIAN_POINT('Axis2P3D Location',(-1.5,12.124355653,9.91396192515)) ;
#890=CARTESIAN_POINT('Axis2P3D Location',(-1.5,-12.124355653,9.9)) ;
#895=CARTESIAN_POINT('Axis2P3D Location',(-1.5,-12.124355653,10.7)) ;
#899=CARTESIAN_POINT('Vertex',(-2.7201907317,-14.2377886989,10.7)) ;
#901=CARTESIAN_POINT('Vertex',(-0.279809148632,-10.0109226792,10.7)) ;
#904=CARTESIAN_POINT('Axis2P3D Location',(-0.279808964924,-10.0109227853,9.9)) ;
#908=CARTESIAN_POINT('Vertex',(-0.679748042986,-10.7036375884,9.91396192515)) ;
#911=CARTESIAN_POINT('Axis2P3D Location',(-1.5,-12.124355653,9.91396192515)) ;
#915=CARTESIAN_POINT('Vertex',(-2.32025195701,-13.5450737175,9.91396192515)) ;
#918=CARTESIAN_POINT('Axis2P3D Location',(-2.72019103508,-14.2377885207,9.9)) ;
#930=CARTESIAN_POINT('Axis2P3D Location',(-1.5,-12.124355653,9.9)) ;
#935=CARTESIAN_POINT('Axis2P3D Location',(-1.5,-12.124355653,10.7)) ;
#940=CARTESIAN_POINT('Axis2P3D Location',(-1.5,-12.124355653,9.91396192515)) ;
#952=CARTESIAN_POINT('Axis2P3D Location',(8.,-3.85188681239,13.5261679781)) ;
#957=CARTESIAN_POINT('Line Origine',(8.54458015085,-3.37740452903,13.5261679781)) ;
#969=CARTESIAN_POINT('Axis2P3D Location',(8.45097505458,-3.37740452903,13.0261679781)) ;
#981=CARTESIAN_POINT('Axis2P3D Location',(-8.5,-1.7763568394E-015,13.5)) ;
#986=CARTESIAN_POINT('Axis2P3D Location',(6.2895233497,8.07955342954,13.5)) ;
#990=CARTESIAN_POINT('Vertex',(6.2895233497,8.07955342954,14.)) ;
#993=CARTESIAN_POINT('Axis2P3D Location',(-8.5,-1.7763568394E-015,14.)) ;
#997=CARTESIAN_POINT('Vertex',(-23.2895084819,-8.07958064482,14.)) ;
#1000=CARTESIAN_POINT('Axis2P3D Location',(-23.2895233497,-8.07955342954,13.5)) ;
#1016=CARTESIAN_POINT('Axis2P3D Location',(-8.5,-7.1054273576E-015,13.5)) ;
#1021=CARTESIAN_POINT('Axis2P3D Location',(-8.5,-7.1054273576E-015,14.)) ;
#1033=CARTESIAN_POINT('Axis2P3D Location',(0.,0.,10.9)) ;
#1045=CARTESIAN_POINT('Axis2P3D Location',(-22.5,0.,-1.)) ;
#1050=CARTESIAN_POINT('Line Origine',(-21.7209329364,-1.34938373669,5.19500000001)) ;
#1054=CARTESIAN_POINT('Vertex',(-21.775,-1.25573683549,-1.)) ;
#1057=CARTESIAN_POINT('Axis2P3D Location',(-22.5,0.,-1.)) ;
#1061=CARTESIAN_POINT('Vertex',(-23.225,1.25573683549,-1.)) ;
#1064=CARTESIAN_POINT('Line Origine',(-23.2790670636,1.34938373669,5.19500000001)) ;
#1076=CARTESIAN_POINT('Axis2P3D Location',(-22.5,0.,-1.)) ;
#1081=CARTESIAN_POINT('Axis2P3D Location',(-22.5,0.,-1.)) ;
#1093=CARTESIAN_POINT('Axis2P3D Location',(-1.5,12.124355653,-1.)) ;
#1098=CARTESIAN_POINT('Line Origine',(0.0581341272303,12.124355653,5.195)) ;
#1102=CARTESIAN_POINT('Vertex',(-0.05,12.124355653,-1.)) ;
#1105=CARTESIAN_POINT('Axis2P3D Location',(-1.5,12.124355653,-1.)) ;
#1109=CARTESIAN_POINT('Vertex',(-2.95,12.124355653,-1.)) ;
#1112=CARTESIAN_POINT('Line Origine',(-3.05813412723,12.124355653,5.195)) ;
#1124=CARTESIAN_POINT('Axis2P3D Location',(-1.5,12.124355653,-1.)) ;
#1129=CARTESIAN_POINT('Axis2P3D Location',(-1.5,12.124355653,-1.)) ;
#1141=CARTESIAN_POINT('Axis2P3D Location',(-1.5,-12.124355653,-1.)) ;
#1146=CARTESIAN_POINT('Line Origine',(-0.720932936385,-10.7749719163,5.19500000001)) ;
#1150=CARTESIAN_POINT('Vertex',(-0.775,-10.8686188175,-1.)) ;
#1153=CARTESIAN_POINT('Axis2P3D Location',(-1.5,-12.124355653,-1.)) ;
#1157=CARTESIAN_POINT('Vertex',(-2.225,-13.3800924885,-1.)) ;
#1160=CARTESIAN_POINT('Line Origine',(-2.27906706362,-13.4737393897,5.19500000001)) ;
#1172=CARTESIAN_POINT('Axis2P3D Location',(-1.5,-12.124355653,-1.)) ;
#1177=CARTESIAN_POINT('Axis2P3D Location',(-1.5,-12.124355653,-1.)) ;
#1189=CARTESIAN_POINT('Axis2P3D Location',(0.,0.,14.)) ;
#1199=CARTESIAN_POINT('Axis2P3D Location',(0.,0.,-1.)) ;
#1208=CARTESIAN_POINT('Axis2P3D Location',(-22.5,0.,-1.)) ;
#1212=CARTESIAN_POINT('Vertex',(-23.675,1.43891246574E-016,-1.)) ;
#1214=CARTESIAN_POINT('Vertex',(-21.325,0.,-1.)) ;
#1217=CARTESIAN_POINT('Axis2P3D Location',(-22.5,0.,-1.)) ;
#1231=CARTESIAN_POINT('Axis2P3D Location',(-1.5,12.124355653,-1.)) ;
#1235=CARTESIAN_POINT('Vertex',(-0.9125,13.1419355024,-1.)) ;
#1237=CARTESIAN_POINT('Vertex',(-2.0875,11.1067758035,-1.)) ;
#1240=CARTESIAN_POINT('Axis2P3D Location',(-1.5,12.124355653,-1.)) ;
#1254=CARTESIAN_POINT('Axis2P3D Location',(-1.5,-12.124355653,-1.)) ;
#1258=CARTESIAN_POINT('Vertex',(-0.9125,-13.1419355024,-1.)) ;
#1260=CARTESIAN_POINT('Vertex',(-2.0875,-11.1067758035,-1.)) ;
#1263=CARTESIAN_POINT('Axis2P3D Location',(-1.5,-12.124355653,-1.)) ;
#1273=CARTESIAN_POINT('Axis2P3D Location',(-22.5,0.,-1.)) ;
#1278=CARTESIAN_POINT('Line Origine',(-21.3773811542,-2.74953234288E-016,-2.5)) ;
#1282=CARTESIAN_POINT('Vertex',(-21.4227824091,0.,-3.8001218346)) ;
#1285=CARTESIAN_POINT('Line Origine',(-23.6226188458,1.37476617144E-016,-2.5)) ;
#1289=CARTESIAN_POINT('Vertex',(-23.5772175909,1.31916750622E-016,-3.8001218346)) ;
#1292=CARTESIAN_POINT('Axis2P3D Location',(-22.5,0.,-3.8001218346)) ;
#1304=CARTESIAN_POINT('Axis2P3D Location',(-22.5,0.,-1.)) ;
#1309=CARTESIAN_POINT('Axis2P3D Location',(-22.5,0.,-3.8001218346)) ;
#1321=CARTESIAN_POINT('Axis2P3D Location',(-1.5,12.124355653,-1.)) ;
#1326=CARTESIAN_POINT('Line Origine',(-2.06130942288,11.1521392138,-2.5)) ;
#1330=CARTESIAN_POINT('Vertex',(-2.03860879543,11.1914578539,-3.8001218346)) ;
#1333=CARTESIAN_POINT('Line Origine',(-0.938690577119,13.0965720922,-2.5)) ;
#1337=CARTESIAN_POINT('Vertex',(-0.961391204567,13.0572534521,-3.8001218346)) ;
#1340=CARTESIAN_POINT('Axis2P3D Location',(-1.5,12.124355653,-3.8001218346)) ;
#1352=CARTESIAN_POINT('Axis2P3D Location',(-1.5,12.124355653,-1.)) ;
#1357=CARTESIAN_POINT('Axis2P3D Location',(-1.5,12.124355653,-3.8001218346)) ;
#1369=CARTESIAN_POINT('Axis2P3D Location',(-1.5,-12.124355653,-1.)) ;
#1374=CARTESIAN_POINT('Line Origine',(-2.06130942288,-11.1521392138,-2.5)) ;
#1378=CARTESIAN_POINT('Vertex',(-2.03860879543,-11.1914578539,-3.8001218346)) ;
#1381=CARTESIAN_POINT('Line Origine',(-0.938690577119,-13.0965720922,-2.5)) ;
#1385=CARTESIAN_POINT('Vertex',(-0.961391204567,-13.0572534521,-3.8001218346)) ;
#1388=CARTESIAN_POINT('Axis2P3D Location',(-1.5,-12.124355653,-3.8001218346)) ;
#1400=CARTESIAN_POINT('Axis2P3D Location',(-1.5,-12.124355653,-1.)) ;
#1405=CARTESIAN_POINT('Axis2P3D Location',(-1.5,-12.124355653,-3.8001218346)) ;
#1417=CARTESIAN_POINT('Axis2P3D Location',(-22.5,2.23259196627E-012,-5.52403034056)) ;
#1422=CARTESIAN_POINT('Line Origine',(-21.485231279,2.06100129243E-012,-3.9000609173)) ;
#1426=CARTESIAN_POINT('Vertex',(-21.5476819631,3.16092601121E-007,-4.)) ;
#1429=CARTESIAN_POINT('Line Origine',(-23.514768721,2.06138987049E-012,-3.90006091729)) ;
#1433=CARTESIAN_POINT('Vertex',(-23.4523197549,-8.1051326567E-008,-4.)) ;
#1436=CARTESIAN_POINT('Axis2P3D Location',(-22.5,2.59348098548E-013,-4.)) ;
#1448=CARTESIAN_POINT('Axis2P3D Location',(-22.5,-1.60566241294E-011,-5.52403034057)) ;
#1453=CARTESIAN_POINT('Axis2P3D Location',(-22.5,-1.86128890081E-012,-4.)) ;
#1465=CARTESIAN_POINT('Axis2P3D Location',(-1.5,12.124355653,-5.52403034055)) ;
#1470=CARTESIAN_POINT('Line Origine',(-2.00738436051,11.2455401616,-3.9000609173)) ;
#1474=CARTESIAN_POINT('Vertex',(-1.97615818278,11.2996242717,-4.)) ;
#1477=CARTESIAN_POINT('Line Origine',(-0.992615639486,13.0031711444,-3.9000609173)) ;
#1481=CARTESIAN_POINT('Vertex',(-1.02384034108,12.9490889906,-4.)) ;
#1484=CARTESIAN_POINT('Axis2P3D Location',(-1.5,12.124355653,-4.)) ;
#1496=CARTESIAN_POINT('Axis2P3D Location',(-1.5,12.124355653,-5.52403034055)) ;
#1501=CARTESIAN_POINT('Axis2P3D Location',(-1.5,12.124355653,-4.)) ;
#1513=CARTESIAN_POINT('Axis2P3D Location',(-1.5,-12.124355653,-5.52403034056)) ;
#1518=CARTESIAN_POINT('Line Origine',(-2.00738436051,-11.2455401616,-3.9000609173)) ;
#1522=CARTESIAN_POINT('Vertex',(-1.97616004541,-11.2996225385,-4.)) ;
#1525=CARTESIAN_POINT('Line Origine',(-0.992615639487,-13.0031711444,-3.9000609173)) ;
#1529=CARTESIAN_POINT('Vertex',(-1.0238401986,-12.949087905,-4.)) ;
#1532=CARTESIAN_POINT('Axis2P3D Location',(-1.5,-12.124355653,-4.)) ;
#1544=CARTESIAN_POINT('Axis2P3D Location',(-1.50000000001,-12.124355653,-5.52403034056)) ;
#1549=CARTESIAN_POINT('Axis2P3D Location',(-1.5,-12.124355653,-4.)) ;
#1561=CARTESIAN_POINT('Axis2P3D Location',(0.,0.,-4.)) ;
#1582=CARTESIAN_POINT('Control Point',(-12.7499993826,-16.032777084,10.7000000147)) ;
#1583=CARTESIAN_POINT('Control Point',(-12.7499993826,-15.0836987869,7.793746976)) ;
#1584=CARTESIAN_POINT('Control Point',(-12.7499993826,-13.7859428611,5.0012117905)) ;
#1585=CARTESIAN_POINT('Control Point',(-12.7499993826,-12.1603656865,2.38588732603)) ;
#1586=CARTESIAN_POINT('Control Point',(-12.7499993826,-10.2486653945,1.15463194561E-014)) ;
#1587=CARTESIAN_POINT('Axis1P Location',(-12.7499993826,-7.3612156354,5.35000000708)) ;
#1592=CARTESIAN_POINT('Control Point',(-4.08324909185,-7.65003626205,10.7000000146)) ;
#1593=CARTESIAN_POINT('Control Point',(-4.20997880106,-7.43053396866,10.2897582666)) ;
#1594=CARTESIAN_POINT('Control Point',(-4.34732292713,-7.19264674681,9.88765895358)) ;
#1595=CARTESIAN_POINT('Control Point',(-4.49662333546,-6.93405057236,9.49655761295)) ;
#1596=CARTESIAN_POINT('Control Point',(-4.76692873927,-6.46586871379,8.87274141405)) ;
#1597=CARTESIAN_POINT('Control Point',(-5.08599132797,-5.91323556297,8.31505490625)) ;
#1598=CARTESIAN_POINT('Control Point',(-5.22071852274,-5.67988108533,8.10780105886)) ;
#1599=CARTESIAN_POINT('Control Point',(-5.48467144166,-5.22270185606,7.76296051587)) ;
#1600=CARTESIAN_POINT('Control Point',(-5.78234612383,-4.70711366162,7.50814699997)) ;
#1601=CARTESIAN_POINT('Control Point',(-5.92451575814,-4.46086878779,7.41579575839)) ;
#1602=CARTESIAN_POINT('Control Point',(-6.30450132452,-3.80271470179,7.25815520439)) ;
#1603=CARTESIAN_POINT('Control Point',(-6.69880687739,-3.11975711643,7.32264834258)) ;
#1604=CARTESIAN_POINT('Control Point',(-6.92990684846,-2.71948100345,7.45611872003)) ;
#1605=CARTESIAN_POINT('Control Point',(-7.46650669949,-1.79006136325,7.93646404682)) ;
#1606=CARTESIAN_POINT('Control Point',(-7.89343428817,-1.05060331742,8.67486590662)) ;
#1607=CARTESIAN_POINT('Control Point',(-8.11832024611,-0.661086929366,9.15631683236)) ;
#1608=CARTESIAN_POINT('Control Point',(-8.31931353035,-0.312957360557,9.66354150249)) ;
#1609=CARTESIAN_POINT('Control Point',(-8.50000039499,1.33075287934E-006,10.1884462538)) ;
#1610=CARTESIAN_POINT('Vertex',(-4.08324909185,-7.65003626205,10.7000000146)) ;
#1612=CARTESIAN_POINT('Vertex',(-8.50000039499,1.33075287945E-006,10.1884462538)) ;
#1615=CARTESIAN_POINT('Axis2P3D Location',(-12.7499993826,-7.3612156354,10.7000000147)) ;
#1619=CARTESIAN_POINT('Vertex',(-8.59263136458,-14.971226747,10.7000000146)) ;
#1623=CARTESIAN_POINT('Control Point',(-8.59263136458,-14.971226747,10.7000000146)) ;
#1624=CARTESIAN_POINT('Control Point',(-9.04764373838,-14.1383321836,7.79374697592)) ;
#1625=CARTESIAN_POINT('Control Point',(-9.66982107206,-12.9994442136,5.00121179045)) ;
#1626=CARTESIAN_POINT('Control Point',(-10.4491642845,-11.5728660321,2.38588732601)) ;
#1627=CARTESIAN_POINT('Control Point',(-11.3656822267,-9.89519119231,1.15463194561E-014)) ;
#1628=CARTESIAN_POINT('Vertex',(-11.3656822267,-9.89519119231,1.06581410364E-014)) ;
#1631=CARTESIAN_POINT('Axis2P3D Location',(-12.7499993826,-7.3612156354,1.06581410364E-014)) ;
#1635=CARTESIAN_POINT('Vertex',(-14.1343165386,-4.82724007848,1.06581410364E-014)) ;
#1639=CARTESIAN_POINT('Control Point',(-16.7714496072,-3.75896190619E-007,9.86844894668)) ;
#1640=CARTESIAN_POINT('Control Point',(-16.3158372077,-0.833993278974,7.19466102817)) ;
#1641=CARTESIAN_POINT('Control Point',(-15.7174843994,-1.92927074775,4.6265915351)) ;
#1642=CARTESIAN_POINT('Control Point',(-14.9849895787,-3.27009352327,2.21447931543)) ;
#1643=CARTESIAN_POINT('Control Point',(-14.1343165386,-4.82724007848,1.06581410364E-014)) ;
#1644=CARTESIAN_POINT('Vertex',(-16.7714496072,-3.75896190619E-007,9.86844894668)) ;
#1648=CARTESIAN_POINT('Control Point',(-16.7714496072,-3.75896194171E-007,9.86844894668)) ;
#1649=CARTESIAN_POINT('Control Point',(-16.4984889335,-3.63491491194E-007,9.50025741413)) ;
#1650=CARTESIAN_POINT('Control Point',(-16.2030641668,-2.17832859172E-007,9.14259411233)) ;
#1651=CARTESIAN_POINT('Control Point',(-15.8812932481,-3.81514593649E-008,8.79858508046)) ;
#1652=CARTESIAN_POINT('Control Point',(-15.1428600889,-6.26315852156E-007,8.11967886042)) ;
#1653=CARTESIAN_POINT('Control Point',(-14.2381898491,9.32716569675E-008,7.59363624926)) ;
#1654=CARTESIAN_POINT('Control Point',(-13.7080679215,-3.30309826124E-007,7.37486295342)) ;
#1655=CARTESIAN_POINT('Control Point',(-12.5710997114,-9.44515369893E-008,7.19947155875)) ;
#1656=CARTESIAN_POINT('Control Point',(-11.4713904268,-2.22625780193E-007,7.49419487827)) ;
#1657=CARTESIAN_POINT('Control Point',(-10.9864494088,-4.17502320978E-007,7.73788476005)) ;
#1658=CARTESIAN_POINT('Control Point',(-10.182245645,1.80730434334E-007,8.26762542882)) ;
#1659=CARTESIAN_POINT('Control Point',(-9.51472138853,-2.63323897952E-007,8.91122571772)) ;
#1660=CARTESIAN_POINT('Control Point',(-9.2330708777,7.17706901702E-008,9.22035752587)) ;
#1661=CARTESIAN_POINT('Control Point',(-8.97188417411,-2.1445369291E-008,9.54021981052)) ;
#1662=CARTESIAN_POINT('Control Point',(-8.72854982714,-1.03870352319E-008,9.86844894668)) ;
#1663=CARTESIAN_POINT('Vertex',(-8.72854982714,-1.03864561396E-008,9.86844894668)) ;
#1667=CARTESIAN_POINT('Control Point',(-8.72854982714,-1.03864525869E-008,9.86844894668)) ;
#1668=CARTESIAN_POINT('Control Point',(-8.65022028704,-6.82676508573E-009,9.97410619402)) ;
#1669=CARTESIAN_POINT('Control Point',(-8.57409631308,8.51544011529E-007,10.0808187875)) ;
#1670=CARTESIAN_POINT('Control Point',(-8.50000039499,1.33075287945E-006,10.1884462538)) ;
#1682=CARTESIAN_POINT('Axis2P3D Location',(0.,-2.18360991576,-2.39912605637E-017)) ;
#1687=CARTESIAN_POINT('Axis2P3D Location',(0.,0.,-2.39912605637E-017)) ;
#1691=CARTESIAN_POINT('Vertex',(1.38431715595,-2.53397555691,1.06581410364E-014)) ;
#1693=CARTESIAN_POINT('Vertex',(-1.38431715595,2.53397555691,1.06581410364E-014)) ;
#1696=CARTESIAN_POINT('Axis2P3D Location',(0.,0.,-2.39912605637E-017)) ;
#1710=CARTESIAN_POINT('Axis2P3D Location',(-12.7500000517,7.36121524911,-2.39912605637E-017)) ;
#1714=CARTESIAN_POINT('Vertex',(-11.3656828957,4.8272396922,1.06581410364E-014)) ;
#1716=CARTESIAN_POINT('Vertex',(-14.1343172076,9.89519080603,1.06581410364E-014)) ;
#1719=CARTESIAN_POINT('Axis2P3D Location',(-12.7500000517,7.36121524911,-2.39912605637E-017)) ;
#1733=CARTESIAN_POINT('Axis2P3D Location',(-12.7499993826,-7.3612156354,-2.39912605637E-017)) ;
#1748=CARTESIAN_POINT('Control Point',(-12.7499993826,-16.032777084,10.7000000147)) ;
#1749=CARTESIAN_POINT('Control Point',(-12.7499993826,-15.0836987869,7.793746976)) ;
#1750=CARTESIAN_POINT('Control Point',(-12.7499993826,-13.7859428611,5.0012117905)) ;
#1751=CARTESIAN_POINT('Control Point',(-12.7499993826,-12.1603656865,2.38588732603)) ;
#1752=CARTESIAN_POINT('Control Point',(-12.7499993826,-10.2486653945,1.15463194561E-014)) ;
#1753=CARTESIAN_POINT('Axis1P Location',(-12.7499993826,-7.3612156354,5.35000000708)) ;
#1757=CARTESIAN_POINT('Axis2P3D Location',(-12.7499993826,-7.3612156354,10.7000000147)) ;
#1761=CARTESIAN_POINT('Vertex',(-17.3335011265,-4.01438635222E-007,10.7000000146)) ;
#1763=CARTESIAN_POINT('Vertex',(-20.4175542562,-11.4114810849,10.7000000002)) ;
#1767=CARTESIAN_POINT('Control Point',(-16.7714496072,-3.75896194171E-007,9.86844894668)) ;
#1768=CARTESIAN_POINT('Control Point',(-16.9724354043,-3.85029997787E-007,10.1395549183)) ;
#1769=CARTESIAN_POINT('Control Point',(-17.1590421258,-3.93510344222E-007,10.4176259367)) ;
#1770=CARTESIAN_POINT('Control Point',(-17.3335011265,-4.01438636999E-007,10.7000000146)) ;
#1772=CARTESIAN_POINT('Axis2P3D Location',(-12.7499993826,-7.3612156354,10.7000000147)) ;
#1776=CARTESIAN_POINT('Vertex',(-12.4238543682,-16.0266455285,10.7000000002)) ;
#1780=CARTESIAN_POINT('Control Point',(-14.8236081067,-15.1415801847,8.96371922651)) ;
#1781=CARTESIAN_POINT('Control Point',(-14.1506233496,-15.4394064766,9.25893063242)) ;
#1782=CARTESIAN_POINT('Control Point',(-13.5169268029,-15.6796580866,9.6748809746)) ;
#1783=CARTESIAN_POINT('Control Point',(-12.9429814324,-15.8705479518,10.1625644874)) ;
#1784=CARTESIAN_POINT('Control Point',(-12.4238682439,-16.0266421313,10.7000000002)) ;
#1785=CARTESIAN_POINT('Vertex',(-14.8236081067,-15.1415801847,8.96371922651)) ;
#1789=CARTESIAN_POINT('Control Point',(-18.4511878542,-13.0471962608,8.96371922651)) ;
#1790=CARTESIAN_POINT('Control Point',(-17.8112960425,-13.5142999329,8.64592349433)) ;
#1791=CARTESIAN_POINT('Control Point',(-17.0981724619,-13.9869046928,8.45636211626)) ;
#1792=CARTESIAN_POINT('Control Point',(-16.3151717417,-14.4391939296,8.4556600539)) ;
#1793=CARTESIAN_POINT('Control Point',(-15.5480776879,-14.820969522,8.64592349433)) ;
#1794=CARTESIAN_POINT('Control Point',(-14.8236081067,-15.1415801847,8.96371922651)) ;
#1795=CARTESIAN_POINT('Vertex',(-18.4511878542,-13.0471962608,8.96371922651)) ;
#1799=CARTESIAN_POINT('Control Point',(-18.4511878542,-13.0471962608,8.96371922651)) ;
#1800=CARTESIAN_POINT('Control Point',(-19.0456054069,-12.6132875648,9.25893063241)) ;
#1801=CARTESIAN_POINT('Control Point',(-19.5705177167,-12.1846161098,9.67488097463)) ;
#1802=CARTESIAN_POINT('Control Point',(-20.0228059111,-11.7830098122,10.1625644875)) ;
#1803=CARTESIAN_POINT('Control Point',(-20.4175440639,-11.4114917292,10.7000000002)) ;
#1818=CARTESIAN_POINT('Control Point',(0.,-8.67156144864,10.7000000147)) ;
#1819=CARTESIAN_POINT('Control Point',(0.,-7.72248315148,7.793746976)) ;
#1820=CARTESIAN_POINT('Control Point',(0.,-6.42472722572,5.0012117905)) ;
#1821=CARTESIAN_POINT('Control Point',(0.,-4.79915005112,2.38588732603)) ;
#1822=CARTESIAN_POINT('Control Point',(0.,-2.88744975909,1.15463194561E-014)) ;
#1823=CARTESIAN_POINT('Axis1P Location',(0.,0.,5.35000000708)) ;
#1827=CARTESIAN_POINT('Axis2P3D Location',(0.,0.,10.7000000147)) ;
#1831=CARTESIAN_POINT('Vertex',(4.15736801803,-7.61001111165,10.7000000146)) ;
#1833=CARTESIAN_POINT('Vertex',(7.34140954252,-4.61516453732,10.7000000002)) ;
#1837=CARTESIAN_POINT('Control Point',(4.15736801803,-7.61001111165,10.7000000146)) ;
#1838=CARTESIAN_POINT('Control Point',(3.70235564424,-6.7771165482,7.79374697592)) ;
#1839=CARTESIAN_POINT('Control Point',(3.08017831056,-5.63822857817,5.00121179045)) ;
#1840=CARTESIAN_POINT('Control Point',(2.30083509809,-4.21165039674,2.38588732601)) ;
#1841=CARTESIAN_POINT('Control Point',(1.38431715595,-2.53397555691,1.15463194561E-014)) ;
#1844=CARTESIAN_POINT('Control Point',(-4.13256778073,7.56461458177,10.5428927304)) ;
#1845=CARTESIAN_POINT('Control Point',(-3.67702502869,6.73074916745,7.68053875195)) ;
#1846=CARTESIAN_POINT('Control Point',(-3.05907015916,5.5995903662,4.93050224992)) ;
#1847=CARTESIAN_POINT('Control Point',(-2.28843883237,4.18895918454,2.35361726132)) ;
#1848=CARTESIAN_POINT('Control Point',(-1.38431715595,2.53397555691,9.7699626167E-015)) ;
#1849=CARTESIAN_POINT('Vertex',(-4.13256778073,7.56461458177,10.5428927304)) ;
#1853=CARTESIAN_POINT('Control Point',(-4.13256778073,7.56461458177,10.5428927304)) ;
#1854=CARTESIAN_POINT('Control Point',(-4.11591510731,7.593457861,10.5950938591)) ;
#1855=CARTESIAN_POINT('Control Point',(-4.0994778407,7.62192804466,10.6474674589)) ;
#1856=CARTESIAN_POINT('Control Point',(-4.08324976187,7.65003590443,10.7000000146)) ;
#1857=CARTESIAN_POINT('Vertex',(-4.08324976187,7.65003590443,10.7000000146)) ;
#1860=CARTESIAN_POINT('Axis2P3D Location',(0.,0.,10.7000000147)) ;
#1864=CARTESIAN_POINT('Vertex',(7.34140930607,4.61516534893,10.7000000002)) ;
#1868=CARTESIAN_POINT('Control Point',(7.77479672453,2.09438810963,8.96371922651)) ;
#1869=CARTESIAN_POINT('Control Point',(7.69622943639,2.82612246099,9.25893094336)) ;
#1870=CARTESIAN_POINT('Control Point',(7.58744519467,3.49504491002,9.67488131593)) ;
#1871=CARTESIAN_POINT('Control Point',(7.46578805341,4.08754058343,10.1625647031)) ;
#1872=CARTESIAN_POINT('Control Point',(7.34141306617,4.61515244248,10.7000000002)) ;
#1873=CARTESIAN_POINT('Vertex',(7.77479672453,2.09438810963,8.96371922651)) ;
#1877=CARTESIAN_POINT('Control Point',(7.77479672453,-2.09438810963,8.96371922651)) ;
#1878=CARTESIAN_POINT('Control Point',(7.8593748078,-1.30667237732,8.64592231935)) ;
#1879=CARTESIAN_POINT('Control Point',(7.91210101182,-0.452785168432,8.45636013738)) ;
#1880=CARTESIAN_POINT('Control Point',(7.91229466949,0.451459905661,8.45565804765)) ;
#1881=CARTESIAN_POINT('Control Point',(7.8593748078,1.30667237732,8.64592231935)) ;
#1882=CARTESIAN_POINT('Control Point',(7.77479672453,2.09438810963,8.96371922651)) ;
#1883=CARTESIAN_POINT('Vertex',(7.77479672453,-2.09438810963,8.96371922651)) ;
#1887=CARTESIAN_POINT('Control Point',(7.77479672453,-2.09438810963,8.96371922651)) ;
#1888=CARTESIAN_POINT('Control Point',(7.6962294364,-2.82612246096,9.25893094335)) ;
#1889=CARTESIAN_POINT('Control Point',(7.58744519466,-3.49504491011,9.67488131599)) ;
#1890=CARTESIAN_POINT('Control Point',(7.46578805341,-4.08754058345,10.1625647031)) ;
#1891=CARTESIAN_POINT('Control Point',(7.34141306617,-4.61515244248,10.7000000002)) ;
#1906=CARTESIAN_POINT('Control Point',(-12.7500000517,-1.31034619952,10.7000000147)) ;
#1907=CARTESIAN_POINT('Control Point',(-12.7500000517,-0.361267902365,7.793746976)) ;
#1908=CARTESIAN_POINT('Control Point',(-12.7500000517,0.936488023389,5.0012117905)) ;
#1909=CARTESIAN_POINT('Control Point',(-12.7500000517,2.56206519799,2.38588732603)) ;
#1910=CARTESIAN_POINT('Control Point',(-12.7500000517,4.47376549002,1.15463194561E-014)) ;
#1911=CARTESIAN_POINT('Axis1P Location',(-12.7500000517,7.36121524911,5.35000000708)) ;
#1916=CARTESIAN_POINT('Control Point',(-16.531934826,14.2840004178,8.55015459778)) ;
#1917=CARTESIAN_POINT('Control Point',(-15.9382823416,13.1973268342,5.47663977587)) ;
#1918=CARTESIAN_POINT('Control Point',(-15.1276626039,11.7134973573,2.58588521001)) ;
#1919=CARTESIAN_POINT('Control Point',(-14.1343172076,9.89519080603,1.06581410364E-014)) ;
#1920=CARTESIAN_POINT('Vertex',(-16.531934826,14.2840004178,8.55015459778)) ;
#1924=CARTESIAN_POINT('Control Point',(-8.72854982714,-1.03864570278E-008,9.86844894668)) ;
#1925=CARTESIAN_POINT('Control Point',(-9.1841622266,0.833992892692,7.19466102817)) ;
#1926=CARTESIAN_POINT('Control Point',(-9.78251503486,1.92927036146,4.6265915351)) ;
#1927=CARTESIAN_POINT('Control Point',(-10.5150098556,3.27009313699,2.21447931543)) ;
#1928=CARTESIAN_POINT('Control Point',(-11.3656828957,4.8272396922,1.06581410364E-014)) ;
#1930=CARTESIAN_POINT('Axis2P3D Location',(-12.7500000517,7.36121524911,10.7000000147)) ;
#1934=CARTESIAN_POINT('Vertex',(-20.4175550865,11.4114802178,10.7000000002)) ;
#1938=CARTESIAN_POINT('Control Point',(-18.4511890401,13.0471953564,8.96371922651)) ;
#1939=CARTESIAN_POINT('Control Point',(-19.0456065533,12.6132866063,9.25893063241)) ;
#1940=CARTESIAN_POINT('Control Point',(-19.5705188242,12.1846151035,9.67488097467)) ;
#1941=CARTESIAN_POINT('Control Point',(-20.0228069821,11.7830087649,10.1625644875)) ;
#1942=CARTESIAN_POINT('Control Point',(-20.4175451011,11.411490646,10.7000000002)) ;
#1943=CARTESIAN_POINT('Vertex',(-18.4511890401,13.0471953564,8.96371922651)) ;
#1947=CARTESIAN_POINT('Control Point',(-16.531934826,14.2840004178,8.55015459778)) ;
#1948=CARTESIAN_POINT('Control Point',(-17.0429363734,13.995430565,8.52966046383)) ;
#1949=CARTESIAN_POINT('Control Point',(-17.5456594441,13.6843260768,8.59580694158)) ;
#1950=CARTESIAN_POINT('Control Point',(-18.0168086853,13.3642812978,8.74798864591)) ;
#1951=CARTESIAN_POINT('Control Point',(-18.4511890401,13.0471953564,8.96371922651)) ;
#1965=CARTESIAN_POINT('Control Point',(-12.7500000517,-1.31034619952,10.7000000147)) ;
#1966=CARTESIAN_POINT('Control Point',(-12.7500000517,-0.361267902365,7.793746976)) ;
#1967=CARTESIAN_POINT('Control Point',(-12.7500000517,0.936488023389,5.0012117905)) ;
#1968=CARTESIAN_POINT('Control Point',(-12.7500000517,2.56206519799,2.38588732603)) ;
#1969=CARTESIAN_POINT('Control Point',(-12.7500000517,4.47376549002,1.15463194561E-014)) ;
#1970=CARTESIAN_POINT('Axis1P Location',(-12.7500000517,7.36121524911,5.35000000708)) ;
#1974=CARTESIAN_POINT('Axis2P3D Location',(-12.7500000517,7.36121524911,10.7000000147)) ;
#1978=CARTESIAN_POINT('Vertex',(-12.4238551123,16.0266453464,10.7000000002)) ;
#1982=CARTESIAN_POINT('Control Point',(-8.50000011624,3.30239124935E-009,10.1884433024)) ;
#1983=CARTESIAN_POINT('Control Point',(-8.34876813751,0.261943687436,9.74910095035)) ;
#1984=CARTESIAN_POINT('Control Point',(-8.18327056696,0.548597220568,9.32202430825)) ;
#1985=CARTESIAN_POINT('Control Point',(-8.0007996621,0.864638962286,8.91126100767)) ;
#1986=CARTESIAN_POINT('Control Point',(-7.6086222499,1.54391180865,8.16293181068)) ;
#1987=CARTESIAN_POINT('Control Point',(-7.11909476412,2.39179689931,7.59363704676)) ;
#1988=CARTESIAN_POINT('Control Point',(-6.85403421193,2.85089618258,7.37486373477)) ;
#1989=CARTESIAN_POINT('Control Point',(-6.28554998522,3.83553947354,7.19947231036)) ;
#1990=CARTESIAN_POINT('Control Point',(-5.73569553082,4.78791577385,7.49419561839)) ;
#1991=CARTESIAN_POINT('Control Point',(-5.49322522902,5.20788713041,7.73788549764)) ;
#1992=CARTESIAN_POINT('Control Point',(-5.01682863058,6.03302899244,8.36550346174)) ;
#1993=CARTESIAN_POINT('Control Point',(-4.63635955273,6.69202240747,9.15294241951)) ;
#1994=CARTESIAN_POINT('Control Point',(-4.45177913462,7.01172392714,9.60121038663)) ;
#1995=CARTESIAN_POINT('Control Point',(-4.28467143553,7.30116329812,10.0660934653)) ;
#1996=CARTESIAN_POINT('Control Point',(-4.13256778073,7.56461458177,10.5428927304)) ;
#1999=CARTESIAN_POINT('Control Point',(-16.531934826,14.2840004178,8.55015459778)) ;
#2000=CARTESIAN_POINT('Control Point',(-15.9586454434,14.6077450985,8.57314683618)) ;
#2001=CARTESIAN_POINT('Control Point',(-15.3753507564,14.8974090011,8.72169246161)) ;
#2002=CARTESIAN_POINT('Control Point',(-14.8236094829,15.14157961,8.96371922651)) ;
#2003=CARTESIAN_POINT('Vertex',(-14.8236094829,15.14157961,8.96371922651)) ;
#2007=CARTESIAN_POINT('Control Point',(-14.8236094829,15.14157961,8.96371922651)) ;
#2008=CARTESIAN_POINT('Control Point',(-14.150624753,15.439405963,9.25893063239)) ;
#2009=CARTESIAN_POINT('Control Point',(-13.5169282279,15.6796576307,9.67488097473)) ;
#2010=CARTESIAN_POINT('Control Point',(-12.9429828748,15.870547548,10.1625644875)) ;
#2011=CARTESIAN_POINT('Control Point',(-12.4238697006,16.0266417747,10.7000000002)) ;
#2025=CARTESIAN_POINT('Axis2P3D Location',(-8.5,0.,8.96371922651)) ;
#2030=CARTESIAN_POINT('Axis2P3D Location',(-8.5,0.,8.96371922651)) ;
#2035=CARTESIAN_POINT('Axis2P3D Location',(-8.5,0.,10.7000000002)) ;
#2053=CARTESIAN_POINT('Axis2P3D Location',(-8.5,0.,8.96371922651)) ;
#2058=CARTESIAN_POINT('Axis2P3D Location',(-8.5,0.,10.7000000002)) ;
#2075=CARTESIAN_POINT('Axis2P3D Location',(-8.5,0.,10.7000000002)) ;
#2080=CARTESIAN_POINT('Axis2P3D Location',(-8.5,0.,8.96371922651)) ;
#2097=CARTESIAN_POINT('Axis2P3D Location',(9.,0.,10.7)) ;
#2119=CARTESIAN_POINT('Control Point',(3.64901267962,-7.86642316956,10.7)) ;
#2120=CARTESIAN_POINT('Control Point',(3.7523582162,-7.81848378466,10.7)) ;
#2121=CARTESIAN_POINT('Control Point',(3.85492046687,-7.76884690525,10.7)) ;
#2122=CARTESIAN_POINT('Control Point',(3.95663931641,-7.71754047109,10.7)) ;
#2123=CARTESIAN_POINT('Control Point',(4.05745158522,-7.66459570771,10.7)) ;
#2124=CARTESIAN_POINT('Control Point',(4.15736801805,-7.61001111168,10.7)) ;
#2127=CARTESIAN_POINT('Control Point',(-4.08324501232,-7.65003917051,10.7)) ;
#2128=CARTESIAN_POINT('Control Point',(-3.60852177196,-7.9034222505,10.7)) ;
#2129=CARTESIAN_POINT('Control Point',(-3.11413486288,-8.11998722348,10.7)) ;
#2130=CARTESIAN_POINT('Control Point',(-2.60390005257,-8.29769917443,10.7)) ;
#2131=CARTESIAN_POINT('Control Point',(-1.3326048626,-8.63238581518,10.7)) ;
#2132=CARTESIAN_POINT('Control Point',(-0.0169748766169,-8.72344384851,10.7)) ;
#2133=CARTESIAN_POINT('Control Point',(0.761446819548,-8.69016467157,10.7)) ;
#2134=CARTESIAN_POINT('Control Point',(1.58581437482,-8.56173019503,10.7)) ;
#2135=CARTESIAN_POINT('Control Point',(2.38417927037,-8.33765785748,10.7)) ;
#2136=CARTESIAN_POINT('Control Point',(2.43855638065,-8.32191636045,10.7)) ;
#2137=CARTESIAN_POINT('Control Point',(2.49280267675,-8.30573181527,10.7)) ;
#2138=CARTESIAN_POINT('Control Point',(2.54691337193,-8.28910568636,10.7)) ;
#2168=CARTESIAN_POINT('Axis2P3D Location',(0.,1.7763568394E-015,10.7000000146)) ;
#2173=CARTESIAN_POINT('Axis2P3D Location',(0.,0.,10.7000000146)) ;
#2177=CARTESIAN_POINT('Vertex',(3.63586634072,-7.87251255377,10.7000000146)) ;
#2180=CARTESIAN_POINT('Axis2P3D Location',(0.,0.,10.7000000146)) ;
#2184=CARTESIAN_POINT('Vertex',(2.56009207927,-8.28504112859,10.7000000146)) ;
#2188=CARTESIAN_POINT('Control Point',(3.63586634011,-7.87251255405,10.7000000146)) ;
#2189=CARTESIAN_POINT('Control Point',(3.52183945098,-7.86165550387,10.7000000146)) ;
#2190=CARTESIAN_POINT('Control Point',(3.40660891663,-7.86339787768,10.7000000146)) ;
#2191=CARTESIAN_POINT('Control Point',(3.29202237899,-7.87790068928,10.7000000146)) ;
#2192=CARTESIAN_POINT('Control Point',(3.06278085322,-7.93321878218,10.7000000146)) ;
#2193=CARTESIAN_POINT('Control Point',(2.85160606388,-8.03844869647,10.7000000146)) ;
#2194=CARTESIAN_POINT('Control Point',(2.75037085208,-8.10460750707,10.7000000146)) ;
#2195=CARTESIAN_POINT('Control Point',(2.65432978931,-8.18479848411,10.7000000146)) ;
#2196=CARTESIAN_POINT('Control Point',(2.56912358887,-8.27528377346,10.7000000146)) ;
#2197=CARTESIAN_POINT('Control Point',(2.56609910244,-8.27852336467,10.7000000146)) ;
#2198=CARTESIAN_POINT('Control Point',(2.56308857674,-8.28177584226,10.7000000146)) ;
#2199=CARTESIAN_POINT('Control Point',(2.56009207964,-8.28504112848,10.7000000146)) ;
#2209=CARTESIAN_POINT('Control Point',(0.,-8.67156144871,10.7000000149)) ;
#2210=CARTESIAN_POINT('Control Point',(0.,-7.72248315155,7.79374697616)) ;
#2211=CARTESIAN_POINT('Control Point',(0.,-6.42472722579,5.00121179061)) ;
#2212=CARTESIAN_POINT('Control Point',(0.,-4.79915005116,2.38588732608)) ;
#2213=CARTESIAN_POINT('Control Point',(0.,-2.88744975909,9.7699626167E-015)) ;
#2214=CARTESIAN_POINT('Axis1P Location',(0.,0.,5.35000000708)) ;
#2219=CARTESIAN_POINT('Control Point',(2.5600920793,-8.28504112866,10.7000000148)) ;
#2220=CARTESIAN_POINT('Control Point',(2.57937521166,-8.25961309414,10.6430381974)) ;
#2221=CARTESIAN_POINT('Control Point',(2.60060053666,-8.23356401656,10.5867374896)) ;
#2222=CARTESIAN_POINT('Control Point',(2.62407273683,-8.206898453,10.5314624719)) ;
#2223=CARTESIAN_POINT('Control Point',(2.67256768537,-8.15617146405,10.4313681087)) ;
#2224=CARTESIAN_POINT('Control Point',(2.73421415124,-8.10227134425,10.3378067327)) ;
#2225=CARTESIAN_POINT('Control Point',(2.76578212925,-8.07690755503,10.2969499993)) ;
#2226=CARTESIAN_POINT('Control Point',(2.82512932903,-8.03365653174,10.2339995536)) ;
#2227=CARTESIAN_POINT('Control Point',(2.90085145859,-7.98914442742,10.1866403756)) ;
#2228=CARTESIAN_POINT('Control Point',(2.93397084865,-7.97133050783,10.1710146739)) ;
#2229=CARTESIAN_POINT('Control Point',(3.01702189731,-7.93176364634,10.1474349198)) ;
#2230=CARTESIAN_POINT('Control Point',(3.10833275686,-7.89965345606,10.156289472)) ;
#2231=CARTESIAN_POINT('Control Point',(3.15914451934,-7.88591461707,10.1738072881)) ;
#2232=CARTESIAN_POINT('Control Point',(3.25819859278,-7.86441918834,10.2242087715)) ;
#2233=CARTESIAN_POINT('Control Point',(3.34076838946,-7.8556944596,10.294656154)) ;
#2234=CARTESIAN_POINT('Control Point',(3.38136562119,-7.85332967456,10.335337444)) ;
#2235=CARTESIAN_POINT('Control Point',(3.46409269865,-7.85195093034,10.4291531011)) ;
#2236=CARTESIAN_POINT('Control Point',(3.53470619549,-7.85713789623,10.5296727821)) ;
#2237=CARTESIAN_POINT('Control Point',(3.57048540683,-7.86126349824,10.5855222592)) ;
#2238=CARTESIAN_POINT('Control Point',(3.60412779839,-7.86645935835,10.6424219023)) ;
#2239=CARTESIAN_POINT('Control Point',(3.63586634075,-7.87251255383,10.7000000148)) ;
#2255=CARTESIAN_POINT('Control Point',(3.63586634076,-7.87251255383,10.7000000148)) ;
#2256=CARTESIAN_POINT('Control Point',(3.63857650614,-7.84405093878,10.1544680313)) ;
#2257=CARTESIAN_POINT('Control Point',(3.5551632647,-7.86482841928,10.7000000148)) ;
#2258=CARTESIAN_POINT('Control Point',(3.55609276886,-7.83619725176,10.1544680313)) ;
#2259=CARTESIAN_POINT('Control Point',(3.47385580409,-7.86345533015,10.7000000148)) ;
#2260=CARTESIAN_POINT('Control Point',(3.47299263419,-7.83479405618,10.1544680313)) ;
#2261=CARTESIAN_POINT('Control Point',(3.39260393035,-7.8684505948,10.7000000148)) ;
#2262=CARTESIAN_POINT('Control Point',(3.38994993613,-7.83989957707,10.1544680313)) ;
#2263=CARTESIAN_POINT('Control Point',(3.1553695514,-7.90180662825,10.7000000148)) ;
#2264=CARTESIAN_POINT('Control Point',(3.14748515977,-7.87399069949,10.1544680313)) ;
#2265=CARTESIAN_POINT('Control Point',(2.93005053853,-7.98888172605,10.7000000148)) ;
#2266=CARTESIAN_POINT('Control Point',(2.91718680542,-7.96298878319,10.1544680313)) ;
#2267=CARTESIAN_POINT('Control Point',(2.79118766677,-8.06882553048,10.7000000148)) ;
#2268=CARTESIAN_POINT('Control Point',(2.77524285805,-8.04470353295,10.1544680313)) ;
#2269=CARTESIAN_POINT('Control Point',(2.66677139321,-8.16879254806,10.7000000148)) ;
#2270=CARTESIAN_POINT('Control Point',(2.6480665791,-8.14689034889,10.1544680313)) ;
#2271=CARTESIAN_POINT('Control Point',(2.56009207929,-8.28504112866,10.7000000148)) ;
#2272=CARTESIAN_POINT('Control Point',(2.53902741793,-8.265710454,10.1544680313)) ;
#53=DIRECTION('Axis2P3D Direction',(-0.,-0.,-1.)) ;
#54=DIRECTION('Axis2P3D XDirection',(0.479425538604,-0.87758256189,0.)) ;
#58=DIRECTION('Axis2P3D Direction',(0.,0.,-1.)) ;
#67=DIRECTION('Vector Direction',(0.168660014224,-0.30873008518,-0.936076671062)) ;
#74=DIRECTION('Axis2P3D Direction',(0.,0.,-1.)) ;
#81=DIRECTION('Vector Direction',(-0.168660014224,0.30873008518,-0.936076671062)) ;
#93=DIRECTION('Axis2P3D Direction',(0.,0.,-1.)) ;
#98=DIRECTION('Axis2P3D Direction',(0.,0.,-1.)) ;
#110=DIRECTION('Axis2P3D Direction',(0.,0.,1.)) ;
#111=DIRECTION('Axis2P3D XDirection',(1.,0.,0.)) ;
#120=DIRECTION('Axis2P3D Direction',(-0.,-0.,-1.)) ;
#121=DIRECTION('Axis2P3D XDirection',(0.479425538604,-0.87758256189,0.)) ;
#125=DIRECTION('Axis2P3D Direction',(0.,0.,-1.)) ;
#134=DIRECTION('Vector Direction',(0.168660014224,-0.30873008518,-0.936076671062)) ;
#141=DIRECTION('Axis2P3D Direction',(0.,0.,-1.)) ;
#148=DIRECTION('Vector Direction',(-0.168660014224,0.30873008518,-0.936076671062)) ;
#160=DIRECTION('Axis2P3D Direction',(0.,0.,-1.)) ;
#165=DIRECTION('Axis2P3D Direction',(0.,0.,-1.)) ;
#182=DIRECTION('Axis2P3D Direction',(-0.,-0.,-1.)) ;
#183=DIRECTION('Axis2P3D XDirection',(0.479425538604,-0.87758256189,0.)) ;
#187=DIRECTION('Axis2P3D Direction',(0.,0.,-1.)) ;
#196=DIRECTION('Vector Direction',(0.168660014224,-0.30873008518,-0.936076671062)) ;
#203=DIRECTION('Axis2P3D Direction',(0.,0.,-1.)) ;
#210=DIRECTION('Vector Direction',(-0.168660014224,0.30873008518,-0.936076671062)) ;
#222=DIRECTION('Axis2P3D Direction',(0.,0.,-1.)) ;
#227=DIRECTION('Axis2P3D Direction',(0.,0.,-1.)) ;
#244=DIRECTION('Axis2P3D Direction',(0.,-0.998629534755,-0.0523359562429)) ;
#245=DIRECTION('Axis2P3D XDirection',(0.,0.0523359562429,-0.998629534755)) ;
#261=DIRECTION('Vector Direction',(1.,0.,0.)) ;
#278=DIRECTION('Vector Direction',(1.,0.,0.)) ;
#290=DIRECTION('Axis2P3D Direction',(0.,0.,-1.)) ;
#291=DIRECTION('Axis2P3D XDirection',(-0.999962528079,-0.00865693007918,0.)) ;
#346=DIRECTION('Axis2P3D Direction',(1.,0.,-0.)) ;
#347=DIRECTION('Axis2P3D XDirection',(0.,0.998629534755,0.0523359562429)) ;
#351=DIRECTION('Vector Direction',(1.,0.,0.)) ;
#372=DIRECTION('Axis2P3D Direction',(0.,0.,-1.)) ;
#373=DIRECTION('Axis2P3D XDirection',(0.965779105714,0.259365994236,0.)) ;
#377=DIRECTION('Axis2P3D Direction',(0.,0.,-1.)) ;
#384=DIRECTION('Vector Direction',(0.,0.,-1.)) ;
#391=DIRECTION('Axis2P3D Direction',(0.,0.,-1.)) ;
#398=DIRECTION('Vector Direction',(0.,0.,-1.)) ;
#405=DIRECTION('Axis2P3D Direction',(0.,0.,-1.)) ;
#429=DIRECTION('Axis2P3D Direction',(0.,0.,-1.)) ;
#447=DIRECTION('Axis2P3D Direction',(0.,0.,1.)) ;
#448=DIRECTION('Axis2P3D XDirection',(-0.478571903657,0.878048365997,0.)) ;
#452=DIRECTION('Axis2P3D Direction',(0.,0.,1.)) ;
#488=DIRECTION('Axis2P3D Direction',(-0.,-0.,-1.)) ;
#489=DIRECTION('Axis2P3D XDirection',(0.87758256189,0.479425538604,0.)) ;
#493=DIRECTION('Axis2P3D Direction',(0.,0.,-1.)) ;
#500=DIRECTION('Vector Direction',(0.0459291225587,0.0250911940101,-0.998629534755)) ;
#507=DIRECTION('Axis2P3D Direction',(0.,0.,-1.)) ;
#519=DIRECTION('Axis2P3D Direction',(0.,0.,-1.)) ;
#526=DIRECTION('Vector Direction',(-0.0459291225587,-0.0250911940101,-0.998629534755)) ;
#533=DIRECTION('Axis2P3D Direction',(0.,0.,-1.)) ;
#545=DIRECTION('Axis2P3D Direction',(0.,0.,-1.)) ;
#552=DIRECTION('Axis2P3D Direction',(0.,0.,-1.)) ;
#580=DIRECTION('Axis2P3D Direction',(0.,0.,-1.)) ;
#581=DIRECTION('Axis2P3D XDirection',(-0.478571903657,-0.878048365997,0.)) ;
#591=DIRECTION('Axis2P3D Direction',(0.,0.,-1.)) ;
#603=DIRECTION('Axis2P3D Direction',(0.,0.998629534755,-0.0523359562429)) ;
#604=DIRECTION('Axis2P3D XDirection',(0.,0.0523359562429,0.998629534755)) ;
#608=DIRECTION('Vector Direction',(1.,0.,0.)) ;
#613=DIRECTION('Vector Direction',(1.,0.,0.)) ;
#625=DIRECTION('Axis2P3D Direction',(0.,9.43799605399E-017,-1.)) ;
#626=DIRECTION('Axis2P3D XDirection',(0.748955720789,-0.662620048216,0.)) ;
#630=DIRECTION('Axis2P3D Direction',(0.,0.,1.)) ;
#639=DIRECTION('Vector Direction',(0.0652757921305,-0.0577511424617,-0.996194698092)) ;
#646=DIRECTION('Axis2P3D Direction',(0.,0.,1.)) ;
#653=DIRECTION('Vector Direction',(-0.0652757921305,0.0577511424617,-0.996194698092)) ;
#660=DIRECTION('Axis2P3D Direction',(0.,0.,1.)) ;
#683=DIRECTION('Axis2P3D Direction',(0.746105718155,-0.660098578882,0.0871557427477)) ;
#684=DIRECTION('Axis2P3D XDirection',(-0.662620048216,-0.748955720789,0.)) ;
#688=DIRECTION('Vector Direction',(-0.662620048216,-0.748955720789,0.)) ;
#695=DIRECTION('Vector Direction',(-0.662620048216,-0.748955720789,0.)) ;
#702=DIRECTION('Vector Direction',(0.0652757921305,-0.0577511424617,-0.996194698092)) ;
#714=DIRECTION('Axis2P3D Direction',(0.,9.43799605399E-017,-1.)) ;
#715=DIRECTION('Axis2P3D XDirection',(-0.748955720789,0.662620048216,0.)) ;
#719=DIRECTION('Axis2P3D Direction',(0.,0.,1.)) ;
#726=DIRECTION('Vector Direction',(-0.0652757921305,0.0577511424617,-0.996194698092)) ;
#733=DIRECTION('Axis2P3D Direction',(0.,0.,1.)) ;
#745=DIRECTION('Axis2P3D Direction',(-0.746105718155,0.660098578882,0.0871557427477)) ;
#746=DIRECTION('Axis2P3D XDirection',(0.662620048216,0.748955720789,0.)) ;
#750=DIRECTION('Vector Direction',(0.662620048216,0.748955720789,0.)) ;
#755=DIRECTION('Vector Direction',(0.662620048216,0.748955720789,0.)) ;
#767=DIRECTION('Axis2P3D Direction',(0.,0.,1.)) ;
#768=DIRECTION('Axis2P3D XDirection',(0.362956839252,-0.931805952353,0.)) ;
#772=DIRECTION('Axis2P3D Direction',(0.,0.,1.)) ;
#781=DIRECTION('Axis2P3D Direction',(-0.866025403784,-0.5,0.)) ;
#788=DIRECTION('Axis2P3D Direction',(0.,0.,1.)) ;
#795=DIRECTION('Axis2P3D Direction',(0.866025403784,0.5,-0.)) ;
#807=DIRECTION('Axis2P3D Direction',(0.,0.,-1.)) ;
#808=DIRECTION('Axis2P3D XDirection',(0.704336962009,-0.709865792912,0.)) ;
#812=DIRECTION('Axis2P3D Direction',(0.,-0.,-1.)) ;
#817=DIRECTION('Axis2P3D Direction',(0.,-0.,-1.)) ;
#829=DIRECTION('Axis2P3D Direction',(0.,0.,1.)) ;
#830=DIRECTION('Axis2P3D XDirection',(0.988446045763,-0.151573132892,0.)) ;
#834=DIRECTION('Axis2P3D Direction',(-0.,0.,1.)) ;
#843=DIRECTION('Axis2P3D Direction',(-5.44009282066E-015,-1.,0.)) ;
#850=DIRECTION('Axis2P3D Direction',(-0.,0.,1.)) ;
#857=DIRECTION('Axis2P3D Direction',(-4.99600361081E-016,1.,0.)) ;
#869=DIRECTION('Axis2P3D Direction',(0.,0.,-1.)) ;
#870=DIRECTION('Axis2P3D XDirection',(0.966930290936,0.255040805502,0.)) ;
#874=DIRECTION('Axis2P3D Direction',(0.,0.,-1.)) ;
#879=DIRECTION('Axis2P3D Direction',(0.,0.,-1.)) ;
#891=DIRECTION('Axis2P3D Direction',(0.,0.,1.)) ;
#892=DIRECTION('Axis2P3D XDirection',(0.625489206509,0.780232819446,0.)) ;
#896=DIRECTION('Axis2P3D Direction',(0.,-0.,1.)) ;
#905=DIRECTION('Axis2P3D Direction',(0.866025403784,-0.5,0.)) ;
#912=DIRECTION('Axis2P3D Direction',(0.,-0.,1.)) ;
#919=DIRECTION('Axis2P3D Direction',(-0.866025403784,0.5,0.)) ;
#931=DIRECTION('Axis2P3D Direction',(0.,0.,-1.)) ;
#932=DIRECTION('Axis2P3D XDirection',(0.262593328916,0.964906598386,0.)) ;
#936=DIRECTION('Axis2P3D Direction',(0.,0.,-1.)) ;
#941=DIRECTION('Axis2P3D Direction',(0.,0.,-1.)) ;
#953=DIRECTION('Axis2P3D Direction',(0.,0.,-1.)) ;
#954=DIRECTION('Axis2P3D XDirection',(0.,1.,0.)) ;
#958=DIRECTION('Vector Direction',(1.,0.,0.)) ;
#970=DIRECTION('Axis2P3D Direction',(1.,0.,-0.)) ;
#971=DIRECTION('Axis2P3D XDirection',(0.,0.,1.)) ;
#982=DIRECTION('Axis2P3D Direction',(0.,0.,1.)) ;
#983=DIRECTION('Axis2P3D XDirection',(-0.994902538939,-0.100841152376,0.)) ;
#987=DIRECTION('Axis2P3D Direction',(0.479425538604,-0.87758256189,0.)) ;
#994=DIRECTION('Axis2P3D Direction',(0.,-0.,1.)) ;
#1001=DIRECTION('Axis2P3D Direction',(-0.479425538604,0.87758256189,0.)) ;
#1017=DIRECTION('Axis2P3D Direction',(0.,0.,1.)) ;
#1018=DIRECTION('Axis2P3D XDirection',(0.87758256189,0.479425538604,0.)) ;
#1022=DIRECTION('Axis2P3D Direction',(-0.,0.,1.)) ;
#1034=DIRECTION('Axis2P3D Direction',(0.,0.,1.)) ;
#1035=DIRECTION('Axis2P3D XDirection',(1.,0.,0.)) ;
#1046=DIRECTION('Axis2P3D Direction',(0.,0.,1.)) ;
#1047=DIRECTION('Axis2P3D XDirection',(0.5,-0.866025403784,0.)) ;
#1051=DIRECTION('Vector Direction',(0.00872620321864,-0.0151142273319,0.999847695156)) ;
#1058=DIRECTION('Axis2P3D Direction',(0.,0.,1.)) ;
#1065=DIRECTION('Vector Direction',(-0.00872620321864,0.0151142273319,0.999847695156)) ;
#1077=DIRECTION('Axis2P3D Direction',(0.,0.,1.)) ;
#1078=DIRECTION('Axis2P3D XDirection',(-0.5,0.866025403784,0.)) ;
#1082=DIRECTION('Axis2P3D Direction',(0.,0.,1.)) ;
#1094=DIRECTION('Axis2P3D Direction',(0.,0.,1.)) ;
#1095=DIRECTION('Axis2P3D XDirection',(1.,-4.34380435926E-015,0.)) ;
#1099=DIRECTION('Vector Direction',(0.0174524064373,-2.86696737958E-016,0.999847695156)) ;
#1106=DIRECTION('Axis2P3D Direction',(0.,0.,1.)) ;
#1113=DIRECTION('Vector Direction',(-0.0174524064373,1.43348368979E-016,0.999847695156)) ;
#1125=DIRECTION('Axis2P3D Direction',(0.,0.,1.)) ;
#1126=DIRECTION('Axis2P3D XDirection',(-1.,4.08848403274E-016,0.)) ;
#1130=DIRECTION('Axis2P3D Direction',(0.,0.,1.)) ;
#1142=DIRECTION('Axis2P3D Direction',(0.,0.,1.)) ;
#1143=DIRECTION('Axis2P3D XDirection',(0.5,0.866025403784,0.)) ;
#1147=DIRECTION('Vector Direction',(0.00872620321864,0.0151142273319,0.999847695156)) ;
#1154=DIRECTION('Axis2P3D Direction',(0.,0.,1.)) ;
#1161=DIRECTION('Vector Direction',(-0.00872620321864,-0.0151142273319,0.999847695156)) ;
#1173=DIRECTION('Axis2P3D Direction',(0.,0.,1.)) ;
#1174=DIRECTION('Axis2P3D XDirection',(-0.5,-0.866025403784,0.)) ;
#1178=DIRECTION('Axis2P3D Direction',(0.,0.,1.)) ;
#1190=DIRECTION('Axis2P3D Direction',(0.,0.,1.)) ;
#1191=DIRECTION('Axis2P3D XDirection',(1.,0.,0.)) ;
#1200=DIRECTION('Axis2P3D Direction',(0.,0.,1.)) ;
#1201=DIRECTION('Axis2P3D XDirection',(1.,0.,0.)) ;
#1209=DIRECTION('Axis2P3D Direction',(0.,0.,1.)) ;
#1218=DIRECTION('Axis2P3D Direction',(0.,0.,1.)) ;
#1232=DIRECTION('Axis2P3D Direction',(0.,0.,1.)) ;
#1241=DIRECTION('Axis2P3D Direction',(0.,0.,1.)) ;
#1255=DIRECTION('Axis2P3D Direction',(0.,0.,1.)) ;
#1264=DIRECTION('Axis2P3D Direction',(0.,0.,1.)) ;
#1274=DIRECTION('Axis2P3D Direction',(0.,0.,1.)) ;
#1275=DIRECTION('Axis2P3D XDirection',(-1.,1.22460635382E-016,0.)) ;
#1279=DIRECTION('Vector Direction',(0.0348994967025,-8.54762908142E-018,0.999390827019)) ;
#1286=DIRECTION('Vector Direction',(-0.0348994967025,4.27381454071E-018,0.999390827019)) ;
#1293=DIRECTION('Axis2P3D Direction',(0.,0.,1.)) ;
#1305=DIRECTION('Axis2P3D Direction',(0.,0.,1.)) ;
#1306=DIRECTION('Axis2P3D XDirection',(1.,0.,0.)) ;
#1310=DIRECTION('Axis2P3D Direction',(0.,0.,1.)) ;
#1322=DIRECTION('Axis2P3D Direction',(0.,0.,1.)) ;
#1323=DIRECTION('Axis2P3D XDirection',(0.5,0.866025403784,0.)) ;
#1327=DIRECTION('Vector Direction',(-0.0174497483513,-0.0302238507237,0.999390827019)) ;
#1334=DIRECTION('Vector Direction',(0.0174497483513,0.0302238507237,0.999390827019)) ;
#1341=DIRECTION('Axis2P3D Direction',(0.,0.,1.)) ;
#1353=DIRECTION('Axis2P3D Direction',(0.,0.,1.)) ;
#1354=DIRECTION('Axis2P3D XDirection',(-0.5,-0.866025403784,0.)) ;
#1358=DIRECTION('Axis2P3D Direction',(0.,0.,1.)) ;
#1370=DIRECTION('Axis2P3D Direction',(0.,0.,1.)) ;
#1371=DIRECTION('Axis2P3D XDirection',(0.5,-0.866025403784,0.)) ;
#1375=DIRECTION('Vector Direction',(-0.0174497483513,0.0302238507237,0.999390827019)) ;
#1382=DIRECTION('Vector Direction',(0.0174497483513,-0.0302238507237,0.999390827019)) ;
#1389=DIRECTION('Axis2P3D Direction',(0.,0.,1.)) ;
#1401=DIRECTION('Axis2P3D Direction',(0.,0.,1.)) ;
#1402=DIRECTION('Axis2P3D XDirection',(-0.5,0.866025403784,0.)) ;
#1406=DIRECTION('Axis2P3D Direction',(0.,0.,1.)) ;
#1418=DIRECTION('Axis2P3D Direction',(4.44359901896E-012,-1.29475366415E-012,1.)) ;
#1419=DIRECTION('Axis2P3D XDirection',(0.950248742606,0.311492098094,-3.81935580715E-012)) ;
#1423=DIRECTION('Vector Direction',(0.529919264232,-8.97346842009E-014,0.848048096157)) ;
#1430=DIRECTION('Vector Direction',(-0.529919264227,-8.92636359902E-014,0.848048096161)) ;
#1437=DIRECTION('Axis2P3D Direction',(-8.14782859276E-013,2.48428174085E-012,-1.)) ;
#1449=DIRECTION('Axis2P3D Direction',(-0.,9.31433899362E-012,1.)) ;
#1450=DIRECTION('Axis2P3D XDirection',(-0.960655313617,-0.277743349911,2.58701074366E-012)) ;
#1454=DIRECTION('Axis2P3D Direction',(2.48521117924E-012,-8.59581813772E-012,-1.)) ;
#1466=DIRECTION('Axis2P3D Direction',(2.28845349476E-013,2.04405554872E-013,1.)) ;
#1467=DIRECTION('Axis2P3D XDirection',(0.721022812825,0.692911324331,-3.06504533758E-013)) ;
#1471=DIRECTION('Vector Direction',(-0.264959632116,-0.45892354478,0.848048096157)) ;
#1478=DIRECTION('Vector Direction',(0.264959632117,0.458923544781,0.848048096156)) ;
#1485=DIRECTION('Axis2P3D Direction',(7.45536897892E-015,-8.3527959755E-015,1.)) ;
#1497=DIRECTION('Axis2P3D Direction',(-1.29086551501E-012,-2.10626593499E-012,1.)) ;
#1498=DIRECTION('Axis2P3D XDirection',(0.419183774188,0.907901406243,2.45344225416E-012)) ;
#1502=DIRECTION('Axis2P3D Direction',(2.62443529832E-013,-1.21171823933E-013,-1.)) ;
#1514=DIRECTION('Axis2P3D Direction',(2.05516454627E-012,3.57265361124E-012,1.)) ;
#1515=DIRECTION('Axis2P3D XDirection',(-0.831145135088,0.556055540768,-2.78384851762E-013)) ;
#1519=DIRECTION('Vector Direction',(-0.264959632114,0.458923544782,0.848048096156)) ;
#1526=DIRECTION('Vector Direction',(0.264959632117,-0.458923544776,0.848048096159)) ;
#1533=DIRECTION('Axis2P3D Direction',(-2.28660008522E-012,-3.41781782104E-012,-1.)) ;
#1545=DIRECTION('Axis2P3D Direction',(3.70818338132E-012,-1.64413163702E-012,1.)) ;
#1546=DIRECTION('Axis2P3D XDirection',(-0.349517756423,0.936929740133,2.83657292136E-012)) ;
#1550=DIRECTION('Axis2P3D Direction',(2.71677215376E-012,1.01348059222E-012,1.)) ;
#1562=DIRECTION('Axis2P3D Direction',(0.,0.,1.)) ;
#1563=DIRECTION('Axis2P3D XDirection',(1.,0.,0.)) ;
#1588=DIRECTION('Axis1P Direction',(0.,0.,1.)) ;
#1616=DIRECTION('Axis2P3D Direction',(0.,0.,1.)) ;
#1632=DIRECTION('Axis2P3D Direction',(0.,0.,1.)) ;
#1683=DIRECTION('Axis2P3D Direction',(0.,0.,1.)) ;
#1684=DIRECTION('Axis2P3D XDirection',(1.,0.,0.)) ;
#1688=DIRECTION('Axis2P3D Direction',(0.,0.,1.)) ;
#1697=DIRECTION('Axis2P3D Direction',(0.,0.,1.)) ;
#1711=DIRECTION('Axis2P3D Direction',(0.,0.,1.)) ;
#1720=DIRECTION('Axis2P3D Direction',(0.,0.,1.)) ;
#1734=DIRECTION('Axis2P3D Direction',(0.,0.,1.)) ;
#1754=DIRECTION('Axis1P Direction',(0.,0.,1.)) ;
#1758=DIRECTION('Axis2P3D Direction',(0.,0.,1.)) ;
#1773=DIRECTION('Axis2P3D Direction',(0.,0.,1.)) ;
#1824=DIRECTION('Axis1P Direction',(0.,0.,1.)) ;
#1828=DIRECTION('Axis2P3D Direction',(0.,0.,1.)) ;
#1861=DIRECTION('Axis2P3D Direction',(0.,0.,1.)) ;
#1912=DIRECTION('Axis1P Direction',(0.,0.,1.)) ;
#1931=DIRECTION('Axis2P3D Direction',(0.,0.,1.)) ;
#1971=DIRECTION('Axis1P Direction',(0.,0.,1.)) ;
#1975=DIRECTION('Axis2P3D Direction',(0.,0.,1.)) ;
#2026=DIRECTION('Axis2P3D Direction',(0.,0.,1.)) ;
#2027=DIRECTION('Axis2P3D XDirection',(0.87758256189,0.479425538604,0.)) ;
#2031=DIRECTION('Axis2P3D Direction',(0.,0.,1.)) ;
#2036=DIRECTION('Axis2P3D Direction',(0.,0.,1.)) ;
#2054=DIRECTION('Axis2P3D Direction',(0.,0.,1.)) ;
#2059=DIRECTION('Axis2P3D Direction',(0.,0.,1.)) ;
#2076=DIRECTION('Axis2P3D Direction',(0.,0.,1.)) ;
#2081=DIRECTION('Axis2P3D Direction',(0.,0.,1.)) ;
#2098=DIRECTION('Axis2P3D Direction',(0.,0.,1.)) ;
#2099=DIRECTION('Axis2P3D XDirection',(1.,0.,0.)) ;
#2169=DIRECTION('Axis2P3D Direction',(0.,0.,1.)) ;
#2170=DIRECTION('Axis2P3D XDirection',(1.,0.,0.)) ;
#2174=DIRECTION('Axis2P3D Direction',(0.,0.,1.)) ;
#2181=DIRECTION('Axis2P3D Direction',(0.,0.,1.)) ;
#2215=DIRECTION('Axis1P Direction',(0.,0.,1.)) ;
#48=AXIS2_PLACEMENT_3D(' ',#47,$,$) ;
#55=AXIS2_PLACEMENT_3D('Cone Axis2P3D',#52,#53,#54) ;
#59=AXIS2_PLACEMENT_3D('Circle Axis2P3D',#57,#58,$) ;
#75=AXIS2_PLACEMENT_3D('Circle Axis2P3D',#73,#74,$) ;
#94=AXIS2_PLACEMENT_3D('Circle Axis2P3D',#92,#93,$) ;
#99=AXIS2_PLACEMENT_3D('Circle Axis2P3D',#97,#98,$) ;
#112=AXIS2_PLACEMENT_3D('Plane Axis2P3D',#109,#110,#111) ;
#122=AXIS2_PLACEMENT_3D('Cone Axis2P3D',#119,#120,#121) ;
#126=AXIS2_PLACEMENT_3D('Circle Axis2P3D',#124,#125,$) ;
#142=AXIS2_PLACEMENT_3D('Circle Axis2P3D',#140,#141,$) ;
#161=AXIS2_PLACEMENT_3D('Circle Axis2P3D',#159,#160,$) ;
#166=AXIS2_PLACEMENT_3D('Circle Axis2P3D',#164,#165,$) ;
#184=AXIS2_PLACEMENT_3D('Cone Axis2P3D',#181,#182,#183) ;
#188=AXIS2_PLACEMENT_3D('Circle Axis2P3D',#186,#187,$) ;
#204=AXIS2_PLACEMENT_3D('Circle Axis2P3D',#202,#203,$) ;
#223=AXIS2_PLACEMENT_3D('Circle Axis2P3D',#221,#222,$) ;
#228=AXIS2_PLACEMENT_3D('Circle Axis2P3D',#226,#227,$) ;
#246=AXIS2_PLACEMENT_3D('Plane Axis2P3D',#243,#244,#245) ;
#292=AXIS2_PLACEMENT_3D('Cone Axis2P3D',#289,#290,#291) ;
#348=AXIS2_PLACEMENT_3D('Cylinder Axis2P3D',#345,#346,#347) ;
#374=AXIS2_PLACEMENT_3D('Cylinder Axis2P3D',#371,#372,#373) ;
#378=AXIS2_PLACEMENT_3D('Circle Axis2P3D',#376,#377,$) ;
#392=AXIS2_PLACEMENT_3D('Circle Axis2P3D',#390,#391,$) ;
#406=AXIS2_PLACEMENT_3D('Circle Axis2P3D',#404,#405,$) ;
#430=AXIS2_PLACEMENT_3D('Circle Axis2P3D',#428,#429,$) ;
#449=AXIS2_PLACEMENT_3D('Cylinder Axis2P3D',#446,#447,#448) ;
#453=AXIS2_PLACEMENT_3D('Circle Axis2P3D',#451,#452,$) ;
#490=AXIS2_PLACEMENT_3D('Cone Axis2P3D',#487,#488,#489) ;
#494=AXIS2_PLACEMENT_3D('Circle Axis2P3D',#492,#493,$) ;
#508=AXIS2_PLACEMENT_3D('Circle Axis2P3D',#506,#507,$) ;
#520=AXIS2_PLACEMENT_3D('Circle Axis2P3D',#518,#519,$) ;
#534=AXIS2_PLACEMENT_3D('Circle Axis2P3D',#532,#533,$) ;
#546=AXIS2_PLACEMENT_3D('Circle Axis2P3D',#544,#545,$) ;
#553=AXIS2_PLACEMENT_3D('Circle Axis2P3D',#551,#552,$) ;
#582=AXIS2_PLACEMENT_3D('Cylinder Axis2P3D',#579,#580,#581) ;
#592=AXIS2_PLACEMENT_3D('Circle Axis2P3D',#590,#591,$) ;
#605=AXIS2_PLACEMENT_3D('Plane Axis2P3D',#602,#603,#604) ;
#627=AXIS2_PLACEMENT_3D('Cone Axis2P3D',#624,#625,#626) ;
#631=AXIS2_PLACEMENT_3D('Circle Axis2P3D',#629,#630,$) ;
#647=AXIS2_PLACEMENT_3D('Circle Axis2P3D',#645,#646,$) ;
#661=AXIS2_PLACEMENT_3D('Circle Axis2P3D',#659,#660,$) ;
#685=AXIS2_PLACEMENT_3D('Plane Axis2P3D',#682,#683,#684) ;
#716=AXIS2_PLACEMENT_3D('Cone Axis2P3D',#713,#714,#715) ;
#720=AXIS2_PLACEMENT_3D('Circle Axis2P3D',#718,#719,$) ;
#734=AXIS2_PLACEMENT_3D('Circle Axis2P3D',#732,#733,$) ;
#747=AXIS2_PLACEMENT_3D('Plane Axis2P3D',#744,#745,#746) ;
#769=AXIS2_PLACEMENT_3D('Torus Axis2P3D',#766,#767,#768) ;
#773=AXIS2_PLACEMENT_3D('Circle Axis2P3D',#771,#772,$) ;
#782=AXIS2_PLACEMENT_3D('Circle Axis2P3D',#780,#781,$) ;
#789=AXIS2_PLACEMENT_3D('Circle Axis2P3D',#787,#788,$) ;
#796=AXIS2_PLACEMENT_3D('Circle Axis2P3D',#794,#795,$) ;
#809=AXIS2_PLACEMENT_3D('Torus Axis2P3D',#806,#807,#808) ;
#813=AXIS2_PLACEMENT_3D('Circle Axis2P3D',#811,#812,$) ;
#818=AXIS2_PLACEMENT_3D('Circle Axis2P3D',#816,#817,$) ;
#831=AXIS2_PLACEMENT_3D('Torus Axis2P3D',#828,#829,#830) ;
#835=AXIS2_PLACEMENT_3D('Circle Axis2P3D',#833,#834,$) ;
#844=AXIS2_PLACEMENT_3D('Circle Axis2P3D',#842,#843,$) ;
#851=AXIS2_PLACEMENT_3D('Circle Axis2P3D',#849,#850,$) ;
#858=AXIS2_PLACEMENT_3D('Circle Axis2P3D',#856,#857,$) ;
#871=AXIS2_PLACEMENT_3D('Torus Axis2P3D',#868,#869,#870) ;
#875=AXIS2_PLACEMENT_3D('Circle Axis2P3D',#873,#874,$) ;
#880=AXIS2_PLACEMENT_3D('Circle Axis2P3D',#878,#879,$) ;
#893=AXIS2_PLACEMENT_3D('Torus Axis2P3D',#890,#891,#892) ;
#897=AXIS2_PLACEMENT_3D('Circle Axis2P3D',#895,#896,$) ;
#906=AXIS2_PLACEMENT_3D('Circle Axis2P3D',#904,#905,$) ;
#913=AXIS2_PLACEMENT_3D('Circle Axis2P3D',#911,#912,$) ;
#920=AXIS2_PLACEMENT_3D('Circle Axis2P3D',#918,#919,$) ;
#933=AXIS2_PLACEMENT_3D('Torus Axis2P3D',#930,#931,#932) ;
#937=AXIS2_PLACEMENT_3D('Circle Axis2P3D',#935,#936,$) ;
#942=AXIS2_PLACEMENT_3D('Circle Axis2P3D',#940,#941,$) ;
#955=AXIS2_PLACEMENT_3D('Plane Axis2P3D',#952,#953,#954) ;
#972=AXIS2_PLACEMENT_3D('Cylinder Axis2P3D',#969,#970,#971) ;
#984=AXIS2_PLACEMENT_3D('Torus Axis2P3D',#981,#982,#983) ;
#988=AXIS2_PLACEMENT_3D('Circle Axis2P3D',#986,#987,$) ;
#995=AXIS2_PLACEMENT_3D('Circle Axis2P3D',#993,#994,$) ;
#1002=AXIS2_PLACEMENT_3D('Circle Axis2P3D',#1000,#1001,$) ;
#1019=AXIS2_PLACEMENT_3D('Torus Axis2P3D',#1016,#1017,#1018) ;
#1023=AXIS2_PLACEMENT_3D('Circle Axis2P3D',#1021,#1022,$) ;
#1036=AXIS2_PLACEMENT_3D('Plane Axis2P3D',#1033,#1034,#1035) ;
#1048=AXIS2_PLACEMENT_3D('Cone Axis2P3D',#1045,#1046,#1047) ;
#1059=AXIS2_PLACEMENT_3D('Circle Axis2P3D',#1057,#1058,$) ;
#1079=AXIS2_PLACEMENT_3D('Cone Axis2P3D',#1076,#1077,#1078) ;
#1083=AXIS2_PLACEMENT_3D('Circle Axis2P3D',#1081,#1082,$) ;
#1096=AXIS2_PLACEMENT_3D('Cone Axis2P3D',#1093,#1094,#1095) ;
#1107=AXIS2_PLACEMENT_3D('Circle Axis2P3D',#1105,#1106,$) ;
#1127=AXIS2_PLACEMENT_3D('Cone Axis2P3D',#1124,#1125,#1126) ;
#1131=AXIS2_PLACEMENT_3D('Circle Axis2P3D',#1129,#1130,$) ;
#1144=AXIS2_PLACEMENT_3D('Cone Axis2P3D',#1141,#1142,#1143) ;
#1155=AXIS2_PLACEMENT_3D('Circle Axis2P3D',#1153,#1154,$) ;
#1175=AXIS2_PLACEMENT_3D('Cone Axis2P3D',#1172,#1173,#1174) ;
#1179=AXIS2_PLACEMENT_3D('Circle Axis2P3D',#1177,#1178,$) ;
#1192=AXIS2_PLACEMENT_3D('Plane Axis2P3D',#1189,#1190,#1191) ;
#1202=AXIS2_PLACEMENT_3D('Plane Axis2P3D',#1199,#1200,#1201) ;
#1210=AXIS2_PLACEMENT_3D('Circle Axis2P3D',#1208,#1209,$) ;
#1219=AXIS2_PLACEMENT_3D('Circle Axis2P3D',#1217,#1218,$) ;
#1233=AXIS2_PLACEMENT_3D('Circle Axis2P3D',#1231,#1232,$) ;
#1242=AXIS2_PLACEMENT_3D('Circle Axis2P3D',#1240,#1241,$) ;
#1256=AXIS2_PLACEMENT_3D('Circle Axis2P3D',#1254,#1255,$) ;
#1265=AXIS2_PLACEMENT_3D('Circle Axis2P3D',#1263,#1264,$) ;
#1276=AXIS2_PLACEMENT_3D('Cone Axis2P3D',#1273,#1274,#1275) ;
#1294=AXIS2_PLACEMENT_3D('Circle Axis2P3D',#1292,#1293,$) ;
#1307=AXIS2_PLACEMENT_3D('Cone Axis2P3D',#1304,#1305,#1306) ;
#1311=AXIS2_PLACEMENT_3D('Circle Axis2P3D',#1309,#1310,$) ;
#1324=AXIS2_PLACEMENT_3D('Cone Axis2P3D',#1321,#1322,#1323) ;
#1342=AXIS2_PLACEMENT_3D('Circle Axis2P3D',#1340,#1341,$) ;
#1355=AXIS2_PLACEMENT_3D('Cone Axis2P3D',#1352,#1353,#1354) ;
#1359=AXIS2_PLACEMENT_3D('Circle Axis2P3D',#1357,#1358,$) ;
#1372=AXIS2_PLACEMENT_3D('Cone Axis2P3D',#1369,#1370,#1371) ;
#1390=AXIS2_PLACEMENT_3D('Circle Axis2P3D',#1388,#1389,$) ;
#1403=AXIS2_PLACEMENT_3D('Cone Axis2P3D',#1400,#1401,#1402) ;
#1407=AXIS2_PLACEMENT_3D('Circle Axis2P3D',#1405,#1406,$) ;
#1420=AXIS2_PLACEMENT_3D('Cone Axis2P3D',#1417,#1418,#1419) ;
#1438=AXIS2_PLACEMENT_3D('Circle Axis2P3D',#1436,#1437,$) ;
#1451=AXIS2_PLACEMENT_3D('Cone Axis2P3D',#1448,#1449,#1450) ;
#1455=AXIS2_PLACEMENT_3D('Circle Axis2P3D',#1453,#1454,$) ;
#1468=AXIS2_PLACEMENT_3D('Cone Axis2P3D',#1465,#1466,#1467) ;
#1486=AXIS2_PLACEMENT_3D('Circle Axis2P3D',#1484,#1485,$) ;
#1499=AXIS2_PLACEMENT_3D('Cone Axis2P3D',#1496,#1497,#1498) ;
#1503=AXIS2_PLACEMENT_3D('Circle Axis2P3D',#1501,#1502,$) ;
#1516=AXIS2_PLACEMENT_3D('Cone Axis2P3D',#1513,#1514,#1515) ;
#1534=AXIS2_PLACEMENT_3D('Circle Axis2P3D',#1532,#1533,$) ;
#1547=AXIS2_PLACEMENT_3D('Cone Axis2P3D',#1544,#1545,#1546) ;
#1551=AXIS2_PLACEMENT_3D('Circle Axis2P3D',#1549,#1550,$) ;
#1564=AXIS2_PLACEMENT_3D('Plane Axis2P3D',#1561,#1562,#1563) ;
#1617=AXIS2_PLACEMENT_3D('Circle Axis2P3D',#1615,#1616,$) ;
#1633=AXIS2_PLACEMENT_3D('Circle Axis2P3D',#1631,#1632,$) ;
#1685=AXIS2_PLACEMENT_3D('Plane Axis2P3D',#1682,#1683,#1684) ;
#1689=AXIS2_PLACEMENT_3D('Circle Axis2P3D',#1687,#1688,$) ;
#1698=AXIS2_PLACEMENT_3D('Circle Axis2P3D',#1696,#1697,$) ;
#1712=AXIS2_PLACEMENT_3D('Circle Axis2P3D',#1710,#1711,$) ;
#1721=AXIS2_PLACEMENT_3D('Circle Axis2P3D',#1719,#1720,$) ;
#1735=AXIS2_PLACEMENT_3D('Circle Axis2P3D',#1733,#1734,$) ;
#1759=AXIS2_PLACEMENT_3D('Circle Axis2P3D',#1757,#1758,$) ;
#1774=AXIS2_PLACEMENT_3D('Circle Axis2P3D',#1772,#1773,$) ;
#1829=AXIS2_PLACEMENT_3D('Circle Axis2P3D',#1827,#1828,$) ;
#1862=AXIS2_PLACEMENT_3D('Circle Axis2P3D',#1860,#1861,$) ;
#1932=AXIS2_PLACEMENT_3D('Circle Axis2P3D',#1930,#1931,$) ;
#1976=AXIS2_PLACEMENT_3D('Circle Axis2P3D',#1974,#1975,$) ;
#2028=AXIS2_PLACEMENT_3D('Cone Axis2P3D',#2025,#2026,#2027) ;
#2032=AXIS2_PLACEMENT_3D('Circle Axis2P3D',#2030,#2031,$) ;
#2037=AXIS2_PLACEMENT_3D('Circle Axis2P3D',#2035,#2036,$) ;
#2055=AXIS2_PLACEMENT_3D('Circle Axis2P3D',#2053,#2054,$) ;
#2060=AXIS2_PLACEMENT_3D('Circle Axis2P3D',#2058,#2059,$) ;
#2077=AXIS2_PLACEMENT_3D('Circle Axis2P3D',#2075,#2076,$) ;
#2082=AXIS2_PLACEMENT_3D('Circle Axis2P3D',#2080,#2081,$) ;
#2100=AXIS2_PLACEMENT_3D('Plane Axis2P3D',#2097,#2098,#2099) ;
#2171=AXIS2_PLACEMENT_3D('Plane Axis2P3D',#2168,#2169,#2170) ;
#2175=AXIS2_PLACEMENT_3D('Circle Axis2P3D',#2173,#2174,$) ;
#2182=AXIS2_PLACEMENT_3D('Circle Axis2P3D',#2180,#2181,$) ;
#40=PRODUCT_DEFINITION_SHAPE(' ',' ',#14) ;
#31=APPROVAL_PERSON_ORGANIZATION(#25,#21,#19) ;
#25=PERSON_AND_ORGANIZATION(#22,#23) ;
#22=PERSON(' ',' ',' ',$,$,$) ;
#23=ORGANIZATION(' ',' ',' ') ;
#21=APPROVAL(#20,' ') ;
#20=APPROVAL_STATUS('not_yet_approved') ;
#19=APPROVAL_ROLE('APPROVER') ;
#13=DATE_AND_TIME(#11,#12) ;
#12=LOCAL_TIME(13,46,56.,#10) ;
#10=COORDINATED_UNIVERSAL_TIME_OFFSET(0,0,.AHEAD.) ;
#86=ORIENTED_EDGE('',*,*,#65,.F.) ;
#87=ORIENTED_EDGE('',*,*,#72,.T.) ;
#88=ORIENTED_EDGE('',*,*,#79,.T.) ;
#89=ORIENTED_EDGE('',*,*,#84,.F.) ;
#103=ORIENTED_EDGE('',*,*,#96,.F.) ;
#104=ORIENTED_EDGE('',*,*,#84,.T.) ;
#105=ORIENTED_EDGE('',*,*,#101,.T.) ;
#106=ORIENTED_EDGE('',*,*,#72,.F.) ;
#115=ORIENTED_EDGE('',*,*,#79,.F.) ;
#116=ORIENTED_EDGE('',*,*,#101,.F.) ;
#153=ORIENTED_EDGE('',*,*,#132,.F.) ;
#154=ORIENTED_EDGE('',*,*,#139,.T.) ;
#155=ORIENTED_EDGE('',*,*,#146,.T.) ;
#156=ORIENTED_EDGE('',*,*,#151,.F.) ;
#170=ORIENTED_EDGE('',*,*,#163,.F.) ;
#171=ORIENTED_EDGE('',*,*,#151,.T.) ;
#172=ORIENTED_EDGE('',*,*,#168,.T.) ;
#173=ORIENTED_EDGE('',*,*,#139,.F.) ;
#177=ORIENTED_EDGE('',*,*,#146,.F.) ;
#178=ORIENTED_EDGE('',*,*,#168,.F.) ;
#215=ORIENTED_EDGE('',*,*,#194,.F.) ;
#216=ORIENTED_EDGE('',*,*,#201,.T.) ;
#217=ORIENTED_EDGE('',*,*,#208,.T.) ;
#218=ORIENTED_EDGE('',*,*,#213,.F.) ;
#232=ORIENTED_EDGE('',*,*,#225,.F.) ;
#233=ORIENTED_EDGE('',*,*,#213,.T.) ;
#234=ORIENTED_EDGE('',*,*,#230,.T.) ;
#235=ORIENTED_EDGE('',*,*,#201,.F.) ;
#239=ORIENTED_EDGE('',*,*,#208,.F.) ;
#240=ORIENTED_EDGE('',*,*,#230,.F.) ;
#283=ORIENTED_EDGE('',*,*,#259,.T.) ;
#284=ORIENTED_EDGE('',*,*,#266,.F.) ;
#285=ORIENTED_EDGE('',*,*,#276,.F.) ;
#286=ORIENTED_EDGE('',*,*,#281,.F.) ;
#337=ORIENTED_EDGE('',*,*,#304,.T.) ;
#338=ORIENTED_EDGE('',*,*,#313,.F.) ;
#339=ORIENTED_EDGE('',*,*,#321,.F.) ;
#340=ORIENTED_EDGE('',*,*,#328,.T.) ;
#341=ORIENTED_EDGE('',*,*,#276,.T.) ;
#342=ORIENTED_EDGE('',*,*,#335,.F.) ;
#365=ORIENTED_EDGE('',*,*,#356,.F.) ;
#366=ORIENTED_EDGE('',*,*,#335,.T.) ;
#367=ORIENTED_EDGE('',*,*,#266,.T.) ;
#368=ORIENTED_EDGE('',*,*,#363,.T.) ;
#434=ORIENTED_EDGE('',*,*,#382,.T.) ;
#435=ORIENTED_EDGE('',*,*,#389,.F.) ;
#436=ORIENTED_EDGE('',*,*,#396,.T.) ;
#437=ORIENTED_EDGE('',*,*,#403,.T.) ;
#438=ORIENTED_EDGE('',*,*,#410,.T.) ;
#439=ORIENTED_EDGE('',*,*,#418,.T.) ;
#440=ORIENTED_EDGE('',*,*,#427,.T.) ;
#441=ORIENTED_EDGE('',*,*,#432,.F.) ;
#442=ORIENTED_EDGE('',*,*,#363,.F.) ;
#443=ORIENTED_EDGE('',*,*,#259,.F.) ;
#481=ORIENTED_EDGE('',*,*,#457,.F.) ;
#482=ORIENTED_EDGE('',*,*,#473,.F.) ;
#483=ORIENTED_EDGE('',*,*,#479,.F.) ;
#484=ORIENTED_EDGE('',*,*,#389,.T.) ;
#512=ORIENTED_EDGE('',*,*,#498,.T.) ;
#513=ORIENTED_EDGE('',*,*,#505,.F.) ;
#514=ORIENTED_EDGE('',*,*,#510,.F.) ;
#515=ORIENTED_EDGE('',*,*,#473,.T.) ;
#538=ORIENTED_EDGE('',*,*,#505,.T.) ;
#539=ORIENTED_EDGE('',*,*,#524,.T.) ;
#540=ORIENTED_EDGE('',*,*,#531,.F.) ;
#541=ORIENTED_EDGE('',*,*,#536,.F.) ;
#573=ORIENTED_EDGE('',*,*,#550,.F.) ;
#574=ORIENTED_EDGE('',*,*,#531,.T.) ;
#575=ORIENTED_EDGE('',*,*,#557,.T.) ;
#576=ORIENTED_EDGE('',*,*,#571,.F.) ;
#596=ORIENTED_EDGE('',*,*,#589,.T.) ;
#597=ORIENTED_EDGE('',*,*,#571,.T.) ;
#598=ORIENTED_EDGE('',*,*,#594,.F.) ;
#599=ORIENTED_EDGE('',*,*,#403,.F.) ;
#618=ORIENTED_EDGE('',*,*,#418,.F.) ;
#619=ORIENTED_EDGE('',*,*,#611,.T.) ;
#620=ORIENTED_EDGE('',*,*,#321,.T.) ;
#621=ORIENTED_EDGE('',*,*,#616,.T.) ;
#674=ORIENTED_EDGE('',*,*,#637,.T.) ;
#675=ORIENTED_EDGE('',*,*,#644,.T.) ;
#676=ORIENTED_EDGE('',*,*,#651,.T.) ;
#677=ORIENTED_EDGE('',*,*,#658,.F.) ;
#678=ORIENTED_EDGE('',*,*,#665,.T.) ;
#679=ORIENTED_EDGE('',*,*,#672,.F.) ;
#707=ORIENTED_EDGE('',*,*,#693,.T.) ;
#708=ORIENTED_EDGE('',*,*,#644,.F.) ;
#709=ORIENTED_EDGE('',*,*,#700,.T.) ;
#710=ORIENTED_EDGE('',*,*,#705,.T.) ;
#738=ORIENTED_EDGE('',*,*,#705,.F.) ;
#739=ORIENTED_EDGE('',*,*,#724,.T.) ;
#740=ORIENTED_EDGE('',*,*,#731,.T.) ;
#741=ORIENTED_EDGE('',*,*,#736,.T.) ;
#760=ORIENTED_EDGE('',*,*,#658,.T.) ;
#761=ORIENTED_EDGE('',*,*,#753,.T.) ;
#762=ORIENTED_EDGE('',*,*,#731,.F.) ;
#763=ORIENTED_EDGE('',*,*,#758,.T.) ;
#800=ORIENTED_EDGE('',*,*,#779,.T.) ;
#801=ORIENTED_EDGE('',*,*,#786,.T.) ;
#802=ORIENTED_EDGE('',*,*,#793,.F.) ;
#803=ORIENTED_EDGE('',*,*,#798,.F.) ;
#822=ORIENTED_EDGE('',*,*,#815,.T.) ;
#823=ORIENTED_EDGE('',*,*,#798,.T.) ;
#824=ORIENTED_EDGE('',*,*,#820,.F.) ;
#825=ORIENTED_EDGE('',*,*,#786,.F.) ;
#862=ORIENTED_EDGE('',*,*,#841,.T.) ;
#863=ORIENTED_EDGE('',*,*,#848,.T.) ;
#864=ORIENTED_EDGE('',*,*,#855,.F.) ;
#865=ORIENTED_EDGE('',*,*,#860,.F.) ;
#884=ORIENTED_EDGE('',*,*,#877,.T.) ;
#885=ORIENTED_EDGE('',*,*,#860,.T.) ;
#886=ORIENTED_EDGE('',*,*,#882,.F.) ;
#887=ORIENTED_EDGE('',*,*,#848,.F.) ;
#924=ORIENTED_EDGE('',*,*,#903,.T.) ;
#925=ORIENTED_EDGE('',*,*,#910,.T.) ;
#926=ORIENTED_EDGE('',*,*,#917,.F.) ;
#927=ORIENTED_EDGE('',*,*,#922,.F.) ;
#946=ORIENTED_EDGE('',*,*,#939,.T.) ;
#947=ORIENTED_EDGE('',*,*,#922,.T.) ;
#948=ORIENTED_EDGE('',*,*,#944,.F.) ;
#949=ORIENTED_EDGE('',*,*,#910,.F.) ;
#963=ORIENTED_EDGE('',*,*,#432,.T.) ;
#964=ORIENTED_EDGE('',*,*,#961,.F.) ;
#965=ORIENTED_EDGE('',*,*,#304,.F.) ;
#966=ORIENTED_EDGE('',*,*,#356,.T.) ;
#975=ORIENTED_EDGE('',*,*,#616,.F.) ;
#976=ORIENTED_EDGE('',*,*,#313,.T.) ;
#977=ORIENTED_EDGE('',*,*,#961,.T.) ;
#978=ORIENTED_EDGE('',*,*,#427,.F.) ;
#1006=ORIENTED_EDGE('',*,*,#510,.T.) ;
#1007=ORIENTED_EDGE('',*,*,#992,.F.) ;
#1008=ORIENTED_EDGE('',*,*,#999,.F.) ;
#1009=ORIENTED_EDGE('',*,*,#1004,.T.) ;
#1010=ORIENTED_EDGE('',*,*,#550,.T.) ;
#1011=ORIENTED_EDGE('',*,*,#589,.F.) ;
#1012=ORIENTED_EDGE('',*,*,#396,.F.) ;
#1013=ORIENTED_EDGE('',*,*,#479,.T.) ;
#1027=ORIENTED_EDGE('',*,*,#992,.T.) ;
#1028=ORIENTED_EDGE('',*,*,#536,.T.) ;
#1029=ORIENTED_EDGE('',*,*,#1004,.F.) ;
#1030=ORIENTED_EDGE('',*,*,#1025,.F.) ;
#1039=ORIENTED_EDGE('',*,*,#693,.F.) ;
#1040=ORIENTED_EDGE('',*,*,#736,.F.) ;
#1041=ORIENTED_EDGE('',*,*,#753,.F.) ;
#1042=ORIENTED_EDGE('',*,*,#651,.F.) ;
#1070=ORIENTED_EDGE('',*,*,#1056,.T.) ;
#1071=ORIENTED_EDGE('',*,*,#1063,.F.) ;
#1072=ORIENTED_EDGE('',*,*,#1068,.F.) ;
#1073=ORIENTED_EDGE('',*,*,#793,.T.) ;
#1087=ORIENTED_EDGE('',*,*,#1068,.T.) ;
#1088=ORIENTED_EDGE('',*,*,#1085,.F.) ;
#1089=ORIENTED_EDGE('',*,*,#1056,.F.) ;
#1090=ORIENTED_EDGE('',*,*,#820,.T.) ;
#1118=ORIENTED_EDGE('',*,*,#1104,.T.) ;
#1119=ORIENTED_EDGE('',*,*,#1111,.F.) ;
#1120=ORIENTED_EDGE('',*,*,#1116,.F.) ;
#1121=ORIENTED_EDGE('',*,*,#855,.T.) ;
#1135=ORIENTED_EDGE('',*,*,#1116,.T.) ;
#1136=ORIENTED_EDGE('',*,*,#1133,.F.) ;
#1137=ORIENTED_EDGE('',*,*,#1104,.F.) ;
#1138=ORIENTED_EDGE('',*,*,#882,.T.) ;
#1166=ORIENTED_EDGE('',*,*,#1152,.T.) ;
#1167=ORIENTED_EDGE('',*,*,#1159,.F.) ;
#1168=ORIENTED_EDGE('',*,*,#1164,.F.) ;
#1169=ORIENTED_EDGE('',*,*,#917,.T.) ;
#1183=ORIENTED_EDGE('',*,*,#1164,.T.) ;
#1184=ORIENTED_EDGE('',*,*,#1181,.F.) ;
#1185=ORIENTED_EDGE('',*,*,#1152,.F.) ;
#1186=ORIENTED_EDGE('',*,*,#944,.T.) ;
#1195=ORIENTED_EDGE('',*,*,#999,.T.) ;
#1196=ORIENTED_EDGE('',*,*,#1025,.T.) ;
#1205=ORIENTED_EDGE('',*,*,#1085,.T.) ;
#1206=ORIENTED_EDGE('',*,*,#1063,.T.) ;
#1223=ORIENTED_EDGE('',*,*,#1216,.F.) ;
#1224=ORIENTED_EDGE('',*,*,#1221,.F.) ;
#1228=ORIENTED_EDGE('',*,*,#1111,.T.) ;
#1229=ORIENTED_EDGE('',*,*,#1133,.T.) ;
#1246=ORIENTED_EDGE('',*,*,#1239,.F.) ;
#1247=ORIENTED_EDGE('',*,*,#1244,.F.) ;
#1251=ORIENTED_EDGE('',*,*,#1181,.T.) ;
#1252=ORIENTED_EDGE('',*,*,#1159,.T.) ;
#1269=ORIENTED_EDGE('',*,*,#1262,.F.) ;
#1270=ORIENTED_EDGE('',*,*,#1267,.F.) ;
#1298=ORIENTED_EDGE('',*,*,#1284,.F.) ;
#1299=ORIENTED_EDGE('',*,*,#1221,.T.) ;
#1300=ORIENTED_EDGE('',*,*,#1291,.T.) ;
#1301=ORIENTED_EDGE('',*,*,#1296,.F.) ;
#1315=ORIENTED_EDGE('',*,*,#1291,.F.) ;
#1316=ORIENTED_EDGE('',*,*,#1216,.T.) ;
#1317=ORIENTED_EDGE('',*,*,#1284,.T.) ;
#1318=ORIENTED_EDGE('',*,*,#1313,.F.) ;
#1346=ORIENTED_EDGE('',*,*,#1332,.F.) ;
#1347=ORIENTED_EDGE('',*,*,#1244,.T.) ;
#1348=ORIENTED_EDGE('',*,*,#1339,.T.) ;
#1349=ORIENTED_EDGE('',*,*,#1344,.F.) ;
#1363=ORIENTED_EDGE('',*,*,#1339,.F.) ;
#1364=ORIENTED_EDGE('',*,*,#1239,.T.) ;
#1365=ORIENTED_EDGE('',*,*,#1332,.T.) ;
#1366=ORIENTED_EDGE('',*,*,#1361,.F.) ;
#1394=ORIENTED_EDGE('',*,*,#1380,.F.) ;
#1395=ORIENTED_EDGE('',*,*,#1267,.T.) ;
#1396=ORIENTED_EDGE('',*,*,#1387,.T.) ;
#1397=ORIENTED_EDGE('',*,*,#1392,.F.) ;
#1411=ORIENTED_EDGE('',*,*,#1387,.F.) ;
#1412=ORIENTED_EDGE('',*,*,#1262,.T.) ;
#1413=ORIENTED_EDGE('',*,*,#1380,.T.) ;
#1414=ORIENTED_EDGE('',*,*,#1409,.F.) ;
#1442=ORIENTED_EDGE('',*,*,#1428,.T.) ;
#1443=ORIENTED_EDGE('',*,*,#1296,.T.) ;
#1444=ORIENTED_EDGE('',*,*,#1435,.F.) ;
#1445=ORIENTED_EDGE('',*,*,#1440,.F.) ;
#1459=ORIENTED_EDGE('',*,*,#1435,.T.) ;
#1460=ORIENTED_EDGE('',*,*,#1313,.T.) ;
#1461=ORIENTED_EDGE('',*,*,#1428,.F.) ;
#1462=ORIENTED_EDGE('',*,*,#1457,.F.) ;
#1490=ORIENTED_EDGE('',*,*,#1476,.T.) ;
#1491=ORIENTED_EDGE('',*,*,#1344,.T.) ;
#1492=ORIENTED_EDGE('',*,*,#1483,.F.) ;
#1493=ORIENTED_EDGE('',*,*,#1488,.F.) ;
#1507=ORIENTED_EDGE('',*,*,#1483,.T.) ;
#1508=ORIENTED_EDGE('',*,*,#1361,.T.) ;
#1509=ORIENTED_EDGE('',*,*,#1476,.F.) ;
#1510=ORIENTED_EDGE('',*,*,#1505,.F.) ;
#1538=ORIENTED_EDGE('',*,*,#1524,.T.) ;
#1539=ORIENTED_EDGE('',*,*,#1392,.T.) ;
#1540=ORIENTED_EDGE('',*,*,#1531,.F.) ;
#1541=ORIENTED_EDGE('',*,*,#1536,.F.) ;
#1555=ORIENTED_EDGE('',*,*,#1531,.T.) ;
#1556=ORIENTED_EDGE('',*,*,#1409,.T.) ;
#1557=ORIENTED_EDGE('',*,*,#1524,.F.) ;
#1558=ORIENTED_EDGE('',*,*,#1553,.F.) ;
#1567=ORIENTED_EDGE('',*,*,#1457,.T.) ;
#1568=ORIENTED_EDGE('',*,*,#1440,.T.) ;
#1572=ORIENTED_EDGE('',*,*,#1488,.T.) ;
#1573=ORIENTED_EDGE('',*,*,#1505,.T.) ;
#1577=ORIENTED_EDGE('',*,*,#1553,.T.) ;
#1578=ORIENTED_EDGE('',*,*,#1536,.T.) ;
#1673=ORIENTED_EDGE('',*,*,#1614,.F.) ;
#1674=ORIENTED_EDGE('',*,*,#1621,.F.) ;
#1675=ORIENTED_EDGE('',*,*,#1630,.T.) ;
#1676=ORIENTED_EDGE('',*,*,#1637,.T.) ;
#1677=ORIENTED_EDGE('',*,*,#1646,.F.) ;
#1678=ORIENTED_EDGE('',*,*,#1665,.T.) ;
#1679=ORIENTED_EDGE('',*,*,#1671,.T.) ;
#1702=ORIENTED_EDGE('',*,*,#1695,.F.) ;
#1703=ORIENTED_EDGE('',*,*,#1700,.F.) ;
#1706=ORIENTED_EDGE('',*,*,#194,.T.) ;
#1707=ORIENTED_EDGE('',*,*,#225,.T.) ;
#1725=ORIENTED_EDGE('',*,*,#1718,.F.) ;
#1726=ORIENTED_EDGE('',*,*,#1723,.F.) ;
#1729=ORIENTED_EDGE('',*,*,#65,.T.) ;
#1730=ORIENTED_EDGE('',*,*,#96,.T.) ;
#1739=ORIENTED_EDGE('',*,*,#1637,.F.) ;
#1740=ORIENTED_EDGE('',*,*,#1737,.F.) ;
#1743=ORIENTED_EDGE('',*,*,#132,.T.) ;
#1744=ORIENTED_EDGE('',*,*,#163,.T.) ;
#1806=ORIENTED_EDGE('',*,*,#1765,.F.) ;
#1807=ORIENTED_EDGE('',*,*,#1771,.F.) ;
#1808=ORIENTED_EDGE('',*,*,#1646,.T.) ;
#1809=ORIENTED_EDGE('',*,*,#1737,.T.) ;
#1810=ORIENTED_EDGE('',*,*,#1630,.F.) ;
#1811=ORIENTED_EDGE('',*,*,#1778,.F.) ;
#1812=ORIENTED_EDGE('',*,*,#1787,.F.) ;
#1813=ORIENTED_EDGE('',*,*,#1797,.F.) ;
#1814=ORIENTED_EDGE('',*,*,#1804,.T.) ;
#1894=ORIENTED_EDGE('',*,*,#1835,.F.) ;
#1895=ORIENTED_EDGE('',*,*,#1842,.T.) ;
#1896=ORIENTED_EDGE('',*,*,#1695,.T.) ;
#1897=ORIENTED_EDGE('',*,*,#1851,.F.) ;
#1898=ORIENTED_EDGE('',*,*,#1859,.T.) ;
#1899=ORIENTED_EDGE('',*,*,#1866,.F.) ;
#1900=ORIENTED_EDGE('',*,*,#1875,.F.) ;
#1901=ORIENTED_EDGE('',*,*,#1885,.F.) ;
#1902=ORIENTED_EDGE('',*,*,#1892,.T.) ;
#1954=ORIENTED_EDGE('',*,*,#1922,.T.) ;
#1955=ORIENTED_EDGE('',*,*,#1723,.T.) ;
#1956=ORIENTED_EDGE('',*,*,#1929,.F.) ;
#1957=ORIENTED_EDGE('',*,*,#1665,.F.) ;
#1958=ORIENTED_EDGE('',*,*,#1771,.T.) ;
#1959=ORIENTED_EDGE('',*,*,#1936,.F.) ;
#1960=ORIENTED_EDGE('',*,*,#1945,.F.) ;
#1961=ORIENTED_EDGE('',*,*,#1952,.F.) ;
#2014=ORIENTED_EDGE('',*,*,#1980,.F.) ;
#2015=ORIENTED_EDGE('',*,*,#1859,.F.) ;
#2016=ORIENTED_EDGE('',*,*,#1997,.F.) ;
#2017=ORIENTED_EDGE('',*,*,#1671,.F.) ;
#2018=ORIENTED_EDGE('',*,*,#1929,.T.) ;
#2019=ORIENTED_EDGE('',*,*,#1718,.T.) ;
#2020=ORIENTED_EDGE('',*,*,#1922,.F.) ;
#2021=ORIENTED_EDGE('',*,*,#2005,.T.) ;
#2022=ORIENTED_EDGE('',*,*,#2012,.T.) ;
#2041=ORIENTED_EDGE('',*,*,#2012,.F.) ;
#2042=ORIENTED_EDGE('',*,*,#2034,.T.) ;
#2043=ORIENTED_EDGE('',*,*,#1945,.T.) ;
#2044=ORIENTED_EDGE('',*,*,#2039,.F.) ;
#2048=ORIENTED_EDGE('',*,*,#2034,.F.) ;
#2049=ORIENTED_EDGE('',*,*,#2005,.F.) ;
#2050=ORIENTED_EDGE('',*,*,#1952,.T.) ;
#2064=ORIENTED_EDGE('',*,*,#1892,.F.) ;
#2065=ORIENTED_EDGE('',*,*,#2057,.T.) ;
#2066=ORIENTED_EDGE('',*,*,#1875,.T.) ;
#2067=ORIENTED_EDGE('',*,*,#2062,.F.) ;
#2071=ORIENTED_EDGE('',*,*,#2057,.F.) ;
#2072=ORIENTED_EDGE('',*,*,#1885,.T.) ;
#2086=ORIENTED_EDGE('',*,*,#1787,.T.) ;
#2087=ORIENTED_EDGE('',*,*,#2079,.F.) ;
#2088=ORIENTED_EDGE('',*,*,#1804,.F.) ;
#2089=ORIENTED_EDGE('',*,*,#2084,.T.) ;
#2093=ORIENTED_EDGE('',*,*,#2084,.F.) ;
#2094=ORIENTED_EDGE('',*,*,#1797,.T.) ;
#2103=ORIENTED_EDGE('',*,*,#281,.T.) ;
#2104=ORIENTED_EDGE('',*,*,#328,.F.) ;
#2105=ORIENTED_EDGE('',*,*,#611,.F.) ;
#2106=ORIENTED_EDGE('',*,*,#410,.F.) ;
#2107=ORIENTED_EDGE('',*,*,#594,.T.) ;
#2108=ORIENTED_EDGE('',*,*,#557,.F.) ;
#2109=ORIENTED_EDGE('',*,*,#524,.F.) ;
#2110=ORIENTED_EDGE('',*,*,#498,.F.) ;
#2111=ORIENTED_EDGE('',*,*,#457,.T.) ;
#2112=ORIENTED_EDGE('',*,*,#382,.F.) ;
#2115=ORIENTED_EDGE('',*,*,#779,.F.) ;
#2116=ORIENTED_EDGE('',*,*,#815,.F.) ;
#2141=ORIENTED_EDGE('',*,*,#637,.F.) ;
#2142=ORIENTED_EDGE('',*,*,#2125,.T.) ;
#2143=ORIENTED_EDGE('',*,*,#1835,.T.) ;
#2144=ORIENTED_EDGE('',*,*,#2062,.T.) ;
#2145=ORIENTED_EDGE('',*,*,#1866,.T.) ;
#2146=ORIENTED_EDGE('',*,*,#1980,.T.) ;
#2147=ORIENTED_EDGE('',*,*,#2039,.T.) ;
#2148=ORIENTED_EDGE('',*,*,#1936,.T.) ;
#2149=ORIENTED_EDGE('',*,*,#1765,.T.) ;
#2150=ORIENTED_EDGE('',*,*,#2079,.T.) ;
#2151=ORIENTED_EDGE('',*,*,#1778,.T.) ;
#2152=ORIENTED_EDGE('',*,*,#1621,.T.) ;
#2153=ORIENTED_EDGE('',*,*,#2139,.T.) ;
#2154=ORIENTED_EDGE('',*,*,#665,.F.) ;
#2155=ORIENTED_EDGE('',*,*,#758,.F.) ;
#2156=ORIENTED_EDGE('',*,*,#724,.F.) ;
#2157=ORIENTED_EDGE('',*,*,#700,.F.) ;
#2160=ORIENTED_EDGE('',*,*,#877,.F.) ;
#2161=ORIENTED_EDGE('',*,*,#841,.F.) ;
#2164=ORIENTED_EDGE('',*,*,#939,.F.) ;
#2165=ORIENTED_EDGE('',*,*,#903,.F.) ;
#2202=ORIENTED_EDGE('',*,*,#2179,.T.) ;
#2203=ORIENTED_EDGE('',*,*,#672,.T.) ;
#2204=ORIENTED_EDGE('',*,*,#2186,.T.) ;
#2205=ORIENTED_EDGE('',*,*,#2200,.F.) ;
#2242=ORIENTED_EDGE('',*,*,#2186,.F.) ;
#2243=ORIENTED_EDGE('',*,*,#2139,.F.) ;
#2244=ORIENTED_EDGE('',*,*,#1614,.T.) ;
#2245=ORIENTED_EDGE('',*,*,#1997,.T.) ;
#2246=ORIENTED_EDGE('',*,*,#1851,.T.) ;
#2247=ORIENTED_EDGE('',*,*,#1700,.T.) ;
#2248=ORIENTED_EDGE('',*,*,#1842,.F.) ;
#2249=ORIENTED_EDGE('',*,*,#2125,.F.) ;
#2250=ORIENTED_EDGE('',*,*,#2179,.F.) ;
#2251=ORIENTED_EDGE('',*,*,#2240,.F.) ;
#2274=ORIENTED_EDGE('',*,*,#2200,.T.) ;
#2275=ORIENTED_EDGE('',*,*,#2240,.T.) ;
#1225=FACE_BOUND('',#1222,.T.) ;
#1248=FACE_BOUND('',#1245,.T.) ;
#1271=FACE_BOUND('',#1268,.T.) ;
#1708=FACE_BOUND('',#1705,.T.) ;
#1731=FACE_BOUND('',#1728,.T.) ;
#1745=FACE_BOUND('',#1742,.T.) ;
#2117=FACE_BOUND('',#2114,.T.) ;
#2158=FACE_BOUND('',#2140,.T.) ;
#2162=FACE_BOUND('',#2159,.T.) ;
#2166=FACE_BOUND('',#2163,.T.) ;
#51=CLOSED_SHELL('Closed Shell',(#91,#108,#118,#158,#175,#180,#220,#237,#242,#288,#344,#370,#445,#486,#517,#543,#578,#601,#623,#681,#712,#743,#765,#805,#827,#867,#889,#929,#951,#968,#980,#1015,#1032,#1044,#1075,#1092,#1123,#1140,#1171,#1188,#1198,#1226,#1249,#1272,#1303,#1320,#1351,#1368,#1399,#1416,#1447,#1464,#1495,#1512,#1543,#1560,#1570,#1575,#1580,#1681,#1709,#1732,#1746,#1816,#1904,#1963,#2024,#2046,#2052,#2069,#2074,#2091,#2096,#2167,#2207,#2253,#2277)) ;
#68=VECTOR('Line Direction',#67,1.) ;
#82=VECTOR('Line Direction',#81,1.) ;
#135=VECTOR('Line Direction',#134,1.) ;
#149=VECTOR('Line Direction',#148,1.) ;
#197=VECTOR('Line Direction',#196,1.) ;
#211=VECTOR('Line Direction',#210,1.) ;
#262=VECTOR('Line Direction',#261,1.) ;
#279=VECTOR('Line Direction',#278,1.) ;
#352=VECTOR('Line Direction',#351,1.) ;
#385=VECTOR('Line Direction',#384,1.) ;
#399=VECTOR('Line Direction',#398,1.) ;
#501=VECTOR('Line Direction',#500,1.) ;
#527=VECTOR('Line Direction',#526,1.) ;
#609=VECTOR('Line Direction',#608,1.) ;
#614=VECTOR('Line Direction',#613,1.) ;
#640=VECTOR('Line Direction',#639,1.) ;
#654=VECTOR('Line Direction',#653,1.) ;
#689=VECTOR('Line Direction',#688,1.) ;
#696=VECTOR('Line Direction',#695,1.) ;
#703=VECTOR('Line Direction',#702,1.) ;
#727=VECTOR('Line Direction',#726,1.) ;
#751=VECTOR('Line Direction',#750,1.) ;
#756=VECTOR('Line Direction',#755,1.) ;
#959=VECTOR('Line Direction',#958,1.) ;
#1052=VECTOR('Line Direction',#1051,1.) ;
#1066=VECTOR('Line Direction',#1065,1.) ;
#1100=VECTOR('Line Direction',#1099,1.) ;
#1114=VECTOR('Line Direction',#1113,1.) ;
#1148=VECTOR('Line Direction',#1147,1.) ;
#1162=VECTOR('Line Direction',#1161,1.) ;
#1280=VECTOR('Line Direction',#1279,1.) ;
#1287=VECTOR('Line Direction',#1286,1.) ;
#1328=VECTOR('Line Direction',#1327,1.) ;
#1335=VECTOR('Line Direction',#1334,1.) ;
#1376=VECTOR('Line Direction',#1375,1.) ;
#1383=VECTOR('Line Direction',#1382,1.) ;
#1424=VECTOR('Line Direction',#1423,1.) ;
#1431=VECTOR('Line Direction',#1430,1.) ;
#1472=VECTOR('Line Direction',#1471,1.) ;
#1479=VECTOR('Line Direction',#1478,1.) ;
#1520=VECTOR('Line Direction',#1519,1.) ;
#1527=VECTOR('Line Direction',#1526,1.) ;
#2279=ADVANCED_BREP_SHAPE_REPRESENTATION('NONE',(#2278),#46) ;
#49=SHAPE_REPRESENTATION(' ',(#48),#46) ;
#91=ADVANCED_FACE('Cute-3-ISF-SS_mech',(#90),#56,.F.) ;
#108=ADVANCED_FACE('Cute-3-ISF-SS_mech',(#107),#56,.F.) ;
#118=ADVANCED_FACE('Cute-3-ISF-SS_mech',(#117),#113,.F.) ;
#158=ADVANCED_FACE('Cute-3-ISF-SS_mech',(#157),#123,.F.) ;
#175=ADVANCED_FACE('Cute-3-ISF-SS_mech',(#174),#123,.F.) ;
#180=ADVANCED_FACE('Cute-3-ISF-SS_mech',(#179),#113,.F.) ;
#220=ADVANCED_FACE('Cute-3-ISF-SS_mech',(#219),#185,.F.) ;
#237=ADVANCED_FACE('Cute-3-ISF-SS_mech',(#236),#185,.F.) ;
#242=ADVANCED_FACE('Cute-3-ISF-SS_mech',(#241),#113,.F.) ;
#288=ADVANCED_FACE('Cute-3-ISF-SS_mech',(#287),#247,.F.) ;
#344=ADVANCED_FACE('Cute-3-ISF-SS_mech',(#343),#293,.T.) ;
#370=ADVANCED_FACE('Cute-3-ISF-SS_mech',(#369),#349,.T.) ;
#445=ADVANCED_FACE('Cute-3-ISF-SS_mech',(#444),#375,.T.) ;
#486=ADVANCED_FACE('Cute-3-ISF-SS_mech',(#485),#450,.F.) ;
#517=ADVANCED_FACE('Cute-3-ISF-SS_mech',(#516),#491,.T.) ;
#543=ADVANCED_FACE('Cute-3-ISF-SS_mech',(#542),#491,.T.) ;
#578=ADVANCED_FACE('Cute-3-ISF-SS_mech',(#577),#491,.T.) ;
#601=ADVANCED_FACE('Cute-3-ISF-SS_mech',(#600),#583,.F.) ;
#623=ADVANCED_FACE('Cute-3-ISF-SS_mech',(#622),#606,.F.) ;
#681=ADVANCED_FACE('Cute-3-ISF-SS_mech',(#680),#628,.F.) ;
#712=ADVANCED_FACE('Cute-3-ISF-SS_mech',(#711),#686,.F.) ;
#743=ADVANCED_FACE('Cute-3-ISF-SS_mech',(#742),#717,.F.) ;
#765=ADVANCED_FACE('Cute-3-ISF-SS_mech',(#764),#748,.F.) ;
#805=ADVANCED_FACE('Cute-3-ISF-SS_mech',(#804),#770,.F.) ;
#827=ADVANCED_FACE('Cute-3-ISF-SS_mech',(#826),#810,.F.) ;
#867=ADVANCED_FACE('Cute-3-ISF-SS_mech',(#866),#832,.F.) ;
#889=ADVANCED_FACE('Cute-3-ISF-SS_mech',(#888),#872,.F.) ;
#929=ADVANCED_FACE('Cute-3-ISF-SS_mech',(#928),#894,.F.) ;
#951=ADVANCED_FACE('Cute-3-ISF-SS_mech',(#950),#934,.F.) ;
#968=ADVANCED_FACE('Cute-3-ISF-SS_mech',(#967),#956,.F.) ;
#980=ADVANCED_FACE('Cute-3-ISF-SS_mech',(#979),#973,.T.) ;
#1015=ADVANCED_FACE('Cute-3-ISF-SS_mech',(#1014),#985,.T.) ;
#1032=ADVANCED_FACE('Cute-3-ISF-SS_mech',(#1031),#1020,.T.) ;
#1044=ADVANCED_FACE('Cute-3-ISF-SS_mech',(#1043),#1037,.F.) ;
#1075=ADVANCED_FACE('Cute-3-ISF-SS_mech',(#1074),#1049,.T.) ;
#1092=ADVANCED_FACE('Cute-3-ISF-SS_mech',(#1091),#1080,.T.) ;
#1123=ADVANCED_FACE('Cute-3-ISF-SS_mech',(#1122),#1097,.T.) ;
#1140=ADVANCED_FACE('Cute-3-ISF-SS_mech',(#1139),#1128,.T.) ;
#1171=ADVANCED_FACE('Cute-3-ISF-SS_mech',(#1170),#1145,.T.) ;
#1188=ADVANCED_FACE('Cute-3-ISF-SS_mech',(#1187),#1176,.T.) ;
#1198=ADVANCED_FACE('Cute-3-ISF-SS_mech',(#1197),#1193,.T.) ;
#1226=ADVANCED_FACE('Cute-3-ISF-SS_mech',(#1207,#1225),#1203,.F.) ;
#1249=ADVANCED_FACE('Cute-3-ISF-SS_mech',(#1230,#1248),#1203,.F.) ;
#1272=ADVANCED_FACE('Cute-3-ISF-SS_mech',(#1253,#1271),#1203,.F.) ;
#1303=ADVANCED_FACE('Cute-3-ISF-SS_mech',(#1302),#1277,.T.) ;
#1320=ADVANCED_FACE('Cute-3-ISF-SS_mech',(#1319),#1308,.T.) ;
#1351=ADVANCED_FACE('Cute-3-ISF-SS_mech',(#1350),#1325,.T.) ;
#1368=ADVANCED_FACE('Cute-3-ISF-SS_mech',(#1367),#1356,.T.) ;
#1399=ADVANCED_FACE('Cute-3-ISF-SS_mech',(#1398),#1373,.T.) ;
#1416=ADVANCED_FACE('Cute-3-ISF-SS_mech',(#1415),#1404,.T.) ;
#1447=ADVANCED_FACE('Cute-3-ISF-SS_mech',(#1446),#1421,.T.) ;
#1464=ADVANCED_FACE('Cute-3-ISF-SS_mech',(#1463),#1452,.T.) ;
#1495=ADVANCED_FACE('Cute-3-ISF-SS_mech',(#1494),#1469,.T.) ;
#1512=ADVANCED_FACE('Cute-3-ISF-SS_mech',(#1511),#1500,.T.) ;
#1543=ADVANCED_FACE('Cute-3-ISF-SS_mech',(#1542),#1517,.T.) ;
#1560=ADVANCED_FACE('Cute-3-ISF-SS_mech',(#1559),#1548,.T.) ;
#1570=ADVANCED_FACE('Cute-3-ISF-SS_mech',(#1569),#1565,.F.) ;
#1575=ADVANCED_FACE('Cute-3-ISF-SS_mech',(#1574),#1565,.F.) ;
#1580=ADVANCED_FACE('Cute-3-ISF-SS_mech',(#1579),#1565,.F.) ;
#1681=ADVANCED_FACE('Cute-3-ISF-SS_mech',(#1680),#1590,.F.) ;
#1709=ADVANCED_FACE('Cute-3-ISF-SS_mech',(#1704,#1708),#1686,.F.) ;
#1732=ADVANCED_FACE('Cute-3-ISF-SS_mech',(#1727,#1731),#1686,.F.) ;
#1746=ADVANCED_FACE('Cute-3-ISF-SS_mech',(#1741,#1745),#1686,.F.) ;
#1816=ADVANCED_FACE('Cute-3-ISF-SS_mech',(#1815),#1756,.F.) ;
#1904=ADVANCED_FACE('Cute-3-ISF-SS_mech',(#1903),#1826,.F.) ;
#1963=ADVANCED_FACE('Cute-3-ISF-SS_mech',(#1962),#1914,.F.) ;
#2024=ADVANCED_FACE('Cute-3-ISF-SS_mech',(#2023),#1973,.F.) ;
#2046=ADVANCED_FACE('Cute-3-ISF-SS_mech',(#2045),#2029,.T.) ;
#2052=ADVANCED_FACE('Cute-3-ISF-SS_mech',(#2051),#2029,.T.) ;
#2069=ADVANCED_FACE('Cute-3-ISF-SS_mech',(#2068),#2029,.T.) ;
#2074=ADVANCED_FACE('Cute-3-ISF-SS_mech',(#2073),#2029,.T.) ;
#2091=ADVANCED_FACE('Cute-3-ISF-SS_mech',(#2090),#2029,.T.) ;
#2096=ADVANCED_FACE('Cute-3-ISF-SS_mech',(#2095),#2029,.T.) ;
#2167=ADVANCED_FACE('Cute-3-ISF-SS_mech',(#2113,#2117,#2158,#2162,#2166),#2101,.F.) ;
#2207=ADVANCED_FACE('Cute-3-ISF-SS_mech',(#2206),#2172,.T.) ;
#2253=ADVANCED_FACE('Cute-3-ISF-SS_mech',(#2252),#2217,.F.) ;
#2277=ADVANCED_FACE('Cute-3-ISF-SS_mech',(#2276),#2254,.T.) ;
#4=APPLICATION_PROTOCOL_DEFINITION('international standard','config_control_design',1994,#1) ;
#32=APPROVAL_DATE_TIME(#13,#21) ;
#1589=AXIS1_PLACEMENT('Revolution Surface Axis1P',#1587,#1588) ;
#1755=AXIS1_PLACEMENT('Revolution Surface Axis1P',#1753,#1754) ;
#1825=AXIS1_PLACEMENT('Revolution Surface Axis1P',#1823,#1824) ;
#1913=AXIS1_PLACEMENT('Revolution Surface Axis1P',#1911,#1912) ;
#1972=AXIS1_PLACEMENT('Revolution Surface Axis1P',#1970,#1971) ;
#2216=AXIS1_PLACEMENT('Revolution Surface Axis1P',#2214,#2215) ;
#248=B_SPLINE_CURVE_WITH_KNOTS('',5,(#249,#250,#251,#252,#253,#254),.UNSPECIFIED.,.F.,.U.,(6,6),(0.,3.33151865722),.UNSPECIFIED.) ;
#267=B_SPLINE_CURVE_WITH_KNOTS('',5,(#268,#269,#270,#271,#272,#273),.UNSPECIFIED.,.F.,.U.,(6,6),(0.,3.33415968452),.UNSPECIFIED.) ;
#294=B_SPLINE_CURVE_WITH_KNOTS('',4,(#295,#296,#297,#298,#299),.UNSPECIFIED.,.F.,.U.,(5,5),(0.68794121296,10.3287366876),.UNSPECIFIED.) ;
#305=B_SPLINE_CURVE_WITH_KNOTS('',4,(#306,#307,#308,#309,#310),.UNSPECIFIED.,.F.,.U.,(5,5),(0.,1.08414509377),.UNSPECIFIED.) ;
#314=B_SPLINE_CURVE_WITH_KNOTS('',3,(#315,#316,#317,#318),.UNSPECIFIED.,.F.,.U.,(4,4),(0.,3.33415968452),.UNSPECIFIED.) ;
#322=B_SPLINE_CURVE_WITH_KNOTS('',4,(#323,#324,#325,#326,#327),.UNSPECIFIED.,.F.,.U.,(5,5),(0.,11.3976583379),.UNSPECIFIED.) ;
#329=B_SPLINE_CURVE_WITH_KNOTS('',4,(#330,#331,#332,#333,#334),.UNSPECIFIED.,.F.,.U.,(5,5),(0.,1.08414518268),.UNSPECIFIED.) ;
#357=B_SPLINE_CURVE_WITH_KNOTS('',4,(#358,#359,#360,#361,#362),.UNSPECIFIED.,.F.,.U.,(5,5),(0.,1.08600231544),.UNSPECIFIED.) ;
#411=B_SPLINE_CURVE_WITH_KNOTS('',3,(#412,#413,#414,#415),.UNSPECIFIED.,.F.,.U.,(4,4),(0.,3.33151865722),.UNSPECIFIED.) ;
#419=B_SPLINE_CURVE_WITH_KNOTS('',4,(#420,#421,#422,#423,#424),.UNSPECIFIED.,.F.,.U.,(5,5),(0.,1.08600231543),.UNSPECIFIED.) ;
#458=B_SPLINE_CURVE_WITH_KNOTS('',5,(#459,#460,#461,#462,#463,#464,#465,#466,#467,#468,#469,#470),.UNSPECIFIED.,.F.,.U.,(6,3,3,6),(0.,1.44897269127,3.59939832487,4.51453280247),.UNSPECIFIED.) ;
#474=B_SPLINE_CURVE_WITH_KNOTS('',3,(#475,#476,#477,#478),.UNSPECIFIED.,.F.,.U.,(4,4),(0.,0.0721882224834),.UNSPECIFIED.) ;
#558=B_SPLINE_CURVE_WITH_KNOTS('',5,(#559,#560,#561,#562,#563,#564,#565,#566,#567,#568,#569,#570),.UNSPECIFIED.,.F.,.U.,(6,3,3,6),(0.,1.44897269055,3.59939832342,4.51453280102),.UNSPECIFIED.) ;
#584=B_SPLINE_CURVE_WITH_KNOTS('',3,(#585,#586,#587,#588),.UNSPECIFIED.,.F.,.U.,(4,4),(0.,0.0721882224833),.UNSPECIFIED.) ;
#666=B_SPLINE_CURVE_WITH_KNOTS('',4,(#667,#668,#669,#670,#671),.UNSPECIFIED.,.F.,.U.,(5,5),(4.02630583985,5.7590000092),.UNSPECIFIED.) ;
#1581=B_SPLINE_CURVE_WITH_KNOTS('',4,(#1582,#1583,#1584,#1585,#1586),.UNSPECIFIED.,.F.,.U.,(5,5),(117.488346951,129.71752932),.UNSPECIFIED.) ;
#1591=B_SPLINE_CURVE_WITH_KNOTS('',5,(#1592,#1593,#1594,#1595,#1596,#1597,#1598,#1599,#1600,#1601,#1602,#1603,#1604,#1605,#1606,#1607,#1608,#1609),.UNSPECIFIED.,.F.,.U.,(6,3,3,3,3,6),(0.,3.22926198988,5.3321362465,7.07508343495,9.81822112169,14.0457241099),.UNSPECIFIED.) ;
#1622=B_SPLINE_CURVE_WITH_KNOTS('',4,(#1623,#1624,#1625,#1626,#1627),.UNSPECIFIED.,.F.,.U.,(5,5),(117.488346951,129.71752932),.UNSPECIFIED.) ;
#1638=B_SPLINE_CURVE_WITH_KNOTS('',4,(#1639,#1640,#1641,#1642,#1643),.UNSPECIFIED.,.F.,.U.,(5,5),(118.366921475,129.71752932),.UNSPECIFIED.) ;
#1647=B_SPLINE_CURVE_WITH_KNOTS('',5,(#1648,#1649,#1650,#1651,#1652,#1653,#1654,#1655,#1656,#1657,#1658,#1659,#1660,#1661,#1662),.UNSPECIFIED.,.F.,.U.,(6,3,3,3,6),(0.,3.01872090279,6.31299755112,9.49927910519,12.1903571627),.UNSPECIFIED.) ;
#1666=B_SPLINE_CURVE_WITH_KNOTS('',3,(#1667,#1668,#1669,#1670),.UNSPECIFIED.,.F.,.U.,(4,4),(0.,0.519756234772),.UNSPECIFIED.) ;
#1747=B_SPLINE_CURVE_WITH_KNOTS('',4,(#1748,#1749,#1750,#1751,#1752),.UNSPECIFIED.,.F.,.U.,(5,5),(117.488346951,129.71752932),.UNSPECIFIED.) ;
#1766=B_SPLINE_CURVE_WITH_KNOTS('',3,(#1767,#1768,#1769,#1770),.UNSPECIFIED.,.F.,.U.,(4,4),(0.,1.33364272285),.UNSPECIFIED.) ;
#1779=B_SPLINE_CURVE_WITH_KNOTS('',4,(#1780,#1781,#1782,#1783,#1784),.UNSPECIFIED.,.F.,.U.,(5,5),(0.,4.05464348629),.UNSPECIFIED.) ;
#1788=B_SPLINE_CURVE_WITH_KNOTS('',5,(#1789,#1790,#1791,#1792,#1793,#1794),.UNSPECIFIED.,.F.,.U.,(6,6),(0.,5.45604086442),.UNSPECIFIED.) ;
#1798=B_SPLINE_CURVE_WITH_KNOTS('',4,(#1799,#1800,#1801,#1802,#1803),.UNSPECIFIED.,.F.,.U.,(5,5),(0.,4.05464348621),.UNSPECIFIED.) ;
#1817=B_SPLINE_CURVE_WITH_KNOTS('',4,(#1818,#1819,#1820,#1821,#1822),.UNSPECIFIED.,.F.,.U.,(5,5),(117.488346951,129.71752932),.UNSPECIFIED.) ;
#1836=B_SPLINE_CURVE_WITH_KNOTS('',4,(#1837,#1838,#1839,#1840,#1841),.UNSPECIFIED.,.F.,.U.,(5,5),(117.488346951,129.71752932),.UNSPECIFIED.) ;
#1843=B_SPLINE_CURVE_WITH_KNOTS('',4,(#1844,#1845,#1846,#1847,#1848),.UNSPECIFIED.,.F.,.U.,(5,5),(117.653751453,129.71752932),.UNSPECIFIED.) ;
#1852=B_SPLINE_CURVE_WITH_KNOTS('',3,(#1853,#1854,#1855,#1856),.UNSPECIFIED.,.F.,.U.,(4,4),(0.,0.248109395513),.UNSPECIFIED.) ;
#1867=B_SPLINE_CURVE_WITH_KNOTS('',4,(#1868,#1869,#1870,#1871,#1872),.UNSPECIFIED.,.F.,.U.,(5,5),(0.,4.05464113632),.UNSPECIFIED.) ;
#1876=B_SPLINE_CURVE_WITH_KNOTS('',5,(#1877,#1878,#1879,#1880,#1881,#1882),.UNSPECIFIED.,.F.,.U.,(6,6),(0.,5.45605212805),.UNSPECIFIED.) ;
#1886=B_SPLINE_CURVE_WITH_KNOTS('',4,(#1887,#1888,#1889,#1890,#1891),.UNSPECIFIED.,.F.,.U.,(5,5),(0.,4.05464113615),.UNSPECIFIED.) ;
#1905=B_SPLINE_CURVE_WITH_KNOTS('',4,(#1906,#1907,#1908,#1909,#1910),.UNSPECIFIED.,.F.,.U.,(5,5),(117.488346951,129.71752932),.UNSPECIFIED.) ;
#1915=B_SPLINE_CURVE_WITH_KNOTS('',3,(#1916,#1917,#1918,#1919),.UNSPECIFIED.,.F.,.U.,(4,4),(119.776805756,129.71752932),.UNSPECIFIED.) ;
#1923=B_SPLINE_CURVE_WITH_KNOTS('',4,(#1924,#1925,#1926,#1927,#1928),.UNSPECIFIED.,.F.,.U.,(5,5),(118.366921475,129.71752932),.UNSPECIFIED.) ;
#1937=B_SPLINE_CURVE_WITH_KNOTS('',4,(#1938,#1939,#1940,#1941,#1942),.UNSPECIFIED.,.F.,.U.,(5,5),(0.,4.0546434861),.UNSPECIFIED.) ;
#1946=B_SPLINE_CURVE_WITH_KNOTS('',4,(#1947,#1948,#1949,#1950,#1951),.UNSPECIFIED.,.F.,.U.,(5,5),(0.,2.96299728233),.UNSPECIFIED.) ;
#1964=B_SPLINE_CURVE_WITH_KNOTS('',4,(#1965,#1966,#1967,#1968,#1969),.UNSPECIFIED.,.F.,.U.,(5,5),(117.488346951,129.71752932),.UNSPECIFIED.) ;
#1981=B_SPLINE_CURVE_WITH_KNOTS('',5,(#1982,#1983,#1984,#1985,#1986,#1987,#1988,#1989,#1990,#1991,#1992,#1993,#1994,#1995,#1996),.UNSPECIFIED.,.F.,.U.,(6,3,3,3,6),(0.566038085815,4.10382448768,7.39810101544,10.5843824386,14.3613881781),.UNSPECIFIED.) ;
#1998=B_SPLINE_CURVE_WITH_KNOTS('',3,(#1999,#2000,#2001,#2002),.UNSPECIFIED.,.F.,.U.,(4,4),(0.,2.49312584005),.UNSPECIFIED.) ;
#2006=B_SPLINE_CURVE_WITH_KNOTS('',4,(#2007,#2008,#2009,#2010,#2011),.UNSPECIFIED.,.F.,.U.,(5,5),(0.,4.05464348594),.UNSPECIFIED.) ;
#2118=B_SPLINE_CURVE_WITH_KNOTS('',5,(#2119,#2120,#2121,#2122,#2123,#2124),.UNSPECIFIED.,.F.,.U.,(6,6),(37.7207316144,38.5258021602),.UNSPECIFIED.) ;
#2126=B_SPLINE_CURVE_WITH_KNOTS('',5,(#2127,#2128,#2129,#2130,#2131,#2132,#2133,#2134,#2135,#2136,#2137,#2138),.UNSPECIFIED.,.F.,.U.,(6,3,3,6),(6.04492858126,9.27581932759,13.9146090197,14.2544954259),.UNSPECIFIED.) ;
#2187=B_SPLINE_CURVE_WITH_KNOTS('',5,(#2188,#2189,#2190,#2191,#2192,#2193,#2194,#2195,#2196,#2197,#2198,#2199),.UNSPECIFIED.,.F.,.U.,(6,3,3,6),(0.0186246247758,0.825333418799,1.66941482867,1.70062558101),.UNSPECIFIED.) ;
#2208=B_SPLINE_CURVE_WITH_KNOTS('',4,(#2209,#2210,#2211,#2212,#2213),.UNSPECIFIED.,.F.,.U.,(5,5),(117.488346951,129.71752932),.UNSPECIFIED.) ;
#2218=B_SPLINE_CURVE_WITH_KNOTS('',5,(#2219,#2220,#2221,#2222,#2223,#2224,#2225,#2226,#2227,#2228,#2229,#2230,#2231,#2232,#2233,#2234,#2235,#2236,#2237,#2238,#2239),.UNSPECIFIED.,.F.,.U.,(6,3,3,3,3,3,6),(0.,0.451707336824,0.83191299924,1.07710346104,1.40072534678,1.78038124518,2.23711858616),.UNSPECIFIED.) ;
#2254=B_SPLINE_SURFACE_WITH_KNOTS('',5,1,((#2255,#2256),(#2257,#2258),(#2259,#2260),(#2261,#2262),(#2263,#2264),(#2265,#2266),(#2267,#2268),(#2269,#2270),(#2271,#2272)),.UNSPECIFIED.,.F.,.F.,.U.,(6,3,6),(2,2),(2.82117847359,3.22327976092,4.00577921772),(0.200274454372,0.74655509652),.UNSPECIFIED.) ;
#2278=MANIFOLD_SOLID_BREP('Cute-3-ISF-SS_mech',#51) ;
#11=CALENDAR_DATE(2010,1,6) ;
#30=CC_DESIGN_APPROVAL(#21,(#16,#6,#14)) ;
#18=CC_DESIGN_DATE_AND_TIME_ASSIGNMENT(#13,#17,(#16)) ;
#29=CC_DESIGN_DATE_AND_TIME_ASSIGNMENT(#13,#28,(#14)) ;
#17=DATE_TIME_ROLE('classification_date') ;
#28=DATE_TIME_ROLE('creation_date') ;
#27=CC_DESIGN_PERSON_AND_ORGANIZATION_ASSIGNMENT(#25,#26,(#16)) ;
#33=CC_DESIGN_PERSON_AND_ORGANIZATION_ASSIGNMENT(#25,#34,(#6)) ;
#35=CC_DESIGN_PERSON_AND_ORGANIZATION_ASSIGNMENT(#25,#36,(#6,#14)) ;
#37=CC_DESIGN_PERSON_AND_ORGANIZATION_ASSIGNMENT(#25,#38,(#5)) ;
#26=PERSON_AND_ORGANIZATION_ROLE('classification_officer') ;
#34=PERSON_AND_ORGANIZATION_ROLE('design_supplier') ;
#36=PERSON_AND_ORGANIZATION_ROLE('creator') ;
#38=PERSON_AND_ORGANIZATION_ROLE('design_owner') ;
#39=CC_DESIGN_SECURITY_CLASSIFICATION(#16,(#6)) ;
#60=CIRCLE('generated circle',#59,2.18360991576) ;
#76=CIRCLE('generated circle',#75,0.868240952492) ;
#95=CIRCLE('generated circle',#94,2.18360991576) ;
#100=CIRCLE('generated circle',#99,0.868240952492) ;
#127=CIRCLE('generated circle',#126,2.18360991576) ;
#143=CIRCLE('generated circle',#142,0.868240952492) ;
#162=CIRCLE('generated circle',#161,2.18360991576) ;
#167=CIRCLE('generated circle',#166,0.868240952492) ;
#189=CIRCLE('generated circle',#188,2.18360991576) ;
#205=CIRCLE('generated circle',#204,0.868240952492) ;
#224=CIRCLE('generated circle',#223,2.18360991576) ;
#229=CIRCLE('generated circle',#228,0.868240952492) ;
#379=CIRCLE('generated circle',#378,17.35) ;
#393=CIRCLE('generated circle',#392,17.35) ;
#407=CIRCLE('generated circle',#406,17.35) ;
#431=CIRCLE('generated circle',#430,17.35) ;
#454=CIRCLE('generated circle',#453,0.5) ;
#495=CIRCLE('generated circle',#494,17.5) ;
#509=CIRCLE('generated circle',#508,17.3518868124) ;
#521=CIRCLE('generated circle',#520,17.5) ;
#535=CIRCLE('generated circle',#534,17.3518868124) ;
#547=CIRCLE('generated circle',#546,17.3518868124) ;
#554=CIRCLE('generated circle',#553,17.5) ;
#593=CIRCLE('generated circle',#592,0.5) ;
#632=CIRCLE('generated circle',#631,1.3) ;
#648=CIRCLE('generated circle',#647,1.28250226729) ;
#662=CIRCLE('generated circle',#661,1.3) ;
#721=CIRCLE('generated circle',#720,1.3) ;
#735=CIRCLE('generated circle',#734,1.28250226729) ;
#774=CIRCLE('generated circle',#773,2.44038207015) ;
#783=CIRCLE('generated circle',#782,0.8) ;
#790=CIRCLE('generated circle',#789,1.64050391403) ;
#797=CIRCLE('generated circle',#796,0.8) ;
#814=CIRCLE('generated circle',#813,2.44038207015) ;
#819=CIRCLE('generated circle',#818,1.64050391403) ;
#836=CIRCLE('generated circle',#835,2.44038207015) ;
#845=CIRCLE('generated circle',#844,0.8) ;
#852=CIRCLE('generated circle',#851,1.64050391403) ;
#859=CIRCLE('generated circle',#858,0.8) ;
#876=CIRCLE('generated circle',#875,2.44038207015) ;
#881=CIRCLE('generated circle',#880,1.64050391403) ;
#898=CIRCLE('generated circle',#897,2.44038207015) ;
#907=CIRCLE('generated circle',#906,0.8) ;
#914=CIRCLE('generated circle',#913,1.64050391403) ;
#921=CIRCLE('generated circle',#920,0.8) ;
#938=CIRCLE('generated circle',#937,2.44038207015) ;
#943=CIRCLE('generated circle',#942,1.64050391403) ;
#989=CIRCLE('generated circle',#988,0.5) ;
#996=CIRCLE('generated circle',#995,16.852572045) ;
#1003=CIRCLE('generated circle',#1002,0.5) ;
#1024=CIRCLE('generated circle',#1023,16.852572045) ;
#1060=CIRCLE('generated circle',#1059,1.45) ;
#1084=CIRCLE('generated circle',#1083,1.45) ;
#1108=CIRCLE('generated circle',#1107,1.45) ;
#1132=CIRCLE('generated circle',#1131,1.45) ;
#1156=CIRCLE('generated circle',#1155,1.45) ;
#1180=CIRCLE('generated circle',#1179,1.45) ;
#1211=CIRCLE('generated circle',#1210,1.175) ;
#1220=CIRCLE('generated circle',#1219,1.175) ;
#1234=CIRCLE('generated circle',#1233,1.175) ;
#1243=CIRCLE('generated circle',#1242,1.175) ;
#1257=CIRCLE('generated circle',#1256,1.175) ;
#1266=CIRCLE('generated circle',#1265,1.175) ;
#1295=CIRCLE('generated circle',#1294,1.07721759087) ;
#1312=CIRCLE('generated circle',#1311,1.07721759087) ;
#1343=CIRCLE('generated circle',#1342,1.07721759087) ;
#1360=CIRCLE('generated circle',#1359,1.07721759087) ;
#1391=CIRCLE('generated circle',#1390,1.07721759087) ;
#1408=CIRCLE('generated circle',#1407,1.07721759087) ;
#1439=CIRCLE('generated circle',#1438,0.952319851189) ;
#1456=CIRCLE('generated circle',#1455,0.95231985119) ;
#1487=CIRCLE('generated circle',#1486,0.952319851189) ;
#1504=CIRCLE('generated circle',#1503,0.952319851189) ;
#1535=CIRCLE('generated circle',#1534,0.952319851189) ;
#1552=CIRCLE('generated circle',#1551,0.952319851189) ;
#1618=CIRCLE('generated circle',#1617,8.67156144864) ;
#1634=CIRCLE('generated circle',#1633,2.88744975909) ;
#1690=CIRCLE('generated circle',#1689,2.88744975909) ;
#1699=CIRCLE('generated circle',#1698,2.88744975909) ;
#1713=CIRCLE('generated circle',#1712,2.88744975909) ;
#1722=CIRCLE('generated circle',#1721,2.88744975909) ;
#1736=CIRCLE('generated circle',#1735,2.88744975909) ;
#1760=CIRCLE('generated circle',#1759,8.67156144864) ;
#1775=CIRCLE('generated circle',#1774,8.67156144864) ;
#1830=CIRCLE('generated circle',#1829,8.67156144864) ;
#1863=CIRCLE('generated circle',#1862,8.67156144864) ;
#1933=CIRCLE('generated circle',#1932,8.67156144864) ;
#1977=CIRCLE('generated circle',#1976,8.67156144864) ;
#2033=CIRCLE('generated circle',#2032,16.4090057584) ;
#2038=CIRCLE('generated circle',#2037,16.5) ;
#2056=CIRCLE('generated circle',#2055,16.4090057584) ;
#2061=CIRCLE('generated circle',#2060,16.5) ;
#2078=CIRCLE('generated circle',#2077,16.5) ;
#2083=CIRCLE('generated circle',#2082,16.4090057584) ;
#2176=CIRCLE('generated circle',#2175,8.6715614486) ;
#2183=CIRCLE('generated circle',#2182,8.6715614486) ;
#56=CONICAL_SURFACE('Cone',#55,0.868240952492,0.359489120951) ;
#123=CONICAL_SURFACE('Cone',#122,0.868240952492,0.359489120951) ;
#185=CONICAL_SURFACE('Cone',#184,0.868240952492,0.359489120951) ;
#293=CONICAL_SURFACE('Cone',#292,17.4019554297,0.0523598775598) ;
#491=CONICAL_SURFACE('Cone',#490,17.3270543284,0.0523598775598) ;
#628=CONICAL_SURFACE('Cone',#627,1.3,0.0872664625997) ;
#717=CONICAL_SURFACE('Cone',#716,1.3,0.0872664625997) ;
#1049=CONICAL_SURFACE('Cone',#1048,1.45,0.0174532925199) ;
#1080=CONICAL_SURFACE('Cone',#1079,1.45,0.0174532925199) ;
#1097=CONICAL_SURFACE('Cone',#1096,1.45,0.0174532925199) ;
#1128=CONICAL_SURFACE('Cone',#1127,1.45,0.0174532925199) ;
#1145=CONICAL_SURFACE('Cone',#1144,1.45,0.0174532925199) ;
#1176=CONICAL_SURFACE('Cone',#1175,1.45,0.0174532925199) ;
#1277=CONICAL_SURFACE('Cone',#1276,1.175,0.0349065850399) ;
#1308=CONICAL_SURFACE('Cone',#1307,1.175,0.0349065850399) ;
#1325=CONICAL_SURFACE('Cone',#1324,1.175,0.0349065850399) ;
#1356=CONICAL_SURFACE('Cone',#1355,1.175,0.0349065850399) ;
#1373=CONICAL_SURFACE('Cone',#1372,1.175,0.0349065850399) ;
#1404=CONICAL_SURFACE('Cone',#1403,1.175,0.0349065850399) ;
#1421=CONICAL_SURFACE('Cone',#1420,0.,0.558505360634) ;
#1452=CONICAL_SURFACE('Cone',#1451,0.,0.558505360634) ;
#1469=CONICAL_SURFACE('Cone',#1468,0.,0.558505360638) ;
#1500=CONICAL_SURFACE('Cone',#1499,0.,0.558505360637) ;
#1517=CONICAL_SURFACE('Cone',#1516,0.,0.558505360636) ;
#1548=CONICAL_SURFACE('Cone',#1547,0.,0.558505360637) ;
#2029=CONICAL_SURFACE('Cone',#2028,16.4090057584,0.0523596604927) ;
#2280=SHAPE_REPRESENTATION_RELATIONSHIP(' ',' ',#49,#2279) ;
#349=CYLINDRICAL_SURFACE('generated cylinder',#348,0.5) ;
#375=CYLINDRICAL_SURFACE('generated cylinder',#374,17.35) ;
#450=CYLINDRICAL_SURFACE('generated cylinder',#449,0.5) ;
#583=CYLINDRICAL_SURFACE('generated cylinder',#582,0.5) ;
#973=CYLINDRICAL_SURFACE('generated cylinder',#972,0.5) ;
#770=TOROIDAL_SURFACE('homeo Torus',#769,2.44038207015,0.8) ;
#810=TOROIDAL_SURFACE('homeo Torus',#809,2.44038207015,0.8) ;
#832=TOROIDAL_SURFACE('homeo Torus',#831,2.44038207015,0.8) ;
#872=TOROIDAL_SURFACE('homeo Torus',#871,2.44038207015,0.8) ;
#894=TOROIDAL_SURFACE('homeo Torus',#893,2.44038207015,0.8) ;
#934=TOROIDAL_SURFACE('homeo Torus',#933,2.44038207015,0.8) ;
#985=TOROIDAL_SURFACE('homeo Torus',#984,16.852572045,0.5) ;
#1020=TOROIDAL_SURFACE('homeo Torus',#1019,16.852572045,0.5) ;
#3=DESIGN_CONTEXT(' ',#1,'design') ;
#65=EDGE_CURVE('',#62,#64,#60,.F.) ;
#72=EDGE_CURVE('',#62,#71,#69,.F.) ;
#79=EDGE_CURVE('',#71,#78,#76,.F.) ;
#84=EDGE_CURVE('',#64,#78,#83,.F.) ;
#96=EDGE_CURVE('',#64,#62,#95,.F.) ;
#101=EDGE_CURVE('',#78,#71,#100,.F.) ;
#132=EDGE_CURVE('',#129,#131,#127,.F.) ;
#139=EDGE_CURVE('',#129,#138,#136,.F.) ;
#146=EDGE_CURVE('',#138,#145,#143,.F.) ;
#151=EDGE_CURVE('',#131,#145,#150,.F.) ;
#163=EDGE_CURVE('',#131,#129,#162,.F.) ;
#168=EDGE_CURVE('',#145,#138,#167,.F.) ;
#194=EDGE_CURVE('',#191,#193,#189,.F.) ;
#201=EDGE_CURVE('',#191,#200,#198,.F.) ;
#208=EDGE_CURVE('',#200,#207,#205,.F.) ;
#213=EDGE_CURVE('',#193,#207,#212,.F.) ;
#225=EDGE_CURVE('',#193,#191,#224,.F.) ;
#230=EDGE_CURVE('',#207,#200,#229,.F.) ;
#259=EDGE_CURVE('',#256,#258,#248,.T.) ;
#266=EDGE_CURVE('',#265,#258,#263,.F.) ;
#276=EDGE_CURVE('',#275,#265,#267,.T.) ;
#281=EDGE_CURVE('',#256,#275,#280,.T.) ;
#304=EDGE_CURVE('',#301,#303,#294,.T.) ;
#313=EDGE_CURVE('',#312,#303,#305,.T.) ;
#321=EDGE_CURVE('',#320,#312,#314,.T.) ;
#328=EDGE_CURVE('',#320,#275,#322,.F.) ;
#335=EDGE_CURVE('',#301,#265,#329,.F.) ;
#356=EDGE_CURVE('',#301,#355,#353,.F.) ;
#363=EDGE_CURVE('',#258,#355,#357,.T.) ;
#382=EDGE_CURVE('',#256,#381,#379,.F.) ;
#389=EDGE_CURVE('',#388,#381,#386,.T.) ;
#396=EDGE_CURVE('',#388,#395,#393,.T.) ;
#403=EDGE_CURVE('',#395,#402,#400,.T.) ;
#410=EDGE_CURVE('',#402,#409,#407,.F.) ;
#418=EDGE_CURVE('',#409,#417,#411,.T.) ;
#427=EDGE_CURVE('',#417,#426,#419,.T.) ;
#432=EDGE_CURVE('',#355,#426,#431,.T.) ;
#457=EDGE_CURVE('',#456,#381,#454,.T.) ;
#473=EDGE_CURVE('',#472,#456,#458,.T.) ;
#479=EDGE_CURVE('',#388,#472,#474,.T.) ;
#498=EDGE_CURVE('',#456,#497,#495,.F.) ;
#505=EDGE_CURVE('',#504,#497,#502,.T.) ;
#510=EDGE_CURVE('',#472,#504,#509,.F.) ;
#524=EDGE_CURVE('',#497,#523,#521,.F.) ;
#531=EDGE_CURVE('',#530,#523,#528,.T.) ;
#536=EDGE_CURVE('',#504,#530,#535,.F.) ;
#550=EDGE_CURVE('',#530,#549,#547,.F.) ;
#557=EDGE_CURVE('',#523,#556,#554,.F.) ;
#571=EDGE_CURVE('',#549,#556,#558,.T.) ;
#589=EDGE_CURVE('',#395,#549,#584,.T.) ;
#594=EDGE_CURVE('',#402,#556,#593,.F.) ;
#611=EDGE_CURVE('',#409,#320,#610,.T.) ;
#616=EDGE_CURVE('',#312,#417,#615,.F.) ;
#637=EDGE_CURVE('',#634,#636,#632,.F.) ;
#644=EDGE_CURVE('',#636,#643,#641,.F.) ;
#651=EDGE_CURVE('',#643,#650,#648,.T.) ;
#658=EDGE_CURVE('',#657,#650,#655,.F.) ;
#665=EDGE_CURVE('',#657,#664,#662,.F.) ;
#672=EDGE_CURVE('',#634,#664,#666,.T.) ;
#693=EDGE_CURVE('',#692,#643,#690,.F.) ;
#700=EDGE_CURVE('',#636,#699,#697,.T.) ;
#705=EDGE_CURVE('',#699,#692,#704,.F.) ;
#724=EDGE_CURVE('',#699,#723,#721,.F.) ;
#731=EDGE_CURVE('',#723,#730,#728,.F.) ;
#736=EDGE_CURVE('',#730,#692,#735,.T.) ;
#753=EDGE_CURVE('',#650,#730,#752,.F.) ;
#758=EDGE_CURVE('',#723,#657,#757,.T.) ;
#779=EDGE_CURVE('',#776,#778,#774,.F.) ;
#786=EDGE_CURVE('',#778,#785,#783,.T.) ;
#793=EDGE_CURVE('',#792,#785,#790,.F.) ;
#798=EDGE_CURVE('',#776,#792,#797,.T.) ;
#815=EDGE_CURVE('',#778,#776,#814,.T.) ;
#820=EDGE_CURVE('',#785,#792,#819,.T.) ;
#841=EDGE_CURVE('',#838,#840,#836,.F.) ;
#848=EDGE_CURVE('',#840,#847,#845,.T.) ;
#855=EDGE_CURVE('',#854,#847,#852,.F.) ;
#860=EDGE_CURVE('',#838,#854,#859,.T.) ;
#877=EDGE_CURVE('',#840,#838,#876,.T.) ;
#882=EDGE_CURVE('',#847,#854,#881,.T.) ;
#903=EDGE_CURVE('',#900,#902,#898,.F.) ;
#910=EDGE_CURVE('',#902,#909,#907,.T.) ;
#917=EDGE_CURVE('',#916,#909,#914,.F.) ;
#922=EDGE_CURVE('',#900,#916,#921,.T.) ;
#939=EDGE_CURVE('',#902,#900,#938,.T.) ;
#944=EDGE_CURVE('',#909,#916,#943,.T.) ;
#961=EDGE_CURVE('',#303,#426,#960,.F.) ;
#992=EDGE_CURVE('',#991,#504,#989,.F.) ;
#999=EDGE_CURVE('',#998,#991,#996,.T.) ;
#1004=EDGE_CURVE('',#998,#530,#1003,.F.) ;
#1025=EDGE_CURVE('',#991,#998,#1024,.T.) ;
#1056=EDGE_CURVE('',#785,#1055,#1053,.F.) ;
#1063=EDGE_CURVE('',#1062,#1055,#1060,.F.) ;
#1068=EDGE_CURVE('',#792,#1062,#1067,.F.) ;
#1085=EDGE_CURVE('',#1055,#1062,#1084,.F.) ;
#1104=EDGE_CURVE('',#847,#1103,#1101,.F.) ;
#1111=EDGE_CURVE('',#1110,#1103,#1108,.F.) ;
#1116=EDGE_CURVE('',#854,#1110,#1115,.F.) ;
#1133=EDGE_CURVE('',#1103,#1110,#1132,.F.) ;
#1152=EDGE_CURVE('',#909,#1151,#1149,.F.) ;
#1159=EDGE_CURVE('',#1158,#1151,#1156,.F.) ;
#1164=EDGE_CURVE('',#916,#1158,#1163,.F.) ;
#1181=EDGE_CURVE('',#1151,#1158,#1180,.F.) ;
#1216=EDGE_CURVE('',#1213,#1215,#1211,.F.) ;
#1221=EDGE_CURVE('',#1215,#1213,#1220,.F.) ;
#1239=EDGE_CURVE('',#1236,#1238,#1234,.F.) ;
#1244=EDGE_CURVE('',#1238,#1236,#1243,.F.) ;
#1262=EDGE_CURVE('',#1259,#1261,#1257,.F.) ;
#1267=EDGE_CURVE('',#1261,#1259,#1266,.F.) ;
#1284=EDGE_CURVE('',#1215,#1283,#1281,.F.) ;
#1291=EDGE_CURVE('',#1213,#1290,#1288,.F.) ;
#1296=EDGE_CURVE('',#1283,#1290,#1295,.F.) ;
#1313=EDGE_CURVE('',#1290,#1283,#1312,.F.) ;
#1332=EDGE_CURVE('',#1238,#1331,#1329,.F.) ;
#1339=EDGE_CURVE('',#1236,#1338,#1336,.F.) ;
#1344=EDGE_CURVE('',#1331,#1338,#1343,.F.) ;
#1361=EDGE_CURVE('',#1338,#1331,#1360,.F.) ;
#1380=EDGE_CURVE('',#1261,#1379,#1377,.F.) ;
#1387=EDGE_CURVE('',#1259,#1386,#1384,.F.) ;
#1392=EDGE_CURVE('',#1379,#1386,#1391,.F.) ;
#1409=EDGE_CURVE('',#1386,#1379,#1408,.F.) ;
#1428=EDGE_CURVE('',#1427,#1283,#1425,.T.) ;
#1435=EDGE_CURVE('',#1434,#1290,#1432,.T.) ;
#1440=EDGE_CURVE('',#1427,#1434,#1439,.T.) ;
#1457=EDGE_CURVE('',#1434,#1427,#1456,.T.) ;
#1476=EDGE_CURVE('',#1475,#1331,#1473,.T.) ;
#1483=EDGE_CURVE('',#1482,#1338,#1480,.T.) ;
#1488=EDGE_CURVE('',#1475,#1482,#1487,.F.) ;
#1505=EDGE_CURVE('',#1482,#1475,#1504,.T.) ;
#1524=EDGE_CURVE('',#1523,#1379,#1521,.T.) ;
#1531=EDGE_CURVE('',#1530,#1386,#1528,.T.) ;
#1536=EDGE_CURVE('',#1523,#1530,#1535,.T.) ;
#1553=EDGE_CURVE('',#1530,#1523,#1552,.F.) ;
#1614=EDGE_CURVE('',#1611,#1613,#1591,.T.) ;
#1621=EDGE_CURVE('',#1620,#1611,#1618,.T.) ;
#1630=EDGE_CURVE('',#1620,#1629,#1622,.T.) ;
#1637=EDGE_CURVE('',#1629,#1636,#1634,.T.) ;
#1646=EDGE_CURVE('',#1645,#1636,#1638,.T.) ;
#1665=EDGE_CURVE('',#1645,#1664,#1647,.T.) ;
#1671=EDGE_CURVE('',#1664,#1613,#1666,.T.) ;
#1695=EDGE_CURVE('',#1692,#1694,#1690,.T.) ;
#1700=EDGE_CURVE('',#1694,#1692,#1699,.T.) ;
#1718=EDGE_CURVE('',#1715,#1717,#1713,.T.) ;
#1723=EDGE_CURVE('',#1717,#1715,#1722,.T.) ;
#1737=EDGE_CURVE('',#1636,#1629,#1736,.T.) ;
#1765=EDGE_CURVE('',#1762,#1764,#1760,.T.) ;
#1771=EDGE_CURVE('',#1645,#1762,#1766,.T.) ;
#1778=EDGE_CURVE('',#1777,#1620,#1775,.T.) ;
#1787=EDGE_CURVE('',#1786,#1777,#1779,.T.) ;
#1797=EDGE_CURVE('',#1796,#1786,#1788,.T.) ;
#1804=EDGE_CURVE('',#1796,#1764,#1798,.T.) ;
#1835=EDGE_CURVE('',#1832,#1834,#1830,.T.) ;
#1842=EDGE_CURVE('',#1832,#1692,#1836,.T.) ;
#1851=EDGE_CURVE('',#1850,#1694,#1843,.T.) ;
#1859=EDGE_CURVE('',#1850,#1858,#1852,.T.) ;
#1866=EDGE_CURVE('',#1865,#1858,#1863,.T.) ;
#1875=EDGE_CURVE('',#1874,#1865,#1867,.T.) ;
#1885=EDGE_CURVE('',#1884,#1874,#1876,.T.) ;
#1892=EDGE_CURVE('',#1884,#1834,#1886,.T.) ;
#1922=EDGE_CURVE('',#1921,#1717,#1915,.T.) ;
#1929=EDGE_CURVE('',#1664,#1715,#1923,.T.) ;
#1936=EDGE_CURVE('',#1935,#1762,#1933,.T.) ;
#1945=EDGE_CURVE('',#1944,#1935,#1937,.T.) ;
#1952=EDGE_CURVE('',#1921,#1944,#1946,.T.) ;
#1980=EDGE_CURVE('',#1858,#1979,#1977,.T.) ;
#1997=EDGE_CURVE('',#1613,#1850,#1981,.T.) ;
#2005=EDGE_CURVE('',#1921,#2004,#1998,.T.) ;
#2012=EDGE_CURVE('',#2004,#1979,#2006,.T.) ;
#2034=EDGE_CURVE('',#2004,#1944,#2033,.T.) ;
#2039=EDGE_CURVE('',#1979,#1935,#2038,.T.) ;
#2057=EDGE_CURVE('',#1884,#1874,#2056,.T.) ;
#2062=EDGE_CURVE('',#1834,#1865,#2061,.T.) ;
#2079=EDGE_CURVE('',#1764,#1777,#2078,.T.) ;
#2084=EDGE_CURVE('',#1796,#1786,#2083,.T.) ;
#2125=EDGE_CURVE('',#634,#1832,#2118,.T.) ;
#2139=EDGE_CURVE('',#1611,#664,#2126,.T.) ;
#2179=EDGE_CURVE('',#2178,#634,#2176,.T.) ;
#2186=EDGE_CURVE('',#664,#2185,#2183,.T.) ;
#2200=EDGE_CURVE('',#2178,#2185,#2187,.T.) ;
#2240=EDGE_CURVE('',#2185,#2178,#2218,.T.) ;
#85=EDGE_LOOP('',(#86,#87,#88,#89)) ;
#102=EDGE_LOOP('',(#103,#104,#105,#106)) ;
#114=EDGE_LOOP('',(#115,#116)) ;
#152=EDGE_LOOP('',(#153,#154,#155,#156)) ;
#169=EDGE_LOOP('',(#170,#171,#172,#173)) ;
#176=EDGE_LOOP('',(#177,#178)) ;
#214=EDGE_LOOP('',(#215,#216,#217,#218)) ;
#231=EDGE_LOOP('',(#232,#233,#234,#235)) ;
#238=EDGE_LOOP('',(#239,#240)) ;
#282=EDGE_LOOP('',(#283,#284,#285,#286)) ;
#336=EDGE_LOOP('',(#337,#338,#339,#340,#341,#342)) ;
#364=EDGE_LOOP('',(#365,#366,#367,#368)) ;
#433=EDGE_LOOP('',(#434,#435,#436,#437,#438,#439,#440,#441,#442,#443)) ;
#480=EDGE_LOOP('',(#481,#482,#483,#484)) ;
#511=EDGE_LOOP('',(#512,#513,#514,#515)) ;
#537=EDGE_LOOP('',(#538,#539,#540,#541)) ;
#572=EDGE_LOOP('',(#573,#574,#575,#576)) ;
#595=EDGE_LOOP('',(#596,#597,#598,#599)) ;
#617=EDGE_LOOP('',(#618,#619,#620,#621)) ;
#673=EDGE_LOOP('',(#674,#675,#676,#677,#678,#679)) ;
#706=EDGE_LOOP('',(#707,#708,#709,#710)) ;
#737=EDGE_LOOP('',(#738,#739,#740,#741)) ;
#759=EDGE_LOOP('',(#760,#761,#762,#763)) ;
#799=EDGE_LOOP('',(#800,#801,#802,#803)) ;
#821=EDGE_LOOP('',(#822,#823,#824,#825)) ;
#861=EDGE_LOOP('',(#862,#863,#864,#865)) ;
#883=EDGE_LOOP('',(#884,#885,#886,#887)) ;
#923=EDGE_LOOP('',(#924,#925,#926,#927)) ;
#945=EDGE_LOOP('',(#946,#947,#948,#949)) ;
#962=EDGE_LOOP('',(#963,#964,#965,#966)) ;
#974=EDGE_LOOP('',(#975,#976,#977,#978)) ;
#1005=EDGE_LOOP('',(#1006,#1007,#1008,#1009,#1010,#1011,#1012,#1013)) ;
#1026=EDGE_LOOP('',(#1027,#1028,#1029,#1030)) ;
#1038=EDGE_LOOP('',(#1039,#1040,#1041,#1042)) ;
#1069=EDGE_LOOP('',(#1070,#1071,#1072,#1073)) ;
#1086=EDGE_LOOP('',(#1087,#1088,#1089,#1090)) ;
#1117=EDGE_LOOP('',(#1118,#1119,#1120,#1121)) ;
#1134=EDGE_LOOP('',(#1135,#1136,#1137,#1138)) ;
#1165=EDGE_LOOP('',(#1166,#1167,#1168,#1169)) ;
#1182=EDGE_LOOP('',(#1183,#1184,#1185,#1186)) ;
#1194=EDGE_LOOP('',(#1195,#1196)) ;
#1204=EDGE_LOOP('',(#1205,#1206)) ;
#1222=EDGE_LOOP('',(#1223,#1224)) ;
#1227=EDGE_LOOP('',(#1228,#1229)) ;
#1245=EDGE_LOOP('',(#1246,#1247)) ;
#1250=EDGE_LOOP('',(#1251,#1252)) ;
#1268=EDGE_LOOP('',(#1269,#1270)) ;
#1297=EDGE_LOOP('',(#1298,#1299,#1300,#1301)) ;
#1314=EDGE_LOOP('',(#1315,#1316,#1317,#1318)) ;
#1345=EDGE_LOOP('',(#1346,#1347,#1348,#1349)) ;
#1362=EDGE_LOOP('',(#1363,#1364,#1365,#1366)) ;
#1393=EDGE_LOOP('',(#1394,#1395,#1396,#1397)) ;
#1410=EDGE_LOOP('',(#1411,#1412,#1413,#1414)) ;
#1441=EDGE_LOOP('',(#1442,#1443,#1444,#1445)) ;
#1458=EDGE_LOOP('',(#1459,#1460,#1461,#1462)) ;
#1489=EDGE_LOOP('',(#1490,#1491,#1492,#1493)) ;
#1506=EDGE_LOOP('',(#1507,#1508,#1509,#1510)) ;
#1537=EDGE_LOOP('',(#1538,#1539,#1540,#1541)) ;
#1554=EDGE_LOOP('',(#1555,#1556,#1557,#1558)) ;
#1566=EDGE_LOOP('',(#1567,#1568)) ;
#1571=EDGE_LOOP('',(#1572,#1573)) ;
#1576=EDGE_LOOP('',(#1577,#1578)) ;
#1672=EDGE_LOOP('',(#1673,#1674,#1675,#1676,#1677,#1678,#1679)) ;
#1701=EDGE_LOOP('',(#1702,#1703)) ;
#1705=EDGE_LOOP('',(#1706,#1707)) ;
#1724=EDGE_LOOP('',(#1725,#1726)) ;
#1728=EDGE_LOOP('',(#1729,#1730)) ;
#1738=EDGE_LOOP('',(#1739,#1740)) ;
#1742=EDGE_LOOP('',(#1743,#1744)) ;
#1805=EDGE_LOOP('',(#1806,#1807,#1808,#1809,#1810,#1811,#1812,#1813,#1814)) ;
#1893=EDGE_LOOP('',(#1894,#1895,#1896,#1897,#1898,#1899,#1900,#1901,#1902)) ;
#1953=EDGE_LOOP('',(#1954,#1955,#1956,#1957,#1958,#1959,#1960,#1961)) ;
#2013=EDGE_LOOP('',(#2014,#2015,#2016,#2017,#2018,#2019,#2020,#2021,#2022)) ;
#2040=EDGE_LOOP('',(#2041,#2042,#2043,#2044)) ;
#2047=EDGE_LOOP('',(#2048,#2049,#2050)) ;
#2063=EDGE_LOOP('',(#2064,#2065,#2066,#2067)) ;
#2070=EDGE_LOOP('',(#2071,#2072)) ;
#2085=EDGE_LOOP('',(#2086,#2087,#2088,#2089)) ;
#2092=EDGE_LOOP('',(#2093,#2094)) ;
#2102=EDGE_LOOP('',(#2103,#2104,#2105,#2106,#2107,#2108,#2109,#2110,#2111,#2112)) ;
#2114=EDGE_LOOP('',(#2115,#2116)) ;
#2140=EDGE_LOOP('',(#2141,#2142,#2143,#2144,#2145,#2146,#2147,#2148,#2149,#2150,#2151,#2152,#2153,#2154,#2155,#2156,#2157)) ;
#2159=EDGE_LOOP('',(#2160,#2161)) ;
#2163=EDGE_LOOP('',(#2164,#2165)) ;
#2201=EDGE_LOOP('',(#2202,#2203,#2204,#2205)) ;
#2241=EDGE_LOOP('',(#2242,#2243,#2244,#2245,#2246,#2247,#2248,#2249,#2250,#2251)) ;
#2273=EDGE_LOOP('',(#2274,#2275)) ;
#90=FACE_OUTER_BOUND('',#85,.T.) ;
#107=FACE_OUTER_BOUND('',#102,.T.) ;
#117=FACE_OUTER_BOUND('',#114,.T.) ;
#157=FACE_OUTER_BOUND('',#152,.T.) ;
#174=FACE_OUTER_BOUND('',#169,.T.) ;
#179=FACE_OUTER_BOUND('',#176,.T.) ;
#219=FACE_OUTER_BOUND('',#214,.T.) ;
#236=FACE_OUTER_BOUND('',#231,.T.) ;
#241=FACE_OUTER_BOUND('',#238,.T.) ;
#287=FACE_OUTER_BOUND('',#282,.T.) ;
#343=FACE_OUTER_BOUND('',#336,.T.) ;
#369=FACE_OUTER_BOUND('',#364,.T.) ;
#444=FACE_OUTER_BOUND('',#433,.T.) ;
#485=FACE_OUTER_BOUND('',#480,.T.) ;
#516=FACE_OUTER_BOUND('',#511,.T.) ;
#542=FACE_OUTER_BOUND('',#537,.T.) ;
#577=FACE_OUTER_BOUND('',#572,.T.) ;
#600=FACE_OUTER_BOUND('',#595,.T.) ;
#622=FACE_OUTER_BOUND('',#617,.T.) ;
#680=FACE_OUTER_BOUND('',#673,.T.) ;
#711=FACE_OUTER_BOUND('',#706,.T.) ;
#742=FACE_OUTER_BOUND('',#737,.T.) ;
#764=FACE_OUTER_BOUND('',#759,.T.) ;
#804=FACE_OUTER_BOUND('',#799,.T.) ;
#826=FACE_OUTER_BOUND('',#821,.T.) ;
#866=FACE_OUTER_BOUND('',#861,.T.) ;
#888=FACE_OUTER_BOUND('',#883,.T.) ;
#928=FACE_OUTER_BOUND('',#923,.T.) ;
#950=FACE_OUTER_BOUND('',#945,.T.) ;
#967=FACE_OUTER_BOUND('',#962,.T.) ;
#979=FACE_OUTER_BOUND('',#974,.T.) ;
#1014=FACE_OUTER_BOUND('',#1005,.T.) ;
#1031=FACE_OUTER_BOUND('',#1026,.T.) ;
#1043=FACE_OUTER_BOUND('',#1038,.T.) ;
#1074=FACE_OUTER_BOUND('',#1069,.T.) ;
#1091=FACE_OUTER_BOUND('',#1086,.T.) ;
#1122=FACE_OUTER_BOUND('',#1117,.T.) ;
#1139=FACE_OUTER_BOUND('',#1134,.T.) ;
#1170=FACE_OUTER_BOUND('',#1165,.T.) ;
#1187=FACE_OUTER_BOUND('',#1182,.T.) ;
#1197=FACE_OUTER_BOUND('',#1194,.T.) ;
#1207=FACE_OUTER_BOUND('',#1204,.T.) ;
#1230=FACE_OUTER_BOUND('',#1227,.T.) ;
#1253=FACE_OUTER_BOUND('',#1250,.T.) ;
#1302=FACE_OUTER_BOUND('',#1297,.T.) ;
#1319=FACE_OUTER_BOUND('',#1314,.T.) ;
#1350=FACE_OUTER_BOUND('',#1345,.T.) ;
#1367=FACE_OUTER_BOUND('',#1362,.T.) ;
#1398=FACE_OUTER_BOUND('',#1393,.T.) ;
#1415=FACE_OUTER_BOUND('',#1410,.T.) ;
#1446=FACE_OUTER_BOUND('',#1441,.T.) ;
#1463=FACE_OUTER_BOUND('',#1458,.T.) ;
#1494=FACE_OUTER_BOUND('',#1489,.T.) ;
#1511=FACE_OUTER_BOUND('',#1506,.T.) ;
#1542=FACE_OUTER_BOUND('',#1537,.T.) ;
#1559=FACE_OUTER_BOUND('',#1554,.T.) ;
#1569=FACE_OUTER_BOUND('',#1566,.T.) ;
#1574=FACE_OUTER_BOUND('',#1571,.T.) ;
#1579=FACE_OUTER_BOUND('',#1576,.T.) ;
#1680=FACE_OUTER_BOUND('',#1672,.T.) ;
#1704=FACE_OUTER_BOUND('',#1701,.T.) ;
#1727=FACE_OUTER_BOUND('',#1724,.T.) ;
#1741=FACE_OUTER_BOUND('',#1738,.T.) ;
#1815=FACE_OUTER_BOUND('',#1805,.T.) ;
#1903=FACE_OUTER_BOUND('',#1893,.T.) ;
#1962=FACE_OUTER_BOUND('',#1953,.T.) ;
#2023=FACE_OUTER_BOUND('',#2013,.T.) ;
#2045=FACE_OUTER_BOUND('',#2040,.T.) ;
#2051=FACE_OUTER_BOUND('',#2047,.T.) ;
#2068=FACE_OUTER_BOUND('',#2063,.T.) ;
#2073=FACE_OUTER_BOUND('',#2070,.T.) ;
#2090=FACE_OUTER_BOUND('',#2085,.T.) ;
#2095=FACE_OUTER_BOUND('',#2092,.T.) ;
#2113=FACE_OUTER_BOUND('',#2102,.T.) ;
#2206=FACE_OUTER_BOUND('',#2201,.T.) ;
#2252=FACE_OUTER_BOUND('',#2241,.T.) ;
#2276=FACE_OUTER_BOUND('',#2273,.T.) ;
#45=UNCERTAINTY_MEASURE_WITH_UNIT(LENGTH_MEASURE(0.005),#41,'distance_accuracy_value','CONFUSED CURVE UNCERTAINTY') ;
#69=LINE('Line',#66,#68) ;
#83=LINE('Line',#80,#82) ;
#136=LINE('Line',#133,#135) ;
#150=LINE('Line',#147,#149) ;
#198=LINE('Line',#195,#197) ;
#212=LINE('Line',#209,#211) ;
#263=LINE('Line',#260,#262) ;
#280=LINE('Line',#277,#279) ;
#353=LINE('Line',#350,#352) ;
#386=LINE('Line',#383,#385) ;
#400=LINE('Line',#397,#399) ;
#502=LINE('Line',#499,#501) ;
#528=LINE('Line',#525,#527) ;
#610=LINE('Line',#607,#609) ;
#615=LINE('Line',#612,#614) ;
#641=LINE('Line',#638,#640) ;
#655=LINE('Line',#652,#654) ;
#690=LINE('Line',#687,#689) ;
#697=LINE('Line',#694,#696) ;
#704=LINE('Line',#701,#703) ;
#728=LINE('Line',#725,#727) ;
#752=LINE('Line',#749,#751) ;
#757=LINE('Line',#754,#756) ;
#960=LINE('Line',#957,#959) ;
#1053=LINE('Line',#1050,#1052) ;
#1067=LINE('Line',#1064,#1066) ;
#1101=LINE('Line',#1098,#1100) ;
#1115=LINE('Line',#1112,#1114) ;
#1149=LINE('Line',#1146,#1148) ;
#1163=LINE('Line',#1160,#1162) ;
#1281=LINE('Line',#1278,#1280) ;
#1288=LINE('Line',#1285,#1287) ;
#1329=LINE('Line',#1326,#1328) ;
#1336=LINE('Line',#1333,#1335) ;
#1377=LINE('Line',#1374,#1376) ;
#1384=LINE('Line',#1381,#1383) ;
#1425=LINE('Line',#1422,#1424) ;
#1432=LINE('Line',#1429,#1431) ;
#1473=LINE('Line',#1470,#1472) ;
#1480=LINE('Line',#1477,#1479) ;
#1521=LINE('Line',#1518,#1520) ;
#1528=LINE('Line',#1525,#1527) ;
#2=MECHANICAL_CONTEXT(' ',#1,'mechanical') ;
#24=PERSONAL_ADDRESS(' ',' ',' ',' ',' ',' ',' ',' ',' ',' ',' ',' ',(#22),' ') ;
#113=PLANE('Plane',#112) ;
#247=PLANE('Plane',#246) ;
#606=PLANE('Plane',#605) ;
#686=PLANE('Plane',#685) ;
#748=PLANE('Plane',#747) ;
#956=PLANE('Plane',#955) ;
#1037=PLANE('Plane',#1036) ;
#1193=PLANE('Plane',#1192) ;
#1203=PLANE('Plane',#1202) ;
#1565=PLANE('Plane',#1564) ;
#1686=PLANE('Plane',#1685) ;
#2101=PLANE('Plane',#2100) ;
#2172=PLANE('Plane',#2171) ;
#43=PLANE_ANGLE_MEASURE_WITH_UNIT(PLANE_ANGLE_MEASURE(0.0174532925199),#42) ;
#7=PRODUCT_CATEGORY('part',$) ;
#9=PRODUCT_CATEGORY_RELATIONSHIP(' ',' ',#7,#8) ;
#6=PRODUCT_DEFINITION_FORMATION_WITH_SPECIFIED_SOURCE('',' ',#5,.NOT_KNOWN.) ;
#8=PRODUCT_RELATED_PRODUCT_CATEGORY('detail',$,(#5)) ;
#50=SHAPE_DEFINITION_REPRESENTATION(#40,#49) ;
#1590=SURFACE_OF_REVOLUTION('Surface of Revolution',#1581,#1589) ;
#1756=SURFACE_OF_REVOLUTION('Surface of Revolution',#1747,#1755) ;
#1826=SURFACE_OF_REVOLUTION('Surface of Revolution',#1817,#1825) ;
#1914=SURFACE_OF_REVOLUTION('Surface of Revolution',#1905,#1913) ;
#1973=SURFACE_OF_REVOLUTION('Surface of Revolution',#1964,#1972) ;
#2217=SURFACE_OF_REVOLUTION('Surface of Revolution',#2208,#2216) ;
#62=VERTEX_POINT('',#61) ;
#64=VERTEX_POINT('',#63) ;
#71=VERTEX_POINT('',#70) ;
#78=VERTEX_POINT('',#77) ;
#129=VERTEX_POINT('',#128) ;
#131=VERTEX_POINT('',#130) ;
#138=VERTEX_POINT('',#137) ;
#145=VERTEX_POINT('',#144) ;
#191=VERTEX_POINT('',#190) ;
#193=VERTEX_POINT('',#192) ;
#200=VERTEX_POINT('',#199) ;
#207=VERTEX_POINT('',#206) ;
#256=VERTEX_POINT('',#255) ;
#258=VERTEX_POINT('',#257) ;
#265=VERTEX_POINT('',#264) ;
#275=VERTEX_POINT('',#274) ;
#301=VERTEX_POINT('',#300) ;
#303=VERTEX_POINT('',#302) ;
#312=VERTEX_POINT('',#311) ;
#320=VERTEX_POINT('',#319) ;
#355=VERTEX_POINT('',#354) ;
#381=VERTEX_POINT('',#380) ;
#388=VERTEX_POINT('',#387) ;
#395=VERTEX_POINT('',#394) ;
#402=VERTEX_POINT('',#401) ;
#409=VERTEX_POINT('',#408) ;
#417=VERTEX_POINT('',#416) ;
#426=VERTEX_POINT('',#425) ;
#456=VERTEX_POINT('',#455) ;
#472=VERTEX_POINT('',#471) ;
#497=VERTEX_POINT('',#496) ;
#504=VERTEX_POINT('',#503) ;
#523=VERTEX_POINT('',#522) ;
#530=VERTEX_POINT('',#529) ;
#549=VERTEX_POINT('',#548) ;
#556=VERTEX_POINT('',#555) ;
#634=VERTEX_POINT('',#633) ;
#636=VERTEX_POINT('',#635) ;
#643=VERTEX_POINT('',#642) ;
#650=VERTEX_POINT('',#649) ;
#657=VERTEX_POINT('',#656) ;
#664=VERTEX_POINT('',#663) ;
#692=VERTEX_POINT('',#691) ;
#699=VERTEX_POINT('',#698) ;
#723=VERTEX_POINT('',#722) ;
#730=VERTEX_POINT('',#729) ;
#776=VERTEX_POINT('',#775) ;
#778=VERTEX_POINT('',#777) ;
#785=VERTEX_POINT('',#784) ;
#792=VERTEX_POINT('',#791) ;
#838=VERTEX_POINT('',#837) ;
#840=VERTEX_POINT('',#839) ;
#847=VERTEX_POINT('',#846) ;
#854=VERTEX_POINT('',#853) ;
#900=VERTEX_POINT('',#899) ;
#902=VERTEX_POINT('',#901) ;
#909=VERTEX_POINT('',#908) ;
#916=VERTEX_POINT('',#915) ;
#991=VERTEX_POINT('',#990) ;
#998=VERTEX_POINT('',#997) ;
#1055=VERTEX_POINT('',#1054) ;
#1062=VERTEX_POINT('',#1061) ;
#1103=VERTEX_POINT('',#1102) ;
#1110=VERTEX_POINT('',#1109) ;
#1151=VERTEX_POINT('',#1150) ;
#1158=VERTEX_POINT('',#1157) ;
#1213=VERTEX_POINT('',#1212) ;
#1215=VERTEX_POINT('',#1214) ;
#1236=VERTEX_POINT('',#1235) ;
#1238=VERTEX_POINT('',#1237) ;
#1259=VERTEX_POINT('',#1258) ;
#1261=VERTEX_POINT('',#1260) ;
#1283=VERTEX_POINT('',#1282) ;
#1290=VERTEX_POINT('',#1289) ;
#1331=VERTEX_POINT('',#1330) ;
#1338=VERTEX_POINT('',#1337) ;
#1379=VERTEX_POINT('',#1378) ;
#1386=VERTEX_POINT('',#1385) ;
#1427=VERTEX_POINT('',#1426) ;
#1434=VERTEX_POINT('',#1433) ;
#1475=VERTEX_POINT('',#1474) ;
#1482=VERTEX_POINT('',#1481) ;
#1523=VERTEX_POINT('',#1522) ;
#1530=VERTEX_POINT('',#1529) ;
#1611=VERTEX_POINT('',#1610) ;
#1613=VERTEX_POINT('',#1612) ;
#1620=VERTEX_POINT('',#1619) ;
#1629=VERTEX_POINT('',#1628) ;
#1636=VERTEX_POINT('',#1635) ;
#1645=VERTEX_POINT('',#1644) ;
#1664=VERTEX_POINT('',#1663) ;
#1692=VERTEX_POINT('',#1691) ;
#1694=VERTEX_POINT('',#1693) ;
#1715=VERTEX_POINT('',#1714) ;
#1717=VERTEX_POINT('',#1716) ;
#1762=VERTEX_POINT('',#1761) ;
#1764=VERTEX_POINT('',#1763) ;
#1777=VERTEX_POINT('',#1776) ;
#1786=VERTEX_POINT('',#1785) ;
#1796=VERTEX_POINT('',#1795) ;
#1832=VERTEX_POINT('',#1831) ;
#1834=VERTEX_POINT('',#1833) ;
#1850=VERTEX_POINT('',#1849) ;
#1858=VERTEX_POINT('',#1857) ;
#1865=VERTEX_POINT('',#1864) ;
#1874=VERTEX_POINT('',#1873) ;
#1884=VERTEX_POINT('',#1883) ;
#1921=VERTEX_POINT('',#1920) ;
#1935=VERTEX_POINT('',#1934) ;
#1944=VERTEX_POINT('',#1943) ;
#1979=VERTEX_POINT('',#1978) ;
#2004=VERTEX_POINT('',#2003) ;
#2178=VERTEX_POINT('',#2177) ;
#2185=VERTEX_POINT('',#2184) ;
#41=(LENGTH_UNIT()NAMED_UNIT(*)SI_UNIT(.MILLI.,.METRE.)) ;
#42=(NAMED_UNIT(*)PLANE_ANGLE_UNIT()SI_UNIT($,.RADIAN.)) ;
#44=(NAMED_UNIT(*)SI_UNIT($,.STERADIAN.)SOLID_ANGLE_UNIT()) ;
#46=(GEOMETRIC_REPRESENTATION_CONTEXT(3)GLOBAL_UNCERTAINTY_ASSIGNED_CONTEXT((#45))GLOBAL_UNIT_ASSIGNED_CONTEXT((#41,#42,#44))REPRESENTATION_CONTEXT(' ',' ')) ;
ENDSEC;
END-ISO-10303-21;
