START RECORD GO HERE.                                                   S      1
1H,,1H;,23HCute-3-ISF-SS_mechModel,42H20081107_pv_Cute-3-SS_M_Lens_mechMG      1
odel.igs,44HDASSAULT SYSTEMES CATIA V5 R20 - www.3ds.com,27HCATIA VersioG      2
n 5 Release 20 ,32,75,6,75,15,23HCute-3-ISF-SS_mechModel,1.0,2,2HMM,    G      3
1000,1.0,15H20100601.134708,0.001,10000.0,2Hol,7Hprisma2,11,0,15H2010060G      4
1.134708,;                                                              G      5
     406       1       0       0       0       0       0       000010201D      1
     406       0       0       1      15                               0D      2
     110       2       0       0       0       0       0       001010001D      3
     110       0       0       2       0                               0D      4
     110       4       0       0       0       0       0       001010001D      5
     110       0       0       2       0                               0D      6
     120       6       0       0       0       0       0       001010001D      7
     120       0       0       1       0                               0D      8
     110       7       0       0       0       0       0       001010001D      9
     110       0       0       2       0                               0D     10
     124       9       0       0       0       0       0       001020201D     11
     124       0       0       2       0                               0D     12
     100      11       0       0       0       0      11       001010001D     13
     100       0       0       1       0                               0D     14
     110      12       0       0       0       0       0       001010001D     15
     110       0       0       2       0                               0D     16
     124      14       0       0       0       0       0       001020201D     17
     124       0       0       2       0                               0D     18
     100      16       0       0       0       0      17       001010001D     19
     100       0       0       1       0                               0D     20
     102      17       0       0       0       0       0       001010001D     21
     102       0       0       1       0                               0D     22
     142      18       0       0       0       0       0       001010001D     23
     142       0       0       1       0                               0D     24
     144      19       0       0   10000       0       0       000000000D     25
     144       0       0       1       0                               0D     26
     110      20       0       0       0       0       0       001010001D     27
     110       0       0       2       0                               0D     28
     110      22       0       0       0       0       0       001010001D     29
     110       0       0       2       0                               0D     30
     120      24       0       0       0       0       0       001010001D     31
     120       0       0       1       0                               0D     32
     110      25       0       0       0       0       0       001010001D     33
     110       0       0       2       0                               0D     34
     124      27       0       0       0       0       0       001020201D     35
     124       0       0       2       0                               0D     36
     100      29       0       0       0       0      35       001010001D     37
     100       0       0       1       0                               0D     38
     110      30       0       0       0       0       0       001010001D     39
     110       0       0       2       0                               0D     40
     124      32       0       0       0       0       0       001020201D     41
     124       0       0       2       0                               0D     42
     100      34       0       0       0       0      41       001010001D     43
     100       0       0       1       0                               0D     44
     102      35       0       0       0       0       0       001010001D     45
     102       0       0       1       0                               0D     46
     142      36       0       0       0       0       0       001010001D     47
     142       0       0       1       0                               0D     48
     144      37       0       0   10000       0       0       000000000D     49
     144       0       0       1       0                               0D     50
     108      38       0       0       0       0       0       001010001D     51
     108       0       0       1       0                               0D     52
     124      39       0       0       0       0       0       001020201D     53
     124       0       0       2       0                               0D     54
     100      41       0       0       0       0      53       001010001D     55
     100       0       0       1       0                               0D     56
     124      42       0       0       0       0       0       001020201D     57
     124       0       0       2       0                               0D     58
     100      44       0       0       0       0      57       001010001D     59
     100       0       0       1       0                               0D     60
     102      45       0       0       0       0       0       001010001D     61
     102       0       0       1       0                               0D     62
     142      46       0       0       0       0       0       001010001D     63
     142       0       0       1       0                               0D     64
     144      47       0       0   10000       0       0       000000000D     65
     144       0       0       1       0                               0D     66
     110      48       0       0       0       0       0       001010001D     67
     110       0       0       2       0                               0D     68
     110      50       0       0       0       0       0       001010001D     69
     110       0       0       2       0                               0D     70
     120      52       0       0       0       0       0       001010001D     71
     120       0       0       1       0                               0D     72
     110      53       0       0       0       0       0       001010001D     73
     110       0       0       2       0                               0D     74
     124      55       0       0       0       0       0       001020201D     75
     124       0       0       2       0                               0D     76
     100      57       0       0       0       0      75       001010001D     77
     100       0       0       1       0                               0D     78
     110      58       0       0       0       0       0       001010001D     79
     110       0       0       2       0                               0D     80
     124      60       0       0       0       0       0       001020201D     81
     124       0       0       2       0                               0D     82
     100      62       0       0       0       0      81       001010001D     83
     100       0       0       1       0                               0D     84
     102      63       0       0       0       0       0       001010001D     85
     102       0       0       1       0                               0D     86
     142      64       0       0       0       0       0       001010001D     87
     142       0       0       1       0                               0D     88
     144      65       0       0   10000       0       0       000000000D     89
     144       0       0       1       0                               0D     90
     110      66       0       0       0       0       0       001010001D     91
     110       0       0       2       0                               0D     92
     110      68       0       0       0       0       0       001010001D     93
     110       0       0       2       0                               0D     94
     120      70       0       0       0       0       0       001010001D     95
     120       0       0       1       0                               0D     96
     110      71       0       0       0       0       0       001010001D     97
     110       0       0       2       0                               0D     98
     124      73       0       0       0       0       0       001020201D     99
     124       0       0       2       0                               0D    100
     100      75       0       0       0       0      99       001010001D    101
     100       0       0       1       0                               0D    102
     110      76       0       0       0       0       0       001010001D    103
     110       0       0       2       0                               0D    104
     124      78       0       0       0       0       0       001020201D    105
     124       0       0       2       0                               0D    106
     100      80       0       0       0       0     105       001010001D    107
     100       0       0       1       0                               0D    108
     102      81       0       0       0       0       0       001010001D    109
     102       0       0       1       0                               0D    110
     142      82       0       0       0       0       0       001010001D    111
     142       0       0       1       0                               0D    112
     144      83       0       0   10000       0       0       000000000D    113
     144       0       0       1       0                               0D    114
     124      84       0       0       0       0       0       001020201D    115
     124       0       0       2       0                               0D    116
     100      86       0       0       0       0     115       001010001D    117
     100       0       0       1       0                               0D    118
     124      87       0       0       0       0       0       001020201D    119
     124       0       0       2       0                               0D    120
     100      89       0       0       0       0     119       001010001D    121
     100       0       0       1       0                               0D    122
     102      90       0       0       0       0       0       001010001D    123
     102       0       0       1       0                               0D    124
     142      91       0       0       0       0       0       001010001D    125
     142       0       0       1       0                               0D    126
     144      92       0       0   10000       0       0       000000000D    127
     144       0       0       1       0                               0D    128
     110      93       0       0       0       0       0       001010001D    129
     110       0       0       1       0                               0D    130
     110      94       0       0       0       0       0       001010001D    131
     110       0       0       2       0                               0D    132
     120      96       0       0       0       0       0       001010001D    133
     120       0       0       1       0                               0D    134
     110      97       0       0       0       0       0       001010001D    135
     110       0       0       2       0                               0D    136
     124      99       0       0       0       0       0       001020201D    137
     124       0       0       2       0                               0D    138
     100     101       0       0       0       0     137       001010001D    139
     100       0       0       1       0                               0D    140
     110     102       0       0       0       0       0       001010001D    141
     110       0       0       2       0                               0D    142
     124     104       0       0       0       0       0       001020201D    143
     124       0       0       2       0                               0D    144
     100     106       0       0       0       0     143       001010001D    145
     100       0       0       1       0                               0D    146
     102     107       0       0       0       0       0       001010001D    147
     102       0       0       1       0                               0D    148
     142     108       0       0       0       0       0       001010001D    149
     142       0       0       1       0                               0D    150
     144     109       0       0   10000       0       0       000000000D    151
     144       0       0       1       0                               0D    152
     110     110       0       0       0       0       0       001010001D    153
     110       0       0       1       0                               0D    154
     110     111       0       0       0       0       0       001010001D    155
     110       0       0       2       0                               0D    156
     120     113       0       0       0       0       0       001010001D    157
     120       0       0       1       0                               0D    158
     110     114       0       0       0       0       0       001010001D    159
     110       0       0       2       0                               0D    160
     124     116       0       0       0       0       0       001020201D    161
     124       0       0       2       0                               0D    162
     100     118       0       0       0       0     161       001010001D    163
     100       0       0       1       0                               0D    164
     110     119       0       0       0       0       0       001010001D    165
     110       0       0       2       0                               0D    166
     124     121       0       0       0       0       0       001020201D    167
     124       0       0       2       0                               0D    168
     100     123       0       0       0       0     167       001010001D    169
     100       0       0       1       0                               0D    170
     102     124       0       0       0       0       0       001010001D    171
     102       0       0       1       0                               0D    172
     142     125       0       0       0       0       0       001010001D    173
     142       0       0       1       0                               0D    174
     144     126       0       0   10000       0       0       000000000D    175
     144       0       0       1       0                               0D    176
     124     127       0       0       0       0       0       001020201D    177
     124       0       0       2       0                               0D    178
     100     129       0       0       0       0     177       001010001D    179
     100       0       0       1       0                               0D    180
     124     130       0       0       0       0       0       001020201D    181
     124       0       0       2       0                               0D    182
     100     132       0       0       0       0     181       001010001D    183
     100       0       0       1       0                               0D    184
     102     133       0       0       0       0       0       001010001D    185
     102       0       0       1       0                               0D    186
     142     134       0       0       0       0       0       001010001D    187
     142       0       0       1       0                               0D    188
     144     135       0       0   10000       0       0       000000000D    189
     144       0       0       1       0                               0D    190
     108     136       0       0       0       0       0       001010001D    191
     108       0       0       2       0                               0D    192
     110     138       0       0       0       0       0       001010001D    193
     110       0       0       1       0                               0D    194
     126     139       0       0       0       0       0       001010001D    195
     126       0       0       7       0                               0D    196
     110     146       0       0       0       0       0       001010001D    197
     110       0       0       2       0                               0D    198
     126     148       0       0       0       0       0       001010001D    199
     126       0       0       7       0                               0D    200
     102     155       0       0       0       0       0       001010001D    201
     102       0       0       1       0                               0D    202
     142     156       0       0       0       0       0       001010001D    203
     142       0       0       1       0                               0D    204
     144     157       0       0   10000       0       0       000000000D    205
     144       0       0       1       0                               0D    206
     110     158       0       0       0       0       0       001010001D    207
     110       0       0       1       0                               0D    208
     110     159       0       0       0       0       0       001010001D    209
     110       0       0       1       0                               0D    210
     120     160       0       0       0       0       0       001010001D    211
     120       0       0       1       0                               0D    212
     126     161       0       0       0       0       0       001010001D    213
     126       0       0       6       0                               0D    214
     126     167       0       0       0       0       0       001010001D    215
     126       0       0       5       0                               0D    216
     126     172       0       0       0       0       0       001010001D    217
     126       0       0       5       0                               0D    218
     126     177       0       0       0       0       0       001010001D    219
     126       0       0       5       0                               0D    220
     126     182       0       0       0       0       0       001010001D    221
     126       0       0       6       0                               0D    222
     126     188       0       0       0       0       0       001010001D    223
     126       0       0       6       0                               0D    224
     102     194       0       0       0       0       0       001010001D    225
     102       0       0       1       0                               0D    226
     142     195       0       0       0       0       0       001010001D    227
     142       0       0       1       0                               0D    228
     144     196       0       0   10000       0       0       000000000D    229
     144       0       0       1       0                               0D    230
     110     197       0       0       0       0       0       001010001D    231
     110       0       0       2       0                               0D    232
     110     199       0       0       0       0       0       001010001D    233
     110       0       0       2       0                               0D    234
     120     201       0       0       0       0       0       001010001D    235
     120       0       0       1       0                               0D    236
     126     202       0       0       0       0       0       001010001D    237
     126       0       0       6       0                               0D    238
     110     208       0       0       0       0       0       001010001D    239
     110       0       0       2       0                               0D    240
     126     210       0       0       0       0       0       001010001D    241
     126       0       0       6       0                               0D    242
     110     216       0       0       0       0       0       001010001D    243
     110       0       0       2       0                               0D    244
     102     218       0       0       0       0       0       001010001D    245
     102       0       0       1       0                               0D    246
     142     219       0       0       0       0       0       001010001D    247
     142       0       0       1       0                               0D    248
     144     220       0       0   10000       0       0       000000000D    249
     144       0       0       1       0                               0D    250
     110     221       0       0       0       0       0       001010001D    251
     110       0       0       1       0                               0D    252
     110     222       0       0       0       0       0       001010001D    253
     110       0       0       2       0                               0D    254
     120     224       0       0       0       0       0       001010001D    255
     120       0       0       1       0                               0D    256
     126     225       0       0       0       0       0       001010001D    257
     126       0       0       5       0                               0D    258
     126     230       0       0       0       0       0       001010001D    259
     126       0       0       6       0                               0D    260
     124     236       0       0       0       0       0       001020201D    261
     124       0       0       2       0                               0D    262
     100     238       0       0       0       0     261       001010001D    263
     100       0       0       1       0                               0D    264
     126     239       0       0       0       0       0       001010001D    265
     126       0       0       6       0                               0D    266
     126     245       0       0       0       0       0       001010001D    267
     126       0       0       5       0                               0D    268
     124     250       0       0       0       0       0       001020201D    269
     124       0       0       2       0                               0D    270
     100     252       0       0       0       0     269       001010001D    271
     100       0       0       1       0                               0D    272
     110     253       0       0       0       0       0       001010001D    273
     110       0       0       2       0                               0D    274
     124     255       0       0       0       0       0       001020201D    275
     124       0       0       2       0                               0D    276
     100     257       0       0       0       0     275       001010001D    277
     100       0       0       1       0                               0D    278
     110     258       0       0       0       0       0       001010001D    279
     110       0       0       2       0                               0D    280
     124     260       0       0       0       0       0       001020201D    281
     124       0       0       2       0                               0D    282
     100     262       0       0       0       0     281       001010001D    283
     100       0       0       1       0                               0D    284
     102     263       0       0       0       0       0       001010001D    285
     102       0       0       1       0                               0D    286
     142     264       0       0       0       0       0       001010001D    287
     142       0       0       1       0                               0D    288
     144     265       0       0   10000       0       0       000000000D    289
     144       0       0       1       0                               0D    290
     110     266       0       0       0       0       0       001010001D    291
     110       0       0       2       0                               0D    292
     110     268       0       0       0       0       0       001010001D    293
     110       0       0       2       0                               0D    294
     120     270       0       0       0       0       0       001010001D    295
     120       0       0       1       0                               0D    296
     110     271       0       0       0       0       0       001010001D    297
     110       0       0       2       0                               0D    298
     126     273       0       0       0       0       0       001010001D    299
     126       0       0       5       0                               0D    300
     126     278       0       0       0       0       0       001010001D    301
     126       0       0      12       0                               0D    302
     124     290       0       0       0       0       0       001020201D    303
     124       0       0       2       0                               0D    304
     100     292       0       0       0       0     303       001010001D    305
     100       0       0       1       0                               0D    306
     102     293       0       0       0       0       0       001010001D    307
     102       0       0       1       0                               0D    308
     142     294       0       0       0       0       0       001010001D    309
     142       0       0       1       0                               0D    310
     144     295       0       0   10000       0       0       000000000D    311
     144       0       0       1       0                               0D    312
     110     296       0       0       0       0       0       001010001D    313
     110       0       0       1       0                               0D    314
     110     297       0       0       0       0       0       001010001D    315
     110       0       0       2       0                               0D    316
     120     299       0       0       0       0       0       001010001D    317
     120       0       0       1       0                               0D    318
     126     300       0       0       0       0       0       001010001D    319
     126       0       0      12       0                               0D    320
     124     312       0       0       0       0       0       001020201D    321
     124       0       0       2       0                               0D    322
     100     314       0       0       0       0     321       001010001D    323
     100       0       0       1       0                               0D    324
     110     315       0       0       0       0       0       001010001D    325
     110       0       0       2       0                               0D    326
     124     317       0       0       0       0       0       001020201D    327
     124       0       0       2       0                               0D    328
     100     319       0       0       0       0     327       001010001D    329
     100       0       0       1       0                               0D    330
     102     320       0       0       0       0       0       001010001D    331
     102       0       0       1       0                               0D    332
     142     321       0       0       0       0       0       001010001D    333
     142       0       0       1       0                               0D    334
     144     322       0       0   10000       0       0       000000000D    335
     144       0       0       1       0                               0D    336
     110     323       0       0       0       0       0       001010001D    337
     110       0       0       1       0                               0D    338
     110     324       0       0       0       0       0       001010001D    339
     110       0       0       2       0                               0D    340
     120     326       0       0       0       0       0       001010001D    341
     120       0       0       1       0                               0D    342
     124     327       0       0       0       0       0       001020201D    343
     124       0       0       2       0                               0D    344
     100     329       0       0       0       0     343       001010001D    345
     100       0       0       1       0                               0D    346
     110     330       0       0       0       0       0       001010001D    347
     110       0       0       2       0                               0D    348
     124     332       0       0       0       0       0       001020201D    349
     124       0       0       2       0                               0D    350
     100     334       0       0       0       0     349       001010001D    351
     100       0       0       1       0                               0D    352
     110     335       0       0       0       0       0       001010001D    353
     110       0       0       2       0                               0D    354
     102     337       0       0       0       0       0       001010001D    355
     102       0       0       1       0                               0D    356
     142     338       0       0       0       0       0       001010001D    357
     142       0       0       1       0                               0D    358
     144     339       0       0   10000       0       0       000000000D    359
     144       0       0       1       0                               0D    360
     110     340       0       0       0       0       0       001010001D    361
     110       0       0       1       0                               0D    362
     110     341       0       0       0       0       0       001010001D    363
     110       0       0       2       0                               0D    364
     120     343       0       0       0       0       0       001010001D    365
     120       0       0       1       0                               0D    366
     126     344       0       0       0       0       0       001010001D    367
     126       0       0      12       0                               0D    368
     124     356       0       0       0       0       0       001020201D    369
     124       0       0       2       0                               0D    370
     100     358       0       0       0       0     369       001010001D    371
     100       0       0       1       0                               0D    372
     110     359       0       0       0       0       0       001010001D    373
     110       0       0       2       0                               0D    374
     124     361       0       0       0       0       0       001020201D    375
     124       0       0       2       0                               0D    376
     100     363       0       0       0       0     375       001010001D    377
     100       0       0       1       0                               0D    378
     102     364       0       0       0       0       0       001010001D    379
     102       0       0       1       0                               0D    380
     142     365       0       0       0       0       0       001010001D    381
     142       0       0       1       0                               0D    382
     144     366       0       0   10000       0       0       000000000D    383
     144       0       0       1       0                               0D    384
     110     367       0       0       0       0       0       001010001D    385
     110       0       0       2       0                               0D    386
     110     369       0       0       0       0       0       001010001D    387
     110       0       0       2       0                               0D    388
     120     371       0       0       0       0       0       001010001D    389
     120       0       0       1       0                               0D    390
     110     372       0       0       0       0       0       001010001D    391
     110       0       0       2       0                               0D    392
     124     374       0       0       0       0       0       001020201D    393
     124       0       0       2       0                               0D    394
     100     376       0       0       0       0     393       001010001D    395
     100       0       0       1       0                               0D    396
     126     377       0       0       0       0       0       001010001D    397
     126       0       0      12       0                               0D    398
     126     389       0       0       0       0       0       001010001D    399
     126       0       0       5       0                               0D    400
     102     394       0       0       0       0       0       001010001D    401
     102       0       0       1       0                               0D    402
     142     395       0       0       0       0       0       001010001D    403
     142       0       0       1       0                               0D    404
     144     396       0       0   10000       0       0       000000000D    405
     144       0       0       1       0                               0D    406
     108     397       0       0       0       0       0       001010001D    407
     108       0       0       2       0                               0D    408
     110     399       0       0       0       0       0       001010001D    409
     110       0       0       2       0                               0D    410
     126     401       0       0       0       0       0       001010001D    411
     126       0       0       7       0                               0D    412
     110     408       0       0       0       0       0       001010001D    413
     110       0       0       1       0                               0D    414
     126     409       0       0       0       0       0       001010001D    415
     126       0       0       7       0                               0D    416
     102     416       0       0       0       0       0       001010001D    417
     102       0       0       1       0                               0D    418
     142     417       0       0       0       0       0       001010001D    419
     142       0       0       1       0                               0D    420
     144     418       0       0   10000       0       0       000000000D    421
     144       0       0       1       0                               0D    422
     110     419       0       0       0       0       0       001010001D    423
     110       0       0       2       0                               0D    424
     110     421       0       0       0       0       0       001010001D    425
     110       0       0       2       0                               0D    426
     120     423       0       0       0       0       0       001010001D    427
     120       0       0       1       0                               0D    428
     126     424       0       0       0       0       0       001010001D    429
     126       0       0       7       0                               0D    430
     124     431       0       0       0       0       0       001020201D    431
     124       0       0       3       0                               0D    432
     100     434       0       0       0       0     431       001010001D    433
     100       0       0       1       0                               0D    434
     110     435       0       0       0       0       0       001010001D    435
     110       0       0       2       0                               0D    436
     124     437       0       0       0       0       0       001020201D    437
     124       0       0       2       0                               0D    438
     100     439       0       0       0       0     437       001010001D    439
     100       0       0       1       0                               0D    440
     110     440       0       0       0       0       0       001010001D    441
     110       0       0       2       0                               0D    442
     124     442       0       0       0       0       0       001020201D    443
     124       0       0       2       0                               0D    444
     100     444       0       0       0       0     443       001010001D    445
     100       0       0       1       0                               0D    446
     102     445       0       0       0       0       0       001010001D    447
     102       0       0       1       0                               0D    448
     142     446       0       0       0       0       0       001010001D    449
     142       0       0       1       0                               0D    450
     144     447       0       0   10000       0       0       000000000D    451
     144       0       0       1       0                               0D    452
     108     448       0       0       0       0       0       001010001D    453
     108       0       0       2       0                               0D    454
     110     450       0       0       0       0       0       001010001D    455
     110       0       0       2       0                               0D    456
     110     452       0       0       0       0       0       001010001D    457
     110       0       0       2       0                               0D    458
     110     454       0       0       0       0       0       001010001D    459
     110       0       0       2       0                               0D    460
     110     456       0       0       0       0       0       001010001D    461
     110       0       0       2       0                               0D    462
     102     458       0       0       0       0       0       001010001D    463
     102       0       0       1       0                               0D    464
     142     459       0       0       0       0       0       001010001D    465
     142       0       0       1       0                               0D    466
     144     460       0       0   10000       0       0       000000000D    467
     144       0       0       1       0                               0D    468
     110     461       0       0       0       0       0       001010001D    469
     110       0       0       2       0                               0D    470
     110     463       0       0       0       0       0       001010001D    471
     110       0       0       2       0                               0D    472
     120     465       0       0       0       0       0       001010001D    473
     120       0       0       1       0                               0D    474
     124     466       0       0       0       0       0       001020201D    475
     124       0       0       2       0                               0D    476
     100     468       0       0       0       0     475       001010001D    477
     100       0       0       1       0                               0D    478
     110     469       0       0       0       0       0       001010001D    479
     110       0       0       2       0                               0D    480
     124     471       0       0       0       0       0       001020201D    481
     124       0       0       2       0                               0D    482
     100     473       0       0       0       0     481       001010001D    483
     100       0       0       1       0                               0D    484
     110     474       0       0       0       0       0       001010001D    485
     110       0       0       2       0                               0D    486
     102     476       0       0       0       0       0       001010001D    487
     102       0       0       1       0                               0D    488
     142     477       0       0       0       0       0       001010001D    489
     142       0       0       1       0                               0D    490
     144     478       0       0   10000       0       0       000000000D    491
     144       0       0       1       0                               0D    492
     108     479       0       0       0       0       0       001010001D    493
     108       0       0       2       0                               0D    494
     110     481       0       0       0       0       0       001010001D    495
     110       0       0       2       0                               0D    496
     110     483       0       0       0       0       0       001010001D    497
     110       0       0       2       0                               0D    498
     110     485       0       0       0       0       0       001010001D    499
     110       0       0       2       0                               0D    500
     110     487       0       0       0       0       0       001010001D    501
     110       0       0       2       0                               0D    502
     102     489       0       0       0       0       0       001010001D    503
     102       0       0       1       0                               0D    504
     142     490       0       0       0       0       0       001010001D    505
     142       0       0       1       0                               0D    506
     144     491       0       0   10000       0       0       000000000D    507
     144       0       0       1       0                               0D    508
     110     492       0       0       0       0       0       001010001D    509
     110       0       0       1       0                               0D    510
     124     493       0       0       0       0       0       001020201D    511
     124       0       0       2       0                               0D    512
     100     495       0       0       0       0     511       001010001D    513
     100       0       0       1       0                               0D    514
     120     496       0       0       0       0       0       001010001D    515
     120       0       0       1       0                               0D    516
     124     497       0       0       0       0       0       001020201D    517
     124       0       0       3       0                               0D    518
     100     500       0       0       0       0     517       001010001D    519
     100       0       0       1       0                               0D    520
     124     501       0       0       0       0       0       001020201D    521
     124       0       0       2       0                               0D    522
     100     503       0       0       0       0     521       001010001D    523
     100       0       0       1       0                               0D    524
     124     504       0       0       0       0       0       001020201D    525
     124       0       0       3       0                               0D    526
     100     507       0       0       0       0     525       001010001D    527
     100       0       0       1       0                               0D    528
     124     508       0       0       0       0       0       001020201D    529
     124       0       0       2       0                               0D    530
     100     510       0       0       0       0     529       001010001D    531
     100       0       0       2       0                               0D    532
     102     512       0       0       0       0       0       001010001D    533
     102       0       0       1       0                               0D    534
     142     513       0       0       0       0       0       001010001D    535
     142       0       0       1       0                               0D    536
     144     514       0       0   10000       0       0       000000000D    537
     144       0       0       1       0                               0D    538
     110     515       0       0       0       0       0       001010001D    539
     110       0       0       1       0                               0D    540
     124     516       0       0       0       0       0       001020201D    541
     124       0       0       3       0                               0D    542
     100     519       0       0       0       0     541       001010001D    543
     100       0       0       1       0                               0D    544
     120     520       0       0       0       0       0       001010001D    545
     120       0       0       1       0                               0D    546
     124     521       0       0       0       0       0       001020201D    547
     124       0       0       3       0                               0D    548
     100     524       0       0       0       0     547       001010001D    549
     100       0       0       1       0                               0D    550
     124     525       0       0       0       0       0       001020201D    551
     124       0       0       2       0                               0D    552
     100     527       0       0       0       0     551       001010001D    553
     100       0       0       1       0                               0D    554
     124     528       0       0       0       0       0       001020201D    555
     124       0       0       3       0                               0D    556
     100     531       0       0       0       0     555       001010001D    557
     100       0       0       1       0                               0D    558
     124     532       0       0       0       0       0       001020201D    559
     124       0       0       2       0                               0D    560
     100     534       0       0       0       0     559       001010001D    561
     100       0       0       1       0                               0D    562
     102     535       0       0       0       0       0       001010001D    563
     102       0       0       1       0                               0D    564
     142     536       0       0       0       0       0       001010001D    565
     142       0       0       1       0                               0D    566
     144     537       0       0   10000       0       0       000000000D    567
     144       0       0       1       0                               0D    568
     110     538       0       0       0       0       0       001010001D    569
     110       0       0       1       0                               0D    570
     124     539       0       0       0       0       0       001020201D    571
     124       0       0       2       0                               0D    572
     100     541       0       0       0       0     571       001010001D    573
     100       0       0       1       0                               0D    574
     120     542       0       0       0       0       0       001010001D    575
     120       0       0       1       0                               0D    576
     124     543       0       0       0       0       0       001020201D    577
     124       0       0       2       0                               0D    578
     100     545       0       0       0       0     577       001010001D    579
     100       0       0       1       0                               0D    580
     124     546       0       0       0       0       0       001020201D    581
     124       0       0       2       0                               0D    582
     100     548       0       0       0       0     581       001010001D    583
     100       0       0       1       0                               0D    584
     124     549       0       0       0       0       0       001020201D    585
     124       0       0       2       0                               0D    586
     100     551       0       0       0       0     585       001010001D    587
     100       0       0       1       0                               0D    588
     124     552       0       0       0       0       0       001020201D    589
     124       0       0       2       0                               0D    590
     100     554       0       0       0       0     589       001010001D    591
     100       0       0       2       0                               0D    592
     102     556       0       0       0       0       0       001010001D    593
     102       0       0       1       0                               0D    594
     142     557       0       0       0       0       0       001010001D    595
     142       0       0       1       0                               0D    596
     144     558       0       0   10000       0       0       000000000D    597
     144       0       0       1       0                               0D    598
     110     559       0       0       0       0       0       001010001D    599
     110       0       0       1       0                               0D    600
     124     560       0       0       0       0       0       001020201D    601
     124       0       0       2       0                               0D    602
     100     562       0       0       0       0     601       001010001D    603
     100       0       0       1       0                               0D    604
     120     563       0       0       0       0       0       001010001D    605
     120       0       0       1       0                               0D    606
     124     564       0       0       0       0       0       001020201D    607
     124       0       0       2       0                               0D    608
     100     566       0       0       0       0     607       001010001D    609
     100       0       0       1       0                               0D    610
     124     567       0       0       0       0       0       001020201D    611
     124       0       0       2       0                               0D    612
     100     569       0       0       0       0     611       001010001D    613
     100       0       0       1       0                               0D    614
     124     570       0       0       0       0       0       001020201D    615
     124       0       0       2       0                               0D    616
     100     572       0       0       0       0     615       001010001D    617
     100       0       0       1       0                               0D    618
     124     573       0       0       0       0       0       001020201D    619
     124       0       0       2       0                               0D    620
     100     575       0       0       0       0     619       001010001D    621
     100       0       0       1       0                               0D    622
     102     576       0       0       0       0       0       001010001D    623
     102       0       0       1       0                               0D    624
     142     577       0       0       0       0       0       001010001D    625
     142       0       0       1       0                               0D    626
     144     578       0       0   10000       0       0       000000000D    627
     144       0       0       1       0                               0D    628
     110     579       0       0       0       0       0       001010001D    629
     110       0       0       1       0                               0D    630
     124     580       0       0       0       0       0       001020201D    631
     124       0       0       2       0                               0D    632
     100     582       0       0       0       0     631       001010001D    633
     100       0       0       1       0                               0D    634
     120     583       0       0       0       0       0       001010001D    635
     120       0       0       1       0                               0D    636
     124     584       0       0       0       0       0       001020201D    637
     124       0       0       3       0                               0D    638
     100     587       0       0       0       0     637       001010001D    639
     100       0       0       1       0                               0D    640
     124     588       0       0       0       0       0       001020201D    641
     124       0       0       2       0                               0D    642
     100     590       0       0       0       0     641       001010001D    643
     100       0       0       1       0                               0D    644
     124     591       0       0       0       0       0       001020201D    645
     124       0       0       3       0                               0D    646
     100     594       0       0       0       0     645       001010001D    647
     100       0       0       1       0                               0D    648
     124     595       0       0       0       0       0       001020201D    649
     124       0       0       2       0                               0D    650
     100     597       0       0       0       0     649       001010001D    651
     100       0       0       2       0                               0D    652
     102     599       0       0       0       0       0       001010001D    653
     102       0       0       1       0                               0D    654
     142     600       0       0       0       0       0       001010001D    655
     142       0       0       1       0                               0D    656
     144     601       0       0   10000       0       0       000000000D    657
     144       0       0       1       0                               0D    658
     110     602       0       0       0       0       0       001010001D    659
     110       0       0       1       0                               0D    660
     124     603       0       0       0       0       0       001020201D    661
     124       0       0       3       0                               0D    662
     100     606       0       0       0       0     661       001010001D    663
     100       0       0       1       0                               0D    664
     120     607       0       0       0       0       0       001010001D    665
     120       0       0       1       0                               0D    666
     124     608       0       0       0       0       0       001020201D    667
     124       0       0       3       0                               0D    668
     100     611       0       0       0       0     667       001010001D    669
     100       0       0       1       0                               0D    670
     124     612       0       0       0       0       0       001020201D    671
     124       0       0       2       0                               0D    672
     100     614       0       0       0       0     671       001010001D    673
     100       0       0       1       0                               0D    674
     124     615       0       0       0       0       0       001020201D    675
     124       0       0       3       0                               0D    676
     100     618       0       0       0       0     675       001010001D    677
     100       0       0       1       0                               0D    678
     124     619       0       0       0       0       0       001020201D    679
     124       0       0       2       0                               0D    680
     100     621       0       0       0       0     679       001010001D    681
     100       0       0       1       0                               0D    682
     102     622       0       0       0       0       0       001010001D    683
     102       0       0       1       0                               0D    684
     142     623       0       0       0       0       0       001010001D    685
     142       0       0       1       0                               0D    686
     144     624       0       0   10000       0       0       000000000D    687
     144       0       0       1       0                               0D    688
     108     625       0       0       0       0       0       001010001D    689
     108       0       0       2       0                               0D    690
     110     627       0       0       0       0       0       001010001D    691
     110       0       0       2       0                               0D    692
     126     629       0       0       0       0       0       001010001D    693
     126       0       0       8       0                               0D    694
     110     637       0       0       0       0       0       001010001D    695
     110       0       0       2       0                               0D    696
     124     639       0       0       0       0       0       001020201D    697
     124       0       0       2       0                               0D    698
     100     641       0       0       0       0     697       001010001D    699
     100       0       0       1       0                               0D    700
     102     642       0       0       0       0       0       001010001D    701
     102       0       0       1       0                               0D    702
     142     643       0       0       0       0       0       001010001D    703
     142       0       0       1       0                               0D    704
     144     644       0       0   10000       0       0       000000000D    705
     144       0       0       1       0                               0D    706
     110     645       0       0       0       0       0       001010001D    707
     110       0       0       2       0                               0D    708
     110     647       0       0       0       0       0       001010001D    709
     110       0       0       2       0                               0D    710
     120     649       0       0       0       0       0       001010001D    711
     120       0       0       1       0                               0D    712
     126     650       0       0       0       0       0       001010001D    713
     126       0       0       6       0                               0D    714
     110     656       0       0       0       0       0       001010001D    715
     110       0       0       2       0                               0D    716
     126     658       0       0       0       0       0       001010001D    717
     126       0       0       6       0                               0D    718
     110     664       0       0       0       0       0       001010001D    719
     110       0       0       2       0                               0D    720
     102     666       0       0       0       0       0       001010001D    721
     102       0       0       1       0                               0D    722
     142     667       0       0       0       0       0       001010001D    723
     142       0       0       1       0                               0D    724
     144     668       0       0   10000       0       0       000000000D    725
     144       0       0       1       0                               0D    726
     110     669       0       0       0       0       0       001010001D    727
     110       0       0       1       0                               0D    728
     124     670       0       0       0       0       0       001020201D    729
     124       0       0       3       0                               0D    730
     100     673       0       0       0       0     729       001010001D    731
     100       0       0       1       0                               0D    732
     120     674       0       0       0       0       0       001010001D    733
     120       0       0       1       0                               0D    734
     126     675       0       0       0       0       0       001010001D    735
     126       0       0       5       0                               0D    736
     124     680       0       0       0       0       0       001020201D    737
     124       0       0       2       0                               0D    738
     100     682       0       0       0       0     737       001010001D    739
     100       0       0       1       0                               0D    740
     126     683       0       0       0       0       0       001010001D    741
     126       0       0       5       0                               0D    742
     124     688       0       0       0       0       0       001020201D    743
     124       0       0       2       0                               0D    744
     100     690       0       0       0       0     743       001010001D    745
     100       0       0       1       0                               0D    746
     124     691       0       0       0       0       0       001020201D    747
     124       0       0       3       0                               0D    748
     100     694       0       0       0       0     747       001010001D    749
     100       0       0       1       0                               0D    750
     124     695       0       0       0       0       0       001020201D    751
     124       0       0       2       0                               0D    752
     100     697       0       0       0       0     751       001010001D    753
     100       0       0       2       0                               0D    754
     124     699       0       0       0       0       0       001020201D    755
     124       0       0       2       0                               0D    756
     100     701       0       0       0       0     755       001010001D    757
     100       0       0       1       0                               0D    758
     124     702       0       0       0       0       0       001020201D    759
     124       0       0       2       0                               0D    760
     100     704       0       0       0       0     759       001010001D    761
     100       0       0       1       0                               0D    762
     102     705       0       0       0       0       0       001010001D    763
     102       0       0       1       0                               0D    764
     142     706       0       0       0       0       0       001010001D    765
     142       0       0       1       0                               0D    766
     144     707       0       0   10000       0       0       000000000D    767
     144       0       0       1       0                               0D    768
     110     708       0       0       0       0       0       001010001D    769
     110       0       0       1       0                               0D    770
     124     709       0       0       0       0       0       001020201D    771
     124       0       0       3       0                               0D    772
     100     712       0       0       0       0     771       001010001D    773
     100       0       0       1       0                               0D    774
     120     713       0       0       0       0       0       001010001D    775
     120       0       0       1       0                               0D    776
     124     714       0       0       0       0       0       001020201D    777
     124       0       0       2       0                               0D    778
     100     716       0       0       0       0     777       001010001D    779
     100       0       0       2       0                               0D    780
     124     718       0       0       0       0       0       001020201D    781
     124       0       0       3       0                               0D    782
     100     721       0       0       0       0     781       001010001D    783
     100       0       0       1       0                               0D    784
     124     722       0       0       0       0       0       001020201D    785
     124       0       0       2       0                               0D    786
     100     724       0       0       0       0     785       001010001D    787
     100       0       0       1       0                               0D    788
     124     725       0       0       0       0       0       001020201D    789
     124       0       0       3       0                               0D    790
     100     728       0       0       0       0     789       001010001D    791
     100       0       0       1       0                               0D    792
     102     729       0       0       0       0       0       001010001D    793
     102       0       0       1       0                               0D    794
     142     730       0       0       0       0       0       001010001D    795
     142       0       0       1       0                               0D    796
     144     731       0       0   10000       0       0       000000000D    797
     144       0       0       1       0                               0D    798
     108     732       0       0       0       0       0       001010001D    799
     108       0       0       1       0                               0D    800
     124     733       0       0       0       0       0       001020201D    801
     124       0       0       3       0                               0D    802
     100     736       0       0       0       0     801       001010001D    803
     100       0       0       1       0                               0D    804
     110     737       0       0       0       0       0       001010001D    805
     110       0       0       2       0                               0D    806
     124     739       0       0       0       0       0       001020201D    807
     124       0       0       3       0                               0D    808
     100     742       0       0       0       0     807       001010001D    809
     100       0       0       1       0                               0D    810
     110     743       0       0       0       0       0       001010001D    811
     110       0       0       2       0                               0D    812
     102     745       0       0       0       0       0       001010001D    813
     102       0       0       1       0                               0D    814
     142     746       0       0       0       0       0       001010001D    815
     142       0       0       1       0                               0D    816
     144     747       0       0   10000       0       0       000000000D    817
     144       0       0       1       0                               0D    818
     110     748       0       0       0       0       0       001010001D    819
     110       0       0       1       0                               0D    820
     110     749       0       0       0       0       0       001010001D    821
     110       0       0       2       0                               0D    822
     120     751       0       0       0       0       0       001010001D    823
     120       0       0       1       0                               0D    824
     124     752       0       0       0       0       0       001020201D    825
     124       0       0       2       0                               0D    826
     100     754       0       0       0       0     825       001010001D    827
     100       0       0       1       0                               0D    828
     110     755       0       0       0       0       0       001010001D    829
     110       0       0       2       0                               0D    830
     124     757       0       0       0       0       0       001020201D    831
     124       0       0       2       0                               0D    832
     100     759       0       0       0       0     831       001010001D    833
     100       0       0       1       0                               0D    834
     110     760       0       0       0       0       0       001010001D    835
     110       0       0       2       0                               0D    836
     102     762       0       0       0       0       0       001010001D    837
     102       0       0       1       0                               0D    838
     142     763       0       0       0       0       0       001010001D    839
     142       0       0       1       0                               0D    840
     144     764       0       0   10000       0       0       000000000D    841
     144       0       0       1       0                               0D    842
     110     765       0       0       0       0       0       001010001D    843
     110       0       0       1       0                               0D    844
     110     766       0       0       0       0       0       001010001D    845
     110       0       0       2       0                               0D    846
     120     768       0       0       0       0       0       001010001D    847
     120       0       0       1       0                               0D    848
     124     769       0       0       0       0       0       001020201D    849
     124       0       0       2       0                               0D    850
     100     771       0       0       0       0     849       001010001D    851
     100       0       0       1       0                               0D    852
     110     772       0       0       0       0       0       001010001D    853
     110       0       0       2       0                               0D    854
     124     774       0       0       0       0       0       001020201D    855
     124       0       0       2       0                               0D    856
     100     776       0       0       0       0     855       001010001D    857
     100       0       0       1       0                               0D    858
     110     777       0       0       0       0       0       001010001D    859
     110       0       0       2       0                               0D    860
     102     779       0       0       0       0       0       001010001D    861
     102       0       0       1       0                               0D    862
     142     780       0       0       0       0       0       001010001D    863
     142       0       0       1       0                               0D    864
     144     781       0       0   10000       0       0       000000000D    865
     144       0       0       1       0                               0D    866
     110     782       0       0       0       0       0       001010001D    867
     110       0       0       1       0                               0D    868
     110     783       0       0       0       0       0       001010001D    869
     110       0       0       2       0                               0D    870
     120     785       0       0       0       0       0       001010001D    871
     120       0       0       1       0                               0D    872
     124     786       0       0       0       0       0       001020201D    873
     124       0       0       2       0                               0D    874
     100     788       0       0       0       0     873       001010001D    875
     100       0       0       1       0                               0D    876
     110     789       0       0       0       0       0       001010001D    877
     110       0       0       2       0                               0D    878
     124     791       0       0       0       0       0       001020201D    879
     124       0       0       2       0                               0D    880
     100     793       0       0       0       0     879       001010001D    881
     100       0       0       1       0                               0D    882
     110     794       0       0       0       0       0       001010001D    883
     110       0       0       2       0                               0D    884
     102     796       0       0       0       0       0       001010001D    885
     102       0       0       1       0                               0D    886
     142     797       0       0       0       0       0       001010001D    887
     142       0       0       1       0                               0D    888
     144     798       0       0   10000       0       0       000000000D    889
     144       0       0       1       0                               0D    890
     110     799       0       0       0       0       0       001010001D    891
     110       0       0       1       0                               0D    892
     110     800       0       0       0       0       0       001010001D    893
     110       0       0       2       0                               0D    894
     120     802       0       0       0       0       0       001010001D    895
     120       0       0       1       0                               0D    896
     124     803       0       0       0       0       0       001020201D    897
     124       0       0       2       0                               0D    898
     100     805       0       0       0       0     897       001010001D    899
     100       0       0       1       0                               0D    900
     110     806       0       0       0       0       0       001010001D    901
     110       0       0       2       0                               0D    902
     124     808       0       0       0       0       0       001020201D    903
     124       0       0       2       0                               0D    904
     100     810       0       0       0       0     903       001010001D    905
     100       0       0       1       0                               0D    906
     110     811       0       0       0       0       0       001010001D    907
     110       0       0       2       0                               0D    908
     102     813       0       0       0       0       0       001010001D    909
     102       0       0       1       0                               0D    910
     142     814       0       0       0       0       0       001010001D    911
     142       0       0       1       0                               0D    912
     144     815       0       0   10000       0       0       000000000D    913
     144       0       0       1       0                               0D    914
     110     816       0       0       0       0       0       001010001D    915
     110       0       0       1       0                               0D    916
     110     817       0       0       0       0       0       001010001D    917
     110       0       0       2       0                               0D    918
     120     819       0       0       0       0       0       001010001D    919
     120       0       0       1       0                               0D    920
     124     820       0       0       0       0       0       001020201D    921
     124       0       0       2       0                               0D    922
     100     822       0       0       0       0     921       001010001D    923
     100       0       0       1       0                               0D    924
     110     823       0       0       0       0       0       001010001D    925
     110       0       0       2       0                               0D    926
     124     825       0       0       0       0       0       001020201D    927
     124       0       0       2       0                               0D    928
     100     827       0       0       0       0     927       001010001D    929
     100       0       0       1       0                               0D    930
     110     828       0       0       0       0       0       001010001D    931
     110       0       0       2       0                               0D    932
     102     830       0       0       0       0       0       001010001D    933
     102       0       0       1       0                               0D    934
     142     831       0       0       0       0       0       001010001D    935
     142       0       0       1       0                               0D    936
     144     832       0       0   10000       0       0       000000000D    937
     144       0       0       1       0                               0D    938
     110     833       0       0       0       0       0       001010001D    939
     110       0       0       1       0                               0D    940
     110     834       0       0       0       0       0       001010001D    941
     110       0       0       2       0                               0D    942
     120     836       0       0       0       0       0       001010001D    943
     120       0       0       1       0                               0D    944
     124     837       0       0       0       0       0       001020201D    945
     124       0       0       2       0                               0D    946
     100     839       0       0       0       0     945       001010001D    947
     100       0       0       1       0                               0D    948
     110     840       0       0       0       0       0       001010001D    949
     110       0       0       2       0                               0D    950
     124     842       0       0       0       0       0       001020201D    951
     124       0       0       2       0                               0D    952
     100     844       0       0       0       0     951       001010001D    953
     100       0       0       1       0                               0D    954
     110     845       0       0       0       0       0       001010001D    955
     110       0       0       2       0                               0D    956
     102     847       0       0       0       0       0       001010001D    957
     102       0       0       1       0                               0D    958
     142     848       0       0       0       0       0       001010001D    959
     142       0       0       1       0                               0D    960
     144     849       0       0   10000       0       0       000000000D    961
     144       0       0       1       0                               0D    962
     108     850       0       0       0       0       0       001010001D    963
     108       0       0       1       0                               0D    964
     124     851       0       0       0       0       0       001020201D    965
     124       0       0       2       0                               0D    966
     100     853       0       0       0       0     965       001010001D    967
     100       0       0       2       0                               0D    968
     124     855       0       0       0       0       0       001020201D    969
     124       0       0       2       0                               0D    970
     100     857       0       0       0       0     969       001010001D    971
     100       0       0       2       0                               0D    972
     102     859       0       0       0       0       0       001010001D    973
     102       0       0       1       0                               0D    974
     142     860       0       0       0       0       0       001010001D    975
     142       0       0       1       0                               0D    976
     144     861       0       0   10000       0       0       000000000D    977
     144       0       0       1       0                               0D    978
     108     862       0       0       0       0       0       001010001D    979
     108       0       0       1       0                               0D    980
     124     863       0       0       0       0       0       001020201D    981
     124       0       0       2       0                               0D    982
     100     865       0       0       0       0     981       001010001D    983
     100       0       0       1       0                               0D    984
     124     866       0       0       0       0       0       001020201D    985
     124       0       0       2       0                               0D    986
     100     868       0       0       0       0     985       001010001D    987
     100       0       0       1       0                               0D    988
     102     869       0       0       0       0       0       001010001D    989
     102       0       0       1       0                               0D    990
     142     870       0       0       0       0       0       001010001D    991
     142       0       0       1       0                               0D    992
     124     871       0       0       0       0       0       001020201D    993
     124       0       0       1       0                               0D    994
     100     872       0       0       0       0     993       001010001D    995
     100       0       0       1       0                               0D    996
     124     873       0       0       0       0       0       001020201D    997
     124       0       0       1       0                               0D    998
     100     874       0       0       0       0     997       001010001D    999
     100       0       0       1       0                               0D   1000
     102     875       0       0       0       0       0       001010001D   1001
     102       0       0       1       0                               0D   1002
     142     876       0       0       0       0       0       001010001D   1003
     142       0       0       1       0                               0D   1004
     144     877       0       0   10000       0       0       000000000D   1005
     144       0       0       1       0                               0D   1006
     124     878       0       0       0       0       0       001020201D   1007
     124       0       0       2       0                               0D   1008
     100     880       0       0       0       0    1007       001010001D   1009
     100       0       0       1       0                               0D   1010
     124     881       0       0       0       0       0       001020201D   1011
     124       0       0       2       0                               0D   1012
     100     883       0       0       0       0    1011       001010001D   1013
     100       0       0       1       0                               0D   1014
     102     884       0       0       0       0       0       001010001D   1015
     102       0       0       1       0                               0D   1016
     142     885       0       0       0       0       0       001010001D   1017
     142       0       0       1       0                               0D   1018
     124     886       0       0       0       0       0       001020201D   1019
     124       0       0       2       0                               0D   1020
     100     888       0       0       0       0    1019       001010001D   1021
     100       0       0       1       0                               0D   1022
     124     889       0       0       0       0       0       001020201D   1023
     124       0       0       2       0                               0D   1024
     100     891       0       0       0       0    1023       001010001D   1025
     100       0       0       1       0                               0D   1026
     102     892       0       0       0       0       0       001010001D   1027
     102       0       0       1       0                               0D   1028
     142     893       0       0       0       0       0       001010001D   1029
     142       0       0       1       0                               0D   1030
     144     894       0       0   10000       0       0       000000000D   1031
     144       0       0       1       0                               0D   1032
     124     895       0       0       0       0       0       001020201D   1033
     124       0       0       2       0                               0D   1034
     100     897       0       0       0       0    1033       001010001D   1035
     100       0       0       1       0                               0D   1036
     124     898       0       0       0       0       0       001020201D   1037
     124       0       0       2       0                               0D   1038
     100     900       0       0       0       0    1037       001010001D   1039
     100       0       0       1       0                               0D   1040
     102     901       0       0       0       0       0       001010001D   1041
     102       0       0       1       0                               0D   1042
     142     902       0       0       0       0       0       001010001D   1043
     142       0       0       1       0                               0D   1044
     124     903       0       0       0       0       0       001020201D   1045
     124       0       0       2       0                               0D   1046
     100     905       0       0       0       0    1045       001010001D   1047
     100       0       0       1       0                               0D   1048
     124     906       0       0       0       0       0       001020201D   1049
     124       0       0       2       0                               0D   1050
     100     908       0       0       0       0    1049       001010001D   1051
     100       0       0       1       0                               0D   1052
     102     909       0       0       0       0       0       001010001D   1053
     102       0       0       1       0                               0D   1054
     142     910       0       0       0       0       0       001010001D   1055
     142       0       0       1       0                               0D   1056
     144     911       0       0   10000       0       0       000000000D   1057
     144       0       0       1       0                               0D   1058
     110     912       0       0       0       0       0       001010001D   1059
     110       0       0       1       0                               0D   1060
     110     913       0       0       0       0       0       001010001D   1061
     110       0       0       1       0                               0D   1062
     120     914       0       0       0       0       0       001010001D   1063
     120       0       0       1       0                               0D   1064
     124     915       0       0       0       0       0       001020201D   1065
     124       0       0       2       0                               0D   1066
     100     917       0       0       0       0    1065       001010001D   1067
     100       0       0       1       0                               0D   1068
     110     918       0       0       0       0       0       001010001D   1069
     110       0       0       1       0                               0D   1070
     124     919       0       0       0       0       0       001020201D   1071
     124       0       0       1       0                               0D   1072
     100     920       0       0       0       0    1071       001010001D   1073
     100       0       0       1       0                               0D   1074
     110     921       0       0       0       0       0       001010001D   1075
     110       0       0       1       0                               0D   1076
     102     922       0       0       0       0       0       001010001D   1077
     102       0       0       1       0                               0D   1078
     142     923       0       0       0       0       0       001010001D   1079
     142       0       0       1       0                               0D   1080
     144     924       0       0   10000       0       0       000000000D   1081
     144       0       0       1       0                               0D   1082
     110     925       0       0       0       0       0       001010001D   1083
     110       0       0       1       0                               0D   1084
     110     926       0       0       0       0       0       001010001D   1085
     110       0       0       1       0                               0D   1086
     120     927       0       0       0       0       0       001010001D   1087
     120       0       0       1       0                               0D   1088
     124     928       0       0       0       0       0       001020201D   1089
     124       0       0       2       0                               0D   1090
     100     930       0       0       0       0    1089       001010001D   1091
     100       0       0       1       0                               0D   1092
     110     931       0       0       0       0       0       001010001D   1093
     110       0       0       1       0                               0D   1094
     124     932       0       0       0       0       0       001020201D   1095
     124       0       0       1       0                               0D   1096
     100     933       0       0       0       0    1095       001010001D   1097
     100       0       0       1       0                               0D   1098
     110     934       0       0       0       0       0       001010001D   1099
     110       0       0       1       0                               0D   1100
     102     935       0       0       0       0       0       001010001D   1101
     102       0       0       1       0                               0D   1102
     142     936       0       0       0       0       0       001010001D   1103
     142       0       0       1       0                               0D   1104
     144     937       0       0   10000       0       0       000000000D   1105
     144       0       0       1       0                               0D   1106
     110     938       0       0       0       0       0       001010001D   1107
     110       0       0       1       0                               0D   1108
     110     939       0       0       0       0       0       001010001D   1109
     110       0       0       2       0                               0D   1110
     120     941       0       0       0       0       0       001010001D   1111
     120       0       0       1       0                               0D   1112
     124     942       0       0       0       0       0       001020201D   1113
     124       0       0       2       0                               0D   1114
     100     944       0       0       0       0    1113       001010001D   1115
     100       0       0       1       0                               0D   1116
     110     945       0       0       0       0       0       001010001D   1117
     110       0       0       2       0                               0D   1118
     124     947       0       0       0       0       0       001020201D   1119
     124       0       0       2       0                               0D   1120
     100     949       0       0       0       0    1119       001010001D   1121
     100       0       0       1       0                               0D   1122
     110     950       0       0       0       0       0       001010001D   1123
     110       0       0       2       0                               0D   1124
     102     952       0       0       0       0       0       001010001D   1125
     102       0       0       1       0                               0D   1126
     142     953       0       0       0       0       0       001010001D   1127
     142       0       0       1       0                               0D   1128
     144     954       0       0   10000       0       0       000000000D   1129
     144       0       0       1       0                               0D   1130
     110     955       0       0       0       0       0       001010001D   1131
     110       0       0       1       0                               0D   1132
     110     956       0       0       0       0       0       001010001D   1133
     110       0       0       2       0                               0D   1134
     120     958       0       0       0       0       0       001010001D   1135
     120       0       0       1       0                               0D   1136
     124     959       0       0       0       0       0       001020201D   1137
     124       0       0       2       0                               0D   1138
     100     961       0       0       0       0    1137       001010001D   1139
     100       0       0       1       0                               0D   1140
     110     962       0       0       0       0       0       001010001D   1141
     110       0       0       2       0                               0D   1142
     124     964       0       0       0       0       0       001020201D   1143
     124       0       0       2       0                               0D   1144
     100     966       0       0       0       0    1143       001010001D   1145
     100       0       0       1       0                               0D   1146
     110     967       0       0       0       0       0       001010001D   1147
     110       0       0       2       0                               0D   1148
     102     969       0       0       0       0       0       001010001D   1149
     102       0       0       1       0                               0D   1150
     142     970       0       0       0       0       0       001010001D   1151
     142       0       0       1       0                               0D   1152
     144     971       0       0   10000       0       0       000000000D   1153
     144       0       0       1       0                               0D   1154
     110     972       0       0       0       0       0       001010001D   1155
     110       0       0       1       0                               0D   1156
     110     973       0       0       0       0       0       001010001D   1157
     110       0       0       2       0                               0D   1158
     120     975       0       0       0       0       0       001010001D   1159
     120       0       0       1       0                               0D   1160
     124     976       0       0       0       0       0       001020201D   1161
     124       0       0       2       0                               0D   1162
     100     978       0       0       0       0    1161       001010001D   1163
     100       0       0       1       0                               0D   1164
     110     979       0       0       0       0       0       001010001D   1165
     110       0       0       2       0                               0D   1166
     124     981       0       0       0       0       0       001020201D   1167
     124       0       0       2       0                               0D   1168
     100     983       0       0       0       0    1167       001010001D   1169
     100       0       0       1       0                               0D   1170
     110     984       0       0       0       0       0       001010001D   1171
     110       0       0       2       0                               0D   1172
     102     986       0       0       0       0       0       001010001D   1173
     102       0       0       1       0                               0D   1174
     142     987       0       0       0       0       0       001010001D   1175
     142       0       0       1       0                               0D   1176
     144     988       0       0   10000       0       0       000000000D   1177
     144       0       0       1       0                               0D   1178
     110     989       0       0       0       0       0       001010001D   1179
     110       0       0       1       0                               0D   1180
     110     990       0       0       0       0       0       001010001D   1181
     110       0       0       2       0                               0D   1182
     120     992       0       0       0       0       0       001010001D   1183
     120       0       0       1       0                               0D   1184
     124     993       0       0       0       0       0       001020201D   1185
     124       0       0       2       0                               0D   1186
     100     995       0       0       0       0    1185       001010001D   1187
     100       0       0       1       0                               0D   1188
     110     996       0       0       0       0       0       001010001D   1189
     110       0       0       2       0                               0D   1190
     124     998       0       0       0       0       0       001020201D   1191
     124       0       0       2       0                               0D   1192
     100    1000       0       0       0       0    1191       001010001D   1193
     100       0       0       1       0                               0D   1194
     110    1001       0       0       0       0       0       001010001D   1195
     110       0       0       2       0                               0D   1196
     102    1003       0       0       0       0       0       001010001D   1197
     102       0       0       1       0                               0D   1198
     142    1004       0       0       0       0       0       001010001D   1199
     142       0       0       1       0                               0D   1200
     144    1005       0       0   10000       0       0       000000000D   1201
     144       0       0       1       0                               0D   1202
     110    1006       0       0       0       0       0       001010001D   1203
     110       0       0       2       0                               0D   1204
     110    1008       0       0       0       0       0       001010001D   1205
     110       0       0       2       0                               0D   1206
     120    1010       0       0       0       0       0       001010001D   1207
     120       0       0       1       0                               0D   1208
     124    1011       0       0       0       0       0       001020201D   1209
     124       0       0       3       0                               0D   1210
     100    1014       0       0       0       0    1209       001010001D   1211
     100       0       0       2       0                               0D   1212
     110    1016       0       0       0       0       0       001010001D   1213
     110       0       0       2       0                               0D   1214
     124    1018       0       0       0       0       0       001020201D   1215
     124       0       0       2       0                               0D   1216
     100    1020       0       0       0       0    1215       001010001D   1217
     100       0       0       1       0                               0D   1218
     110    1021       0       0       0       0       0       001010001D   1219
     110       0       0       2       0                               0D   1220
     102    1023       0       0       0       0       0       001010001D   1221
     102       0       0       1       0                               0D   1222
     142    1024       0       0       0       0       0       001010001D   1223
     142       0       0       1       0                               0D   1224
     144    1025       0       0   10000       0       0       000000000D   1225
     144       0       0       1       0                               0D   1226
     110    1026       0       0       0       0       0       001010001D   1227
     110       0       0       2       0                               0D   1228
     110    1028       0       0       0       0       0       001010001D   1229
     110       0       0       2       0                               0D   1230
     120    1030       0       0       0       0       0       001010001D   1231
     120       0       0       1       0                               0D   1232
     124    1031       0       0       0       0       0       001020201D   1233
     124       0       0       3       0                               0D   1234
     100    1034       0       0       0       0    1233       001010001D   1235
     100       0       0       2       0                               0D   1236
     110    1036       0       0       0       0       0       001010001D   1237
     110       0       0       2       0                               0D   1238
     124    1038       0       0       0       0       0       001020201D   1239
     124       0       0       2       0                               0D   1240
     100    1040       0       0       0       0    1239       001010001D   1241
     100       0       0       1       0                               0D   1242
     110    1041       0       0       0       0       0       001010001D   1243
     110       0       0       2       0                               0D   1244
     102    1043       0       0       0       0       0       001010001D   1245
     102       0       0       1       0                               0D   1246
     142    1044       0       0       0       0       0       001010001D   1247
     142       0       0       1       0                               0D   1248
     144    1045       0       0   10000       0       0       000000000D   1249
     144       0       0       1       0                               0D   1250
     110    1046       0       0       0       0       0       001010001D   1251
     110       0       0       2       0                               0D   1252
     110    1048       0       0       0       0       0       001010001D   1253
     110       0       0       2       0                               0D   1254
     120    1050       0       0       0       0       0       001010001D   1255
     120       0       0       1       0                               0D   1256
     124    1051       0       0       0       0       0       001020201D   1257
     124       0       0       2       0                               0D   1258
     100    1053       0       0       0       0    1257       001010001D   1259
     100       0       0       2       0                               0D   1260
     110    1055       0       0       0       0       0       001010001D   1261
     110       0       0       2       0                               0D   1262
     124    1057       0       0       0       0       0       001020201D   1263
     124       0       0       2       0                               0D   1264
     100    1059       0       0       0       0    1263       001010001D   1265
     100       0       0       1       0                               0D   1266
     110    1060       0       0       0       0       0       001010001D   1267
     110       0       0       2       0                               0D   1268
     102    1062       0       0       0       0       0       001010001D   1269
     102       0       0       1       0                               0D   1270
     142    1063       0       0       0       0       0       001010001D   1271
     142       0       0       1       0                               0D   1272
     144    1064       0       0   10000       0       0       000000000D   1273
     144       0       0       1       0                               0D   1274
     110    1065       0       0       0       0       0       001010001D   1275
     110       0       0       2       0                               0D   1276
     110    1067       0       0       0       0       0       001010001D   1277
     110       0       0       2       0                               0D   1278
     120    1069       0       0       0       0       0       001010001D   1279
     120       0       0       1       0                               0D   1280
     124    1070       0       0       0       0       0       001020201D   1281
     124       0       0       2       0                               0D   1282
     100    1072       0       0       0       0    1281       001010001D   1283
     100       0       0       2       0                               0D   1284
     110    1074       0       0       0       0       0       001010001D   1285
     110       0       0       2       0                               0D   1286
     124    1076       0       0       0       0       0       001020201D   1287
     124       0       0       2       0                               0D   1288
     100    1078       0       0       0       0    1287       001010001D   1289
     100       0       0       1       0                               0D   1290
     110    1079       0       0       0       0       0       001010001D   1291
     110       0       0       2       0                               0D   1292
     102    1081       0       0       0       0       0       001010001D   1293
     102       0       0       1       0                               0D   1294
     142    1082       0       0       0       0       0       001010001D   1295
     142       0       0       1       0                               0D   1296
     144    1083       0       0   10000       0       0       000000000D   1297
     144       0       0       1       0                               0D   1298
     110    1084       0       0       0       0       0       001010001D   1299
     110       0       0       2       0                               0D   1300
     110    1086       0       0       0       0       0       001010001D   1301
     110       0       0       2       0                               0D   1302
     120    1088       0       0       0       0       0       001010001D   1303
     120       0       0       1       0                               0D   1304
     124    1089       0       0       0       0       0       001020201D   1305
     124       0       0       3       0                               0D   1306
     100    1092       0       0       0       0    1305       001010001D   1307
     100       0       0       2       0                               0D   1308
     110    1094       0       0       0       0       0       001010001D   1309
     110       0       0       2       0                               0D   1310
     124    1096       0       0       0       0       0       001020201D   1311
     124       0       0       3       0                               0D   1312
     100    1099       0       0       0       0    1311       001010001D   1313
     100       0       0       1       0                               0D   1314
     110    1100       0       0       0       0       0       001010001D   1315
     110       0       0       2       0                               0D   1316
     102    1102       0       0       0       0       0       001010001D   1317
     102       0       0       1       0                               0D   1318
     142    1103       0       0       0       0       0       001010001D   1319
     142       0       0       1       0                               0D   1320
     144    1104       0       0   10000       0       0       000000000D   1321
     144       0       0       1       0                               0D   1322
     110    1105       0       0       0       0       0       001010001D   1323
     110       0       0       2       0                               0D   1324
     110    1107       0       0       0       0       0       001010001D   1325
     110       0       0       2       0                               0D   1326
     120    1109       0       0       0       0       0       001010001D   1327
     120       0       0       1       0                               0D   1328
     124    1110       0       0       0       0       0       001020201D   1329
     124       0       0       3       0                               0D   1330
     100    1113       0       0       0       0    1329       001010001D   1331
     100       0       0       2       0                               0D   1332
     110    1115       0       0       0       0       0       001010001D   1333
     110       0       0       2       0                               0D   1334
     124    1117       0       0       0       0       0       001020201D   1335
     124       0       0       3       0                               0D   1336
     100    1120       0       0       0       0    1335       001010001D   1337
     100       0       0       1       0                               0D   1338
     110    1121       0       0       0       0       0       001010001D   1339
     110       0       0       2       0                               0D   1340
     102    1123       0       0       0       0       0       001010001D   1341
     102       0       0       1       0                               0D   1342
     142    1124       0       0       0       0       0       001010001D   1343
     142       0       0       1       0                               0D   1344
     144    1125       0       0   10000       0       0       000000000D   1345
     144       0       0       1       0                               0D   1346
     108    1126       0       0       0       0       0       001010001D   1347
     108       0       0       1       0                               0D   1348
     126    1127       0       0       0       0       0       001010001D   1349
     126       0       0       8       0                               0D   1350
     126    1135       0       0       0       0       0       001010001D   1351
     126       0       0       9       0                               0D   1352
     102    1144       0       0       0       0       0       001010001D   1353
     102       0       0       1       0                               0D   1354
     142    1145       0       0       0       0       0       001010001D   1355
     142       0       0       1       0                               0D   1356
     144    1146       0       0   10000       0       0       000000000D   1357
     144       0       0       1       0                               0D   1358
     126    1147       0       0       0       0       0       001010001D   1359
     126       0       0       8       0                               0D   1360
     126    1155       0       0       0       0       0       001010001D   1361
     126       0       0      10       0                               0D   1362
     102    1165       0       0       0       0       0       001010001D   1363
     102       0       0       1       0                               0D   1364
     142    1166       0       0       0       0       0       001010001D   1365
     142       0       0       1       0                               0D   1366
     144    1167       0       0   10000       0       0       000000000D   1367
     144       0       0       1       0                               0D   1368
     126    1168       0       0       0       0       0       001010001D   1369
     126       0       0       8       0                               0D   1370
     126    1176       0       0       0       0       0       001010001D   1371
     126       0       0       9       0                               0D   1372
     102    1185       0       0       0       0       0       001010001D   1373
     102       0       0       1       0                               0D   1374
     142    1186       0       0       0       0       0       001010001D   1375
     142       0       0       1       0                               0D   1376
     144    1187       0       0   10000       0       0       000000000D   1377
     144       0       0       1       0                               0D   1378
     110    1188       0       0       0       0       0       001010001D   1379
     110       0       0       2       0                               0D   1380
     124    1190       0       0       0       0       0       001020201D   1381
     124       0       0       2       0                               0D   1382
     100    1192       0       0       0       0    1381       001010001D   1383
     100       0       0       1       0                               0D   1384
     120    1193       0       0       0       0       0       001010001D   1385
     120       0       0       1       0                               0D   1386
     126    1194       0       0       0       0       0       001010001D   1387
     126       0       0       6       0                               0D   1388
     126    1200       0       0       0       0       0       001010001D   1389
     126       0       0      17       0                               0D   1390
     126    1217       0       0       0       0       0       001010001D   1391
     126       0       0       7       0                               0D   1392
     124    1224       0       0       0       0       0       001020201D   1393
     124       0       0       2       0                               0D   1394
     100    1226       0       0       0       0    1393       001010001D   1395
     100       0       0       1       0                               0D   1396
     126    1227       0       0       0       0       0       001010001D   1397
     126       0       0       6       0                               0D   1398
     124    1233       0       0       0       0       0       001020201D   1399
     124       0       0       3       0                               0D   1400
     100    1236       0       0       0       0    1399       001010001D   1401
     100       0       0       1       0                               0D   1402
     126    1237       0       0       0       0       0       001010001D   1403
     126       0       0      17       0                               0D   1404
     102    1254       0       0       0       0       0       001010001D   1405
     102       0       0       1       0                               0D   1406
     142    1255       0       0       0       0       0       001010001D   1407
     142       0       0       1       0                               0D   1408
     144    1256       0       0   10000       0       0       000000000D   1409
     144       0       0       1       0                               0D   1410
     108    1257       0       0       0       0       0       001010001D   1411
     108       0       0       1       0                               0D   1412
     124    1258       0       0       0       0       0       001020201D   1413
     124       0       0       2       0                               0D   1414
     100    1260       0       0       0       0    1413       001010001D   1415
     100       0       0       1       0                               0D   1416
     124    1261       0       0       0       0       0       001020201D   1417
     124       0       0       2       0                               0D   1418
     100    1263       0       0       0       0    1417       001010001D   1419
     100       0       0       1       0                               0D   1420
     102    1264       0       0       0       0       0       001010001D   1421
     102       0       0       1       0                               0D   1422
     142    1265       0       0       0       0       0       001010001D   1423
     142       0       0       1       0                               0D   1424
     124    1266       0       0       0       0       0       001020201D   1425
     124       0       0       2       0                               0D   1426
     100    1268       0       0       0       0    1425       001010001D   1427
     100       0       0       1       0                               0D   1428
     124    1269       0       0       0       0       0       001020201D   1429
     124       0       0       2       0                               0D   1430
     100    1271       0       0       0       0    1429       001010001D   1431
     100       0       0       1       0                               0D   1432
     102    1272       0       0       0       0       0       001010001D   1433
     102       0       0       1       0                               0D   1434
     142    1273       0       0       0       0       0       001010001D   1435
     142       0       0       1       0                               0D   1436
     144    1274       0       0   10000       0       0       000000000D   1437
     144       0       0       1       0                               0D   1438
     124    1275       0       0       0       0       0       001020201D   1439
     124       0       0       2       0                               0D   1440
     100    1277       0       0       0       0    1439       001010001D   1441
     100       0       0       1       0                               0D   1442
     124    1278       0       0       0       0       0       001020201D   1443
     124       0       0       2       0                               0D   1444
     100    1280       0       0       0       0    1443       001010001D   1445
     100       0       0       1       0                               0D   1446
     102    1281       0       0       0       0       0       001010001D   1447
     102       0       0       1       0                               0D   1448
     142    1282       0       0       0       0       0       001010001D   1449
     142       0       0       1       0                               0D   1450
     124    1283       0       0       0       0       0       001020201D   1451
     124       0       0       2       0                               0D   1452
     100    1285       0       0       0       0    1451       001010001D   1453
     100       0       0       1       0                               0D   1454
     124    1286       0       0       0       0       0       001020201D   1455
     124       0       0       2       0                               0D   1456
     100    1288       0       0       0       0    1455       001010001D   1457
     100       0       0       1       0                               0D   1458
     102    1289       0       0       0       0       0       001010001D   1459
     102       0       0       1       0                               0D   1460
     142    1290       0       0       0       0       0       001010001D   1461
     142       0       0       1       0                               0D   1462
     144    1291       0       0   10000       0       0       000000000D   1463
     144       0       0       1       0                               0D   1464
     124    1292       0       0       0       0       0       001020201D   1465
     124       0       0       2       0                               0D   1466
     100    1294       0       0       0       0    1465       001010001D   1467
     100       0       0       1       0                               0D   1468
     124    1295       0       0       0       0       0       001020201D   1469
     124       0       0       2       0                               0D   1470
     100    1297       0       0       0       0    1469       001010001D   1471
     100       0       0       1       0                               0D   1472
     102    1298       0       0       0       0       0       001010001D   1473
     102       0       0       1       0                               0D   1474
     142    1299       0       0       0       0       0       001010001D   1475
     142       0       0       1       0                               0D   1476
     124    1300       0       0       0       0       0       001020201D   1477
     124       0       0       2       0                               0D   1478
     100    1302       0       0       0       0    1477       001010001D   1479
     100       0       0       1       0                               0D   1480
     124    1303       0       0       0       0       0       001020201D   1481
     124       0       0       2       0                               0D   1482
     100    1305       0       0       0       0    1481       001010001D   1483
     100       0       0       1       0                               0D   1484
     102    1306       0       0       0       0       0       001010001D   1485
     102       0       0       1       0                               0D   1486
     142    1307       0       0       0       0       0       001010001D   1487
     142       0       0       1       0                               0D   1488
     144    1308       0       0   10000       0       0       000000000D   1489
     144       0       0       1       0                               0D   1490
     110    1309       0       0       0       0       0       001010001D   1491
     110       0       0       2       0                               0D   1492
     124    1311       0       0       0       0       0       001020201D   1493
     124       0       0       2       0                               0D   1494
     100    1313       0       0       0       0    1493       001010001D   1495
     100       0       0       1       0                               0D   1496
     120    1314       0       0       0       0       0       001010001D   1497
     120       0       0       1       0                               0D   1498
     126    1315       0       0       0       0       0       001010001D   1499
     126       0       0       6       0                               0D   1500
     126    1321       0       0       0       0       0       001010001D   1501
     126       0       0       7       0                               0D   1502
     126    1328       0       0       0       0       0       001010001D   1503
     126       0       0       6       0                               0D   1504
     124    1334       0       0       0       0       0       001020201D   1505
     124       0       0       3       0                               0D   1506
     100    1337       0       0       0       0    1505       001010001D   1507
     100       0       0       1       0                               0D   1508
     126    1338       0       0       0       0       0       001010001D   1509
     126       0       0       7       0                               0D   1510
     124    1345       0       0       0       0       0       001020201D   1511
     124       0       0       2       0                               0D   1512
     100    1347       0       0       0       0    1511       001010001D   1513
     100       0       0       1       0                               0D   1514
     126    1348       0       0       0       0       0       001010001D   1515
     126       0       0       6       0                               0D   1516
     126    1354       0       0       0       0       0       001010001D   1517
     126       0       0       6       0                               0D   1518
     124    1360       0       0       0       0       0       001020201D   1519
     124       0       0       3       0                               0D   1520
     100    1363       0       0       0       0    1519       001010001D   1521
     100       0       0       1       0                               0D   1522
     102    1364       0       0       0       0       0       001010001D   1523
     102       0       0       1       0                               0D   1524
     142    1365       0       0       0       0       0       001010001D   1525
     142       0       0       1       0                               0D   1526
     144    1366       0       0   10000       0       0       000000000D   1527
     144       0       0       1       0                               0D   1528
     110    1367       0       0       0       0       0       001010001D   1529
     110       0       0       1       0                               0D   1530
     124    1368       0       0       0       0       0       001020201D   1531
     124       0       0       2       0                               0D   1532
     100    1370       0       0       0       0    1531       001010001D   1533
     100       0       0       1       0                               0D   1534
     120    1371       0       0       0       0       0       001010001D   1535
     120       0       0       1       0                               0D   1536
     126    1372       0       0       0       0       0       001010001D   1537
     126       0       0       6       0                               0D   1538
     126    1378       0       0       0       0       0       001010001D   1539
     126       0       0       7       0                               0D   1540
     126    1385       0       0       0       0       0       001010001D   1541
     126       0       0       6       0                               0D   1542
     124    1391       0       0       0       0       0       001020201D   1543
     124       0       0       2       0                               0D   1544
     100    1393       0       0       0       0    1543       001010001D   1545
     100       0       0       1       0                               0D   1546
     126    1394       0       0       0       0       0       001010001D   1547
     126       0       0       5       0                               0D   1548
     126    1399       0       0       0       0       0       001010001D   1549
     126       0       0       7       0                               0D   1550
     124    1406       0       0       0       0       0       001020201D   1551
     124       0       0       2       0                               0D   1552
     100    1408       0       0       0       0    1551       001010001D   1553
     100       0       0       1       0                               0D   1554
     126    1409       0       0       0       0       0       001010001D   1555
     126       0       0       6       0                               0D   1556
     124    1415       0       0       0       0       0       001020201D   1557
     124       0       0       2       0                               0D   1558
     100    1417       0       0       0       0    1557       001010001D   1559
     100       0       0       1       0                               0D   1560
     102    1418       0       0       0       0       0       001010001D   1561
     102       0       0       1       0                               0D   1562
     142    1419       0       0       0       0       0       001010001D   1563
     142       0       0       1       0                               0D   1564
     144    1420       0       0   10000       0       0       000000000D   1565
     144       0       0       1       0                               0D   1566
     110    1421       0       0       0       0       0       001010001D   1567
     110       0       0       2       0                               0D   1568
     124    1423       0       0       0       0       0       001020201D   1569
     124       0       0       2       0                               0D   1570
     100    1425       0       0       0       0    1569       001010001D   1571
     100       0       0       1       0                               0D   1572
     120    1426       0       0       0       0       0       001010001D   1573
     120       0       0       1       0                               0D   1574
     126    1427       0       0       0       0       0       001010001D   1575
     126       0       0       6       0                               0D   1576
     126    1433       0       0       0       0       0       001010001D   1577
     126       0       0       6       0                               0D   1578
     124    1439       0       0       0       0       0       001020201D   1579
     124       0       0       3       0                               0D   1580
     100    1442       0       0       0       0    1579       001010001D   1581
     100       0       0       1       0                               0D   1582
     126    1443       0       0       0       0       0       001010001D   1583
     126       0       0       6       0                               0D   1584
     126    1449       0       0       0       0       0       001010001D   1585
     126       0       0      17       0                               0D   1586
     126    1466       0       0       0       0       0       001010001D   1587
     126       0       0       7       0                               0D   1588
     124    1473       0       0       0       0       0       001020201D   1589
     124       0       0       2       0                               0D   1590
     100    1475       0       0       0       0    1589       001010001D   1591
     100       0       0       1       0                               0D   1592
     126    1476       0       0       0       0       0       001010001D   1593
     126       0       0       5       0                               0D   1594
     102    1481       0       0       0       0       0       001010001D   1595
     102       0       0       1       0                               0D   1596
     142    1482       0       0       0       0       0       001010001D   1597
     142       0       0       1       0                               0D   1598
     144    1483       0       0   10000       0       0       000000000D   1599
     144       0       0       1       0                               0D   1600
     110    1484       0       0       0       0       0       001010001D   1601
     110       0       0       2       0                               0D   1602
     124    1486       0       0       0       0       0       001020201D   1603
     124       0       0       2       0                               0D   1604
     100    1488       0       0       0       0    1603       001010001D   1605
     100       0       0       1       0                               0D   1606
     120    1489       0       0       0       0       0       001010001D   1607
     120       0       0       1       0                               0D   1608
     126    1490       0       0       0       0       0       001010001D   1609
     126       0       0       6       0                               0D   1610
     126    1496       0       0       0       0       0       001010001D   1611
     126       0       0       5       0                               0D   1612
     126    1501       0       0       0       0       0       001010001D   1613
     126       0       0       5       0                               0D   1614
     124    1506       0       0       0       0       0       001020201D   1615
     124       0       0       2       0                               0D   1616
     100    1508       0       0       0       0    1615       001010001D   1617
     100       0       0       1       0                               0D   1618
     126    1509       0       0       0       0       0       001010001D   1619
     126       0       0       6       0                               0D   1620
     126    1515       0       0       0       0       0       001010001D   1621
     126       0       0       6       0                               0D   1622
     126    1521       0       0       0       0       0       001010001D   1623
     126       0       0      16       0                               0D   1624
     126    1537       0       0       0       0       0       001010001D   1625
     126       0       0       5       0                               0D   1626
     124    1542       0       0       0       0       0       001020201D   1627
     124       0       0       3       0                               0D   1628
     100    1545       0       0       0       0    1627       001010001D   1629
     100       0       0       1       0                               0D   1630
     102    1546       0       0       0       0       0       001010001D   1631
     102       0       0       1       0                               0D   1632
     142    1547       0       0       0       0       0       001010001D   1633
     142       0       0       1       0                               0D   1634
     144    1548       0       0   10000       0       0       000000000D   1635
     144       0       0       1       0                               0D   1636
     110    1549       0       0       0       0       0       001010001D   1637
     110       0       0       1       0                               0D   1638
     110    1550       0       0       0       0       0       001010001D   1639
     110       0       0       2       0                               0D   1640
     120    1552       0       0       0       0       0       001010001D   1641
     120       0       0       1       0                               0D   1642
     124    1553       0       0       0       0       0       001020201D   1643
     124       0       0       2       0                               0D   1644
     100    1555       0       0       0       0    1643       001010001D   1645
     100       0       0       1       0                               0D   1646
     126    1556       0       0       0       0       0       001010001D   1647
     126       0       0       6       0                               0D   1648
     124    1562       0       0       0       0       0       001020201D   1649
     124       0       0       2       0                               0D   1650
     100    1564       0       0       0       0    1649       001010001D   1651
     100       0       0       1       0                               0D   1652
     126    1565       0       0       0       0       0       001010001D   1653
     126       0       0       6       0                               0D   1654
     102    1571       0       0       0       0       0       001010001D   1655
     102       0       0       1       0                               0D   1656
     142    1572       0       0       0       0       0       001010001D   1657
     142       0       0       1       0                               0D   1658
     144    1573       0       0   10000       0       0       000000000D   1659
     144       0       0       1       0                               0D   1660
     110    1574       0       0       0       0       0       001010001D   1661
     110       0       0       1       0                               0D   1662
     110    1575       0       0       0       0       0       001010001D   1663
     110       0       0       2       0                               0D   1664
     120    1577       0       0       0       0       0       001010001D   1665
     120       0       0       1       0                               0D   1666
     126    1578       0       0       0       0       0       001010001D   1667
     126       0       0       6       0                               0D   1668
     126    1584       0       0       0       0       0       001010001D   1669
     126       0       0       5       0                               0D   1670
     124    1589       0       0       0       0       0       001020201D   1671
     124       0       0       2       0                               0D   1672
     100    1591       0       0       0       0    1671       001010001D   1673
     100       0       0       1       0                               0D   1674
     102    1592       0       0       0       0       0       001010001D   1675
     102       0       0       1       0                               0D   1676
     142    1593       0       0       0       0       0       001010001D   1677
     142       0       0       1       0                               0D   1678
     144    1594       0       0   10000       0       0       000000000D   1679
     144       0       0       1       0                               0D   1680
     110    1595       0       0       0       0       0       001010001D   1681
     110       0       0       1       0                               0D   1682
     110    1596       0       0       0       0       0       001010001D   1683
     110       0       0       2       0                               0D   1684
     120    1598       0       0       0       0       0       001010001D   1685
     120       0       0       1       0                               0D   1686
     124    1599       0       0       0       0       0       001020201D   1687
     124       0       0       2       0                               0D   1688
     100    1601       0       0       0       0    1687       001010001D   1689
     100       0       0       1       0                               0D   1690
     126    1602       0       0       0       0       0       001010001D   1691
     126       0       0       6       0                               0D   1692
     124    1608       0       0       0       0       0       001020201D   1693
     124       0       0       2       0                               0D   1694
     100    1610       0       0       0       0    1693       001010001D   1695
     100       0       0       1       0                               0D   1696
     126    1611       0       0       0       0       0       001010001D   1697
     126       0       0       6       0                               0D   1698
     102    1617       0       0       0       0       0       001010001D   1699
     102       0       0       1       0                               0D   1700
     142    1618       0       0       0       0       0       001010001D   1701
     142       0       0       1       0                               0D   1702
     144    1619       0       0   10000       0       0       000000000D   1703
     144       0       0       1       0                               0D   1704
     110    1620       0       0       0       0       0       001010001D   1705
     110       0       0       1       0                               0D   1706
     110    1621       0       0       0       0       0       001010001D   1707
     110       0       0       2       0                               0D   1708
     120    1623       0       0       0       0       0       001010001D   1709
     120       0       0       1       0                               0D   1710
     126    1624       0       0       0       0       0       001010001D   1711
     126       0       0       7       0                               0D   1712
     124    1631       0       0       0       0       0       001020201D   1713
     124       0       0       2       0                               0D   1714
     100    1633       0       0       0       0    1713       001010001D   1715
     100       0       0       1       0                               0D   1716
     102    1634       0       0       0       0       0       001010001D   1717
     102       0       0       1       0                               0D   1718
     142    1635       0       0       0       0       0       001010001D   1719
     142       0       0       1       0                               0D   1720
     144    1636       0       0   10000       0       0       000000000D   1721
     144       0       0       1       0                               0D   1722
     110    1637       0       0       0       0       0       001010001D   1723
     110       0       0       1       0                               0D   1724
     110    1638       0       0       0       0       0       001010001D   1725
     110       0       0       2       0                               0D   1726
     120    1640       0       0       0       0       0       001010001D   1727
     120       0       0       1       0                               0D   1728
     124    1641       0       0       0       0       0       001020201D   1729
     124       0       0       2       0                               0D   1730
     100    1643       0       0       0       0    1729       001010001D   1731
     100       0       0       1       0                               0D   1732
     126    1644       0       0       0       0       0       001010001D   1733
     126       0       0       6       0                               0D   1734
     124    1650       0       0       0       0       0       001020201D   1735
     124       0       0       2       0                               0D   1736
     100    1652       0       0       0       0    1735       001010001D   1737
     100       0       0       1       0                               0D   1738
     126    1653       0       0       0       0       0       001010001D   1739
     126       0       0       6       0                               0D   1740
     102    1659       0       0       0       0       0       001010001D   1741
     102       0       0       1       0                               0D   1742
     142    1660       0       0       0       0       0       001010001D   1743
     142       0       0       1       0                               0D   1744
     144    1661       0       0   10000       0       0       000000000D   1745
     144       0       0       1       0                               0D   1746
     110    1662       0       0       0       0       0       001010001D   1747
     110       0       0       1       0                               0D   1748
     110    1663       0       0       0       0       0       001010001D   1749
     110       0       0       2       0                               0D   1750
     120    1665       0       0       0       0       0       001010001D   1751
     120       0       0       1       0                               0D   1752
     126    1666       0       0       0       0       0       001010001D   1753
     126       0       0       7       0                               0D   1754
     124    1673       0       0       0       0       0       001020201D   1755
     124       0       0       2       0                               0D   1756
     100    1675       0       0       0       0    1755       001010001D   1757
     100       0       0       1       0                               0D   1758
     102    1676       0       0       0       0       0       001010001D   1759
     102       0       0       1       0                               0D   1760
     142    1677       0       0       0       0       0       001010001D   1761
     142       0       0       1       0                               0D   1762
     144    1678       0       0   10000       0       0       000000000D   1763
     144       0       0       1       0                               0D   1764
     108    1679       0       0       0       0       0       001010001D   1765
     108       0       0       1       0                               0D   1766
     124    1680       0       0       0       0       0       001020201D   1767
     124       0       0       2       0                               0D   1768
     100    1682       0       0       0       0    1767       001010001D   1769
     100       0       0       1       0                               0D   1770
     124    1683       0       0       0       0       0       001020201D   1771
     124       0       0       2       0                               0D   1772
     100    1685       0       0       0       0    1771       001010001D   1773
     100       0       0       1       0                               0D   1774
     124    1686       0       0       0       0       0       001020201D   1775
     124       0       0       2       0                               0D   1776
     100    1688       0       0       0       0    1775       001010001D   1777
     100       0       0       1       0                               0D   1778
     124    1689       0       0       0       0       0       001020201D   1779
     124       0       0       2       0                               0D   1780
     100    1691       0       0       0       0    1779       001010001D   1781
     100       0       0       1       0                               0D   1782
     124    1692       0       0       0       0       0       001020201D   1783
     124       0       0       2       0                               0D   1784
     100    1694       0       0       0       0    1783       001010001D   1785
     100       0       0       1       0                               0D   1786
     124    1695       0       0       0       0       0       001020201D   1787
     124       0       0       2       0                               0D   1788
     100    1697       0       0       0       0    1787       001010001D   1789
     100       0       0       1       0                               0D   1790
     124    1698       0       0       0       0       0       001020201D   1791
     124       0       0       2       0                               0D   1792
     100    1700       0       0       0       0    1791       001010001D   1793
     100       0       0       1       0                               0D   1794
     110    1701       0       0       0       0       0       001010001D   1795
     110       0       0       1       0                               0D   1796
     126    1702       0       0       0       0       0       001010001D   1797
     126       0       0       6       0                               0D   1798
     110    1708       0       0       0       0       0       001010001D   1799
     110       0       0       1       0                               0D   1800
     102    1709       0       0       0       0       0       001010001D   1801
     102       0       0       1       0                               0D   1802
     142    1710       0       0       0       0       0       001010001D   1803
     142       0       0       1       0                               0D   1804
     126    1711       0       0       0       0       0       001010001D   1805
     126       0       0      19       0                               0D   1806
     124    1730       0       0       0       0       0       001020201D   1807
     124       0       0       2       0                               0D   1808
     100    1732       0       0       0       0    1807       001010001D   1809
     100       0       0       2       0                               0D   1810
     102    1734       0       0       0       0       0       001010001D   1811
     102       0       0       1       0                               0D   1812
     142    1735       0       0       0       0       0       001010001D   1813
     142       0       0       1       0                               0D   1814
     110    1736       0       0       0       0       0       001010001D   1815
     110       0       0       2       0                               0D   1816
     124    1738       0       0       0       0       0       001020201D   1817
     124       0       0       2       0                               0D   1818
     100    1740       0       0       0       0    1817       001010001D   1819
     100       0       0       1       0                               0D   1820
     110    1741       0       0       0       0       0       001010001D   1821
     110       0       0       2       0                               0D   1822
     124    1743       0       0       0       0       0       001020201D   1823
     124       0       0       2       0                               0D   1824
     100    1745       0       0       0       0    1823       001010001D   1825
     100       0       0       1       0                               0D   1826
     126    1746       0       0       0       0       0       001010001D   1827
     126       0       0      11       0                               0D   1828
     126    1757       0       0       0       0       0       001010001D   1829
     126       0       0      11       0                               0D   1830
     126    1768       0       0       0       0       0       001010001D   1831
     126       0       0       9       0                               0D   1832
     124    1777       0       0       0       0       0       001020201D   1833
     124       0       0       2       0                               0D   1834
     100    1779       0       0       0       0    1833       001010001D   1835
     100       0       0       1       0                               0D   1836
     126    1780       0       0       0       0       0       001010001D   1837
     126       0       0      13       0                               0D   1838
     126    1793       0       0       0       0       0       001010001D   1839
     126       0       0      13       0                               0D   1840
     124    1806       0       0       0       0       0       001020201D   1841
     124       0       0       2       0                               0D   1842
     100    1808       0       0       0       0    1841       001010001D   1843
     100       0       0       1       0                               0D   1844
     126    1809       0       0       0       0       0       001010001D   1845
     126       0       0      13       0                               0D   1846
     126    1822       0       0       0       0       0       001010001D   1847
     126       0       0      13       0                               0D   1848
     124    1835       0       0       0       0       0       001020201D   1849
     124       0       0       2       0                               0D   1850
     100    1837       0       0       0       0    1849       001010001D   1851
     100       0       0       1       0                               0D   1852
     126    1838       0       0       0       0       0       001010001D   1853
     126       0       0       8       0                               0D   1854
     126    1846       0       0       0       0       0       001010001D   1855
     126       0       0       7       0                               0D   1856
     124    1853       0       0       0       0       0       001020201D   1857
     124       0       0       3       0                               0D   1858
     100    1856       0       0       0       0    1857       001010001D   1859
     100       0       0       1       0                               0D   1860
     102    1857       0       0       0       0       0       001010001D   1861
     102       0       0       2       0                               0D   1862
     142    1859       0       0       0       0       0       001010001D   1863
     142       0       0       1       0                               0D   1864
     124    1860       0       0       0       0       0       001020201D   1865
     124       0       0       2       0                               0D   1866
     100    1862       0       0       0       0    1865       001010001D   1867
     100       0       0       2       0                               0D   1868
     126    1864       0       0       0       0       0       001010001D   1869
     126       0       0      19       0                               0D   1870
     102    1883       0       0       0       0       0       001010001D   1871
     102       0       0       1       0                               0D   1872
     142    1884       0       0       0       0       0       001010001D   1873
     142       0       0       1       0                               0D   1874
     124    1885       0       0       0       0       0       001020201D   1875
     124       0       0       2       0                               0D   1876
     100    1887       0       0       0       0    1875       001010001D   1877
     100       0       0       2       0                               0D   1878
     126    1889       0       0       0       0       0       001010001D   1879
     126       0       0      19       0                               0D   1880
     102    1908       0       0       0       0       0       001010001D   1881
     102       0       0       1       0                               0D   1882
     142    1909       0       0       0       0       0       001010001D   1883
     142       0       0       1       0                               0D   1884
     144    1910       0       0   10000       0       0       000000000D   1885
     144       0       0       1       0                               0D   1886
     108    1911       0       0       0       0       0       001010001D   1887
     108       0       0       1       0                               0D   1888
     126    1912       0       0       0       0       0       001010001D   1889
     126       0       0      13       0                               0D   1890
     124    1925       0       0       0       0       0       001020201D   1891
     124       0       0       2       0                               0D   1892
     100    1927       0       0       0       0    1891       001010001D   1893
     100       0       0       1       0                               0D   1894
     126    1928       0       0       0       0       0       001010001D   1895
     126       0       0       9       0                               0D   1896
     124    1937       0       0       0       0       0       001020201D   1897
     124       0       0       2       0                               0D   1898
     100    1939       0       0       0       0    1897       001010001D   1899
     100       0       0       1       0                               0D   1900
     102    1940       0       0       0       0       0       001010001D   1901
     102       0       0       1       0                               0D   1902
     142    1941       0       0       0       0       0       001010001D   1903
     142       0       0       1       0                               0D   1904
     144    1942       0       0   10000       0       0       000000000D   1905
     144       0       0       1       0                               0D   1906
     110    1943       0       0       0       0       0       001010001D   1907
     110       0       0       1       0                               0D   1908
     124    1944       0       0       0       0       0       001020201D   1909
     124       0       0       2       0                               0D   1910
     100    1946       0       0       0       0    1909       001010001D   1911
     100       0       0       1       0                               0D   1912
     120    1947       0       0       0       0       0       001010001D   1913
     120       0       0       1       0                               0D   1914
     126    1948       0       0       0       0       0       001010001D   1915
     126       0       0      20       0                               0D   1916
     124    1968       0       0       0       0       0       001020201D   1917
     124       0       0       2       0                               0D   1918
     100    1970       0       0       0       0    1917       001010001D   1919
     100       0       0       1       0                               0D   1920
     126    1971       0       0       0       0       0       001010001D   1921
     126       0       0       6       0                               0D   1922
     126    1977       0       0       0       0       0       001010001D   1923
     126       0       0       7       0                               0D   1924
     124    1984       0       0       0       0       0       001020201D   1925
     124       0       0       2       0                               0D   1926
     100    1986       0       0       0       0    1925       001010001D   1927
     100       0       0       1       0                               0D   1928
     126    1987       0       0       0       0       0       001010001D   1929
     126       0       0       6       0                               0D   1930
     126    1993       0       0       0       0       0       001010001D   1931
     126       0       0      15       0                               0D   1932
     126    2008       0       0       0       0       0       001010001D   1933
     126       0       0      17       0                               0D   1934
     124    2025       0       0       0       0       0       001020201D   1935
     124       0       0       2       0                               0D   1936
     100    2027       0       0       0       0    1935       001010001D   1937
     100       0       0       1       0                               0D   1938
     124    2028       0       0       0       0       0       001020201D   1939
     124       0       0       2       0                               0D   1940
     100    2030       0       0       0       0    1939       001010001D   1941
     100       0       0       1       0                               0D   1942
     102    2031       0       0       0       0       0       001010001D   1943
     102       0       0       1       0                               0D   1944
     142    2032       0       0       0       0       0       001010001D   1945
     142       0       0       1       0                               0D   1946
     144    2033       0       0   10000       0       0       000000000D   1947
     144       0       0       1       0                               0D   1948
     126    2034       0       0       0       0       0       001010001D   1949
     126       0       0       7       0                               0D   1950
     126    2041       0       0       0       0       0       001010001D   1951
     126       0       0       7       0                               0D   1952
     118    2048       0       0       0       0       0       001010001D   1953
     118       0       0       1       0                               0D   1954
     126    2049       0       0       0       0       0       001010001D   1955
     126       0       0      20       0                               0D   1956
     126    2069       0       0       0       0       0       001010001D   1957
     126       0       0       6       0                               0D   1958
     102    2075       0       0       0       0       0       001010001D   1959
     102       0       0       1       0                               0D   1960
     142    2076       0       0       0       0       0       001010001D   1961
     142       0       0       1       0                               0D   1962
     144    2077       0       0   10000       0       0       000000000D   1963
     144       0       0       1       0                               0D   1964
406,1,18HCute-3-ISF-SS_mech,0,0;                                       1P      1
110,-12.75000005,7.361215249,3.5,-12.75000005,7.361215249,2.5,0,       3P      2
0;                                                                     3P      3
110,-13.16625694,8.123168369,3.5,-13.79687841,9.277513233,0.0,0,       5P      4
0;                                                                     5P      5
120,3,5,0.0,3.141592654,0,0;                                           7P      6
110,-13.79687841,9.277513233,0.0,-13.16625694,8.123168369,3.5,0,       9P      7
0;                                                                     9P      8
124,-0.4794255386,0.8775825619,0.0,-12.75000005,0.8775825619,         11P      9
0.4794255386,0.0,7.361215249,0.0,0.0,-1.0,3.5,0,0;                    11P     10
100,0.0,0.0,0.0,0.8682409525,0.0,-0.8682409525,0.0,0,0;               13P     11
110,-12.33374317,6.59926213,3.5,-11.70312169,5.444917265,0.0,0,       15P     12
0;                                                                    15P     13
124,0.4794255386,0.8775825619,0.0,-12.75000005,-0.8775825619,         17P     14
0.4794255386,0.0,7.361215249,0.0,0.0,1.0,0.0,0,0;                     17P     15
100,0.0,0.0,0.0,2.183609916,0.0,-2.183609916,0.0,0,0;                 19P     16
102,4,9,13,15,19,0,0;                                                 21P     17
142,0,7,0,21,2,0,0;                                                   23P     18
144,7,1,0,23,0,1,1;                                                   25P     19
110,-12.75000005,7.361215249,3.5,-12.75000005,7.361215249,2.5,0,      27P     20
0;                                                                    27P     21
110,-12.33374317,6.59926213,3.5,-11.70312169,5.444917265,0.0,0,       29P     22
0;                                                                    29P     23
120,27,29,0.0,3.141592654,0,0;                                        31P     24
110,-11.70312169,5.444917265,0.0,-12.33374317,6.59926213,3.5,0,       33P     25
0;                                                                    33P     26
124,0.4794255386,-0.8775825619,0.0,-12.75000005,-0.8775825619,        35P     27
-0.4794255386,0.0,7.361215249,0.0,0.0,-1.0,3.5,0,0;                   35P     28
100,0.0,0.0,0.0,0.8682409525,0.0,-0.8682409525,0.0,0,0;               37P     29
110,-13.16625694,8.123168369,3.5,-13.79687841,9.277513233,0.0,0,      39P     30
0;                                                                    39P     31
124,-0.4794255386,-0.8775825619,0.0,-12.75000005,0.8775825619,        41P     32
-0.4794255386,0.0,7.361215249,0.0,0.0,1.0,0.0,0,0;                    41P     33
100,0.0,0.0,0.0,2.183609916,0.0,-2.183609916,0.0,0,0;                 43P     34
102,4,33,37,39,43,0,0;                                                45P     35
142,0,31,0,45,2,0,0;                                                  47P     36
144,31,1,0,47,0,1,1;                                                  49P     37
108,0.0,0.0,1.0,3.5,0,0.0,-0.8682409525,3.5,1.0,0,0;                  51P     38
124,-0.4794255386,-0.8775825619,0.0,-12.75000005,0.8775825619,        53P     39
-0.4794255386,0.0,7.361215249,0.0,0.0,1.0,3.5,0,0;                    53P     40
100,0.0,0.0,0.0,0.8682409525,0.0,-0.8682409525,0.0,0,0;               55P     41
124,0.4794255386,0.8775825619,0.0,-12.75000005,-0.8775825619,         57P     42
0.4794255386,0.0,7.361215249,0.0,0.0,1.0,3.5,0,0;                     57P     43
100,0.0,0.0,0.0,0.8682409525,0.0,-0.8682409525,0.0,0,0;               59P     44
102,2,55,59,0,0;                                                      61P     45
142,0,51,0,61,2,0,0;                                                  63P     46
144,51,1,0,63,0,1,1;                                                  65P     47
110,-12.74999938,-7.361215635,3.5,-12.74999938,-7.361215635,2.5,      67P     48
0,0;                                                                  67P     49
110,-13.16625627,-6.599262516,3.5,-13.79687774,-5.444917651,0.0,      69P     50
0,0;                                                                  69P     51
120,67,69,0.0,3.141592654,0,0;                                        71P     52
110,-13.79687774,-5.444917651,0.0,-13.16625627,-6.599262516,3.5,      73P     53
0,0;                                                                  73P     54
124,-0.4794255386,0.8775825619,0.0,-12.74999938,0.8775825619,         75P     55
0.4794255386,0.0,-7.361215635,0.0,0.0,-1.0,3.5,0,0;                   75P     56
100,0.0,0.0,0.0,0.8682409525,0.0,-0.8682409525,0.0,0,0;               77P     57
110,-12.3337425,-8.123168755,3.5,-11.70312102,-9.277513619,0.0,       79P     58
0,0;                                                                  79P     59
124,0.4794255386,0.8775825619,0.0,-12.74999938,-0.8775825619,         81P     60
0.4794255386,0.0,-7.361215635,0.0,0.0,1.0,0.0,0,0;                    81P     61
100,0.0,0.0,0.0,2.183609916,0.0,-2.183609916,0.0,0,0;                 83P     62
102,4,73,77,79,83,0,0;                                                85P     63
142,0,71,0,85,2,0,0;                                                  87P     64
144,71,1,0,87,0,1,1;                                                  89P     65
110,-12.74999938,-7.361215635,3.5,-12.74999938,-7.361215635,2.5,      91P     66
0,0;                                                                  91P     67
110,-12.3337425,-8.123168755,3.5,-11.70312102,-9.277513619,0.0,       93P     68
0,0;                                                                  93P     69
120,91,93,0.0,3.141592654,0,0;                                        95P     70
110,-11.70312102,-9.277513619,0.0,-12.3337425,-8.123168755,3.5,       97P     71
0,0;                                                                  97P     72
124,0.4794255386,-0.8775825619,0.0,-12.74999938,-0.8775825619,        99P     73
-0.4794255386,0.0,-7.361215635,0.0,0.0,-1.0,3.5,0,0;                  99P     74
100,0.0,0.0,0.0,0.8682409525,0.0,-0.8682409525,0.0,0,0;              101P     75
110,-13.16625627,-6.599262516,3.5,-13.79687774,-5.444917651,0.0,     103P     76
0,0;                                                                 103P     77
124,-0.4794255386,-0.8775825619,0.0,-12.74999938,0.8775825619,       105P     78
-0.4794255386,0.0,-7.361215635,0.0,0.0,1.0,0.0,0,0;                  105P     79
100,0.0,0.0,0.0,2.183609916,0.0,-2.183609916,0.0,0,0;                107P     80
102,4,97,101,103,107,0,0;                                            109P     81
142,0,95,0,109,2,0,0;                                                111P     82
144,95,1,0,111,0,1,1;                                                113P     83
124,-0.4794255386,-0.8775825619,0.0,-12.74999938,0.8775825619,       115P     84
-0.4794255386,0.0,-7.361215635,0.0,0.0,1.0,3.5,0,0;                  115P     85
100,0.0,0.0,0.0,0.8682409525,0.0,-0.8682409525,0.0,0,0;              117P     86
124,0.4794255386,0.8775825619,0.0,-12.74999938,-0.8775825619,        119P     87
0.4794255386,0.0,-7.361215635,0.0,0.0,1.0,3.5,0,0;                   119P     88
100,0.0,0.0,0.0,0.8682409525,0.0,-0.8682409525,0.0,0,0;              121P     89
102,2,117,121,0,0;                                                   123P     90
142,0,51,0,123,2,0,0;                                                125P     91
144,51,1,0,125,0,1,1;                                                127P     92
110,0.0,0.0,3.5,0.0,0.0,2.5,0,0;                                     129P     93
110,-0.4162568863,0.7619531194,3.5,-1.04687836,1.916297984,0.0,      131P     94
0,0;                                                                 131P     95
120,129,131,0.0,3.141592654,0,0;                                     133P     96
110,-1.04687836,1.916297984,0.0,-0.4162568863,0.7619531194,3.5,      135P     97
0,0;                                                                 135P     98
124,-0.4794255386,0.8775825619,0.0,0.0,0.8775825619,                 137P     99
0.4794255386,0.0,0.0,0.0,0.0,-1.0,3.5,0,0;                           137P    100
100,0.0,0.0,0.0,0.8682409525,0.0,-0.8682409525,0.0,0,0;              139P    101
110,0.4162568863,-0.7619531194,3.5,1.04687836,-1.916297984,0.0,      141P    102
0,0;                                                                 141P    103
124,0.4794255386,0.8775825619,0.0,0.0,-0.8775825619,                 143P    104
0.4794255386,0.0,0.0,0.0,0.0,1.0,0.0,0,0;                            143P    105
100,0.0,0.0,0.0,2.183609916,0.0,-2.183609916,0.0,0,0;                145P    106
102,4,135,139,141,145,0,0;                                           147P    107
142,0,133,0,147,2,0,0;                                               149P    108
144,133,1,0,149,0,1,1;                                               151P    109
110,0.0,0.0,3.5,0.0,0.0,2.5,0,0;                                     153P    110
110,0.4162568863,-0.7619531194,3.5,1.04687836,-1.916297984,0.0,      155P    111
0,0;                                                                 155P    112
120,153,155,0.0,3.141592654,0,0;                                     157P    113
110,1.04687836,-1.916297984,0.0,0.4162568863,-0.7619531194,3.5,      159P    114
0,0;                                                                 159P    115
124,0.4794255386,-0.8775825619,0.0,0.0,-0.8775825619,                161P    116
-0.4794255386,0.0,0.0,0.0,0.0,-1.0,3.5,0,0;                          161P    117
100,0.0,0.0,0.0,0.8682409525,0.0,-0.8682409525,0.0,0,0;              163P    118
110,-0.4162568863,0.7619531194,3.5,-1.04687836,1.916297984,0.0,      165P    119
0,0;                                                                 165P    120
124,-0.4794255386,-0.8775825619,0.0,0.0,0.8775825619,                167P    121
-0.4794255386,0.0,0.0,0.0,0.0,1.0,0.0,0,0;                           167P    122
100,0.0,0.0,0.0,2.183609916,0.0,-2.183609916,0.0,0,0;                169P    123
102,4,159,163,165,169,0,0;                                           171P    124
142,0,157,0,171,2,0,0;                                               173P    125
144,157,1,0,173,0,1,1;                                               175P    126
124,-0.4794255386,-0.8775825619,0.0,0.0,0.8775825619,                177P    127
-0.4794255386,0.0,0.0,0.0,0.0,1.0,3.5,0,0;                           177P    128
100,0.0,0.0,0.0,0.8682409525,0.0,-0.8682409525,0.0,0,0;              179P    129
124,0.4794255386,0.8775825619,0.0,0.0,-0.8775825619,                 181P    130
0.4794255386,0.0,0.0,0.0,0.0,1.0,3.5,0,0;                            181P    131
100,0.0,0.0,0.0,0.8682409525,0.0,-0.8682409525,0.0,0,0;              183P    132
102,2,179,183,0,0;                                                   185P    133
142,0,51,0,185,2,0,0;                                                187P    134
144,51,1,0,187,0,1,1;                                                189P    135
108,0.0,-0.9986295348,-0.05233595624,-4.554512871,0,8.0,             191P    136
3.851886812,13.52616798,1.0,0,0;                                     191P    137
110,8.382609395,4.0,10.7,8.588151113,4.0,10.7,0,0;                   193P    138
126,5,5,0,0,1,0,0.0,0.0,0.0,0.0,0.0,0.0,3.334159685,3.334159685,     195P    139
3.334159685,3.334159685,3.334159685,3.334159685,1.0,1.0,1.0,1.0,     195P    140
1.0,1.0,8.588151113,4.0,10.7,8.568532288,3.975343787,                195P    141
11.17046857,8.548913463,3.950687574,11.64093715,8.529294685,         195P    142
3.92603142,12.11140458,8.509675968,3.901375342,12.58187058,          195P    143
8.490057276,3.876719296,13.05233596,0.0,3.334159685,0.0,0.0,0.0,     195P    144
0,0;                                                                 195P    145
110,8.490057276,3.876719296,13.05233596,8.411343752,3.876719296,     197P    146
13.05233596,0,0;                                                     197P    147
126,5,5,0,0,1,0,0.0,0.0,0.0,0.0,0.0,0.0,3.331518657,3.331518657,     199P    148
3.331518657,3.331518657,3.331518657,3.331518657,1.0,1.0,1.0,1.0,     199P    149
1.0,1.0,8.411343752,3.876719296,13.05233596,8.405691619,             199P    150
3.901375497,12.58186762,8.399992196,3.926031668,12.11139985,         199P    151
8.394245405,3.95068781,11.64093264,8.388451165,3.97534392,           199P    152
11.17046603,8.382609395,4.0,10.7,0.0,3.331518657,0.0,0.0,0.0,0,      199P    153
0;                                                                   199P    154
102,4,193,195,197,199,0,0;                                           201P    155
142,0,191,0,201,2,0,0;                                               203P    156
144,191,1,0,203,0,1,1;                                               205P    157
110,-8.5,0.0,13.52616798,-8.5,0.0,12.52616798,0,0;                   207P    158
110,8.443299018,3.966092974,13.538656,8.588151113,4.0,10.7,0,0;      209P    159
120,207,209,0.0,0.45988048,0,0;                                      211P    160
126,4,4,0,0,1,0,0.0,0.0,0.0,0.0,0.0,1.084145183,1.084145183,         213P    161
1.084145183,1.084145183,1.084145183,1.0,1.0,1.0,1.0,1.0,             213P    162
8.571062986,3.377404521,13.52616798,8.533971515,3.564883053,         213P    163
13.52616798,8.497850651,3.755652029,13.43218258,8.482118941,         213P    164
3.866710137,13.24356041,8.490111354,3.876731644,13.05233866,0.0,     213P    165
1.084145183,0.0,0.0,0.0,0,0;                                         213P    166
126,3,3,0,0,1,0,0.0,0.0,0.0,0.0,3.334159685,3.334159685,             215P    167
3.334159685,3.334159685,1.0,1.0,1.0,1.0,8.490111354,3.876731644,     215P    168
13.05233866,8.522880497,3.917841458,12.26823299,8.555559677,         215P    169
3.958931266,11.48412003,8.588151113,4.0,10.7,0.0,3.334159685,        215P    170
0.0,0.0,0.0,0,0;                                                     215P    171
126,4,4,0,0,1,0,0.0,0.0,0.0,0.0,0.0,11.39765834,11.39765834,         217P    172
11.39765834,11.39765834,11.39765834,1.0,1.0,1.0,1.0,1.0,             217P    173
8.588151113,4.0,10.7,9.048027718,2.035389771,10.7,9.206760728,       217P    174
-5.989431173E-012,10.7,9.048027718,-2.035389771,10.7,                217P    175
8.588151113,-4.0,10.7,0.0,11.39765834,0.0,0.0,0.0,0,0;               217P    176
126,3,3,0,0,1,0,0.0,0.0,0.0,0.0,3.334159685,3.334159685,             219P    177
3.334159685,3.334159685,1.0,1.0,1.0,1.0,8.588151113,-4.0,10.7,       219P    178
8.555559677,-3.958931266,11.48412003,8.522880497,-3.917841458,       219P    179
12.26823299,8.490111354,-3.876731644,13.05233866,0.0,                219P    180
3.334159685,0.0,0.0,0.0,0,0;                                         219P    181
126,4,4,0,0,1,0,0.0,0.0,0.0,0.0,0.0,1.084145094,1.084145094,         221P    182
1.084145094,1.084145094,1.084145094,1.0,1.0,1.0,1.0,1.0,             221P    183
8.490111354,-3.876731644,13.05233866,8.482118941,-3.866710138,       221P    184
13.24356039,8.49785064,-3.755652091,13.43218253,8.533971513,         221P    185
-3.564883061,13.52616798,8.571062981,-3.377404545,13.52616798,       221P    186
0.0,1.084145094,0.0,0.0,0.0,0,0;                                     221P    187
126,4,4,0,0,1,0,0.0,0.0,0.0,0.0,0.0,9.640795475,9.640795475,         223P    188
9.640795475,9.640795475,9.640795475,1.0,1.0,1.0,1.0,1.0,             223P    189
8.571062981,-3.377404545,13.52616798,8.900900314,-1.71024451,        223P    190
13.52616798,9.013659147,-1.204592248E-008,13.52616798,               223P    191
8.900900316,1.710244487,13.52616798,8.571062986,3.377404521,         223P    192
13.52616798,0.0,9.640795475,0.0,0.0,0.0,0,0;                         223P    193
102,6,213,215,217,219,221,223,0,0;                                   225P    194
142,0,211,0,225,2,0,0;                                               227P    195
144,211,1,0,227,0,1,1;                                               229P    196
110,8.475413337,3.377404529,13.02616798,9.475413337,3.377404529,     231P    197
13.02616798,0,0;                                                     231P    198
110,8.411343752,3.876719296,13.05233596,8.571062915,3.876719296,     233P    199
13.05233596,0,0;                                                     233P    200
120,231,233,0.0,6.283185307,0,0;                                     235P    201
126,4,4,0,0,1,0,0.0,0.0,0.0,0.0,0.0,1.086002315,1.086002315,         237P    202
1.086002315,1.086002315,1.086002315,1.0,1.0,1.0,1.0,1.0,             237P    203
8.518097386,3.377404529,13.52616798,8.480725987,3.565711886,         237P    204
13.52616798,8.43960324,3.755703801,13.43137156,8.413646842,          237P    205
3.866672568,13.24403896,8.411343752,3.876719296,13.05233596,0.0,     237P    206
1.086002315,0.0,0.0,0.0,0,0;                                         237P    207
110,8.411343752,3.876719296,13.05233596,8.490057276,3.876719296,     239P    208
13.05233596,0,0;                                                     239P    209
126,4,4,0,0,1,0,0.0,0.0,0.0,0.0,0.0,1.084145183,1.084145183,         241P    210
1.084145183,1.084145183,1.084145183,1.0,1.0,1.0,1.0,1.0,             241P    211
8.490057276,3.876719296,13.05233596,8.482064863,3.866697789,         241P    212
13.24355771,8.497918368,3.755667557,13.43218698,8.533971444,         241P    213
3.56488306,13.52616798,8.571062915,3.377404529,13.52616798,0.0,      241P    214
1.084145183,0.0,0.0,0.0,0,0;                                         241P    215
110,8.571062915,3.377404529,13.52616798,8.518097386,3.377404529,     243P    216
13.52616798,0,0;                                                     243P    217
102,4,237,239,241,243,0,0;                                           245P    218
142,0,235,0,245,2,0,0;                                               247P    219
144,235,1,0,247,0,1,1;                                               249P    220
110,-8.5,0.0,10.7,-8.5,0.0,9.7,0,0;                                  251P    221
110,8.35169765,4.128290966,13.55065007,8.35169765,4.128290966,       253P    222
10.7,0,0;                                                            253P    223
120,251,253,0.0,6.283185307,0,0;                                     255P    224
126,3,3,0,0,1,0,0.0,0.0,0.0,0.0,3.331518657,3.331518657,             257P    225
3.331518657,3.331518657,1.0,1.0,1.0,1.0,8.382609395,4.0,10.7,        257P    226
8.392345679,3.958906534,11.48411005,8.40192353,3.917812964,          257P    227
12.26822206,8.411343752,3.876719296,13.05233596,0.0,3.331518657,     257P    228
0.0,0.0,0.0,0,0;                                                     257P    229
126,4,4,0,0,1,0,0.0,0.0,0.0,0.0,0.0,1.086002315,1.086002315,         259P    230
1.086002315,1.086002315,1.086002315,1.0,1.0,1.0,1.0,1.0,             259P    231
8.411343752,3.876719296,13.05233596,8.413646842,3.866672568,         259P    232
13.24403896,8.439603349,3.755703922,13.43137061,8.480725987,         259P    233
3.565711886,13.52616798,8.518097386,3.377404529,13.52616798,0.0,     259P    234
1.086002315,0.0,0.0,0.0,0,0;                                         259P    235
124,0.9808701664,0.1946630852,0.0,-8.5,0.1946630852,                 261P    236
-0.9808701664,0.0,0.0,0.0,0.0,-1.0,13.52616798,0,0;                  261P    237
100,0.0,0.0,0.0,17.35,0.0,16.03508803,6.625590684,0,0;               263P    238
126,4,4,0,0,1,0,0.0,0.0,0.0,0.0,0.0,1.086002315,1.086002315,         265P    239
1.086002315,1.086002315,1.086002315,1.0,1.0,1.0,1.0,1.0,             265P    240
8.518097386,-3.377404529,13.52616798,8.480725987,-3.565711886,       265P    241
13.52616798,8.439603349,-3.755703922,13.43137061,8.413646842,        265P    242
-3.866672568,13.24403896,8.411343752,-3.876719296,13.05233596,       265P    243
0.0,1.086002315,0.0,0.0,0.0,0,0;                                     265P    244
126,3,3,0,0,1,0,0.0,0.0,0.0,0.0,3.331518657,3.331518657,             267P    245
3.331518657,3.331518657,1.0,1.0,1.0,1.0,8.411343752,                 267P    246
-3.876719296,13.05233596,8.40192353,-3.917812964,12.26822206,        267P    247
8.392345679,-3.958906534,11.48411005,8.382609395,-4.0,10.7,0.0,      267P    248
3.331518657,0.0,0.0,0.0,0,0;                                         267P    249
124,0.9730610603,-0.2305475504,0.0,-8.5,-0.2305475504,               269P    250
-0.9730610603,0.0,0.0,0.0,0.0,-1.0,10.7,0,0;                         269P    251
100,0.0,0.0,0.0,17.35,0.0,17.34949815,0.1319615703,0,0;              271P    252
110,8.35169765,-4.128290966,10.7,8.35169765,-4.128290966,            273P    253
13.55065007,0,0;                                                     273P    254
124,0.9712794035,0.2379418424,0.0,-8.5,-0.2379418424,                275P    255
0.9712794035,0.0,0.0,0.0,0.0,1.0,13.55065007,0,0;                    275P    256
100,0.0,0.0,0.0,17.35,0.0,15.38541368,8.019447973,0,0;               277P    257
110,8.35169765,4.128290966,13.55065007,8.35169765,4.128290966,       279P    258
10.7,0,0;                                                            279P    259
124,0.9712794035,0.2379418424,0.0,-8.5,0.2379418424,                 281P    260
-0.9712794035,0.0,0.0,0.0,0.0,-1.0,10.7,0,0;                         281P    261
100,0.0,0.0,0.0,17.35,0.0,17.34949815,0.1319615703,0,0;              283P    262
102,10,257,259,263,265,267,271,273,277,279,283,0,0;                  285P    263
142,0,255,0,285,2,0,0;                                               287P    264
144,255,1,0,287,0,1,1;                                               289P    265
110,8.837337352,4.247261887,10.7,8.837337352,4.247261887,11.7,0,     291P    266
0;                                                                   291P    267
110,8.409799853,4.506514055,10.7,8.409799853,4.506514055,            293P    268
13.55082251,0,0;                                                     293P    269
120,291,293,0.0,6.283185307,0,0;                                     295P    270
110,8.35169765,4.128290966,10.7,8.35169765,4.128290966,              297P    271
13.55065007,0,0;                                                     297P    272
126,3,3,0,0,1,0,0.0,0.0,0.0,0.0,0.07218822248,0.07218822248,         299P    273
0.07218822248,0.07218822248,1.0,1.0,1.0,1.0,8.35169765,              299P    274
4.128290966,13.55065007,8.347590641,4.145055792,13.55065007,         299P    275
8.344643273,4.161653095,13.54084225,8.343298304,4.170285146,         299P    276
13.52616798,0.0,0.07218822248,0.0,0.0,0.0,0,0;                       299P    277
126,11,5,0,0,1,0,0.0,0.0,0.0,0.0,0.0,0.0,1.448972691,                301P    278
1.448972691,1.448972691,3.599398325,3.599398325,3.599398325,         301P    279
4.514532802,4.514532802,4.514532802,4.514532802,4.514532802,         301P    280
4.514532802,1.0,1.0,1.0,1.0,1.0,1.0,1.0,1.0,1.0,1.0,1.0,1.0,         301P    281
8.343298304,4.170285146,13.52616798,8.33620908,4.215783997,          301P    282
13.44882105,8.335649697,4.253806659,13.28192758,8.337421333,         301P    283
4.28146662,13.11911685,8.344859886,4.346169135,12.67581482,          301P    284
8.358266033,4.394276808,12.1971243,8.366861387,4.419443864,          301P    285
11.91694856,8.380678226,4.452766667,11.50019027,8.395745626,         301P    286
4.482079075,11.07901608,8.400344063,4.490512415,10.95291377,         301P    287
8.40503063,4.498649043,10.82657923,8.409799853,4.506514055,10.7,     301P    288
0.0,4.514532802,0.0,0.0,0.0,0,0;                                     301P    289
124,-0.8550749983,-0.5185043367,0.0,8.837337352,0.5185043367,        303P    290
-0.8550749983,0.0,4.247261887,0.0,0.0,1.0,10.7,0,0;                  303P    291
100,0.0,0.0,0.0,0.5,0.0,0.3535714286,0.3535353517,0,0;               305P    292
102,4,297,299,301,305,0,0;                                           307P    293
142,0,295,0,307,2,0,0;                                               309P    294
144,295,1,0,309,0,1,1;                                               311P    295
110,-8.5,0.0,14.0,-8.5,0.0,13.0,0,0;                                 313P    296
110,6.727713282,8.318937681,13.52616798,6.857694833,8.389946926,     315P    297
10.7,0,0;                                                            315P    298
120,313,315,0.0,0.2572878948,0,0;                                    317P    299
126,11,5,0,0,1,0,0.0,0.0,0.0,0.0,0.0,0.0,0.9151344776,               319P    300
0.9151344776,0.9151344776,3.065560111,3.065560111,3.065560111,       319P    301
4.514532802,4.514532802,4.514532802,4.514532802,4.514532802,         319P    302
4.514532802,1.0,1.0,1.0,1.0,1.0,1.0,1.0,1.0,1.0,1.0,1.0,1.0,         319P    303
8.409799853,4.506514055,10.7,8.40503063,4.498649043,10.82657923,     319P    304
8.400344065,4.490512415,10.95291377,8.395745622,4.482079075,         319P    305
11.07901608,8.380678234,4.452766667,11.50019027,8.366861368,         319P    306
4.419443864,11.91694856,8.358265938,4.394276798,12.1971243,          319P    307
8.344859951,4.346169141,12.67581482,8.33742129,4.281466615,          319P    308
13.11911685,8.335649439,4.253806529,13.28192758,8.33620908,          319P    309
4.215783997,13.44882105,8.343298304,4.170285146,13.52616798,0.0,     319P    310
4.514532802,0.0,0.0,0.0,0,0;                                         319P    311
124,0.9706897288,-0.2403361197,0.0,-8.5,0.2403361197,                321P    312
0.9706897288,0.0,0.0,0.0,0.0,1.0,13.52616798,0,0;                    321P    313
100,0.0,0.0,0.0,17.35188681,0.0,16.78072608,4.415337839,0,0;         323P    314
110,6.727713282,8.318937681,13.52616798,6.857694833,8.389946926,     325P    315
10.7,0,0;                                                            325P    316
124,0.8775825619,0.4794255386,0.0,-8.5,0.4794255386,                 327P    317
-0.8775825619,0.0,0.0,0.0,0.0,-1.0,10.7,0,0;                         327P    318
100,0.0,0.0,0.0,17.5,0.0,17.0002834,4.152151752,0,0;                 329P    319
102,4,319,323,325,329,0,0;                                           331P    320
142,0,317,0,331,2,0,0;                                               333P    321
144,317,1,0,333,0,1,1;                                               335P    322
110,-8.5,0.0,14.0,-8.5,0.0,13.0,0,0;                                 337P    323
110,-23.72771328,-8.318937681,13.52616798,-23.85769483,              339P    324
-8.389946926,10.7,0,0;                                               339P    325
120,337,339,0.0,3.141592654,0,0;                                     341P    326
124,0.8775825619,-0.4794255386,0.0,-8.5,0.4794255386,                343P    327
0.8775825619,0.0,0.0,0.0,0.0,1.0,13.52616798,0,0;                    343P    328
100,0.0,0.0,0.0,17.35188681,0.0,-17.35188681,0.0,0,0;                345P    329
110,-23.72771328,-8.318937681,13.52616798,-23.85769483,              347P    330
-8.389946926,10.7,0,0;                                               347P    331
124,-0.8775825619,-0.4794255386,0.0,-8.5,-0.4794255386,              349P    332
0.8775825619,0.0,0.0,0.0,0.0,-1.0,10.7,0,0;                          349P    333
100,0.0,0.0,0.0,17.5,0.0,-17.5,0.0,0,0;                              351P    334
110,6.857694833,8.389946926,10.7,6.727713282,8.318937681,            353P    335
13.52616798,0,0;                                                     353P    336
102,4,345,347,351,353,0,0;                                           355P    337
142,0,341,0,355,2,0,0;                                               357P    338
144,341,1,0,357,0,1,1;                                               359P    339
110,-8.5,0.0,14.0,-8.5,0.0,13.0,0,0;                                 361P    340
110,8.343298304,-4.170285146,13.52616798,8.487070254,                363P    341
-4.205882095,10.7,0,0;                                               363P    342
120,361,363,0.0,2.398880548,0,0;                                     365P    343
126,11,5,0,0,1,0,0.0,0.0,0.0,0.0,0.0,0.0,1.448972691,                367P    344
1.448972691,1.448972691,3.599398323,3.599398323,3.599398323,         367P    345
4.514532801,4.514532801,4.514532801,4.514532801,4.514532801,         367P    346
4.514532801,1.0,1.0,1.0,1.0,1.0,1.0,1.0,1.0,1.0,1.0,1.0,1.0,         367P    347
8.343298304,-4.170285146,13.52616798,8.33620908,-4.215783997,        367P    348
13.44882105,8.335649439,-4.253806529,13.28192758,8.33742129,         367P    349
-4.281466615,13.11911685,8.344859951,-4.346169141,12.67581482,       367P    350
8.358265938,-4.394276798,12.1971243,8.366861368,-4.419443864,        367P    351
11.91694856,8.380678234,-4.452766667,11.50019027,8.395745622,        367P    352
-4.482079075,11.07901608,8.400344065,-4.490512415,10.95291377,       367P    353
8.40503063,-4.498649043,10.82657923,8.409799853,-4.506514055,        367P    354
10.7,0.0,4.514532801,0.0,0.0,0.0,0,0;                                367P    355
124,0.9662742773,-0.2575150889,0.0,-8.5,-0.2575150889,               369P    356
-0.9662742773,0.0,0.0,0.0,0.0,-1.0,10.7,0,0;                         369P    357
100,0.0,0.0,0.0,17.5,0.0,-12.67920755,12.06182805,0,0;               371P    358
110,-23.85769483,-8.389946926,10.7,-23.72771328,-8.318937681,        373P    359
13.52616798,0,0;                                                     373P    360
124,-0.8775825619,0.4794255386,0.0,-8.5,-0.4794255386,               375P    361
-0.8775825619,0.0,0.0,0.0,0.0,1.0,13.52616798,0,0;                   375P    362
100,0.0,0.0,0.0,17.35188681,0.0,-12.78204367,11.73487688,0,0;        377P    363
102,4,367,371,373,377,0,0;                                           379P    364
142,0,365,0,379,2,0,0;                                               381P    365
144,365,1,0,381,0,1,1;                                               383P    366
110,8.837337352,-4.247261887,10.7,8.837337352,-4.247261887,9.7,      385P    367
0,0;                                                                 385P    368
110,8.409799853,-4.506514055,13.55082251,8.409799853,                387P    369
-4.506514055,10.7,0,0;                                               387P    370
120,385,387,0.0,6.283185307,0,0;                                     389P    371
110,8.35169765,-4.128290966,13.55065007,8.35169765,-4.128290966,     391P    372
10.7,0,0;                                                            391P    373
124,-0.9712794035,-0.2379418424,0.0,8.837337352,0.2379418424,        393P    374
-0.9712794035,0.0,-4.247261887,0.0,0.0,1.0,10.7,0,0;                 393P    375
100,0.0,0.0,0.0,0.5,0.0,0.3535714286,0.3535353517,0,0;               395P    376
126,11,5,0,0,1,0,0.0,0.0,0.0,0.0,0.0,0.0,0.9151344776,               397P    377
0.9151344776,0.9151344776,3.06556011,3.06556011,3.06556011,          397P    378
4.514532801,4.514532801,4.514532801,4.514532801,4.514532801,         397P    379
4.514532801,1.0,1.0,1.0,1.0,1.0,1.0,1.0,1.0,1.0,1.0,1.0,1.0,         397P    380
8.409799853,-4.506514055,10.7,8.40503063,-4.498649043,               397P    381
10.82657923,8.400344063,-4.490512415,10.95291377,8.395745626,        397P    382
-4.482079075,11.07901608,8.380678226,-4.452766667,11.50019027,       397P    383
8.366861387,-4.419443864,11.91694856,8.358266033,-4.394276808,       397P    384
12.1971243,8.344859886,-4.346169135,12.67581482,8.337421333,         397P    385
-4.28146662,13.11911685,8.335649697,-4.253806659,13.28192758,        397P    386
8.33620908,-4.215783997,13.44882105,8.343298304,-4.170285146,        397P    387
13.52616798,0.0,4.514532801,0.0,0.0,0.0,0,0;                         397P    388
126,3,3,0,0,1,0,0.0,0.0,0.0,0.0,0.07218822248,0.07218822248,         399P    389
0.07218822248,0.07218822248,1.0,1.0,1.0,1.0,8.343298304,             399P    390
-4.170285146,13.52616798,8.344643273,-4.161653095,13.54084225,       399P    391
8.347590641,-4.145055792,13.55065007,8.35169765,-4.128290966,        399P    392
13.55065007,0.0,0.07218822248,0.0,0.0,0.0,0,0;                       399P    393
102,4,391,395,397,399,0,0;                                           401P    394
142,0,389,0,401,2,0,0;                                               403P    395
144,389,1,0,403,0,1,1;                                               405P    396
108,0.0,0.9986295348,-0.05233595624,-4.554512871,0,8.0,-4.0,         407P    397
10.7,1.0,0,0;                                                        407P    398
110,8.411343752,-3.876719296,13.05233596,8.490057276,                409P    399
-3.876719296,13.05233596,0,0;                                        409P    400
126,5,5,0,0,1,0,0.0,0.0,0.0,0.0,0.0,0.0,3.334159685,3.334159685,     411P    401
3.334159685,3.334159685,3.334159685,3.334159685,1.0,1.0,1.0,1.0,     411P    402
1.0,1.0,8.490057276,-3.876719296,13.05233596,8.509675968,            411P    403
-3.901375342,12.58187058,8.529294685,-3.92603142,12.11140458,        411P    404
8.548913463,-3.950687574,11.64093715,8.568532288,-3.975343787,       411P    405
11.17046857,8.588151113,-4.0,10.7,0.0,3.334159685,0.0,0.0,0.0,0,     411P    406
0;                                                                   411P    407
110,8.588151113,-4.0,10.7,8.382609395,-4.0,10.7,0,0;                 413P    408
126,5,5,0,0,1,0,0.0,0.0,0.0,0.0,0.0,0.0,3.331518657,3.331518657,     415P    409
3.331518657,3.331518657,3.331518657,3.331518657,1.0,1.0,1.0,1.0,     415P    410
1.0,1.0,8.382609395,-4.0,10.7,8.388451165,-3.97534392,               415P    411
11.17046603,8.394245405,-3.95068781,11.64093264,8.399992196,         415P    412
-3.926031668,12.11139985,8.405691619,-3.901375497,12.58186762,       415P    413
8.411343752,-3.876719296,13.05233596,0.0,3.331518657,0.0,0.0,        415P    414
0.0,0,0;                                                             415P    415
102,4,409,411,413,415,0,0;                                           417P    416
142,0,407,0,417,2,0,0;                                               419P    417
144,407,1,0,419,0,1,1;                                               421P    418
110,3.512741533,-9.159264271,10.7,3.512741533,-9.159264271,11.7,     423P    419
0,0;                                                                 423P    420
110,4.473278943,-10.00907599,10.9,4.48638397,-10.02067033,10.7,      425P    421
0,0;                                                                 425P    422
120,423,425,0.0,3.141592654,0,0;                                     427P    423
126,4,4,0,0,1,0,4.02630584,4.02630584,4.02630584,4.02630584,         429P    424
4.02630584,5.759000009,5.759000009,5.759000009,5.759000009,          429P    425
5.759000009,1.0,1.0,1.0,1.0,1.0,3.649022298,-7.866427255,            429P    426
10.70000001,3.344394309,-7.834315756,10.70000001,3.029061971,        429P    427
-7.898097616,10.70000001,2.751935997,-8.061541804,10.70000001,       429P    428
2.546913281,-8.28910579,10.70000001,4.02630584,5.759000009,0.0,      429P    429
0.0,0.0,0,0;                                                         429P    430
124,-0.7429437813,-0.6693538211,0.0,3.512741533,0.6693538211,        431P    431
-0.7429437813,0.0,-9.159264271,1.121836895E-008,0.0,1.0,10.7,0,      431P    432
0;                                                                   431P    433
100,0.0,0.0,0.0,1.3,0.0,1.299947033,0.01173500813,0,0;               433P    434
110,2.539099096,-8.297858208,10.7,2.552204123,-8.309452557,10.9,     435P    435
0,0;                                                                 435P    436
124,-0.7489557208,0.6626200482,0.0,3.512741533,0.6626200482,         437P    437
0.7489557208,0.0,-9.159264271,0.0,0.0,-1.0,10.9,0,0;                 437P    438
100,0.0,0.0,0.0,1.282502267,0.0,-1.282502267,0.0,0,0;                439P    439
110,4.473278943,-10.00907599,10.9,4.48638397,-10.02067033,10.7,      441P    440
0,0;                                                                 441P    441
124,0.7489557208,0.6626200482,0.0,3.512741533,-0.6626200482,         443P    442
0.7489557208,0.0,-9.159264271,0.0,0.0,1.0,10.7,0,0;                  443P    443
100,0.0,0.0,0.0,1.3,0.0,-0.7545978903,1.058575469,0,0;               445P    444
102,6,429,433,435,439,441,445,0,0;                                   447P    445
142,0,427,0,447,2,0,0;                                               449P    446
144,427,1,0,449,0,1,1;                                               451P    447
108,0.7461057182,-0.6600985789,0.08715574275,10.89451343,0,          453P    448
3.757501917,-10.84452163,10.7,1.0,0,0;                               453P    449
110,3.015514837,-11.65677857,10.9,3.028619864,-11.66837292,10.7,     455P    450
0,0;                                                                 455P    451
110,3.028619864,-11.66837292,10.7,4.48638397,-10.02067033,10.7,      457P    452
0,0;                                                                 457P    453
110,4.48638397,-10.02067033,10.7,4.473278943,-10.00907599,10.9,      459P    454
0,0;                                                                 459P    455
110,4.473278943,-10.00907599,10.9,3.015514837,-11.65677857,10.9,     461P    456
0,0;                                                                 461P    457
102,4,455,457,459,461,0,0;                                           463P    458
142,0,453,0,463,2,0,0;                                               465P    459
144,453,1,0,465,0,1,1;                                               467P    460
110,2.054977427,-10.80696686,10.7,2.054977427,-10.80696686,11.7,     469P    461
0,0;                                                                 469P    462
110,1.094440017,-9.957155143,10.9,1.08133499,-9.945560794,10.7,      471P    463
0,0;                                                                 471P    464
120,469,471,0.0,3.141592654,0,0;                                     473P    465
124,0.7489557208,-0.6626200482,0.0,2.054977427,-0.6626200482,        475P    466
-0.7489557208,0.0,-10.80696686,0.0,0.0,-1.0,10.9,0,0;                475P    467
100,0.0,0.0,0.0,1.282502267,0.0,-1.282502267,0.0,0,0;                477P    468
110,1.094440017,-9.957155143,10.9,1.08133499,-9.945560794,10.7,      479P    469
0,0;                                                                 479P    470
124,-0.7489557208,-0.6626200482,0.0,2.054977427,0.6626200482,        481P    471
-0.7489557208,0.0,-10.80696686,0.0,0.0,1.0,10.7,0,0;                 481P    472
100,0.0,0.0,0.0,1.3,0.0,-1.3,0.0,0,0;                                483P    473
110,3.028619864,-11.66837292,10.7,3.015514837,-11.65677857,10.9,     485P    474
0,0;                                                                 485P    475
102,4,477,479,483,485,0,0;                                           487P    476
142,0,473,0,487,2,0,0;                                               489P    477
144,473,1,0,489,0,1,1;                                               491P    478
108,-0.7461057182,0.6600985789,0.08715574275,-6.439274318,0,         493P    479
1.810217043,-9.121709501,10.7,1.0,0,0;                               493P    480
110,2.539099096,-8.297858208,10.7,1.08133499,-9.945560794,10.7,      495P    481
0,0;                                                                 495P    482
110,1.08133499,-9.945560794,10.7,1.094440017,-9.957155143,10.9,      497P    483
0,0;                                                                 497P    484
110,1.094440017,-9.957155143,10.9,2.552204123,-8.309452557,10.9,     499P    485
0,0;                                                                 499P    486
110,2.552204123,-8.309452557,10.9,2.539099096,-8.297858208,10.7,     501P    487
0,0;                                                                 501P    488
102,4,495,497,499,501,0,0;                                           503P    489
142,0,493,0,503,2,0,0;                                               505P    490
144,493,1,0,505,0,1,1;                                               507P    491
110,-22.5,0.0,9.9,-22.5,0.0,10.9,0,0;                                509P    492
124,0.0,-0.5,-0.8660254038,-21.27980896,0.0,0.8660254038,-0.5,       511P    493
-2.113432868,1.0,0.0,0.0,9.9,0,0;                                    511P    494
100,0.0,0.0,0.0,0.8,0.0,0.01396192515,0.7998781561,0,0;              513P    495
120,509,513,0.0,3.141592654,0,0;                                     515P    496
124,-3.825963457E-007,0.5,0.8660254038,-23.72019104,                 517P    497
-2.169917457E-007,-0.8660254038,0.5,2.113432868,1.0,                 517P    498
3.377808685E-009,0.0,9.9,0,0;                                        517P    499
100,0.0,0.0,0.0,0.8,0.0,0.01396192245,0.7998781562,0,0;              519P    500
124,-0.5,0.8660254038,0.0,-22.5,0.8660254038,0.5,0.0,0.0,0.0,        521P    501
0.0,-1.0,9.913961925,0,0;                                            521P    502
100,0.0,0.0,0.0,1.640503914,0.0,-1.640503914,0.0,0,0;                523P    503
124,-0.4999238476,0.008726203219,0.8660254038,-21.27980896,          525P    504
0.8658935039,-0.01511422733,0.5,-2.113432868,0.01745240644,          525P    505
0.9998476952,0.0,9.9,0,0;                                            525P    506
100,0.0,0.0,0.0,0.8,0.0,0.01396192515,0.7998781561,0,0;              527P    507
124,0.5000000753,0.8660253603,0.0,-22.5,-0.8660253603,               529P    508
0.5000000753,0.0,0.0,0.0,0.0,1.0,10.7,0,0;                           529P    509
100,0.0,0.0,0.0,2.44038207,0.0,-2.44038207,-1.397390206E-007,0,      531P    510
0;                                                                   531P    511
102,4,519,523,527,531,0,0;                                           533P    512
142,0,515,0,533,2,0,0;                                               535P    513
144,515,1,0,535,0,1,1;                                               537P    514
110,-22.5,0.0,9.9,-22.5,0.0,8.9,0,0;                                 539P    515
124,-0.4999238476,0.008726203219,0.8660254038,-21.27980896,          541P    516
0.8658935039,-0.01511422733,0.5,-2.113432868,0.01745240644,          541P    517
0.9998476952,0.0,9.9,0,0;                                            541P    518
100,0.0,0.0,0.0,0.8,0.0,0.01396192515,0.7998781561,0,0;              543P    519
120,539,543,0.0,3.141592654,0,0;                                     545P    520
124,2.296352308E-007,-0.5,-0.8660254038,-21.27980896,                547P    521
1.325805865E-007,0.8660254038,-0.5,-2.113432868,1.0,0.0,0.0,9.9,     547P    522
0,0;                                                                 547P    523
100,0.0,0.0,0.0,0.8,0.0,0.01396192515,0.7998781561,0,0;              549P    524
124,0.5,-0.8660254038,0.0,-22.5,-0.8660254038,-0.5,0.0,0.0,0.0,      551P    525
0.0,-1.0,9.913961925,0,0;                                            551P    526
100,0.0,0.0,0.0,1.640503914,0.0,-1.640503914,0.0,0,0;                553P    527
124,0.4999238476,-0.008726203219,-0.8660254038,-23.72019104,         555P    528
-0.8658935039,0.01511422733,-0.5,2.113432868,0.01745240644,          555P    529
0.9998476952,0.0,9.9,0,0;                                            555P    530
100,0.0,0.0,0.0,0.8,0.0,0.01396192245,0.7998781562,0,0;              557P    531
124,-0.5000001249,-0.8660253317,0.0,-22.5,0.8660253317,              559P    532
-0.5000001249,0.0,0.0,0.0,0.0,1.0,10.7,0,0;                          559P    533
100,0.0,0.0,0.0,2.44038207,0.0,-2.44038207,1.397390214E-007,0,0;     561P    534
102,4,549,553,557,561,0,0;                                           563P    535
142,0,545,0,563,2,0,0;                                               565P    536
144,545,1,0,565,0,1,1;                                               567P    537
110,-1.5,12.12435565,9.9,-1.5,12.12435565,10.9,0,0;                  569P    538
124,0.0,-1.0,0.0,0.9403820702,0.0,0.0,-1.0,12.12435565,1.0,0.0,      571P    539
0.0,9.9,0,0;                                                         571P    540
100,0.0,0.0,0.0,0.8,0.0,0.01396192515,-0.7998781561,0,0;             573P    541
120,569,573,0.0,3.141592654,0,0;                                     575P    542
124,-3.377748081E-009,1.0,0.0,-3.94038207,-4.398339759E-007,0.0,     577P    543
1.0,12.12435565,1.0,3.377748081E-009,0.0,9.9,0,0;                    577P    544
100,0.0,0.0,0.0,0.8,0.0,0.01396192245,0.7998781562,0,0;              579P    545
124,-1.0,0.0,0.0,-1.5,0.0,1.0,0.0,12.12435565,0.0,0.0,-1.0,          581P    546
9.913961925,0,0;                                                     581P    547
100,0.0,0.0,0.0,1.640503914,0.0,-1.640503914,0.0,0,0;                583P    548
124,-0.9998476952,0.01745240644,0.0,0.9403820702,0.0,0.0,1.0,        585P    549
12.12435565,0.01745240644,0.9998476952,0.0,9.9,0,0;                  585P    550
100,0.0,0.0,0.0,0.8,0.0,0.01396192515,0.7998781561,0,0;              587P    551
124,1.0,-8.692416098E-008,0.0,-1.5,8.692416098E-008,1.0,0.0,         589P    552
12.12435565,0.0,0.0,1.0,10.7,0,0;                                    589P    553
100,0.0,0.0,0.0,2.44038207,0.0,-2.44038207,-1.397390182E-007,0,      591P    554
0;                                                                   591P    555
102,4,579,583,587,591,0,0;                                           593P    556
142,0,575,0,593,2,0,0;                                               595P    557
144,575,1,0,595,0,1,1;                                               597P    558
110,-1.5,12.12435565,9.9,-1.5,12.12435565,8.9,0,0;                   599P    559
124,-0.9998476952,0.01745240644,0.0,0.9403820702,0.0,0.0,1.0,        601P    560
12.12435565,0.01745240644,0.9998476952,0.0,9.9,0,0;                  601P    561
100,0.0,0.0,0.0,0.8,0.0,0.01396192515,0.7998781561,0,0;              603P    562
120,599,603,0.0,3.141592654,0,0;                                     605P    563
124,0.0,-1.0,0.0,0.9403820702,2.651602249E-007,0.0,-1.0,             607P    564
12.12435565,1.0,0.0,0.0,9.9,0,0;                                     607P    565
100,0.0,0.0,0.0,0.8,0.0,0.01396192515,0.7998781561,0,0;              609P    566
124,1.0,0.0,0.0,-1.5,0.0,-1.0,0.0,12.12435565,0.0,0.0,-1.0,          611P    567
9.913961925,0,0;                                                     611P    568
100,0.0,0.0,0.0,1.640503914,0.0,-1.640503914,0.0,0,0;                613P    569
124,0.9998476952,-0.01745240644,0.0,-3.94038207,0.0,0.0,-1.0,        615P    570
12.12435565,0.01745240644,0.9998476952,0.0,9.9,0,0;                  615P    571
100,0.0,0.0,0.0,0.8,0.0,0.01396192245,0.7998781562,0,0;              617P    572
124,-1.0,1.441852834E-007,0.0,-1.5,-1.441852834E-007,-1.0,0.0,       619P    573
12.12435565,0.0,0.0,1.0,10.7,0,0;                                    619P    574
100,0.0,0.0,0.0,2.44038207,0.0,-2.44038207,1.397390146E-007,0,0;     621P    575
102,4,609,613,617,621,0,0;                                           623P    576
142,0,605,0,623,2,0,0;                                               625P    577
144,605,1,0,625,0,1,1;                                               627P    578
110,-1.5,-12.12435565,9.9,-1.5,-12.12435565,10.9,0,0;                629P    579
124,0.0,-0.5,0.8660254038,-0.2798089649,0.0,-0.8660254038,-0.5,      631P    580
-10.01092279,1.0,0.0,0.0,9.9,0,0;                                    631P    581
100,0.0,0.0,0.0,0.8,0.0,0.01396192515,-0.7998781561,0,0;             633P    582
120,629,633,0.0,3.141592654,0,0;                                     635P    583
124,3.792185832E-007,0.5,-0.8660254038,-2.720191035,                 637P    584
-2.228424067E-007,0.8660254038,0.5,-14.23778852,1.0,                 637P    585
3.377893685E-009,0.0,9.9,0,0;                                        637P    586
100,0.0,0.0,0.0,0.8,0.0,0.01396192245,0.7998781562,0,0;              639P    587
124,-0.5,-0.8660254038,0.0,-1.5,-0.8660254038,0.5,0.0,               641P    588
-12.12435565,0.0,0.0,-1.0,9.913961925,0,0;                           641P    589
100,0.0,0.0,0.0,1.640503914,0.0,-1.640503914,0.0,0,0;                643P    590
124,-0.4999238476,0.008726203219,-0.8660254038,-0.2798089649,        645P    591
-0.8658935039,0.01511422733,0.5,-10.01092279,0.01745240644,          645P    592
0.9998476952,0.0,9.9,0,0;                                            645P    593
100,0.0,0.0,0.0,0.8,0.0,0.01396192515,0.7998781561,0,0;              647P    594
124,0.4999999247,-0.8660254472,0.0,-1.5,0.8660254472,                649P    595
0.4999999247,0.0,-12.12435565,0.0,0.0,1.0,10.7,0,0;                  649P    596
100,0.0,0.0,0.0,2.44038207,0.0,-2.44038207,-1.397390086E-007,0,      651P    597
0;                                                                   651P    598
102,4,639,643,647,651,0,0;                                           653P    599
142,0,635,0,653,2,0,0;                                               655P    600
144,635,1,0,655,0,1,1;                                               657P    601
110,-1.5,-12.12435565,9.9,-1.5,-12.12435565,8.9,0,0;                 659P    602
124,-0.4999238476,0.008726203219,-0.8660254038,-0.2798089649,        661P    603
-0.8658935039,0.01511422733,0.5,-10.01092279,0.01745240644,          661P    604
0.9998476952,0.0,9.9,0,0;                                            661P    605
100,0.0,0.0,0.0,0.8,0.0,0.01396192515,0.7998781561,0,0;              663P    606
120,659,663,0.0,3.141592654,0,0;                                     665P    607
124,-2.296358764E-007,-0.5,0.8660254038,-0.2798089649,               667P    608
1.325797117E-007,-0.8660254038,-0.5,-10.01092279,1.0,0.0,0.0,        667P    609
9.9,0,0;                                                             667P    610
100,0.0,0.0,0.0,0.8,0.0,0.01396192515,0.7998781561,0,0;              669P    611
124,0.5,0.8660254038,0.0,-1.5,0.8660254038,-0.5,0.0,                 671P    612
-12.12435565,0.0,0.0,-1.0,9.913961925,0,0;                           671P    613
100,0.0,0.0,0.0,1.640503914,0.0,-1.640503914,0.0,0,0;                673P    614
124,0.4999238476,-0.008726203219,0.8660254038,-2.720191035,          675P    615
0.8658935039,-0.01511422733,-0.5,-14.23778852,0.01745240644,         675P    616
0.9998476952,0.0,9.9,0,0;                                            675P    617
100,0.0,0.0,0.0,0.8,0.0,0.01396192245,0.7998781562,0,0;              677P    618
124,-0.4999998751,0.8660254759,0.0,-1.5,-0.8660254759,               679P    619
-0.4999998751,0.0,-12.12435565,0.0,0.0,1.0,10.7,0,0;                 679P    620
100,0.0,0.0,0.0,2.44038207,0.0,-2.44038207,1.397390086E-007,0,0;     681P    621
102,4,669,673,677,681,0,0;                                           683P    622
142,0,665,0,683,2,0,0;                                               685P    623
144,665,1,0,685,0,1,1;                                               687P    624
108,0.0,0.0,-1.0,-13.52616798,0,8.0,-3.851886812,13.52616798,        689P    625
1.0,0,0;                                                             689P    626
110,8.518097386,3.377404529,13.52616798,8.571062915,3.377404529,     691P    627
13.52616798,0,0;                                                     691P    628
126,5,5,0,0,1,0,0.687941213,0.687941213,0.687941213,0.687941213,     693P    629
0.687941213,0.687941213,10.32873669,10.32873669,10.32873669,         693P    630
10.32873669,10.32873669,10.32873669,1.0,1.0,1.0,1.0,1.0,1.0,         693P    631
8.571062915,3.377404529,13.52616798,8.834932232,2.043676533,         693P    632
13.52616798,8.968547686,0.6841725263,13.52616798,8.968547778,        693P    633
-0.6841719408,13.52616798,8.834932256,-2.04367641,13.52616798,       693P    634
8.571062915,-3.377404529,13.52616798,0.687941213,10.32873669,        693P    635
0.0,0.0,0.0,0,0;                                                     693P    636
110,8.571062915,-3.377404529,13.52616798,8.518097386,                695P    637
-3.377404529,13.52616798,0,0;                                        695P    638
124,0.9808701664,0.1946630852,0.0,-8.5,-0.1946630852,                697P    639
0.9808701664,0.0,0.0,0.0,0.0,1.0,13.52616798,0,0;                    697P    640
100,0.0,0.0,0.0,17.35,0.0,16.03508803,6.625590684,0,0;               699P    641
102,4,691,693,695,699,0,0;                                           701P    642
142,0,689,0,701,2,0,0;                                               703P    643
144,689,1,0,703,0,1,1;                                               705P    644
110,8.450975055,-3.377404529,13.02616798,9.450975055,                707P    645
-3.377404529,13.02616798,0,0;                                        707P    646
110,8.411343752,-3.377404529,13.52616798,8.571062915,                709P    647
-3.377404529,13.52616798,0,0;                                        709P    648
120,707,709,0.0,6.283185307,0,0;                                     711P    649
126,4,4,0,0,1,0,0.0,0.0,0.0,0.0,0.0,1.086002315,1.086002315,         713P    650
1.086002315,1.086002315,1.086002315,1.0,1.0,1.0,1.0,1.0,             713P    651
8.411343752,-3.876719296,13.05233596,8.413646842,-3.866672568,       713P    652
13.24403896,8.43960324,-3.755703801,13.43137156,8.480725987,         713P    653
-3.565711886,13.52616798,8.518097386,-3.377404529,13.52616798,       713P    654
0.0,1.086002315,0.0,0.0,0.0,0,0;                                     713P    655
110,8.518097386,-3.377404529,13.52616798,8.571062915,                715P    656
-3.377404529,13.52616798,0,0;                                        715P    657
126,4,4,0,0,1,0,0.0,0.0,0.0,0.0,0.0,1.084145094,1.084145094,         717P    658
1.084145094,1.084145094,1.084145094,1.0,1.0,1.0,1.0,1.0,             717P    659
8.571062915,-3.377404529,13.52616798,8.533971447,-3.564883045,       717P    660
13.52616798,8.497918352,-3.755667646,13.43218694,8.482064864,        717P    661
-3.86669779,13.24355769,8.490057276,-3.876719296,13.05233596,        717P    662
0.0,1.084145094,0.0,0.0,0.0,0,0;                                     717P    663
110,8.490057276,-3.876719296,13.05233596,8.411343752,                719P    664
-3.876719296,13.05233596,0,0;                                        719P    665
102,4,713,715,717,719,0,0;                                           721P    666
142,0,711,0,721,2,0,0;                                               723P    667
144,711,1,0,723,0,1,1;                                               725P    668
110,-8.5,0.0,13.5,-8.5,0.0,14.5,0,0;                                 727P    669
124,-0.8763798655,0.04592912256,-0.4794255386,-23.28952335,          729P    670
-0.4787685026,0.02509119401,0.8775825619,-8.07955343,                729P    671
0.05233595624,0.9986295348,0.0,13.5,0,0;                             729P    672
100,0.0,0.0,0.0,0.5,0.0,0.02616797812,0.4993147674,0,0;              731P    673
120,727,731,0.0,3.141592654,0,0;                                     733P    674
126,3,3,0,0,1,0,0.0,0.0,0.0,0.0,0.07218822248,0.07218822248,         735P    675
0.07218822248,0.07218822248,1.0,1.0,1.0,1.0,8.343298304,             735P    676
4.170285146,13.52616798,8.344643273,4.161653095,13.54084225,         735P    677
8.347590641,4.145055792,13.55065007,8.35169765,4.128290966,          735P    678
13.55065007,0.0,0.07218822248,0.0,0.0,0.0,0,0;                       735P    679
124,0.9712794035,0.2379418424,0.0,-8.5,0.2379418424,                 737P    680
-0.9712794035,0.0,0.0,0.0,0.0,-1.0,13.55065007,0,0;                  737P    681
100,0.0,0.0,0.0,17.35,0.0,15.38541368,8.019447973,0,0;               739P    682
126,3,3,0,0,1,0,0.0,0.0,0.0,0.0,0.07218822248,0.07218822248,         741P    683
0.07218822248,0.07218822248,1.0,1.0,1.0,1.0,8.35169765,              741P    684
-4.128290966,13.55065007,8.347590641,-4.145055792,13.55065007,       741P    685
8.344643273,-4.161653095,13.54084225,8.343298304,-4.170285146,       741P    686
13.52616798,0.0,0.07218822248,0.0,0.0,0.0,0,0;                       741P    687
124,0.9706897288,-0.2403361197,0.0,-8.5,-0.2403361197,               743P    688
-0.9706897288,0.0,0.0,0.0,0.0,-1.0,13.52616798,0,0;                  743P    689
100,0.0,0.0,0.0,17.35188681,0.0,-12.78204367,11.73487688,0,0;        745P    690
124,-0.8763798655,0.04592912256,-0.4794255386,-23.28952335,          747P    691
-0.4787685026,0.02509119401,0.8775825619,-8.07955343,                747P    692
0.05233595624,0.9986295348,0.0,13.5,0,0;                             747P    693
100,0.0,0.0,0.0,0.5,0.0,0.02616797804,0.4993147664,0,0;              749P    694
124,-0.8775816797,0.4794271535,0.0,-8.5,-0.4794271535,               751P    695
-0.8775816797,0.0,0.0,0.0,0.0,1.0,14.0,0,0;                          751P    696
100,0.0,0.0,0.0,16.85257205,0.0,-16.85257204,3.101165891E-005,0,     753P    697
0;                                                                   753P    698
124,0.0,0.8775825619,-0.4794255386,6.28952335,0.0,0.4794255386,      755P    699
0.8775825619,8.07955343,1.0,0.0,0.0,13.5,0,0;                        755P    700
100,0.0,0.0,0.0,0.5,0.0,0.02616797812,0.4993147674,0,0;              757P    701
124,0.8775825619,0.4794255386,0.0,-8.5,0.4794255386,                 759P    702
-0.8775825619,0.0,0.0,0.0,0.0,-1.0,13.52616798,0,0;                  759P    703
100,0.0,0.0,0.0,17.35188681,0.0,16.78072608,4.415337839,0,0;         761P    704
102,8,735,739,741,745,749,753,757,761,0,0;                           763P    705
142,0,733,0,763,2,0,0;                                               765P    706
144,733,1,0,765,0,1,1;                                               767P    707
110,-8.5,0.0,13.5,-8.5,0.0,14.5,0,0;                                 769P    708
124,0.8763798655,-0.04592912256,0.4794255386,6.28952335,             771P    709
0.4787685026,-0.02509119401,-0.8775825619,8.07955343,                771P    710
0.05233595624,0.9986295348,0.0,13.5,0,0;                             771P    711
100,0.0,0.0,0.0,0.5,0.0,0.02616797812,0.4993147674,0,0;              773P    712
120,769,773,0.0,3.141592654,0,0;                                     775P    713
124,0.8775825619,-0.4794255386,0.0,-8.5,0.4794255386,                777P    714
0.8775825619,0.0,0.0,0.0,0.0,1.0,14.0,0,0;                           777P    715
100,0.0,0.0,0.0,16.85257205,0.0,-16.85257204,-3.10116589E-005,0,     779P    716
0;                                                                   779P    717
124,2.973561259E-005,-0.8775825619,0.4794255386,-23.28952335,        781P    718
-5.443055466E-005,-0.4794255386,-0.8775825619,-8.07955343,           781P    719
0.9999999981,5.708877964E-011,0.0,13.5,0,0;                          781P    720
100,0.0,0.0,0.0,0.5,0.0,0.02616797804,0.4993147674,0,0;              783P    721
124,-0.8775825619,-0.4794255386,0.0,-8.5,-0.4794255386,              785P    722
0.8775825619,0.0,0.0,0.0,0.0,-1.0,13.52616798,0,0;                   785P    723
100,0.0,0.0,0.0,17.35188681,0.0,-17.35188681,0.0,0,0;                787P    724
124,0.8763798655,-0.04592912256,0.4794255386,6.28952335,             789P    725
0.4787685026,-0.02509119401,-0.8775825619,8.07955343,                789P    726
0.05233595624,0.9986295348,0.0,13.5,0,0;                             789P    727
100,0.0,0.0,0.0,0.5,0.0,0.02616797812,0.4993147674,0,0;              791P    728
102,4,779,783,787,791,0,0;                                           793P    729
142,0,775,0,793,2,0,0;                                               795P    730
144,775,1,0,795,0,1,1;                                               797P    731
108,0.0,0.0,1.0,10.9,0,0.0,0.0,10.9,1.0,0,0;                         799P    732
124,0.7489557208,0.6626200482,0.0,3.512741533,-0.6626200482,         801P    733
0.7489557208,0.0,-9.159264271,-4.819631943E-010,0.0,1.0,10.9,0,      801P    734
0;                                                                   801P    735
100,0.0,0.0,0.0,1.282502267,0.0,-1.282502267,0.0,0,0;                803P    736
110,2.552204123,-8.309452557,10.9,1.094440017,-9.957155143,10.9,     805P    737
0,0;                                                                 805P    738
124,-0.7489557208,-0.6626200482,0.0,2.054977427,0.6626200482,        807P    739
-0.7489557208,0.0,-10.80696686,-4.819631943E-010,0.0,1.0,10.9,0,     807P    740
0;                                                                   807P    741
100,0.0,0.0,0.0,1.282502267,0.0,-1.282502267,0.0,0,0;                809P    742
110,3.015514837,-11.65677857,10.9,4.473278943,-10.00907599,10.9,     811P    743
0,0;                                                                 811P    744
102,4,803,805,809,811,0,0;                                           813P    745
142,0,799,0,813,2,0,0;                                               815P    746
144,799,1,0,815,0,1,1;                                               817P    747
110,-22.5,0.0,-1.0,-22.5,0.0,0.0,0,0;                                819P    748
110,-21.775,-1.255736835,-1.0,-21.67974804,-1.420718065,             821P    749
9.913961925,0,0;                                                     821P    750
120,819,821,0.0,3.141592654,0,0;                                     823P    751
124,0.5,0.8660254038,0.0,-22.5,-0.8660254038,0.5,0.0,0.0,0.0,        825P    752
0.0,1.0,9.913961925,0,0;                                             825P    753
100,0.0,0.0,0.0,1.640503914,0.0,-1.640503914,0.0,0,0;                827P    754
110,-23.32025196,1.420718065,9.913961925,-23.225,1.255736835,        829P    755
-1.0,0,0;                                                            829P    756
124,-0.5,0.8660254038,0.0,-22.5,0.8660254038,0.5,0.0,0.0,0.0,        831P    757
0.0,-1.0,-1.0,0,0;                                                   831P    758
100,0.0,0.0,0.0,1.45,0.0,-1.45,0.0,0,0;                              833P    759
110,-21.775,-1.255736835,-1.0,-21.67974804,-1.420718065,             835P    760
9.913961925,0,0;                                                     835P    761
102,4,827,829,833,835,0,0;                                           837P    762
142,0,823,0,837,2,0,0;                                               839P    763
144,823,1,0,839,0,1,1;                                               841P    764
110,-22.5,0.0,-1.0,-22.5,0.0,0.0,0,0;                                843P    765
110,-23.225,1.255736835,-1.0,-23.32025196,1.420718065,               845P    766
9.913961925,0,0;                                                     845P    767
120,843,845,0.0,3.141592654,0,0;                                     847P    768
124,-0.5,-0.8660254038,0.0,-22.5,0.8660254038,-0.5,0.0,0.0,0.0,      849P    769
0.0,1.0,9.913961925,0,0;                                             849P    770
100,0.0,0.0,0.0,1.640503914,0.0,-1.640503914,0.0,0,0;                851P    771
110,-21.67974804,-1.420718065,9.913961925,-21.775,-1.255736835,      853P    772
-1.0,0,0;                                                            853P    773
124,0.5,-0.8660254038,0.0,-22.5,-0.8660254038,-0.5,0.0,0.0,0.0,      855P    774
0.0,-1.0,-1.0,0,0;                                                   855P    775
100,0.0,0.0,0.0,1.45,0.0,-1.45,0.0,0,0;                              857P    776
110,-23.225,1.255736835,-1.0,-23.32025196,1.420718065,               859P    777
9.913961925,0,0;                                                     859P    778
102,4,851,853,857,859,0,0;                                           861P    779
142,0,847,0,861,2,0,0;                                               863P    780
144,847,1,0,863,0,1,1;                                               865P    781
110,-1.5,12.12435565,-1.0,-1.5,12.12435565,0.0,0,0;                  867P    782
110,-0.05,12.12435565,-1.0,0.140503914,12.12435565,9.913961925,      869P    783
0,0;                                                                 869P    784
120,867,869,0.0,3.141592654,0,0;                                     871P    785
124,1.0,0.0,0.0,-1.5,0.0,1.0,0.0,12.12435565,0.0,0.0,1.0,            873P    786
9.913961925,0,0;                                                     873P    787
100,0.0,0.0,0.0,1.640503914,0.0,-1.640503914,0.0,0,0;                875P    788
110,-3.140503914,12.12435565,9.913961925,-2.95,12.12435565,-1.0,     877P    789
0,0;                                                                 877P    790
124,-1.0,0.0,0.0,-1.5,0.0,1.0,0.0,12.12435565,0.0,0.0,-1.0,-1.0,     879P    791
0,0;                                                                 879P    792
100,0.0,0.0,0.0,1.45,0.0,-1.45,0.0,0,0;                              881P    793
110,-0.05,12.12435565,-1.0,0.140503914,12.12435565,9.913961925,      883P    794
0,0;                                                                 883P    795
102,4,875,877,881,883,0,0;                                           885P    796
142,0,871,0,885,2,0,0;                                               887P    797
144,871,1,0,887,0,1,1;                                               889P    798
110,-1.5,12.12435565,-1.0,-1.5,12.12435565,0.0,0,0;                  891P    799
110,-2.95,12.12435565,-1.0,-3.140503914,12.12435565,9.913961925,     893P    800
0,0;                                                                 893P    801
120,891,893,0.0,3.141592654,0,0;                                     895P    802
124,-1.0,0.0,0.0,-1.5,0.0,-1.0,0.0,12.12435565,0.0,0.0,1.0,          897P    803
9.913961925,0,0;                                                     897P    804
100,0.0,0.0,0.0,1.640503914,0.0,-1.640503914,0.0,0,0;                899P    805
110,0.140503914,12.12435565,9.913961925,-0.05,12.12435565,-1.0,      901P    806
0,0;                                                                 901P    807
124,1.0,0.0,0.0,-1.5,0.0,-1.0,0.0,12.12435565,0.0,0.0,-1.0,-1.0,     903P    808
0,0;                                                                 903P    809
100,0.0,0.0,0.0,1.45,0.0,-1.45,0.0,0,0;                              905P    810
110,-2.95,12.12435565,-1.0,-3.140503914,12.12435565,9.913961925,     907P    811
0,0;                                                                 907P    812
102,4,899,901,905,907,0,0;                                           909P    813
142,0,895,0,909,2,0,0;                                               911P    814
144,895,1,0,911,0,1,1;                                               913P    815
110,-1.5,-12.12435565,-1.0,-1.5,-12.12435565,0.0,0,0;                915P    816
110,-0.775,-10.86861882,-1.0,-0.679748043,-10.70363759,              917P    817
9.913961925,0,0;                                                     917P    818
120,915,917,0.0,3.141592654,0,0;                                     919P    819
124,0.5,-0.8660254038,0.0,-1.5,0.8660254038,0.5,0.0,                 921P    820
-12.12435565,0.0,0.0,1.0,9.913961925,0,0;                            921P    821
100,0.0,0.0,0.0,1.640503914,0.0,-1.640503914,0.0,0,0;                923P    822
110,-2.320251957,-13.54507372,9.913961925,-2.225,-13.38009249,       925P    823
-1.0,0,0;                                                            925P    824
124,-0.5,-0.8660254038,0.0,-1.5,-0.8660254038,0.5,0.0,               927P    825
-12.12435565,0.0,0.0,-1.0,-1.0,0,0;                                  927P    826
100,0.0,0.0,0.0,1.45,0.0,-1.45,0.0,0,0;                              929P    827
110,-0.775,-10.86861882,-1.0,-0.679748043,-10.70363759,              931P    828
9.913961925,0,0;                                                     931P    829
102,4,923,925,929,931,0,0;                                           933P    830
142,0,919,0,933,2,0,0;                                               935P    831
144,919,1,0,935,0,1,1;                                               937P    832
110,-1.5,-12.12435565,-1.0,-1.5,-12.12435565,0.0,0,0;                939P    833
110,-2.225,-13.38009249,-1.0,-2.320251957,-13.54507372,              941P    834
9.913961925,0,0;                                                     941P    835
120,939,941,0.0,3.141592654,0,0;                                     943P    836
124,-0.5,0.8660254038,0.0,-1.5,-0.8660254038,-0.5,0.0,               945P    837
-12.12435565,0.0,0.0,1.0,9.913961925,0,0;                            945P    838
100,0.0,0.0,0.0,1.640503914,0.0,-1.640503914,0.0,0,0;                947P    839
110,-0.679748043,-10.70363759,9.913961925,-0.775,-10.86861882,       949P    840
-1.0,0,0;                                                            949P    841
124,0.5,0.8660254038,0.0,-1.5,0.8660254038,-0.5,0.0,                 951P    842
-12.12435565,0.0,0.0,-1.0,-1.0,0,0;                                  951P    843
100,0.0,0.0,0.0,1.45,0.0,-1.45,0.0,0,0;                              953P    844
110,-2.225,-13.38009249,-1.0,-2.320251957,-13.54507372,              955P    845
9.913961925,0,0;                                                     955P    846
102,4,947,949,953,955,0,0;                                           957P    847
142,0,943,0,957,2,0,0;                                               959P    848
144,943,1,0,959,0,1,1;                                               961P    849
108,0.0,0.0,1.0,14.0,0,0.0,0.0,14.0,1.0,0,0;                         963P    850
124,-0.8775816797,-0.4794271535,0.0,-8.5,-0.4794271535,              965P    851
0.8775816797,0.0,0.0,0.0,0.0,-1.0,14.0,0,0;                          965P    852
100,0.0,0.0,0.0,16.85257205,0.0,-16.85257204,-3.101165892E-005,      967P    853
0,0;                                                                 967P    854
124,0.8775825619,0.4794255386,0.0,-8.5,0.4794255386,                 969P    855
-0.8775825619,0.0,0.0,0.0,0.0,-1.0,14.0,0,0;                         969P    856
100,0.0,0.0,0.0,16.85257205,0.0,-16.85257204,3.101165891E-005,0,     971P    857
0;                                                                   971P    858
102,2,967,971,0,0;                                                   973P    859
142,0,963,0,973,2,0,0;                                               975P    860
144,963,1,0,975,0,1,1;                                               977P    861
108,0.0,0.0,1.0,-1.0,0,0.0,0.0,-1.0,1.0,0,0;                         979P    862
124,0.5,0.8660254038,0.0,-22.5,-0.8660254038,0.5,0.0,0.0,0.0,        981P    863
0.0,1.0,-1.0,0,0;                                                    981P    864
100,0.0,0.0,0.0,1.45,0.0,-1.45,0.0,0,0;                              983P    865
124,-0.5,-0.8660254038,0.0,-22.5,0.8660254038,-0.5,0.0,0.0,0.0,      985P    866
0.0,1.0,-1.0,0,0;                                                    985P    867
100,0.0,0.0,0.0,1.45,0.0,-1.45,0.0,0,0;                              987P    868
102,2,983,987,0,0;                                                   989P    869
142,0,979,0,989,2,0,0;                                               991P    870
124,1.0,0.0,0.0,-22.5,0.0,-1.0,0.0,0.0,0.0,0.0,-1.0,-1.0,0,0;        993P    871
100,0.0,0.0,0.0,1.175,0.0,-1.175,0.0,0,0;                            995P    872
124,-1.0,0.0,0.0,-22.5,0.0,1.0,0.0,0.0,0.0,0.0,-1.0,-1.0,0,0;        997P    873
100,0.0,0.0,0.0,1.175,0.0,-1.175,0.0,0,0;                            999P    874
102,2,995,999,0,0;                                                  1001P    875
142,0,979,0,1001,2,0,0;                                             1003P    876
144,979,1,1,991,1003,0,1,1;                                         1005P    877
124,-1.0,0.0,0.0,-1.5,0.0,-1.0,0.0,12.12435565,0.0,0.0,1.0,-1.0,    1007P    878
0,0;                                                                1007P    879
100,0.0,0.0,0.0,1.45,0.0,-1.45,0.0,0,0;                             1009P    880
124,1.0,0.0,0.0,-1.5,0.0,1.0,0.0,12.12435565,0.0,0.0,1.0,-1.0,0,    1011P    881
0;                                                                  1011P    882
100,0.0,0.0,0.0,1.45,0.0,-1.45,0.0,0,0;                             1013P    883
102,2,1009,1013,0,0;                                                1015P    884
142,0,979,0,1015,2,0,0;                                             1017P    885
124,-0.5,-0.8660254038,0.0,-1.5,-0.8660254038,0.5,0.0,              1019P    886
12.12435565,0.0,0.0,-1.0,-1.0,0,0;                                  1019P    887
100,0.0,0.0,0.0,1.175,0.0,-1.175,0.0,0,0;                           1021P    888
124,0.5,0.8660254038,0.0,-1.5,0.8660254038,-0.5,0.0,12.12435565,    1023P    889
0.0,0.0,-1.0,-1.0,0,0;                                              1023P    890
100,0.0,0.0,0.0,1.175,0.0,-1.175,0.0,0,0;                           1025P    891
102,2,1021,1025,0,0;                                                1027P    892
142,0,979,0,1027,2,0,0;                                             1029P    893
144,979,1,1,1017,1029,0,1,1;                                        1031P    894
124,0.5,-0.8660254038,0.0,-1.5,0.8660254038,0.5,0.0,                1033P    895
-12.12435565,0.0,0.0,1.0,-1.0,0,0;                                  1033P    896
100,0.0,0.0,0.0,1.45,0.0,-1.45,0.0,0,0;                             1035P    897
124,-0.5,0.8660254038,0.0,-1.5,-0.8660254038,-0.5,0.0,              1037P    898
-12.12435565,0.0,0.0,1.0,-1.0,0,0;                                  1037P    899
100,0.0,0.0,0.0,1.45,0.0,-1.45,0.0,0,0;                             1039P    900
102,2,1035,1039,0,0;                                                1041P    901
142,0,979,0,1041,2,0,0;                                             1043P    902
124,-0.5,0.8660254038,0.0,-1.5,0.8660254038,0.5,0.0,                1045P    903
-12.12435565,0.0,0.0,-1.0,-1.0,0,0;                                 1045P    904
100,0.0,0.0,0.0,1.175,0.0,-1.175,0.0,0,0;                           1047P    905
124,0.5,-0.8660254038,0.0,-1.5,-0.8660254038,-0.5,0.0,              1049P    906
-12.12435565,0.0,0.0,-1.0,-1.0,0,0;                                 1049P    907
100,0.0,0.0,0.0,1.175,0.0,-1.175,0.0,0,0;                           1051P    908
102,2,1047,1051,0,0;                                                1053P    909
142,0,979,0,1053,2,0,0;                                             1055P    910
144,979,1,1,1043,1055,0,1,1;                                        1057P    911
110,-22.5,0.0,-1.0,-22.5,0.0,0.0,0,0;                               1059P    912
110,-23.57721759,0.0,-3.800121835,-23.675,0.0,-1.0,0,0;             1061P    913
120,1059,1061,0.0,3.141592654,0,0;                                  1063P    914
124,1.0,0.0,0.0,-22.5,0.0,-1.0,0.0,0.0,0.0,0.0,-1.0,                1065P    915
-3.800121835,0,0;                                                   1065P    916
100,0.0,0.0,0.0,1.077217591,0.0,-1.077217591,0.0,0,0;               1067P    917
110,-23.57721759,0.0,-3.800121835,-23.675,0.0,-1.0,0,0;             1069P    918
124,-1.0,0.0,0.0,-22.5,0.0,-1.0,0.0,0.0,0.0,0.0,1.0,-1.0,0,0;       1071P    919
100,0.0,0.0,0.0,1.175,0.0,-1.175,0.0,0,0;                           1073P    920
110,-21.325,0.0,-1.0,-21.42278241,0.0,-3.800121835,0,0;             1075P    921
102,4,1067,1069,1073,1075,0,0;                                      1077P    922
142,0,1063,0,1077,2,0,0;                                            1079P    923
144,1063,1,0,1079,0,1,1;                                            1081P    924
110,-22.5,0.0,-1.0,-22.5,0.0,0.0,0,0;                               1083P    925
110,-21.42278241,0.0,-3.800121835,-21.325,0.0,-1.0,0,0;             1085P    926
120,1083,1085,0.0,3.141592654,0,0;                                  1087P    927
124,-1.0,0.0,0.0,-22.5,0.0,1.0,0.0,0.0,0.0,0.0,-1.0,                1089P    928
-3.800121835,0,0;                                                   1089P    929
100,0.0,0.0,0.0,1.077217591,0.0,-1.077217591,0.0,0,0;               1091P    930
110,-21.42278241,0.0,-3.800121835,-21.325,0.0,-1.0,0,0;             1093P    931
124,1.0,0.0,0.0,-22.5,0.0,1.0,0.0,0.0,0.0,0.0,1.0,-1.0,0,0;         1095P    932
100,0.0,0.0,0.0,1.175,0.0,-1.175,0.0,0,0;                           1097P    933
110,-23.675,0.0,-1.0,-23.57721759,0.0,-3.800121835,0,0;             1099P    934
102,4,1091,1093,1097,1099,0,0;                                      1101P    935
142,0,1087,0,1101,2,0,0;                                            1103P    936
144,1087,1,0,1103,0,1,1;                                            1105P    937
110,-1.5,12.12435565,-1.0,-1.5,12.12435565,0.0,0,0;                 1107P    938
110,-0.9613912046,13.05725345,-3.800121835,-0.9125,13.1419355,      1109P    939
-1.0,0,0;                                                           1109P    940
120,1107,1109,0.0,3.141592654,0,0;                                  1111P    941
124,-0.5,-0.8660254038,0.0,-1.5,-0.8660254038,0.5,0.0,              1113P    942
12.12435565,0.0,0.0,-1.0,-3.800121835,0,0;                          1113P    943
100,0.0,0.0,0.0,1.077217591,0.0,-1.077217591,0.0,0,0;               1115P    944
110,-0.9613912046,13.05725345,-3.800121835,-0.9125,13.1419355,      1117P    945
-1.0,0,0;                                                           1117P    946
124,0.5,-0.8660254038,0.0,-1.5,0.8660254038,0.5,0.0,12.12435565,    1119P    947
0.0,0.0,1.0,-1.0,0,0;                                               1119P    948
100,0.0,0.0,0.0,1.175,0.0,-1.175,0.0,0,0;                           1121P    949
110,-2.0875,11.1067758,-1.0,-2.038608795,11.19145785,               1123P    950
-3.800121835,0,0;                                                   1123P    951
102,4,1115,1117,1121,1123,0,0;                                      1125P    952
142,0,1111,0,1125,2,0,0;                                            1127P    953
144,1111,1,0,1127,0,1,1;                                            1129P    954
110,-1.5,12.12435565,-1.0,-1.5,12.12435565,0.0,0,0;                 1131P    955
110,-2.038608795,11.19145785,-3.800121835,-2.0875,11.1067758,       1133P    956
-1.0,0,0;                                                           1133P    957
120,1131,1133,0.0,3.141592654,0,0;                                  1135P    958
124,0.5,0.8660254038,0.0,-1.5,0.8660254038,-0.5,0.0,12.12435565,    1137P    959
0.0,0.0,-1.0,-3.800121835,0,0;                                      1137P    960
100,0.0,0.0,0.0,1.077217591,0.0,-1.077217591,0.0,0,0;               1139P    961
110,-2.038608795,11.19145785,-3.800121835,-2.0875,11.1067758,       1141P    962
-1.0,0,0;                                                           1141P    963
124,-0.5,0.8660254038,0.0,-1.5,-0.8660254038,-0.5,0.0,              1143P    964
12.12435565,0.0,0.0,1.0,-1.0,0,0;                                   1143P    965
100,0.0,0.0,0.0,1.175,0.0,-1.175,0.0,0,0;                           1145P    966
110,-0.9125,13.1419355,-1.0,-0.9613912046,13.05725345,              1147P    967
-3.800121835,0,0;                                                   1147P    968
102,4,1139,1141,1145,1147,0,0;                                      1149P    969
142,0,1135,0,1149,2,0,0;                                            1151P    970
144,1135,1,0,1151,0,1,1;                                            1153P    971
110,-1.5,-12.12435565,-1.0,-1.5,-12.12435565,0.0,0,0;               1155P    972
110,-0.9613912046,-13.05725345,-3.800121835,-0.9125,-13.1419355,    1157P    973
-1.0,0,0;                                                           1157P    974
120,1155,1157,0.0,3.141592654,0,0;                                  1159P    975
124,-0.5,0.8660254038,0.0,-1.5,0.8660254038,0.5,0.0,                1161P    976
-12.12435565,0.0,0.0,-1.0,-3.800121835,0,0;                         1161P    977
100,0.0,0.0,0.0,1.077217591,0.0,-1.077217591,0.0,0,0;               1163P    978
110,-0.9613912046,-13.05725345,-3.800121835,-0.9125,-13.1419355,    1165P    979
-1.0,0,0;                                                           1165P    980
124,0.5,0.8660254038,0.0,-1.5,-0.8660254038,0.5,0.0,                1167P    981
-12.12435565,0.0,0.0,1.0,-1.0,0,0;                                  1167P    982
100,0.0,0.0,0.0,1.175,0.0,-1.175,0.0,0,0;                           1169P    983
110,-2.0875,-11.1067758,-1.0,-2.038608795,-11.19145785,             1171P    984
-3.800121835,0,0;                                                   1171P    985
102,4,1163,1165,1169,1171,0,0;                                      1173P    986
142,0,1159,0,1173,2,0,0;                                            1175P    987
144,1159,1,0,1175,0,1,1;                                            1177P    988
110,-1.5,-12.12435565,-1.0,-1.5,-12.12435565,0.0,0,0;               1179P    989
110,-2.038608795,-11.19145785,-3.800121835,-2.0875,-11.1067758,     1181P    990
-1.0,0,0;                                                           1181P    991
120,1179,1181,0.0,3.141592654,0,0;                                  1183P    992
124,0.5,-0.8660254038,0.0,-1.5,-0.8660254038,-0.5,0.0,              1185P    993
-12.12435565,0.0,0.0,-1.0,-3.800121835,0,0;                         1185P    994
100,0.0,0.0,0.0,1.077217591,0.0,-1.077217591,0.0,0,0;               1187P    995
110,-2.038608795,-11.19145785,-3.800121835,-2.0875,-11.1067758,     1189P    996
-1.0,0,0;                                                           1189P    997
124,-0.5,-0.8660254038,0.0,-1.5,0.8660254038,-0.5,0.0,              1191P    998
-12.12435565,0.0,0.0,1.0,-1.0,0,0;                                  1191P    999
100,0.0,0.0,0.0,1.175,0.0,-1.175,0.0,0,0;                           1193P   1000
110,-0.9125,-13.1419355,-1.0,-0.9613912046,-13.05725345,            1195P   1001
-3.800121835,0,0;                                                   1195P   1002
102,4,1187,1189,1193,1195,0,0;                                      1197P   1003
142,0,1183,0,1197,2,0,0;                                            1199P   1004
144,1183,1,0,1199,0,1,1;                                            1201P   1005
110,-22.5,2.232591966E-012,-5.524030341,-22.5,3.52734563E-012,      1203P   1006
-6.524030341,0,0;                                                   1203P   1007
110,-21.54768015,2.071576167E-012,-4.0,-21.42278241,                1205P   1008
2.050426418E-012,-3.800121835,0,0;                                  1205P   1009
120,1203,1205,0.0,3.141592654,0,0;                                  1207P   1010
124,1.0,3.319188858E-007,0.0,-22.5,3.319188858E-007,-1.0,           1209P   1011
2.484281741E-012,0.0,-3.770699715E-012,-2.484282011E-012,-1.0,      1209P   1012
-4.0,0,0;                                                           1209P   1013
100,0.0,0.0,0.0,0.9523198512,0.0,-0.9523198512,                     1211P   1014
-2.350413498E-007,0,0;                                              1211P   1015
110,-23.45231975,-8.105132657E-008,-4.0,-23.57721759,0.0,           1213P   1016
-3.800121835,0,0;                                                   1213P   1017
124,-1.0,0.0,0.0,-22.5,0.0,-1.0,-2.484281741E-012,0.0,              1215P   1018
-3.818313307E-012,-2.484281741E-012,1.0,-3.800121835,0,0;           1215P   1019
100,0.0,0.0,0.0,1.077217591,0.0,-1.077217591,0.0,0,0;               1217P   1020
110,-21.42278241,0.0,-3.800121835,-21.54768196,3.160926011E-007,    1219P   1021
-4.0,0,0;                                                           1219P   1022
102,4,1211,1213,1217,1219,0,0;                                      1221P   1023
142,0,1207,0,1221,2,0,0;                                            1223P   1024
144,1207,1,0,1223,0,1,1;                                            1225P   1025
110,-22.5,-1.605662413E-011,-5.524030341,-22.5,                     1227P   1026
-2.537096312E-011,-6.524030341,0,0;                                 1227P   1027
110,-23.45231985,0.0,-4.0,-23.57721759,1.238865998E-012,            1229P   1028
-3.800121835,0,0;                                                   1229P   1029
120,1227,1229,0.0,3.141592654,0,0;                                  1231P   1030
124,-1.0,-8.510740732E-008,2.485211179E-012,-22.5,                  1233P   1031
-8.510740732E-008,1.0,-8.595818138E-012,-1.861288901E-012,          1233P   1032
2.448199084E-012,-8.595818349E-012,-1.0,-4.0,0,0;                   1233P   1033
100,0.0,0.0,0.0,0.9523198512,0.0,-0.9523198512,2.350455911E-007,    1235P   1034
0,0;                                                                1235P   1035
110,-21.54768196,3.160926011E-007,-4.0,-21.42278241,0.0,            1237P   1036
-3.800121835,0,0;                                                   1237P   1037
124,1.0,0.0,-2.485211179E-012,-22.5,0.0,1.0,8.595818138E-012,       1239P   1038
0.0,2.58731746E-012,-8.595818138E-012,1.0,-3.800121835,0,0;         1239P   1039
100,0.0,0.0,0.0,1.077217591,0.0,-1.077217591,0.0,0,0;               1241P   1040
110,-23.57721759,0.0,-3.800121835,-23.45231975,                     1243P   1041
-8.105132657E-008,-4.0,0,0;                                         1243P   1042
102,4,1235,1237,1241,1243,0,0;                                      1245P   1043
142,0,1231,0,1245,2,0,0;                                            1247P   1044
144,1231,1,0,1247,0,1,1;                                            1249P   1045
110,-1.5,12.12435565,-5.524030341,-1.5,12.12435565,-4.524030341,    1251P   1046
0,0;                                                                1251P   1047
110,-1.023840074,12.94908884,-4.0,-0.9613912046,13.05725345,        1253P   1048
-3.800121835,0,0;                                                   1253P   1049
120,1251,1253,0.0,3.141592654,0,0;                                  1255P   1050
124,-0.499999447,-0.8660257231,0.0,-1.5,-0.8660257231,              1257P   1051
0.499999447,0.0,12.12435565,0.0,0.0,-1.0,-4.0,0,0;                  1257P   1052
100,0.0,0.0,0.0,0.9523198512,0.0,-0.9523198512,                     1259P   1053
-3.002141777E-007,0,0;                                              1259P   1054
110,-1.023840341,12.94908899,-4.0,-0.9613912046,13.05725345,        1261P   1055
-3.800121835,0,0;                                                   1261P   1056
124,0.5,-0.8660254038,0.0,-1.5,0.8660254038,0.5,0.0,12.12435565,    1263P   1057
0.0,0.0,1.0,-3.800121835,0,0;                                       1263P   1058
100,0.0,0.0,0.0,1.077217591,0.0,-1.077217591,0.0,0,0;               1265P   1059
110,-2.038608795,11.19145785,-3.800121835,-1.976158183,             1267P   1060
11.29962427,-4.0,0,0;                                               1267P   1061
102,4,1259,1261,1265,1267,0,0;                                      1269P   1062
142,0,1255,0,1269,2,0,0;                                            1271P   1063
144,1255,1,0,1271,0,1,1;                                            1273P   1064
110,-1.5,12.12435565,-5.524030341,-1.5,12.12435565,-6.524030341,    1275P   1065
0,0;                                                                1275P   1066
110,-1.023840074,12.94908884,-4.0,-0.9613912046,13.05725345,        1277P   1067
-3.800121835,0,0;                                                   1277P   1068
120,1275,1277,0.0,3.141592654,0,0;                                  1279P   1069
124,0.49999972,0.8660255655,0.0,-1.5,0.8660255655,-0.49999972,      1281P   1070
0.0,12.12435565,2.719599165E-012,0.0,-1.0,-4.0,0,0;                 1281P   1071
100,0.0,0.0,0.0,0.9523198512,0.0,-0.9523198512,3.002141139E-007,    1283P   1072
0,0;                                                                1283P   1073
110,-1.976158183,11.29962427,-4.0,-2.038608795,11.19145785,         1285P   1074
-3.800121835,0,0;                                                   1285P   1075
124,-0.5,0.8660254038,0.0,-1.5,-0.8660254038,-0.5,0.0,              1287P   1076
12.12435565,2.452097554E-012,0.0,1.0,-3.800121835,0,0;              1287P   1077
100,0.0,0.0,0.0,1.077217591,0.0,-1.077217591,0.0,0,0;               1289P   1078
110,-0.9613912046,13.05725345,-3.800121835,-1.023840341,            1291P   1079
12.94908899,-4.0,0,0;                                               1291P   1080
102,4,1283,1285,1289,1291,0,0;                                      1293P   1081
142,0,1279,0,1293,2,0,0;                                            1295P   1082
144,1279,1,0,1295,0,1,1;                                            1297P   1083
110,-1.5,-12.12435565,-5.524030341,-1.5,-12.12435565,               1299P   1084
-6.524030341,0,0;                                                   1299P   1085
110,-1.976159926,-11.29962247,-4.0,-2.038608795,-11.19145785,       1301P   1086
-3.800121835,0,0;                                                   1301P   1087
120,1299,1301,0.0,3.141592654,0,0;                                  1303P   1088
124,-0.5000001258,0.8660253311,-2.286600085E-012,-1.5,              1305P   1089
0.8660253311,0.5000001258,-3.417817821E-012,-12.12435565,0.0,       1305P   1090
-3.689162937E-012,-1.0,-4.0,0,0;                                    1305P   1091
100,0.0,0.0,0.0,0.9523198512,0.0,-0.9523198512,2.199108246E-007,    1307P   1092
0,0;                                                                1307P   1093
110,-1.023840199,-12.94908791,-4.0,-0.9613912046,-13.05725345,      1309P   1094
-3.800121835,0,0;                                                   1309P   1095
124,0.5,0.8660254038,2.286600085E-012,-1.5,-0.8660254038,0.5,       1311P   1096
3.417817821E-012,-12.12435565,0.0,-3.689162673E-012,1.0,            1311P   1097
-3.800121835,0,0;                                                   1311P   1098
100,0.0,0.0,0.0,1.077217591,0.0,-1.077217591,0.0,0,0;               1313P   1099
110,-2.038608795,-11.19145785,-3.800121835,-1.976160045,            1315P   1100
-11.29962254,-4.0,0,0;                                              1315P   1101
102,4,1307,1309,1313,1315,0,0;                                      1317P   1102
142,0,1303,0,1317,2,0,0;                                            1319P   1103
144,1303,1,0,1319,0,1,1;                                            1321P   1104
110,-1.5,-12.12435565,-5.524030341,-1.5,-12.12435565,               1323P   1105
-4.524030341,0,0;                                                   1323P   1106
110,-1.976159926,-11.29962247,-4.0,-2.038608795,-11.19145785,       1325P   1107
-3.800121835,0,0;                                                   1325P   1108
120,1323,1325,0.0,3.141592654,0,0;                                  1327P   1109
124,0.5000003258,-0.8660252157,-2.716772154E-012,-1.5,              1329P   1110
-0.8660252157,-0.5000003258,-1.013480592E-012,-12.12435565,         1329P   1111
3.268931334E-012,2.859533817E-012,-1.0,-4.0,0,0;                    1329P   1112
100,0.0,0.0,0.0,0.9523198512,0.0,-0.9523198512,                     1331P   1113
-2.199103527E-007,0,0;                                              1331P   1114
110,-1.976160045,-11.29962254,-4.0,-2.038608795,-11.19145785,       1333P   1115
-3.800121835,0,0;                                                   1333P   1116
124,-0.5,-0.8660254038,2.716772154E-012,-1.5,0.8660254038,-0.5,     1335P   1117
1.013480592E-012,-12.12435565,2.83714448E-012,2.859533998E-012,     1335P   1118
1.0,-3.800121835,0,0;                                               1335P   1119
100,0.0,0.0,0.0,1.077217591,0.0,-1.077217591,0.0,0,0;               1337P   1120
110,-0.9613912046,-13.05725345,-3.800121835,-1.023840199,           1339P   1121
-12.94908791,-4.0,0,0;                                              1339P   1122
102,4,1331,1333,1337,1339,0,0;                                      1341P   1123
142,0,1327,0,1341,2,0,0;                                            1343P   1124
144,1327,1,0,1343,0,1,1;                                            1345P   1125
108,0.0,0.0,1.0,-4.0,0,0.0,0.0,-4.0,1.0,0,0;                        1347P   1126
126,8,5,0,0,1,0,0.0,0.0,0.0,0.0,0.0,0.0,1.950088254,1.950088254,    1349P   1127
1.950088254,4.751519422,4.751519422,4.751519422,4.751519422,        1349P   1128
4.751519422,4.751519422,1.0,1.0,1.0,1.0,1.0,1.0,1.0,1.0,1.0,        1349P   1129
-23.45231975,-8.105132642E-008,-4.0,-23.45232067,-0.2455740806,     1349P   1130
-4.0,-23.37315763,-0.4911482998,-4.0,-23.214337,-0.7023953468,      1349P   1131
-4.0,-22.69309642,-1.053867965,-4.0,-22.04131606,-0.9538871486,     1349P   1132
-4.0,-21.71103966,-0.7055621787,-4.0,-21.54768015,-0.3527837896,    1349P   1133
-4.0,-21.54768015,0.0,-4.0,0.0,4.751519422,0.0,0.0,0.0,0,0;         1349P   1134
126,8,5,0,0,1,0,0.0,0.0,0.0,0.0,0.0,0.0,2.375759321,2.375759321,    1351P   1135
2.375759321,4.751518642,4.751518642,4.751518642,4.751518642,        1351P   1136
4.751518642,4.751518642,1.0,1.0,1.0,1.0,1.0,1.0,1.0,1.0,1.0,        1351P   1137
-21.54768196,3.160926012E-007,-4.0,-21.54768371,0.2991817006,       1351P   1138
-4.0,-21.6651631,0.5983633493,-4.0,-21.90164588,0.8348329663,       1351P   1139
-4.0,-22.49999612,1.069806736,-4.0,-23.09836188,0.8348329663,       1351P   1140
-4.0,-23.3348378,0.5983650904,-4.0,-23.45231655,0.2991804608,       1351P   1141
-4.0,-23.45231804,-4.694001786E-007,-4.0,0.0,4.751518642,0.0,       1351P   1142
0.0,0.0,0,0;                                                        1351P   1143
102,2,1349,1351,0,0;                                                1353P   1144
142,0,1347,0,1353,2,0,0;                                            1355P   1145
144,1347,1,0,1355,0,1,1;                                            1357P   1146
126,8,5,0,0,1,0,0.0,0.0,0.0,0.0,0.0,0.0,2.375758369,2.375758369,    1359P   1147
2.375758369,4.750291901,4.750291901,4.750291901,4.750291901,        1359P   1148
4.750291901,4.750291901,1.0,1.0,1.0,1.0,1.0,1.0,1.0,1.0,1.0,        1359P   1149
-1.976158183,11.29962427,-4.0,-1.71706207,11.15003089,-4.0,         1359P   1150
-1.399231193,11.10217903,-4.0,-1.0761903,11.18874946,-4.0,          1359P   1151
-0.5736517897,11.58934568,-4.0,-0.4778818997,12.22480779,-4.0,      1359P   1152
-0.5646028458,12.54841206,-4.0,-0.7648783987,12.79957524,-4.0,      1359P   1153
-1.023840278,12.94908874,-4.0,0.0,4.750291901,0.0,0.0,0.0,0,0;      1359P   1154
126,8,5,0,0,1,0,0.9972673241,0.9972673241,0.9972673241,             1361P   1155
0.9972673241,0.9972673241,0.9972673241,2.493167694,2.493167694,     1361P   1156
2.493167694,3.989068064,3.989068064,3.989068064,3.989068064,        1361P   1157
3.989068064,3.989068064,1.0,1.0,1.0,1.0,1.0,1.0,1.0,1.0,1.0,        1361P   1158
-1.023840341,12.94908899,-4.0,-1.282937934,13.09867894,-4.0,        1361P   1159
-1.600779358,13.14652152,-4.0,-1.923805904,13.05996673,-4.0,        1361P   1160
-2.426480627,12.65925929,-4.0,-2.522165884,12.02357646,-4.0,        1361P   1161
-2.43561115,11.7005499,-4.0,-2.23525747,11.44921251,-4.0,           1361P   1162
-1.976159926,11.29962247,-4.0,0.9972673241,3.989068064,0.0,0.0,     1361P   1163
0.0,0,0;                                                            1361P   1164
102,2,1359,1361,0,0;                                                1363P   1165
142,0,1347,0,1363,2,0,0;                                            1365P   1166
144,1347,1,0,1365,0,1,1;                                            1367P   1167
126,8,5,0,0,1,0,0.0,0.0,0.0,0.0,0.0,0.0,2.375757603,2.375757603,    1369P   1168
2.375757603,4.751515972,4.751515972,4.751515972,4.751515972,        1369P   1169
4.751515972,4.751515972,1.0,1.0,1.0,1.0,1.0,1.0,1.0,1.0,1.0,        1369P   1170
-1.023840199,-12.94908791,-4.0,-0.7647419611,-12.7995002,-4.0,      1369P   1171
-0.5643903978,-12.54816918,-4.0,-0.4778364541,-12.22512858,-4.0,    1369P   1172
-0.57351841,-11.58945563,-4.0,-1.076194184,-11.18874274,-4.0,       1369P   1173
-1.399227884,-11.10217731,-4.0,-1.717062205,-11.15003066,-4.0,      1369P   1174
-1.976158895,-11.29962468,-4.0,0.0,4.751515972,0.0,0.0,0.0,0,0;     1369P   1175
126,8,5,0,0,1,0,1.994534171,1.994534171,1.994534171,1.994534171,    1371P   1176
1.994534171,1.994534171,3.490434626,3.490434626,3.490434626,        1371P   1177
4.986335081,4.986335081,4.986335081,4.986335081,4.986335081,        1371P   1178
4.986335081,1.0,1.0,1.0,1.0,1.0,1.0,1.0,1.0,1.0,-1.976160045,       1371P   1179
-11.29962254,-4.0,-2.235257583,-11.44921262,-4.0,-2.435611235,      1371P   1180
-11.70055007,-4.0,-2.522165913,-12.02357666,-4.0,-2.426480514,      1371P   1181
-12.65925952,-4.0,-1.923805656,-13.05996686,-4.0,-1.600779063,      1371P   1182
-13.14652156,-4.0,-1.282937634,-13.09867888,-4.0,-1.023840074,      1371P   1183
-12.94908884,-4.0,1.994534171,4.986335081,0.0,0.0,0.0,0,0;          1371P   1184
102,2,1369,1371,0,0;                                                1373P   1185
142,0,1347,0,1373,2,0,0;                                            1375P   1186
144,1347,1,0,1375,0,1,1;                                            1377P   1187
110,-12.74999938,-7.361215635,5.350000007,-12.74999938,             1379P   1188
-7.361215635,6.350000007,0,0;                                       1379P   1189
124,0.0,0.0,1.0,-12.74999938,-0.9505960254,0.3104306628,0.0,        1381P   1190
16.27160379,-0.3104306628,-0.9505960254,0.0,21.24945541,0,0;        1381P   1191
100,0.0,0.0,0.0,33.98329049,0.0,31.806545,11.96694311,0,0;          1383P   1192
120,1379,1383,0.5,3.641592654,0,0;                                  1385P   1193
126,3,3,0,0,1,0,0.0,0.0,0.0,0.0,0.5197562348,0.5197562348,          1387P   1194
0.5197562348,0.5197562348,1.0,1.0,1.0,1.0,-8.500000395,             1387P   1195
1.330752879E-006,10.18844625,-8.574096313,8.515440115E-007,         1387P   1196
10.08081879,-8.650220287,-6.826765086E-009,9.974106194,             1387P   1197
-8.728549827,-1.038645259E-008,9.868448947,0.0,0.5197562348,0.0,    1387P   1198
0.0,0.0,0,0;                                                        1387P   1199
126,14,5,0,0,1,0,0.0,0.0,0.0,0.0,0.0,0.0,2.691078058,               1389P   1200
2.691078058,2.691078058,5.877359612,5.877359612,5.877359612,        1389P   1201
9.17163626,9.17163626,9.17163626,12.19035716,12.19035716,           1389P   1202
12.19035716,12.19035716,12.19035716,12.19035716,1.0,1.0,1.0,1.0,    1389P   1203
1.0,1.0,1.0,1.0,1.0,1.0,1.0,1.0,1.0,1.0,1.0,-8.728549827,           1389P   1204
-1.038703523E-008,9.868448947,-8.971884174,-2.144536929E-008,       1389P   1205
9.540219811,-9.233070878,7.177069017E-008,9.220357526,              1389P   1206
-9.514721389,-2.63323898E-007,8.911225718,-10.18224565,             1389P   1207
1.807304343E-007,8.267625429,-10.98644941,-4.17502321E-007,         1389P   1208
7.73788476,-11.47139043,-2.226257802E-007,7.494194878,              1389P   1209
-12.57109971,-9.445153699E-008,7.199471559,-13.70806792,            1389P   1210
-3.303098261E-007,7.374862953,-14.23818985,9.327165697E-008,        1389P   1211
7.593636249,-15.14286009,-6.263158522E-007,8.11967886,              1389P   1212
-15.88129325,-3.815145936E-008,8.79858508,-16.20306417,             1389P   1213
-2.178328592E-007,9.142594112,-16.49848893,-3.634914912E-007,       1389P   1214
9.500257414,-16.77144961,-3.758961942E-007,9.868448947,0.0,         1389P   1215
12.19035716,0.0,0.0,0.0,0,0;                                        1389P   1216
126,4,4,0,0,1,0,118.3669215,118.3669215,118.3669215,118.3669215,    1391P   1217
118.3669215,129.7175293,129.7175293,129.7175293,129.7175293,        1391P   1218
129.7175293,1.0,1.0,1.0,1.0,1.0,-16.77144961,-3.758961906E-007,     1391P   1219
9.868448947,-16.31583721,-0.833993279,7.194661028,-15.7174844,      1391P   1220
-1.929270748,4.626591535,-14.98498958,-3.270093523,2.214479315,     1391P   1221
-14.13431654,-4.827240078,0.0,118.3669215,129.7175293,0.0,0.0,      1391P   1222
0.0,0,0;                                                            1391P   1223
124,-0.4794255386,0.8775825619,0.0,-12.74999938,0.8775825619,       1393P   1224
0.4794255386,0.0,-7.361215635,0.0,0.0,-1.0,0.0,0,0;                 1393P   1225
100,0.0,0.0,0.0,2.887449759,0.0,-2.887449759,0.0,0,0;               1395P   1226
126,4,4,0,0,1,0,0.0,0.0,0.0,0.0,0.0,12.22918237,12.22918237,        1397P   1227
12.22918237,12.22918237,12.22918237,1.0,1.0,1.0,1.0,1.0,            1397P   1228
-11.36568223,-9.895191192,0.0,-10.44916428,-11.57286603,            1397P   1229
2.385887326,-9.669821072,-12.99944421,5.00121179,-9.047643738,      1397P   1230
-14.13833218,7.793746976,-8.592631365,-14.97122675,10.70000001,     1397P   1231
0.0,12.22918237,0.0,0.0,0.0,0,0;                                    1397P   1232
124,0.4794255386,0.8775825619,0.0,-12.74999938,-0.8775825619,       1399P   1233
0.4794255386,0.0,-7.361215635,-1.28792384E-011,0.0,1.0,             1399P   1234
10.70000001,0,0;                                                    1399P   1235
100,0.0,0.0,0.0,8.671561449,0.0,4.408525372,7.467320939,0,0;        1401P   1236
126,17,5,0,0,1,0,0.0,0.0,0.0,0.0,0.0,0.0,3.22926199,3.22926199,     1403P   1237
3.22926199,5.332136247,5.332136247,5.332136247,7.075083435,         1403P   1238
7.075083435,7.075083435,9.818221122,9.818221122,9.818221122,        1403P   1239
14.04572411,14.04572411,14.04572411,14.04572411,14.04572411,        1403P   1240
14.04572411,1.0,1.0,1.0,1.0,1.0,1.0,1.0,1.0,1.0,1.0,1.0,1.0,1.0,    1403P   1241
1.0,1.0,1.0,1.0,1.0,-4.083249092,-7.650036262,10.70000001,          1403P   1242
-4.209978801,-7.430533969,10.28975827,-4.347322927,-7.192646747,    1403P   1243
9.887658954,-4.496623335,-6.934050572,9.496557613,-4.766928739,     1403P   1244
-6.465868714,8.872741414,-5.085991328,-5.913235563,8.315054906,     1403P   1245
-5.220718523,-5.679881085,8.107801059,-5.484671442,-5.222701856,    1403P   1246
7.762960516,-5.782346124,-4.707113662,7.508147,-5.924515758,        1403P   1247
-4.460868788,7.415795758,-6.304501325,-3.802714702,7.258155204,     1403P   1248
-6.698806877,-3.119757116,7.322648343,-6.929906848,-2.719481003,    1403P   1249
7.45611872,-7.466506699,-1.790061363,7.936464047,-7.893434288,      1403P   1250
-1.050603317,8.674865907,-8.118320246,-0.6610869294,9.156316832,    1403P   1251
-8.31931353,-0.3129573606,9.663541502,-8.500000395,                 1403P   1252
1.330752879E-006,10.18844625,0.0,14.04572411,0.0,0.0,0.0,0,0;       1403P   1253
102,7,1387,1389,1391,1395,1397,1401,1403,0,0;                       1405P   1254
142,0,1385,0,1405,2,0,0;                                            1407P   1255
144,1385,1,0,1407,0,1,1;                                            1409P   1256
108,0.0,0.0,1.0,0.0,0,0.0,-2.183609916,0.0,1.0,0,0;                 1411P   1257
124,-0.4794255386,-0.8775825619,0.0,0.0,0.8775825619,               1413P   1258
-0.4794255386,0.0,0.0,0.0,0.0,1.0,0.0,0,0;                          1413P   1259
100,0.0,0.0,0.0,2.887449759,0.0,-2.887449759,0.0,0,0;               1415P   1260
124,0.4794255386,0.8775825619,0.0,0.0,-0.8775825619,                1417P   1261
0.4794255386,0.0,0.0,0.0,0.0,1.0,0.0,0,0;                           1417P   1262
100,0.0,0.0,0.0,2.887449759,0.0,-2.887449759,0.0,0,0;               1419P   1263
102,2,1415,1419,0,0;                                                1421P   1264
142,0,1411,0,1421,2,0,0;                                            1423P   1265
124,0.4794255386,-0.8775825619,0.0,0.0,-0.8775825619,               1425P   1266
-0.4794255386,0.0,0.0,0.0,0.0,-1.0,0.0,0,0;                         1425P   1267
100,0.0,0.0,0.0,2.183609916,0.0,-2.183609916,0.0,0,0;               1427P   1268
124,-0.4794255386,0.8775825619,0.0,0.0,0.8775825619,                1429P   1269
0.4794255386,0.0,0.0,0.0,0.0,-1.0,0.0,0,0;                          1429P   1270
100,0.0,0.0,0.0,2.183609916,0.0,-2.183609916,0.0,0,0;               1431P   1271
102,2,1427,1431,0,0;                                                1433P   1272
142,0,1411,0,1433,2,0,0;                                            1435P   1273
144,1411,1,1,1423,1435,0,1,1;                                       1437P   1274
124,-0.4794255386,-0.8775825619,0.0,-12.75000005,0.8775825619,      1439P   1275
-0.4794255386,0.0,7.361215249,0.0,0.0,1.0,0.0,0,0;                  1439P   1276
100,0.0,0.0,0.0,2.887449759,0.0,-2.887449759,0.0,0,0;               1441P   1277
124,0.4794255386,0.8775825619,0.0,-12.75000005,-0.8775825619,       1443P   1278
0.4794255386,0.0,7.361215249,0.0,0.0,1.0,0.0,0,0;                   1443P   1279
100,0.0,0.0,0.0,2.887449759,0.0,-2.887449759,0.0,0,0;               1445P   1280
102,2,1441,1445,0,0;                                                1447P   1281
142,0,1411,0,1447,2,0,0;                                            1449P   1282
124,0.4794255386,-0.8775825619,0.0,-12.75000005,-0.8775825619,      1451P   1283
-0.4794255386,0.0,7.361215249,0.0,0.0,-1.0,0.0,0,0;                 1451P   1284
100,0.0,0.0,0.0,2.183609916,0.0,-2.183609916,0.0,0,0;               1453P   1285
124,-0.4794255386,0.8775825619,0.0,-12.75000005,0.8775825619,       1455P   1286
0.4794255386,0.0,7.361215249,0.0,0.0,-1.0,0.0,0,0;                  1455P   1287
100,0.0,0.0,0.0,2.183609916,0.0,-2.183609916,0.0,0,0;               1457P   1288
102,2,1453,1457,0,0;                                                1459P   1289
142,0,1411,0,1459,2,0,0;                                            1461P   1290
144,1411,1,1,1449,1461,0,1,1;                                       1463P   1291
124,-0.4794255386,-0.8775825619,0.0,-12.74999938,0.8775825619,      1465P   1292
-0.4794255386,0.0,-7.361215635,0.0,0.0,1.0,0.0,0,0;                 1465P   1293
100,0.0,0.0,0.0,2.887449759,0.0,-2.887449759,0.0,0,0;               1467P   1294
124,0.4794255386,0.8775825619,0.0,-12.74999938,-0.8775825619,       1469P   1295
0.4794255386,0.0,-7.361215635,0.0,0.0,1.0,0.0,0,0;                  1469P   1296
100,0.0,0.0,0.0,2.887449759,0.0,-2.887449759,0.0,0,0;               1471P   1297
102,2,1467,1471,0,0;                                                1473P   1298
142,0,1411,0,1473,2,0,0;                                            1475P   1299
124,0.4794255386,-0.8775825619,0.0,-12.74999938,-0.8775825619,      1477P   1300
-0.4794255386,0.0,-7.361215635,0.0,0.0,-1.0,0.0,0,0;                1477P   1301
100,0.0,0.0,0.0,2.183609916,0.0,-2.183609916,0.0,0,0;               1479P   1302
124,-0.4794255386,0.8775825619,0.0,-12.74999938,0.8775825619,       1481P   1303
0.4794255386,0.0,-7.361215635,0.0,0.0,-1.0,0.0,0,0;                 1481P   1304
100,0.0,0.0,0.0,2.183609916,0.0,-2.183609916,0.0,0,0;               1483P   1305
102,2,1479,1483,0,0;                                                1485P   1306
142,0,1411,0,1485,2,0,0;                                            1487P   1307
144,1411,1,1,1475,1487,0,1,1;                                       1489P   1308
110,-12.74999938,-7.361215635,5.350000007,-12.74999938,             1491P   1309
-7.361215635,6.350000007,0,0;                                       1491P   1310
124,0.0,0.0,1.0,-12.74999938,-0.9505960254,0.3104306628,0.0,        1493P   1311
16.27160379,-0.3104306628,-0.9505960254,0.0,21.24945541,0,0;        1493P   1312
100,0.0,0.0,0.0,33.98329049,0.0,31.806545,11.96694311,0,0;          1495P   1313
120,1491,1495,3.641592654,6.783185307,0,0;                          1497P   1314
126,4,4,0,0,1,0,0.0,0.0,0.0,0.0,0.0,4.054643486,4.054643486,        1499P   1315
4.054643486,4.054643486,4.054643486,1.0,1.0,1.0,1.0,1.0,            1499P   1316
-20.41754406,-11.41149173,10.7,-20.02280591,-11.78300981,           1499P   1317
10.16256449,-19.57051772,-12.18461611,9.674880975,-19.04560541,     1499P   1318
-12.61328756,9.258930632,-18.45118785,-13.04719626,8.963719227,     1499P   1319
0.0,4.054643486,0.0,0.0,0.0,0,0;                                    1499P   1320
126,5,5,0,0,1,0,0.0,0.0,0.0,0.0,0.0,0.0,5.456040864,5.456040864,    1501P   1321
5.456040864,5.456040864,5.456040864,5.456040864,1.0,1.0,1.0,1.0,    1501P   1322
1.0,1.0,-18.45118785,-13.04719626,8.963719227,-17.81129604,         1501P   1323
-13.51429993,8.645923494,-17.09817246,-13.98690469,8.456362116,     1501P   1324
-16.31517174,-14.43919393,8.455660054,-15.54807769,-14.82096952,    1501P   1325
8.645923494,-14.82360811,-15.14158018,8.963719227,0.0,              1501P   1326
5.456040864,0.0,0.0,0.0,0,0;                                        1501P   1327
126,4,4,0,0,1,0,0.0,0.0,0.0,0.0,0.0,4.054643486,4.054643486,        1503P   1328
4.054643486,4.054643486,4.054643486,1.0,1.0,1.0,1.0,1.0,            1503P   1329
-14.82360811,-15.14158018,8.963719227,-14.15062335,-15.43940648,    1503P   1330
9.258930632,-13.5169268,-15.67965809,9.674880975,-12.94298143,      1503P   1331
-15.87054795,10.16256449,-12.42386824,-16.02664213,10.7,0.0,        1503P   1332
4.054643486,0.0,0.0,0.0,0,0;                                        1503P   1333
124,0.03761085811,0.9992924614,0.0,-12.74999938,-0.9992924614,      1505P   1334
0.03761085811,0.0,-7.361215635,-1.669505963E-009,0.0,1.0,           1505P   1335
10.70000001,0,0;                                                    1505P   1336
100,0.0,0.0,0.0,8.671561449,0.0,7.760988913,3.868207471,0,0;        1507P   1337
126,4,4,0,0,1,0,117.488347,117.488347,117.488347,117.488347,        1509P   1338
117.488347,129.7175293,129.7175293,129.7175293,129.7175293,         1509P   1339
129.7175293,1.0,1.0,1.0,1.0,1.0,-8.592631365,-14.97122675,          1509P   1340
10.70000001,-9.047643738,-14.13833218,7.793746976,-9.669821072,     1509P   1341
-12.99944421,5.00121179,-10.44916428,-11.57286603,2.385887326,      1509P   1342
-11.36568223,-9.895191192,0.0,117.488347,129.7175293,0.0,0.0,       1509P   1343
0.0,0,0;                                                            1509P   1344
124,0.4794255386,-0.8775825619,0.0,-12.74999938,-0.8775825619,      1511P   1345
-0.4794255386,0.0,-7.361215635,0.0,0.0,-1.0,0.0,0,0;                1511P   1346
100,0.0,0.0,0.0,2.887449759,0.0,-2.887449759,0.0,0,0;               1513P   1347
126,4,4,0,0,1,0,0.0,0.0,0.0,0.0,0.0,11.35060785,11.35060785,        1515P   1348
11.35060785,11.35060785,11.35060785,1.0,1.0,1.0,1.0,1.0,            1515P   1349
-14.13431654,-4.827240078,0.0,-14.98498958,-3.270093523,            1515P   1350
2.214479315,-15.7174844,-1.929270748,4.626591535,-16.31583721,      1515P   1351
-0.833993279,7.194661028,-16.77144961,-3.758961906E-007,            1515P   1352
9.868448947,0.0,11.35060785,0.0,0.0,0.0,0,0;                        1515P   1353
126,3,3,0,0,1,0,0.0,0.0,0.0,0.0,1.333642723,1.333642723,            1517P   1354
1.333642723,1.333642723,1.0,1.0,1.0,1.0,-16.77144961,               1517P   1355
-3.758961942E-007,9.868448947,-16.9724354,-3.850299978E-007,        1517P   1356
10.13955492,-17.15904213,-3.935103442E-007,10.41762594,             1517P   1357
-17.33350113,-4.01438637E-007,10.70000001,0.0,1.333642723,0.0,      1517P   1358
0.0,0.0,0,0;                                                        1517P   1359
124,-0.5285670604,-0.8488915494,0.0,-12.74999938,0.8488915494,      1519P   1360
-0.5285670604,0.0,-7.361215635,-1.28792384E-011,0.0,1.0,            1519P   1361
10.70000001,0,0;                                                    1519P   1362
100,0.0,0.0,0.0,8.671561449,0.0,0.614580541,8.649755414,0,0;        1521P   1363
102,9,1499,1501,1503,1507,1509,1513,1515,1517,1521,0,0;             1523P   1364
142,0,1497,0,1523,2,0,0;                                            1525P   1365
144,1497,1,0,1525,0,1,1;                                            1527P   1366
110,0.0,0.0,5.350000007,0.0,0.0,6.350000007,0,0;                    1529P   1367
124,0.0,0.0,1.0,0.0,-0.9505960254,0.3104306628,0.0,23.63281942,     1531P   1368
-0.3104306628,-0.9505960254,0.0,21.24945541,0,0;                    1531P   1369
100,0.0,0.0,0.0,33.98329049,0.0,31.806545,11.96694311,0,0;          1533P   1370
120,1529,1533,0.5,3.641592654,0,0;                                  1535P   1371
126,4,4,0,0,1,0,0.0,0.0,0.0,0.0,0.0,4.054641136,4.054641136,        1537P   1372
4.054641136,4.054641136,4.054641136,1.0,1.0,1.0,1.0,1.0,            1537P   1373
7.341413066,-4.615152442,10.7,7.465788053,-4.087540583,             1537P   1374
10.1625647,7.587445195,-3.49504491,9.674881316,7.696229436,         1537P   1375
-2.826122461,9.258930943,7.774796725,-2.09438811,8.963719227,       1537P   1376
0.0,4.054641136,0.0,0.0,0.0,0,0;                                    1537P   1377
126,5,5,0,0,1,0,0.0,0.0,0.0,0.0,0.0,0.0,5.456052128,5.456052128,    1539P   1378
5.456052128,5.456052128,5.456052128,5.456052128,1.0,1.0,1.0,1.0,    1539P   1379
1.0,1.0,7.774796725,-2.09438811,8.963719227,7.859374808,            1539P   1380
-1.306672377,8.645922319,7.912101012,-0.4527851684,8.456360137,     1539P   1381
7.912294669,0.4514599057,8.455658048,7.859374808,1.306672377,       1539P   1382
8.645922319,7.774796725,2.09438811,8.963719227,0.0,5.456052128,     1539P   1383
0.0,0.0,0.0,0,0;                                                    1539P   1384
126,4,4,0,0,1,0,0.0,0.0,0.0,0.0,0.0,4.054641136,4.054641136,        1541P   1385
4.054641136,4.054641136,4.054641136,1.0,1.0,1.0,1.0,1.0,            1541P   1386
7.774796725,2.09438811,8.963719227,7.696229436,2.826122461,         1541P   1387
9.258930943,7.587445195,3.49504491,9.674881316,7.465788053,         1541P   1388
4.087540583,10.1625647,7.341413066,4.615152442,10.7,0.0,            1541P   1389
4.054641136,0.0,0.0,0.0,0,0;                                        1541P   1390
124,0.8466071806,-0.5322182651,0.0,0.0,0.5322182651,                1543P   1391
0.8466071806,0.0,0.0,-1.669506008E-009,0.0,1.0,10.70000001,0,0;     1543P   1392
100,0.0,0.0,0.0,8.671561449,0.0,0.6145802682,8.649755433,0,0;       1545P   1393
126,3,3,0,0,1,0,0.0,0.0,0.0,0.0,0.2481093955,0.2481093955,          1547P   1394
0.2481093955,0.2481093955,1.0,1.0,1.0,1.0,-4.083249762,             1547P   1395
7.650035904,10.70000001,-4.099477841,7.621928045,10.64746746,       1547P   1396
-4.115915107,7.593457861,10.59509386,-4.132567781,7.564614582,      1547P   1397
10.54289273,0.0,0.2481093955,0.0,0.0,0.0,0,0;                       1547P   1398
126,4,4,0,0,1,0,117.6537515,117.6537515,117.6537515,117.6537515,    1549P   1399
117.6537515,129.7175293,129.7175293,129.7175293,129.7175293,        1549P   1400
129.7175293,1.0,1.0,1.0,1.0,1.0,-4.132567781,7.564614582,           1549P   1401
10.54289273,-3.677025029,6.730749167,7.680538752,-3.059070159,      1549P   1402
5.599590366,4.93050225,-2.288438832,4.188959185,2.353617261,        1549P   1403
-1.384317156,2.533975557,0.0,117.6537515,129.7175293,0.0,0.0,       1549P   1404
0.0,0,0;                                                            1549P   1405
124,-0.4794255386,0.8775825619,0.0,0.0,0.8775825619,                1551P   1406
0.4794255386,0.0,0.0,0.0,0.0,-1.0,0.0,0,0;                          1551P   1407
100,0.0,0.0,0.0,2.887449759,0.0,-2.887449759,0.0,0,0;               1553P   1408
126,4,4,0,0,1,0,0.0,0.0,0.0,0.0,0.0,12.22918237,12.22918237,        1555P   1409
12.22918237,12.22918237,12.22918237,1.0,1.0,1.0,1.0,1.0,            1555P   1410
1.384317156,-2.533975557,0.0,2.300835098,-4.211650397,              1555P   1411
2.385887326,3.080178311,-5.638228578,5.00121179,3.702355644,        1555P   1412
-6.777116548,7.793746976,4.157368018,-7.610011112,10.70000001,      1555P   1413
0.0,12.22918237,0.0,0.0,0.0,0,0;                                    1555P   1414
124,0.4794255386,0.8775825619,0.0,0.0,-0.8775825619,                1557P   1415
0.4794255386,0.0,0.0,-1.28792384E-011,0.0,1.0,10.70000001,0,0;      1557P   1416
100,0.0,0.0,0.0,8.671561449,0.0,7.569844131,4.230063568,0,0;        1559P   1417
102,9,1537,1539,1541,1545,1547,1549,1553,1555,1559,0,0;             1561P   1418
142,0,1535,0,1561,2,0,0;                                            1563P   1419
144,1535,1,0,1563,0,1,1;                                            1565P   1420
110,-12.75000005,7.361215249,5.350000007,-12.75000005,              1567P   1421
7.361215249,6.350000007,0,0;                                        1567P   1422
124,0.0,0.0,1.0,-12.75000005,-0.9505960254,0.3104306628,0.0,        1569P   1423
30.99403467,-0.3104306628,-0.9505960254,0.0,21.24945541,0,0;        1569P   1424
100,0.0,0.0,0.0,33.98329049,0.0,31.806545,11.96694311,0,0;          1571P   1425
120,1567,1571,3.641592654,6.783185307,0,0;                          1573P   1426
126,4,4,0,0,1,0,0.0,0.0,0.0,0.0,0.0,2.962997282,2.962997282,        1575P   1427
2.962997282,2.962997282,2.962997282,1.0,1.0,1.0,1.0,1.0,            1575P   1428
-16.53193483,14.28400042,8.550154598,-17.04293637,13.99543056,      1575P   1429
8.529660464,-17.54565944,13.68432608,8.595806942,-18.01680869,      1575P   1430
13.3642813,8.747988646,-18.45118904,13.04719536,8.963719227,0.0,    1575P   1431
2.962997282,0.0,0.0,0.0,0,0;                                        1575P   1432
126,4,4,0,0,1,0,0.0,0.0,0.0,0.0,0.0,4.054643486,4.054643486,        1577P   1433
4.054643486,4.054643486,4.054643486,1.0,1.0,1.0,1.0,1.0,            1577P   1434
-18.45118904,13.04719536,8.963719227,-19.04560655,12.61328661,      1577P   1435
9.258930632,-19.57051882,12.1846151,9.674880975,-20.02280698,       1577P   1436
11.78300876,10.16256449,-20.4175451,11.41149065,10.7,0.0,           1577P   1437
4.054643486,0.0,0.0,0.0,0,0;                                        1577P   1438
124,-0.8842180943,-0.4670742571,0.0,-12.75000005,0.4670742571,      1579P   1439
-0.8842180943,0.0,7.361215249,-1.669505955E-009,0.0,1.0,            1579P   1440
10.70000001,0,0;                                                    1579P   1441
100,0.0,0.0,0.0,8.671561449,0.0,0.614580254,8.649755434,0,0;        1581P   1442
126,3,3,0,0,1,0,0.0,0.0,0.0,0.0,1.333642723,1.333642723,            1583P   1443
1.333642723,1.333642723,1.0,1.0,1.0,1.0,-17.33350113,               1583P   1444
-4.014386352E-007,10.70000001,-17.15904213,-3.935103425E-007,       1583P   1445
10.41762594,-16.9724354,-3.850299941E-007,10.13955492,              1583P   1446
-16.77144961,-3.758961906E-007,9.868448947,0.0,1.333642723,0.0,     1583P   1447
0.0,0.0,0,0;                                                        1583P   1448
126,14,5,0,0,1,0,0.0,0.0,0.0,0.0,0.0,0.0,3.018720903,               1585P   1449
3.018720903,3.018720903,6.312997551,6.312997551,6.312997551,        1585P   1450
9.499279105,9.499279105,9.499279105,12.19035716,12.19035716,        1585P   1451
12.19035716,12.19035716,12.19035716,12.19035716,1.0,1.0,1.0,1.0,    1585P   1452
1.0,1.0,1.0,1.0,1.0,1.0,1.0,1.0,1.0,1.0,1.0,-16.77144961,           1585P   1453
-3.758961942E-007,9.868448947,-16.49848893,-3.634914904E-007,       1585P   1454
9.500257414,-16.20306417,-4.822989534E-007,9.142594112,             1585P   1455
-15.88129325,-6.327345838E-007,8.79858508,-15.14286009,             1585P   1456
2.254602904E-008,8.11967886,-14.23818985,-6.148159651E-007,         1585P   1457
7.593636249,-13.70806792,-1.430516393E-007,7.374862953,             1585P   1458
-12.57109971,-2.75570917E-007,7.199471559,-11.47139043,             1585P   1459
-4.74439817E-008,7.494194878,-10.98644941,1.915088325E-007,         1585P   1460
7.73788476,-10.18224565,-3.336298109E-007,8.267625429,              1585P   1461
-9.514721389,1.710958276E-007,8.911225718,-9.233070878,             1585P   1462
-1.383995344E-007,9.220357526,-8.971884174,-2.144420518E-008,       1585P   1463
9.540219811,-8.728549827,-1.038587083E-008,9.868448947,0.0,         1585P   1464
12.19035716,0.0,0.0,0.0,0,0;                                        1585P   1465
126,4,4,0,0,1,0,118.3669215,118.3669215,118.3669215,118.3669215,    1587P   1466
118.3669215,129.7175293,129.7175293,129.7175293,129.7175293,        1587P   1467
129.7175293,1.0,1.0,1.0,1.0,1.0,-8.728549827,-1.038645703E-008,     1587P   1468
9.868448947,-9.184162227,0.8339928927,7.194661028,-9.782515035,     1587P   1469
1.929270361,4.626591535,-10.51500986,3.270093137,2.214479315,       1587P   1470
-11.3656829,4.827239692,0.0,118.3669215,129.7175293,0.0,0.0,0.0,    1587P   1471
0,0;                                                                1587P   1472
124,0.4794255386,-0.8775825619,0.0,-12.75000005,-0.8775825619,      1589P   1473
-0.4794255386,0.0,7.361215249,0.0,0.0,-1.0,0.0,0,0;                 1589P   1474
100,0.0,0.0,0.0,2.887449759,0.0,-2.887449759,0.0,0,0;               1591P   1475
126,3,3,0,0,1,0,0.0,0.0,0.0,0.0,9.940723565,9.940723565,            1593P   1476
9.940723565,9.940723565,1.0,1.0,1.0,1.0,-14.13431721,               1593P   1477
9.895190806,0.0,-15.1276626,11.71349736,2.58588521,-15.93828234,    1593P   1478
13.19732683,5.476639776,-16.53193483,14.28400042,8.550154598,       1593P   1479
0.0,9.940723565,0.0,0.0,0.0,0,0;                                    1593P   1480
102,8,1575,1577,1581,1583,1585,1587,1591,1593,0,0;                  1595P   1481
142,0,1573,0,1595,2,0,0;                                            1597P   1482
144,1573,1,0,1597,0,1,1;                                            1599P   1483
110,-12.75000005,7.361215249,5.350000007,-12.75000005,              1601P   1484
7.361215249,6.350000007,0,0;                                        1601P   1485
124,0.0,0.0,1.0,-12.75000005,-0.9505960254,0.3104306628,0.0,        1603P   1486
30.99403467,-0.3104306628,-0.9505960254,0.0,21.24945541,0,0;        1603P   1487
100,0.0,0.0,0.0,33.98329049,0.0,31.806545,11.96694311,0,0;          1605P   1488
120,1601,1605,0.5,3.641592654,0,0;                                  1607P   1489
126,4,4,0,0,1,0,0.0,0.0,0.0,0.0,0.0,4.054643486,4.054643486,        1609P   1490
4.054643486,4.054643486,4.054643486,1.0,1.0,1.0,1.0,1.0,            1609P   1491
-12.4238697,16.02664177,10.7,-12.94298287,15.87054755,              1609P   1492
10.16256449,-13.51692823,15.67965763,9.674880975,-14.15062475,      1609P   1493
15.43940596,9.258930632,-14.82360948,15.14157961,8.963719227,       1609P   1494
0.0,4.054643486,0.0,0.0,0.0,0,0;                                    1609P   1495
126,3,3,0,0,1,0,0.0,0.0,0.0,0.0,2.49312584,2.49312584,              1611P   1496
2.49312584,2.49312584,1.0,1.0,1.0,1.0,-14.82360948,15.14157961,     1611P   1497
8.963719227,-15.37535076,14.897409,8.721692462,-15.95864544,        1611P   1498
14.6077451,8.573146836,-16.53193483,14.28400042,8.550154598,0.0,    1611P   1499
2.49312584,0.0,0.0,0.0,0,0;                                         1611P   1500
126,3,3,0,0,1,0,119.7768058,119.7768058,119.7768058,119.7768058,    1613P   1501
129.7175293,129.7175293,129.7175293,129.7175293,1.0,1.0,1.0,1.0,    1613P   1502
-16.53193483,14.28400042,8.550154598,-15.93828234,13.19732683,      1613P   1503
5.476639776,-15.1276626,11.71349736,2.58588521,-14.13431721,        1613P   1504
9.895190806,0.0,119.7768058,129.7175293,0.0,0.0,0.0,0,0;            1613P   1505
124,-0.4794255386,0.8775825619,0.0,-12.75000005,0.8775825619,       1615P   1506
0.4794255386,0.0,7.361215249,0.0,0.0,-1.0,0.0,0,0;                  1615P   1507
100,0.0,0.0,0.0,2.887449759,0.0,-2.887449759,0.0,0,0;               1617P   1508
126,4,4,0,0,1,0,0.0,0.0,0.0,0.0,0.0,11.35060785,11.35060785,        1619P   1509
11.35060785,11.35060785,11.35060785,1.0,1.0,1.0,1.0,1.0,            1619P   1510
-11.3656829,4.827239692,0.0,-10.51500986,3.270093137,               1619P   1511
2.214479315,-9.782515035,1.929270361,4.626591535,-9.184162227,      1619P   1512
0.8339928927,7.194661028,-8.728549827,-1.038645614E-008,            1619P   1513
9.868448947,0.0,11.35060785,0.0,0.0,0.0,0,0;                        1619P   1514
126,3,3,0,0,1,0,0.0,0.0,0.0,0.0,0.5197562348,0.5197562348,          1621P   1515
0.5197562348,0.5197562348,1.0,1.0,1.0,1.0,-8.728549827,             1621P   1516
-1.038645525E-008,9.868448947,-8.650220287,-6.826767813E-009,       1621P   1517
9.974106194,-8.574096313,-8.582786177E-007,10.08081879,             1621P   1518
-8.500000395,-1.330752902E-006,10.18844625,0.0,0.5197562348,0.0,    1621P   1519
0.0,0.0,0,0;                                                        1621P   1520
126,14,5,0,0,1,0,0.5660380858,0.5660380858,0.5660380858,            1623P   1521
0.5660380858,0.5660380858,0.5660380858,4.103824488,4.103824488,     1623P   1522
4.103824488,7.398101015,7.398101015,7.398101015,10.58438244,        1623P   1523
10.58438244,10.58438244,14.36138818,14.36138818,14.36138818,        1623P   1524
14.36138818,14.36138818,14.36138818,1.0,1.0,1.0,1.0,1.0,1.0,1.0,    1623P   1525
1.0,1.0,1.0,1.0,1.0,1.0,1.0,1.0,-8.500000116,3.302391249E-009,      1623P   1526
10.1884433,-8.348768138,0.2619436874,9.74910095,-8.183270567,       1623P   1527
0.5485972206,9.322024308,-8.000799662,0.8646389623,8.911261008,     1623P   1528
-7.60862225,1.543911809,8.162931811,-7.119094764,2.391796899,       1623P   1529
7.593637047,-6.854034212,2.850896183,7.374863735,-6.285549985,      1623P   1530
3.835539474,7.19947231,-5.735695531,4.787915774,7.494195618,        1623P   1531
-5.493225229,5.20788713,7.737885498,-5.016828631,6.033028992,       1623P   1532
8.365503462,-4.636359553,6.692022407,9.15294242,-4.451779135,       1623P   1533
7.011723927,9.601210387,-4.284671436,7.301163298,10.06609347,       1623P   1534
-4.132567781,7.564614582,10.54289273,0.5660380858,14.36138818,      1623P   1535
0.0,0.0,0.0,0,0;                                                    1623P   1536
126,3,3,0,0,1,0,0.0,0.0,0.0,0.0,0.2481093955,0.2481093955,          1625P   1537
0.2481093955,0.2481093955,1.0,1.0,1.0,1.0,-4.132567781,             1625P   1538
7.564614582,10.54289273,-4.115915107,7.593457861,10.59509386,       1625P   1539
-4.099477841,7.621928045,10.64746746,-4.083249762,7.650035904,      1625P   1540
10.70000001,0.0,0.2481093955,0.0,0.0,0.0,0,0;                       1625P   1541
124,0.9994451796,-0.03330664921,0.0,-12.75000005,0.03330664921,     1627P   1542
0.9994451796,0.0,7.361215249,-1.28792384E-011,0.0,1.0,              1627P   1543
10.70000001,0,0;                                                    1627P   1544
100,0.0,0.0,0.0,8.671561449,0.0,0.6145801365,8.649755442,0,0;       1629P   1545
102,9,1609,1611,1613,1617,1619,1621,1623,1625,1629,0,0;             1631P   1546
142,0,1607,0,1631,2,0,0;                                            1633P   1547
144,1607,1,0,1633,0,1,1;                                            1635P   1548
110,-8.5,0.0,8.963719227,-8.5,0.0,9.963719227,0,0;                  1637P   1549
110,-12.40221583,15.93826156,8.963719227,-12.42385511,              1639P   1550
16.02664535,10.7,0,0;                                               1639P   1551
120,1637,1639,0.0,0.5669777539,0,0;                                 1641P   1552
124,-0.2378094007,-0.9713118392,0.0,-8.5,0.9713118392,              1643P   1553
-0.2378094007,0.0,0.0,0.0,0.0,1.0,10.7,0,0;                         1643P   1554
100,0.0,0.0,0.0,16.5,0.0,13.91821247,8.861905077,0,0;               1645P   1555
126,4,4,0,0,1,0,0.0,0.0,0.0,0.0,0.0,4.054643486,4.054643486,        1647P   1556
4.054643486,4.054643486,4.054643486,1.0,1.0,1.0,1.0,1.0,            1647P   1557
-20.4175451,11.41149065,10.7,-20.02280698,11.78300876,              1647P   1558
10.16256449,-19.57051974,12.18461349,9.674882944,-19.04560655,      1647P   1559
12.61328661,9.258930632,-18.45118904,13.04719536,8.963719227,       1647P   1560
0.0,4.054643486,0.0,0.0,0.0,0,0;                                    1647P   1561
124,-0.6064468004,0.7951240647,0.0,-8.5,0.7951240647,               1649P   1562
0.6064468004,0.0,0.0,0.0,0.0,-1.0,8.963719227,0,0;                  1649P   1563
100,0.0,0.0,0.0,16.40900576,0.0,15.87436706,4.154508432,0,0;        1651P   1564
126,4,4,0,0,1,0,0.0,0.0,0.0,0.0,0.0,4.054643486,4.054643486,        1653P   1565
4.054643486,4.054643486,4.054643486,1.0,1.0,1.0,1.0,1.0,            1653P   1566
-14.82360948,15.14157961,8.963719227,-14.15062475,15.43940596,      1653P   1567
9.258930632,-13.51692637,15.67965761,9.674882944,-12.94298287,      1653P   1568
15.87054755,10.16256449,-12.4238697,16.02664177,10.7,0.0,           1653P   1569
4.054643486,0.0,0.0,0.0,0,0;                                        1653P   1570
102,4,1645,1647,1651,1653,0,0;                                      1655P   1571
142,0,1641,0,1655,2,0,0;                                            1657P   1572
144,1641,1,0,1657,0,1,1;                                            1659P   1573
110,-8.5,0.0,8.963719227,-8.5,0.0,9.963719227,0,0;                  1661P   1574
110,-14.81411072,15.11883528,8.493402633,-14.82360948,              1663P   1575
15.14157961,8.963719227,0,0;                                        1663P   1576
120,1661,1663,0.0,0.2559707546,0,0;                                 1665P   1577
126,4,4,0,0,1,0,0.0,0.0,0.0,0.0,0.0,2.962997282,2.962997282,        1667P   1578
2.962997282,2.962997282,2.962997282,1.0,1.0,1.0,1.0,1.0,            1667P   1579
-18.45118904,13.04719536,8.963719227,-18.01680869,13.3642813,       1667P   1580
8.747988646,-17.54566103,13.6843247,8.595806582,-17.04293637,       1667P   1581
13.99543056,8.529660464,-16.53193483,14.28400042,8.550154598,       1667P   1582
0.0,2.962997282,0.0,0.0,0.0,0,0;                                    1667P   1583
126,3,3,0,0,1,0,0.0,0.0,0.0,0.0,2.49312584,2.49312584,              1669P   1584
2.49312584,2.49312584,1.0,1.0,1.0,1.0,-16.53193483,14.28400042,     1669P   1585
8.550154598,-15.95864544,14.6077451,8.573146836,-15.37535076,       1669P   1586
14.897409,8.721692462,-14.82360948,15.14157961,8.963719227,0.0,     1669P   1587
2.49312584,0.0,0.0,0.0,0,0;                                         1669P   1588
124,-0.3853743229,-0.9227603325,0.0,-8.5,0.9227603325,              1671P   1589
-0.3853743229,0.0,0.0,0.0,0.0,1.0,8.963719227,0,0;                  1671P   1590
100,0.0,0.0,0.0,16.40900576,0.0,15.87436706,4.154508432,0,0;        1673P   1591
102,3,1667,1669,1673,0,0;                                           1675P   1592
142,0,1665,0,1675,2,0,0;                                            1677P   1593
144,1665,1,0,1677,0,1,1;                                            1679P   1594
110,-8.5,0.0,8.963719227,-8.5,0.0,9.963719227,0,0;                  1681P   1595
110,7.254047297,-4.589712816,8.963719227,7.341409543,               1683P   1596
-4.615164537,10.7,0,0;                                              1683P   1597
120,1681,1683,0.0,0.5669777586,0,0;                                 1685P   1598
124,0.9600854268,0.2797069417,0.0,-8.5,-0.2797069417,               1687P   1599
0.9600854268,0.0,0.0,0.0,0.0,1.0,10.7,0,0;                          1687P   1600
100,0.0,0.0,0.0,16.5,0.0,13.91821243,8.861905142,0,0;               1689P   1601
126,4,4,0,0,1,0,0.0,0.0,0.0,0.0,0.0,4.054641136,4.054641136,        1691P   1602
4.054641136,4.054641136,4.054641136,1.0,1.0,1.0,1.0,1.0,            1691P   1603
7.341413066,4.615152442,10.7,7.465788053,4.087540583,10.1625647,    1691P   1604
7.587444254,3.495046506,9.674883285,7.696229436,2.826122461,        1691P   1605
9.258930943,7.774796725,2.09438811,8.963719227,0.0,4.054641136,     1691P   1606
0.0,0.0,0.0,0,0;                                                    1691P   1607
124,0.9918210137,0.1276365028,0.0,-8.5,0.1276365028,                1693P   1608
-0.9918210137,0.0,0.0,0.0,0.0,-1.0,8.963719227,0,0;                 1693P   1609
100,0.0,0.0,0.0,16.40900576,0.0,15.87436501,4.154516276,0,0;        1695P   1610
126,4,4,0,0,1,0,0.0,0.0,0.0,0.0,0.0,4.054641136,4.054641136,        1697P   1611
4.054641136,4.054641136,4.054641136,1.0,1.0,1.0,1.0,1.0,            1697P   1612
7.774796725,-2.09438811,8.963719227,7.696229436,-2.826122461,       1697P   1613
9.258930943,7.587444254,-3.495046507,9.674883285,7.465788053,       1697P   1614
-4.087540583,10.1625647,7.341413066,-4.615152442,10.7,0.0,          1697P   1615
4.054641136,0.0,0.0,0.0,0,0;                                        1697P   1616
102,4,1689,1691,1695,1697,0,0;                                      1699P   1617
142,0,1685,0,1699,2,0,0;                                            1701P   1618
144,1685,1,0,1701,0,1,1;                                            1703P   1619
110,-8.5,0.0,8.963719227,-8.5,0.0,9.963719227,0,0;                  1705P   1620
110,7.750214012,-2.091224584,8.490783051,7.774796725,               1707P   1621
-2.09438811,8.963719227,0,0;                                        1707P   1622
120,1705,1707,0.0,0.2559712487,0,0;                                 1709P   1623
126,5,5,0,0,1,0,0.0,0.0,0.0,0.0,0.0,0.0,5.456052128,5.456052128,    1711P   1624
5.456052128,5.456052128,5.456052128,5.456052128,1.0,1.0,1.0,1.0,    1711P   1625
1.0,1.0,7.774796725,2.09438811,8.963719227,7.859374808,             1711P   1626
1.306672377,8.645922319,7.912294771,0.4514812048,8.455658347,       1711P   1627
7.912100199,-0.4528137834,8.456359196,7.859374808,-1.306672377,     1711P   1628
8.645922319,7.774796725,-2.09438811,8.963719227,0.0,5.456052128,    1711P   1629
0.0,0.0,0.0,0,0;                                                    1711P   1630
124,0.9918210137,0.1276365028,0.0,-8.5,-0.1276365028,               1713P   1631
0.9918210137,0.0,0.0,0.0,0.0,1.0,8.963719227,0,0;                   1713P   1632
100,0.0,0.0,0.0,16.40900576,0.0,15.87436501,4.154516276,0,0;        1715P   1633
102,2,1711,1715,0,0;                                                1717P   1634
142,0,1709,0,1717,2,0,0;                                            1719P   1635
144,1709,1,0,1719,0,1,1;                                            1721P   1636
110,-8.5,0.0,8.963719227,-8.5,0.0,9.963719227,0,0;                  1723P   1637
110,-20.3518313,-11.34854902,8.963719227,-20.41755426,              1725P   1638
-11.41148108,10.7,0,0;                                              1725P   1639
120,1723,1725,0.0,0.5669777276,0,0;                                 1727P   1640
124,-0.385374239,-0.9227603676,0.0,-8.5,-0.9227603676,              1729P   1641
0.385374239,0.0,0.0,0.0,0.0,-1.0,8.963719227,0,0;                   1729P   1642
100,0.0,0.0,0.0,16.40900576,0.0,15.87436706,4.154508432,0,0;        1731P   1643
126,4,4,0,0,1,0,0.0,0.0,0.0,0.0,0.0,4.054643486,4.054643486,        1733P   1644
4.054643486,4.054643486,4.054643486,1.0,1.0,1.0,1.0,1.0,            1733P   1645
-18.45118785,-13.04719626,8.963719227,-19.04560541,-12.61328756,    1733P   1646
9.258930632,-19.57051863,-12.1846145,9.674882944,-20.02280591,      1733P   1647
-11.78300981,10.16256449,-20.41754406,-11.41149173,10.7,0.0,        1733P   1648
4.054643486,0.0,0.0,0.0,0,0;                                        1733P   1649
124,-0.7222760155,0.6916049142,0.0,-8.5,-0.6916049142,              1735P   1650
-0.7222760155,0.0,0.0,0.0,0.0,1.0,10.7,0,0;                         1735P   1651
100,0.0,0.0,0.0,16.5,0.0,13.9182127,8.861904711,0,0;                1737P   1652
126,4,4,0,0,1,0,0.0,0.0,0.0,0.0,0.0,4.054643486,4.054643486,        1739P   1653
4.054643486,4.054643486,4.054643486,1.0,1.0,1.0,1.0,1.0,            1739P   1654
-12.42386824,-16.02664213,10.7,-12.94298143,-15.87054795,           1739P   1655
10.16256449,-13.51692495,-15.67965807,9.674882944,-14.15062335,     1739P   1656
-15.43940648,9.258930632,-14.82360811,-15.14158018,8.963719227,     1739P   1657
0.0,4.054643486,0.0,0.0,0.0,0,0;                                    1739P   1658
102,4,1731,1733,1737,1739,0,0;                                      1741P   1659
142,0,1727,0,1741,2,0,0;                                            1743P   1660
144,1727,1,0,1743,0,1,1;                                            1745P   1661
110,-8.5,0.0,8.963719227,-8.5,0.0,9.963719227,0,0;                  1747P   1662
110,-18.43615686,-13.02748883,8.490784586,-18.45118785,             1749P   1663
-13.04719626,8.963719227,0,0;                                       1749P   1664
120,1747,1749,0.0,0.2559707546,0,0;                                 1751P   1665
126,5,5,0,0,1,0,0.0,0.0,0.0,0.0,0.0,0.0,5.456040864,5.456040864,    1753P   1666
5.456040864,5.456040864,5.456040864,5.456040864,1.0,1.0,1.0,1.0,    1753P   1667
1.0,1.0,-14.82360811,-15.14158018,8.963719227,-15.54807769,         1753P   1668
-14.82096952,8.645923494,-16.31515335,-14.43920467,8.455660354,     1753P   1669
-17.09819684,-13.98688968,8.456361175,-17.81129604,-13.51429993,    1753P   1670
8.645923494,-18.45118785,-13.04719626,8.963719227,0.0,              1753P   1671
5.456040864,0.0,0.0,0.0,0,0;                                        1753P   1672
124,-0.6064467281,0.7951241198,0.0,-8.5,-0.7951241198,              1755P   1673
-0.6064467281,0.0,0.0,0.0,0.0,1.0,8.963719227,0,0;                  1755P   1674
100,0.0,0.0,0.0,16.40900576,0.0,15.87436706,4.154508432,0,0;        1757P   1675
102,2,1753,1757,0,0;                                                1759P   1676
142,0,1751,0,1759,2,0,0;                                            1761P   1677
144,1751,1,0,1761,0,1,1;                                            1763P   1678
108,0.0,0.0,1.0,10.7,0,9.0,0.0,10.7,1.0,0,0;                        1765P   1679
124,0.9730610603,-0.2305475504,0.0,-8.5,0.2305475504,               1767P   1680
0.9730610603,0.0,0.0,0.0,0.0,1.0,10.7,0,0;                          1767P   1681
100,0.0,0.0,0.0,17.35,0.0,17.34949815,0.1319615703,0,0;             1769P   1682
124,-0.9712794035,-0.2379418424,0.0,8.837337352,-0.2379418424,      1771P   1683
0.9712794035,0.0,4.247261887,0.0,0.0,-1.0,10.7,0,0;                 1771P   1684
100,0.0,0.0,0.0,0.5,0.0,0.3535714286,0.3535353517,0,0;              1773P   1685
124,0.9662742773,-0.2575150889,0.0,-8.5,0.2575150889,               1775P   1686
0.9662742773,0.0,0.0,0.0,0.0,1.0,10.7,0,0;                          1775P   1687
100,0.0,0.0,0.0,17.5,0.0,17.0002834,4.152151752,0,0;                1777P   1688
124,0.8775825619,-0.4794255386,0.0,-8.5,0.4794255386,               1779P   1689
0.8775825619,0.0,0.0,0.0,0.0,1.0,10.7,0,0;                          1779P   1690
100,0.0,0.0,0.0,17.5,0.0,-17.5,0.0,0,0;                             1781P   1691
124,-0.8775825619,0.4794255386,0.0,-8.5,-0.4794255386,              1783P   1692
-0.8775825619,0.0,0.0,0.0,0.0,1.0,10.7,0,0;                         1783P   1693
100,0.0,0.0,0.0,17.5,0.0,-12.67920755,12.06182805,0,0;              1785P   1694
124,-0.8550749983,-0.5185043367,0.0,8.837337352,-0.5185043367,      1787P   1695
0.8550749983,0.0,-4.247261887,0.0,0.0,-1.0,10.7,0,0;                1787P   1696
100,0.0,0.0,0.0,0.5,0.0,0.3535714286,0.3535353517,0,0;              1789P   1697
124,0.9712794035,0.2379418424,0.0,-8.5,-0.2379418424,               1791P   1698
0.9712794035,0.0,0.0,0.0,0.0,1.0,10.7,0,0;                          1791P   1699
100,0.0,0.0,0.0,17.35,0.0,17.34949815,0.1319615703,0,0;             1793P   1700
110,8.382609395,-4.0,10.7,8.588151113,-4.0,10.7,0,0;                1795P   1701
126,5,5,0,0,1,0,0.0,0.0,0.0,0.0,0.0,0.0,11.39765834,11.39765834,    1797P   1702
11.39765834,11.39765834,11.39765834,11.39765834,1.0,1.0,1.0,1.0,    1797P   1703
1.0,1.0,8.588151113,-4.0,10.7,8.956052397,-2.428311817,10.7,        1797P   1704
9.14325811,-0.8143259703,10.7,9.143257939,0.8143266994,10.7,        1797P   1705
8.956052397,2.428311817,10.7,8.588151113,4.0,10.7,0.0,              1797P   1706
11.39765834,0.0,0.0,0.0,0,0;                                        1797P   1707
110,8.588151113,4.0,10.7,8.382609395,4.0,10.7,0,0;                  1799P   1708
102,10,1769,1773,1777,1781,1785,1789,1793,1795,1797,1799,0,0;       1801P   1709
142,0,1765,0,1801,2,0,0;                                            1803P   1710
126,20,5,0,0,1,0,4.459128418,4.459128418,4.459128418,               1805P   1711
4.459128418,4.459128418,4.459128418,5.461003706,5.461003706,        1805P   1712
5.461003706,7.194953204,7.194953204,7.194953204,8.918222439,        1805P   1713
8.918222439,8.918222439,10.61033876,10.61033876,10.61033876,        1805P   1714
12.31211002,12.31211002,12.31211002,13.37730788,13.37730788,        1805P   1715
13.37730788,13.37730788,13.37730788,13.37730788,1.0,1.0,1.0,1.0,    1805P   1716
1.0,1.0,1.0,1.0,1.0,1.0,1.0,1.0,1.0,1.0,1.0,1.0,1.0,1.0,1.0,1.0,    1805P   1717
1.0,-21.27980853,-2.113432618,10.7,-21.42898305,-2.199558602,       1805P   1718
10.7,-21.58575504,-2.272522105,10.7,-21.74857949,-2.331431799,      1805P   1719
10.7,-22.20509218,-2.45222811,10.7,-22.68085281,-2.461331874,       1805P   1720
10.7,-22.9809365,-2.420653698,10.7,-23.55739102,-2.249506754,       1805P   1721
10.7,-24.056728,-1.914620668,10.7,-24.27819088,-1.71091012,10.7,    1805P   1722
-24.64899493,-1.246906951,10.7,-24.86682519,-0.6945879219,10.7,     1805P   1723
-24.93286997,-0.4067669434,10.7,-24.97734446,0.1815426944,10.7,     1805P   1724
-24.8478567,0.7572180279,10.7,-24.73982876,1.033914485,10.7,        1805P   1725
-24.49946379,1.450626313,10.7,-24.16836996,1.795164855,10.7,        1805P   1726
-24.02880752,1.915415314,10.7,-23.87879573,2.021862371,10.7,        1805P   1727
-23.72019134,2.113432694,10.7,4.459128418,13.37730788,0.0,0.0,      1805P   1728
0.0,0,0;                                                            1805P   1729
124,-0.5000001249,0.8660253317,0.0,-22.5,0.8660253317,              1807P   1730
0.5000001249,0.0,0.0,0.0,0.0,-1.0,10.7,0,0;                         1807P   1731
100,0.0,0.0,0.0,2.44038207,0.0,-2.44038207,-1.397386404E-007,0,     1809P   1732
0;                                                                  1809P   1733
102,2,1805,1809,0,0;                                                1811P   1734
142,0,1765,0,1811,2,0,0;                                            1813P   1735
110,4.48638397,-10.02067033,10.7,3.028619864,-11.66837292,10.7,     1815P   1736
0,0;                                                                1815P   1737
124,0.7489557208,-0.6626200482,0.0,2.054977427,-0.6626200482,       1817P   1738
-0.7489557208,0.0,-10.80696686,0.0,0.0,-1.0,10.7,0,0;               1817P   1739
100,0.0,0.0,0.0,1.3,0.0,-1.3,0.0,0,0;                               1819P   1740
110,1.08133499,-9.945560794,10.7,2.539099096,-8.297858208,10.7,     1821P   1741
0,0;                                                                1821P   1742
124,-0.7489557208,0.6626200482,0.0,3.512741533,0.6626200482,        1823P   1743
0.7489557208,0.0,-9.159264271,0.0,0.0,-1.0,10.7,0,0;                1823P   1744
100,0.0,0.0,0.0,1.3,0.0,1.299947033,0.01173500813,0,0;              1825P   1745
126,11,5,0,0,1,0,0.0,0.0,0.0,0.0,0.0,0.0,0.3398864061,              1827P   1746
0.3398864061,0.3398864061,4.978676098,4.978676098,4.978676098,      1827P   1747
8.209566845,8.209566845,8.209566845,8.209566845,8.209566845,        1827P   1748
8.209566845,1.0,1.0,1.0,1.0,1.0,1.0,1.0,1.0,1.0,1.0,1.0,1.0,        1827P   1749
2.546913372,-8.289105686,10.7,2.492802677,-8.305731815,10.7,        1827P   1750
2.438556381,-8.32191636,10.7,2.38417927,-8.337657857,10.7,          1827P   1751
1.585814375,-8.561730195,10.7,0.7614468195,-8.690164672,10.7,       1827P   1752
-0.01697487662,-8.723443849,10.7,-1.332604863,-8.632385815,10.7,    1827P   1753
-2.603900053,-8.297699174,10.7,-3.114134863,-8.119987223,10.7,      1827P   1754
-3.608521772,-7.903422251,10.7,-4.083245012,-7.650039171,10.7,      1827P   1755
0.0,8.209566845,0.0,0.0,0.0,0,0;                                    1827P   1756
126,11,5,0,0,1,0,0.0,0.0,0.0,0.0,0.0,0.0,2.341077954,               1829P   1757
2.341077954,2.341077954,6.979867646,6.979867646,6.979867646,        1829P   1758
10.80338947,10.80338947,10.80338947,10.80338947,10.80338947,        1829P   1759
10.80338947,1.0,1.0,1.0,1.0,1.0,1.0,1.0,1.0,1.0,1.0,1.0,1.0,        1829P   1760
-4.083251273,-7.650042128,10.7,-4.096238409,-8.039742716,10.7,      1829P   1761
-4.131127606,-8.428713504,10.7,-4.187863943,-8.815307562,10.7,      1829P   1762
-4.421446828,-9.955949945,10.7,-4.843373222,-11.04686598,10.7,      1829P   1763
-5.203763457,-11.73763853,10.7,-5.995912671,-12.91385079,10.7,      1829P   1764
-7.006392429,-13.90481582,10.7,-7.502943894,-14.30931267,10.7,      1829P   1765
-8.033780849,-14.66592584,10.7,-8.59263007,-14.97122912,10.7,       1829P   1766
0.0,10.80338947,0.0,0.0,0.0,0,0;                                    1829P   1767
126,8,5,0,0,1,0,0.0,0.0,0.0,0.0,0.0,0.0,0.8152676617,               1831P   1768
0.8152676617,0.8152676617,4.814809957,4.814809957,4.814809957,      1831P   1769
4.814809957,4.814809957,4.814809957,1.0,1.0,1.0,1.0,1.0,1.0,1.0,    1831P   1770
1.0,1.0,-8.59263022,-14.9712292,10.7,-8.71179044,-15.03632727,      1831P   1771
10.7,-8.832224227,-15.09909255,10.7,-8.953870765,-15.15949184,      1831P   1772
10.7,-9.679087365,-15.50204356,10.7,-10.44224548,-15.76002325,      1831P   1773
10.7,-11.09494731,-15.91261472,10.7,-11.75820585,-16.00158995,      1831P   1774
10.7,-12.42385409,-16.02664506,10.7,0.0,4.814809957,0.0,0.0,0.0,    1831P   1775
0,0;                                                                1831P   1776
124,-0.2378093557,-0.9713118502,0.0,-8.5,-0.9713118502,             1833P   1777
0.2378093557,0.0,0.0,1.323504269E-011,0.0,-1.0,10.7,0,0;            1833P   1778
100,0.0,0.0,0.0,16.5,0.0,13.9182127,8.861904711,0,0;                1835P   1779
126,14,5,0,0,1,0,0.0,0.0,0.0,0.0,0.0,0.0,3.109714879,               1837P   1780
3.109714879,3.109714879,7.748504571,7.748504571,7.748504571,        1837P   1781
12.38729426,12.38729426,12.38729426,15.61818501,15.61818501,        1837P   1782
15.61818501,15.61818501,15.61818501,15.61818501,1.0,1.0,1.0,1.0,    1837P   1783
1.0,1.0,1.0,1.0,1.0,1.0,1.0,1.0,1.0,1.0,1.0,-20.41755209,           1837P   1784
-11.41147846,10.7,-20.65946285,-10.9535125,10.7,-20.86718709,       1837P   1785
-10.47747826,10.7,-21.0389243,-9.986787356,10.7,-21.37393566,       1837P   1786
-8.736818313,10.7,-21.47308518,-7.442136824,10.7,-21.44551276,      1837P   1787
-6.663492103,10.7,-21.21744767,-5.125601992,10.7,-20.65662678,      1837P   1788
-3.675565886,10.7,-20.29623654,-2.984793333,10.7,-19.55956298,      1837P   1789
-1.89095336,10.7,-18.63406825,-0.9573227505,10.7,-18.22504778,      1837P   1790
-0.6043024184,10.7,-17.79030356,-0.2844332823,10.7,-17.33350576,    1837P   1791
-2.436367289E-006,10.7,0.0,15.61818501,0.0,0.0,0.0,0,0;             1837P   1792
126,14,5,0,0,1,0,0.0,0.0,0.0,0.0,0.0,0.0,2.341077954,               1839P   1793
2.341077954,2.341077954,6.979867646,6.979867646,6.979867646,        1839P   1794
11.61865734,11.61865734,11.61865734,15.61819959,15.61819959,        1839P   1795
15.61819959,15.61819959,15.61819959,15.61819959,1.0,1.0,1.0,1.0,    1839P   1796
1.0,1.0,1.0,1.0,1.0,1.0,1.0,1.0,1.0,1.0,1.0,-17.33350519,           1839P   1797
4.464127743E-006,10.7,-17.66450223,0.2061019476,10.7,               1839P   1798
-17.98391621,0.4308022728,10.7,-18.29034832,0.673234411,10.7,       1839P   1799
-19.16138216,1.445844315,10.7,-19.89517996,2.356701307,10.7,        1839P   1800
-20.31321142,3.014194682,10.7,-20.99574411,4.411072917,10.7,        1839P   1801
-21.35423452,5.923887979,10.7,-21.44816229,6.69733831,10.7,         1839P   1802
-21.46121905,8.144865133,10.7,-21.17745776,9.56204554,10.7,         1839P   1803
-20.98325494,10.20359764,10.7,-20.72868049,10.82248399,10.7,        1839P   1804
-20.41755473,11.41147983,10.7,0.0,15.61819959,0.0,0.0,0.0,0,0;      1839P   1805
124,-0.7222760658,0.6916048617,0.0,-8.5,0.6916048617,               1841P   1806
0.7222760658,0.0,0.0,1.323504269E-011,0.0,-1.0,10.7,0,0;            1841P   1807
100,0.0,0.0,0.0,16.5,0.0,13.91821247,8.861905077,0,0;               1843P   1808
126,14,5,0,0,1,0,0.0,0.0,0.0,0.0,0.0,0.0,3.109714879,               1845P   1809
3.109714879,3.109714879,7.748504571,7.748504571,7.748504571,        1845P   1810
12.38729426,12.38729426,12.38729426,15.61818501,15.61818501,        1845P   1811
15.61818501,15.61818501,15.61818501,15.61818501,1.0,1.0,1.0,1.0,    1845P   1812
1.0,1.0,1.0,1.0,1.0,1.0,1.0,1.0,1.0,1.0,1.0,-12.42385419,           1845P   1813
16.02664209,10.7,-11.90628867,16.00715997,10.7,-11.39016879,        1845P   1814
15.94903732,10.7,-10.8793494,15.85242066,10.7,-9.629338779,         1845P   1815
15.51756448,10.7,-8.458536958,14.95608975,10.7,-7.797997058,        1845P   1816
14.54288897,10.7,-6.580177699,13.57643375,10.7,-5.604820041,        1845P   1817
12.36573056,10.7,-5.18678858,11.70823718,10.7,-4.607832157,         1845P   1818
10.52333918,10.7,-4.262031696,9.255021925,10.7,-4.160817355,        1845P   1819
8.724289642,10.7,-4.101174668,8.187855533,10.7,-4.083249232,        1845P   1820
7.650041607,10.7,0.0,15.61818501,0.0,0.0,0.0,0,0;                   1845P   1821
126,14,5,0,0,1,0,0.0,0.0,0.0,0.0,0.0,0.0,2.341077954,               1847P   1822
2.341077954,2.341077954,6.979867646,6.979867646,6.979867646,        1847P   1823
11.61865734,11.61865734,11.61865734,15.61819964,15.61819964,        1847P   1824
15.61819964,15.61819964,15.61819964,15.61819964,1.0,1.0,1.0,1.0,    1847P   1825
1.0,1.0,1.0,1.0,1.0,1.0,1.0,1.0,1.0,1.0,1.0,-4.083243541,           1847P   1826
7.650037664,10.7,-3.739259364,7.833640768,10.7,-3.384956181,        1847P   1827
7.997911231,10.7,-3.021787738,8.142073151,10.7,-1.917171015,        1847P   1828
8.51010563,10.7,-0.7614468197,8.690164672,10.7,0.01697487656,       1847P   1829
8.723443849,10.7,1.56797326,8.616095381,10.7,3.057354738,           1847P   1830
8.170149649,10.7,3.774146259,7.864768321,10.7,5.034269648,          1847P   1831
7.152312391,10.7,6.119703243,6.197977696,10.7,6.57820225,           1847P   1832
5.709017061,10.7,6.986886327,5.179105936,10.7,7.341408814,          1847P   1833
4.6151652,10.7,0.0,15.61819964,0.0,0.0,0.0,0,0;                     1847P   1834
124,0.9600854125,0.2797069908,0.0,-8.5,0.2797069908,                1849P   1835
-0.9600854125,0.0,0.0,1.323504269E-011,0.0,-1.0,10.7,0,0;           1849P   1836
100,0.0,0.0,0.0,16.5,0.0,13.91821243,8.861905142,0,0;               1851P   1837
126,8,5,0,0,1,0,0.0,0.0,0.0,0.0,0.0,0.0,3.109714879,3.109714879,    1853P   1838
3.109714879,5.306268784,5.306268784,5.306268784,5.306268784,        1853P   1839
5.306268784,5.306268784,1.0,1.0,1.0,1.0,1.0,1.0,1.0,1.0,1.0,        1853P   1840
7.341406282,-4.61516363,10.7,7.065751512,-5.053647469,10.7,         1853P   1841
6.757355881,-5.471559062,10.7,6.418273702,-5.865633301,10.7,        1853P   1842
5.79167124,-6.49231356,10.7,5.091603605,-7.03368577,10.7,           1853P   1843
4.790237609,-7.242288888,10.7,4.47842736,-7.434614421,10.7,         1853P   1844
4.157367378,-7.61000994,10.7,0.0,5.306268784,0.0,0.0,0.0,0,0;       1853P   1845
126,5,5,0,0,1,0,0.0,0.0,0.0,0.0,0.0,0.0,0.8050705458,               1855P   1846
0.8050705458,0.8050705458,0.8050705458,0.8050705458,                1855P   1847
0.8050705458,1.0,1.0,1.0,1.0,1.0,1.0,4.157368018,-7.610011112,      1855P   1848
10.7,4.057451585,-7.664595708,10.7,3.956639316,-7.717540471,        1855P   1849
10.7,3.854920467,-7.768846905,10.7,3.752358216,-7.818483785,        1855P   1850
10.7,3.64901268,-7.86642317,10.7,0.0,0.8050705458,0.0,0.0,0.0,0,    1855P   1851
0;                                                                  1855P   1852
124,0.1048253243,0.9944906492,0.0,3.512741533,0.9944906492,         1857P   1853
-0.1048253243,0.0,-9.159264271,1.121839969E-008,0.0,-1.0,10.7,0,    1857P   1854
0;                                                                  1857P   1855
100,0.0,0.0,0.0,1.3,0.0,-0.7545978903,1.058575469,0,0;              1859P   1856
102,17,1815,1819,1821,1825,1827,1829,1831,1835,1837,1839,1843,      1861P   1857
1845,1847,1851,1853,1855,1859,0,0;                                  1861P   1858
142,0,1765,0,1861,2,0,0;                                            1863P   1859
124,-1.0,-1.441852055E-007,0.0,-1.5,-1.441852055E-007,1.0,0.0,      1865P   1860
12.12435565,0.0,0.0,-1.0,10.7,0,0;                                  1865P   1861
100,0.0,0.0,0.0,2.44038207,0.0,-2.44038207,-1.397386345E-007,0,     1867P   1862
0;                                                                  1867P   1863
126,20,5,0,0,1,0,4.459128418,4.459128418,4.459128418,               1869P   1864
4.459128418,4.459128418,4.459128418,5.461003706,5.461003706,        1869P   1865
5.461003706,7.194953204,7.194953204,7.194953204,8.918222439,        1869P   1866
8.918222439,8.918222439,10.61033876,10.61033876,10.61033876,        1869P   1867
12.31211002,12.31211002,12.31211002,13.37730788,13.37730788,        1869P   1868
13.37730788,13.37730788,13.37730788,13.37730788,1.0,1.0,1.0,1.0,    1869P   1869
1.0,1.0,1.0,1.0,1.0,1.0,1.0,1.0,1.0,1.0,1.0,1.0,1.0,1.0,1.0,1.0,    1869P   1870
1.0,0.9403820699,12.12435615,10.7,0.9403821025,11.95210424,10.7,    1869P   1871
0.9251843555,11.77985396,10.7,0.8947894195,11.609389,10.7,          1869P   1872
0.7711457511,11.15363927,10.7,0.5411495247,10.73706659,10.7,        1869P   1873
0.3558793445,10.49752557,10.7,-0.08056551723,10.08387479,10.7,      1869P   1874
-0.620253862,9.818879325,10.7,-0.9074038125,9.728942118,10.7,       1869P   1875
-1.494644367,9.63981798,10.7,-2.08188181,9.72733095,10.7,           1869P   1876
-2.36416448,9.814044981,10.7,-2.895892814,10.06968377,10.7,         1869P   1877
-3.329698396,10.46966112,10.7,-3.515310586,10.70156429,10.7,        1869P   1878
-3.756011132,11.11808238,10.7,-3.888843347,11.57708732,10.7,        1869P   1879
-3.923202079,11.75807716,10.7,-3.940382042,11.94121471,10.7,        1869P   1880
-3.940382073,12.1243553,10.7,4.459128418,13.37730788,0.0,0.0,       1869P   1881
0.0,0,0;                                                            1869P   1882
102,2,1867,1869,0,0;                                                1871P   1883
142,0,1765,0,1871,2,0,0;                                            1873P   1884
124,-0.4999998751,-0.8660254759,0.0,-1.5,-0.8660254759,             1875P   1885
0.4999998751,0.0,-12.12435565,0.0,0.0,-1.0,10.7,0,0;                1875P   1886
100,0.0,0.0,0.0,2.44038207,0.0,-2.44038207,-1.397386267E-007,0,     1877P   1887
0;                                                                  1877P   1888
126,20,5,0,0,1,0,4.459128418,4.459128418,4.459128418,               1879P   1889
4.459128418,4.459128418,4.459128418,5.461003706,5.461003706,        1879P   1890
5.461003706,7.194953204,7.194953204,7.194953204,8.918222439,        1879P   1891
8.918222439,8.918222439,10.61033876,10.61033876,10.61033876,        1879P   1892
12.31211002,12.31211002,12.31211002,13.37730788,13.37730788,        1879P   1893
13.37730788,13.37730788,13.37730788,13.37730788,1.0,1.0,1.0,1.0,    1879P   1894
1.0,1.0,1.0,1.0,1.0,1.0,1.0,1.0,1.0,1.0,1.0,1.0,1.0,1.0,1.0,1.0,    1879P   1895
1.0,-0.2798093969,-10.01092254,10.7,-0.1306348488,-10.09704846,     1879P   1896
10.7,0.01093939186,-10.19633524,10.7,0.1433689104,-10.3078905,      1879P   1897
10.7,0.4762379263,-10.64284393,10.7,0.7220023351,-11.05031284,      1879P   1898
10.7,0.8368158476,-11.33053203,10.7,0.9768255072,-11.91532976,      1879P   1899
10.7,0.936474137,-12.51521131,10.7,0.8707870676,-12.80885907,       1879P   1900
10.7,0.6543505581,-13.36198638,10.7,0.2849433814,-13.82679243,      1879P   1901
10.7,0.0687054924,-14.02789938,10.7,-0.418548356,-14.36057024,      1879P   1902
10.7,-0.9818417005,-14.53626821,10.7,-1.275481831,-14.5810615,      1879P   1903
10.7,-1.756547345,-14.58125524,10.7,-2.22047339,-14.46678885,       1879P   1904
10.7,-2.394394562,-14.40604946,10.7,-2.56158631,-14.32935897,       1879P   1905
10.7,-2.720190732,-14.2377887,10.7,4.459128418,13.37730788,0.0,     1879P   1906
0.0,0.0,0,0;                                                        1879P   1907
102,2,1877,1879,0,0;                                                1881P   1908
142,0,1765,0,1881,2,0,0;                                            1883P   1909
144,1765,1,4,1803,1813,1863,1873,1883,0,1,1;                        1885P   1910
108,0.0,0.0,1.0,10.70000001,0,0.0,0.0,10.70000001,1.0,0,0;          1887P   1911
126,11,5,0,0,1,0,0.01862462478,0.01862462478,0.01862462478,         1889P   1912
0.01862462478,0.01862462478,0.01862462478,0.8253334188,             1889P   1913
0.8253334188,0.8253334188,1.669414829,1.669414829,1.669414829,      1889P   1914
1.700625581,1.700625581,1.700625581,1.700625581,1.700625581,        1889P   1915
1.700625581,1.0,1.0,1.0,1.0,1.0,1.0,1.0,1.0,1.0,1.0,1.0,1.0,        1889P   1916
3.63586634,-7.872512554,10.70000001,3.521839451,-7.861655504,       1889P   1917
10.70000001,3.406608917,-7.863397878,10.70000001,3.292022379,       1889P   1918
-7.877900689,10.70000001,3.062780853,-7.933218782,10.70000001,      1889P   1919
2.851606064,-8.038448696,10.70000001,2.750370852,-8.104607507,      1889P   1920
10.70000001,2.654329789,-8.184798484,10.70000001,2.569123589,       1889P   1921
-8.275283773,10.70000001,2.566099102,-8.278523365,10.70000001,      1889P   1922
2.563088577,-8.281775842,10.70000001,2.56009208,-8.285041128,       1889P   1923
10.70000001,0.01862462478,1.700625581,0.0,0.0,0.0,0,0;              1889P   1924
124,0.2952285,-0.9554266758,0.0,0.0,-0.9554266758,-0.2952285,       1891P   1925
0.0,0.0,0.0,0.0,-1.0,10.70000001,0,0;                               1891P   1926
100,0.0,0.0,0.0,8.671561449,0.0,8.671550482,0.01379125608,0,0;      1893P   1927
126,8,5,0,0,1,0,0.0,0.0,0.0,0.0,0.0,0.0,1.046978496,1.046978496,    1895P   1928
1.046978496,1.732694169,1.732694169,1.732694169,1.732694169,        1895P   1929
1.732694169,1.732694169,1.0,1.0,1.0,1.0,1.0,1.0,1.0,1.0,1.0,        1895P   1930
2.54691328,-8.289105791,10.70000001,2.646021063,-8.179101603,       1895P   1931
10.70000001,2.760790531,-8.083207744,10.70000001,2.888557686,       1895P   1932
-8.004394811,10.70000001,3.115614517,-7.905873878,10.70000001,      1895P   1933
3.357959546,-7.863027189,10.70000001,3.455182686,-7.855091058,      1895P   1934
10.70000001,3.552577077,-7.856264642,10.70000001,3.649022489,       1895P   1935
-7.866430457,10.70000001,0.0,1.732694169,0.0,0.0,0.0,0,0;           1895P   1936
124,0.4208024621,-0.9071522959,0.0,0.0,-0.9071522959,               1897P   1937
-0.4208024621,0.0,0.0,0.0,0.0,-1.0,10.70000001,0,0;                 1897P   1938
100,0.0,0.0,0.0,8.671561449,0.0,8.671549345,0.01448816685,0,0;      1899P   1939
102,4,1889,1893,1895,1899,0,0;                                      1901P   1940
142,0,1887,0,1901,2,0,0;                                            1903P   1941
144,1887,1,0,1903,0,1,1;                                            1905P   1942
110,0.0,0.0,5.350000007,0.0,0.0,6.350000007,0,0;                    1907P   1943
124,0.0,0.0,1.0,0.0,-0.9505960254,0.3104306628,0.0,23.63281942,     1909P   1944
-0.3104306628,-0.9505960254,0.0,21.24945541,0,0;                    1909P   1945
100,0.0,0.0,0.0,33.98329049,0.0,31.806545,11.96694311,0,0;          1911P   1946
120,1907,1911,3.641592654,6.783185307,0,0;                          1913P   1947
126,20,5,0,0,1,0,0.0,0.0,0.0,0.0,0.0,0.0,0.4517073368,              1915P   1948
0.4517073368,0.4517073368,0.8319129992,0.8319129992,                1915P   1949
0.8319129992,1.077103461,1.077103461,1.077103461,1.400725347,       1915P   1950
1.400725347,1.400725347,1.780381245,1.780381245,1.780381245,        1915P   1951
2.237118586,2.237118586,2.237118586,2.237118586,2.237118586,        1915P   1952
2.237118586,1.0,1.0,1.0,1.0,1.0,1.0,1.0,1.0,1.0,1.0,1.0,1.0,1.0,    1915P   1953
1.0,1.0,1.0,1.0,1.0,1.0,1.0,1.0,2.560092079,-8.285041129,           1915P   1954
10.70000001,2.579375212,-8.259613094,10.6430382,2.600600537,        1915P   1955
-8.233564017,10.58673749,2.624072737,-8.206898453,10.53146247,      1915P   1956
2.672567685,-8.156171464,10.43136811,2.734214151,-8.102271344,      1915P   1957
10.33780673,2.765782129,-8.076907555,10.29695,2.825129329,          1915P   1958
-8.033656532,10.23399955,2.900851459,-7.989144427,10.18664038,      1915P   1959
2.933970849,-7.971330508,10.17101467,3.017021897,-7.931763646,      1915P   1960
10.14743492,3.108332757,-7.899653456,10.15628947,3.159144519,       1915P   1961
-7.885914617,10.17380729,3.258198593,-7.864419188,10.22420877,      1915P   1962
3.340768389,-7.85569446,10.29465615,3.381365621,-7.853329675,       1915P   1963
10.33533744,3.464092699,-7.85195093,10.4291531,3.534706195,         1915P   1964
-7.857137896,10.52967278,3.570485407,-7.861263498,10.58552226,      1915P   1965
3.604127798,-7.866459358,10.6424219,3.635866341,-7.872512554,       1915P   1966
10.70000001,0.0,2.237118586,0.0,0.0,0.0,0,0;                        1915P   1967
124,0.4192862338,0.907854093,0.0,0.0,-0.907854093,0.4192862338,     1917P   1968
0.0,0.0,0.0,0.0,1.0,10.70000001,0,0;                                1917P   1969
100,0.0,0.0,0.0,8.671561449,0.0,8.671549345,0.01448816685,0,0;      1919P   1970
126,3,3,0,0,1,0,37.72073161,37.72073161,37.72073161,37.72073161,    1921P   1971
38.52580216,38.52580216,38.52580216,38.52580216,1.0,1.0,1.0,1.0,    1921P   1972
3.649014408,-7.866426877,10.70000001,3.821257192,-7.786528289,      1921P   1973
10.70000001,3.99084063,-7.700985438,10.70000001,4.157368018,        1921P   1974
-7.610011112,10.70000001,37.72073161,38.52580216,0.0,0.0,0.0,0,     1921P   1975
0;                                                                  1921P   1976
126,4,4,0,0,1,0,117.488347,117.488347,117.488347,117.488347,        1923P   1977
117.488347,129.7175293,129.7175293,129.7175293,129.7175293,         1923P   1978
129.7175293,1.0,1.0,1.0,1.0,1.0,4.157368018,-7.610011112,           1923P   1979
10.70000001,3.702355644,-6.777116548,7.793746976,3.080178311,       1923P   1980
-5.638228578,5.00121179,2.300835098,-4.211650397,2.385887326,       1923P   1981
1.384317156,-2.533975557,0.0,117.488347,129.7175293,0.0,0.0,0.0,    1923P   1982
0,0;                                                                1923P   1983
124,0.4794255386,-0.8775825619,0.0,0.0,-0.8775825619,               1925P   1984
-0.4794255386,0.0,0.0,0.0,0.0,-1.0,0.0,0,0;                         1925P   1985
100,0.0,0.0,0.0,2.887449759,0.0,-2.887449759,0.0,0,0;               1927P   1986
126,4,4,0,0,1,0,0.0,0.0,0.0,0.0,0.0,12.06377787,12.06377787,        1929P   1987
12.06377787,12.06377787,12.06377787,1.0,1.0,1.0,1.0,1.0,            1929P   1988
-1.384317156,2.533975557,0.0,-2.288438832,4.188959185,              1929P   1989
2.353617261,-3.059070159,5.599590366,4.93050225,-3.677025029,       1929P   1990
6.730749167,7.680538752,-4.132567781,7.564614582,10.54289273,       1929P   1991
0.0,12.06377787,0.0,0.0,0.0,0,0;                                    1929P   1992
126,14,5,0,0,1,0,0.0,0.0,0.0,0.0,0.0,0.0,3.77700574,3.77700574,     1931P   1993
3.77700574,6.963287163,6.963287163,6.963287163,10.25756369,         1931P   1994
10.25756369,10.25756369,13.79535009,13.79535009,13.79535009,        1931P   1995
13.79535009,13.79535009,13.79535009,1.0,1.0,1.0,1.0,1.0,1.0,1.0,    1931P   1996
1.0,1.0,1.0,1.0,1.0,1.0,1.0,1.0,-4.132567781,7.564614582,           1931P   1997
10.54289273,-4.284671436,7.301163298,10.06609347,-4.45177941,       1931P   1998
7.011724086,9.601210387,-4.636358812,6.69202198,9.15294242,         1931P   1999
-5.016829256,6.033029353,8.365503462,-5.493224702,5.207886826,      1931P   2000
7.737885498,-5.735695379,4.787915686,7.494195618,-6.285550142,      1931P   2001
3.835539564,7.19947231,-6.85403405,2.850896089,7.374863735,         1931P   2002
-7.119095377,2.391797253,7.593637047,-7.608621591,1.543911428,      1931P   2003
8.162931811,-8.000800369,0.8646393706,8.911261008,-8.183265067,     1931P   2004
0.5485940454,9.322024308,-8.3487655,0.2619421646,9.74910095,        1931P   2005
-8.499999373,-4.256275633E-007,10.1884433,0.0,13.79535009,0.0,      1931P   2006
0.0,0.0,0,0;                                                        1931P   2007
126,17,5,0,0,1,0,0.0,0.0,0.0,0.0,0.0,0.0,4.227502988,               1933P   2008
4.227502988,4.227502988,6.970640675,6.970640675,6.970640675,        1933P   2009
8.713587863,8.713587863,8.713587863,10.81646212,10.81646212,        1933P   2010
10.81646212,14.04572411,14.04572411,14.04572411,14.04572411,        1933P   2011
14.04572411,14.04572411,1.0,1.0,1.0,1.0,1.0,1.0,1.0,1.0,1.0,1.0,    1933P   2012
1.0,1.0,1.0,1.0,1.0,1.0,1.0,1.0,-8.500000389,1.334055665E-006,      1933P   2013
10.18844625,-8.319313642,-0.3129574252,9.663541502,-8.118321232,    1933P   2014
-0.6610874984,9.156316832,-7.893433121,-1.050602643,8.674865907,    1933P   2015
-7.466507457,-1.790061801,7.936464047,-6.929906357,-2.71948072,     1933P   2016
7.45611872,-6.698807057,-3.11975722,7.322648343,-6.30450121,        1933P   2017
-3.802714636,7.258155204,-5.924515831,-4.46086883,7.415795758,      1933P   2018
-5.78234633,-4.707113781,7.508147,-5.484671193,-5.222701713,        1933P   2019
7.762960516,-5.220718823,-5.679881259,8.107801059,-5.085991513,     1933P   2020
-5.91323567,8.315054906,-4.766928456,-6.46586855,8.872741414,       1933P   2021
-4.496623771,-6.934050824,9.496557613,-4.347323117,-7.192646856,    1933P   2022
9.887658954,-4.209978801,-7.430533969,10.28975827,-4.083249092,     1933P   2023
-7.650036262,10.70000001,0.0,14.04572411,0.0,0.0,0.0,0,0;           1933P   2024
124,-0.4708781822,0.8821982416,0.0,0.0,-0.8821982416,               1935P   2025
-0.4708781822,0.0,0.0,-1.28792384E-011,0.0,1.0,10.70000001,0,0;     1935P   2026
100,0.0,0.0,0.0,8.671561449,0.0,6.113345968,6.150038946,0,0;        1937P   2027
124,0.2937086155,0.955894999,0.0,0.0,-0.955894999,0.2937086155,     1939P   2028
0.0,0.0,0.0,0.0,1.0,10.70000001,0,0;                                1939P   2029
100,0.0,0.0,0.0,8.671561449,0.0,8.671550482,0.01379125608,0,0;      1941P   2030
102,10,1915,1919,1921,1923,1927,1929,1931,1933,1937,1941,0,0;       1943P   2031
142,0,1913,0,1943,2,0,0;                                            1945P   2032
144,1913,1,0,1945,0,1,1;                                            1947P   2033
126,4,4,0,0,1,0,2.821178474,2.821178474,2.821178474,2.821178474,    1949P   2034
2.821178474,4.005779218,4.005779218,4.005779218,4.005779218,        1949P   2035
4.005779218,1.0,1.0,1.0,1.0,1.0,3.635866341,-7.872512554,           1949P   2036
10.70000001,3.338674666,-7.844215481,10.70000001,3.032166631,       1949P   2037
-7.907238134,10.70000001,2.761965054,-8.065059898,10.70000001,      1949P   2038
2.560092079,-8.285041129,10.70000001,2.821178474,4.005779218,       1949P   2039
0.0,0.0,0.0,0,0;                                                    1949P   2040
126,4,4,0,0,1,0,2.821178474,2.821178474,2.821178474,2.821178474,    1951P   2041
2.821178474,4.005779218,4.005779218,4.005779218,4.005779218,        1951P   2042
4.005779218,1.0,1.0,1.0,1.0,1.0,3.638576506,-7.844050939,           1951P   2043
10.15446803,3.334827489,-7.815129484,10.15446803,3.021582628,       1951P   2044
-7.879530591,10.15446803,2.745366014,-8.040863038,10.15446803,      1951P   2045
2.539027418,-8.265710454,10.15446803,2.821178474,4.005779218,       1951P   2046
0.0,0.0,0.0,0,0;                                                    1951P   2047
118,1949,1951,0,0,0,0;                                              1953P   2048
126,20,5,0,0,1,0,0.0,0.0,0.0,0.0,0.0,0.0,0.456737341,               1955P   2049
0.456737341,0.456737341,0.8363932394,0.8363932394,0.8363932394,     1955P   2050
1.160015125,1.160015125,1.160015125,1.405205587,1.405205587,        1955P   2051
1.405205587,1.785411249,1.785411249,1.785411249,2.237118586,        1955P   2052
2.237118586,2.237118586,2.237118586,2.237118586,2.237118586,1.0,    1955P   2053
1.0,1.0,1.0,1.0,1.0,1.0,1.0,1.0,1.0,1.0,1.0,1.0,1.0,1.0,1.0,1.0,    1955P   2054
1.0,1.0,1.0,1.0,3.635866341,-7.872512554,10.70000001,               1955P   2055
3.604127798,-7.866459358,10.6424219,3.570485403,-7.861263442,       1955P   2056
10.58552226,3.534706226,-7.857138041,10.52967278,3.464092673,       1955P   2057
-7.85195081,10.4291531,3.381365642,-7.853329775,10.33533744,        1955P   2058
3.340768525,-7.855694745,10.29465616,3.258198477,-7.864418945,      1955P   2059
10.22420877,3.159144618,-7.885914824,10.17380729,3.108332855,       1955P   2060
-7.899653299,10.15628947,3.017021823,-7.931763765,10.14743492,      1955P   2061
2.933970905,-7.971330418,10.17101467,2.900851421,-7.989144302,      1955P   2062
10.18664037,2.825129387,-8.033656726,10.23399956,2.765782039,       1955P   2063
-8.076907254,10.29695,2.7342141,-8.102271256,10.33780673,           1955P   2064
2.672567746,-8.156171569,10.43136811,2.624072664,-8.206898329,      1955P   2065
10.53146247,2.600600502,-8.233563973,10.58673749,2.579375212,       1955P   2066
-8.259613094,10.6430382,2.560092079,-8.285041129,10.70000001,       1955P   2067
0.0,2.237118586,0.0,0.0,0.0,0,0;                                    1955P   2068
126,4,4,0,0,1,0,0.0,0.0,0.0,0.0,0.0,1.682000956,1.682000956,        1957P   2069
1.682000956,1.682000956,1.682000956,1.0,1.0,1.0,1.0,1.0,            1957P   2070
2.56009208,-8.285041128,10.70000001,2.761950028,-8.065076271,       1957P   2071
10.70000001,3.032172337,-7.9072273,10.70000001,3.338681363,         1957P   2072
-7.844216119,10.70000001,3.635866338,-7.872512554,10.70000001,      1957P   2073
0.0,1.682000956,0.0,0.0,0.0,0,0;                                    1957P   2074
102,2,1955,1957,0,0;                                                1959P   2075
142,0,1953,0,1959,2,0,0;                                            1961P   2076
144,1953,1,0,1961,0,1,1;                                            1963P   2077
S      1G      5D   1964P   2077                                        T      1
