START RECORD GO HERE.                                                   S      1
1H,,1H;,20HCNEXT - IGES PRODUCT,36H20091001_pv_C10756_Cute_3_W_mech.igs,G      1
44HIBM CATIA IGES - CATIA Version 5 Release 19 ,27HCATIA Version 5 ReleaG      2
se 19 ,32,75,6,75,15,20HC10756_Cute_3_W_mech,1.0,2,2HMM,1000,1.0,15H2009G      3
1001.105657,0.001,10000.0,2Hpv,4HPVPC,11,0,15H20091001.105657,;         G      4
     406       1       0       0       0       0       0       000010201D      1
     406       0       0       1      15                               0D      2
     110       2       0       0       0       0       0       001010001D      3
     110       0       0       2       0                               0D      4
     110       4       0       0       0       0       0       001010001D      5
     110       0       0       2       0                               0D      6
     120       6       0       0       0       0       0       001010001D      7
     120       0       0       1       0                               0D      8
     124       7       0       0       0       0       0       001020201D      9
     124       0       0       2       0                               0D     10
     100       9       0       0       0       0       9       001010001D     11
     100       0       0       2       0                               0D     12
     110      11       0       0       0       0       0       001010001D     13
     110       0       0       2       0                               0D     14
     124      13       0       0       0       0       0       001020201D     15
     124       0       0       2       0                               0D     16
     100      15       0       0       0       0      15       001010001D     17
     100       0       0       2       0                               0D     18
     110      17       0       0       0       0       0       001010001D     19
     110       0       0       2       0                               0D     20
     102      19       0       0       0       0       0       001010001D     21
     102       0       0       1       0                               0D     22
     142      20       0       0       0       0       0       001010001D     23
     142       0       0       1       0                               0D     24
     144      21       0       0   10000       0       0       000000000D     25
     144       0       0       1       0                               0D     26
     108      22       0       0       0       0       0       001010001D     27
     108       0       0       2       0                               0D     28
     124      24       0       0       0       0       0       001020201D     29
     124       0       0       3       0                               0D     30
     100      27       0       0       0       0      29       001010001D     31
     100       0       0       2       0                               0D     32
     124      29       0       0       0       0       0       001020201D     33
     124       0       0       3       0                               0D     34
     100      32       0       0       0       0      33       001010001D     35
     100       0       0       2       0                               0D     36
     102      34       0       0       0       0       0       001010001D     37
     102       0       0       1       0                               0D     38
     142      35       0       0       0       0       0       001010001D     39
     142       0       0       1       0                               0D     40
     144      36       0       0   10000       0       0       000000000D     41
     144       0       0       1       0                               0D     42
     110      37       0       0       0       0       0       001010001D     43
     110       0       0       2       0                               0D     44
     110      39       0       0       0       0       0       001010001D     45
     110       0       0       2       0                               0D     46
     120      41       0       0       0       0       0       001010001D     47
     120       0       0       1       0                               0D     48
     124      42       0       0       0       0       0       001020201D     49
     124       0       0       2       0                               0D     50
     100      44       0       0       0       0      49       001010001D     51
     100       0       0       2       0                               0D     52
     110      46       0       0       0       0       0       001010001D     53
     110       0       0       2       0                               0D     54
     124      48       0       0       0       0       0       001020201D     55
     124       0       0       2       0                               0D     56
     100      50       0       0       0       0      55       001010001D     57
     100       0       0       2       0                               0D     58
     110      52       0       0       0       0       0       001010001D     59
     110       0       0       2       0                               0D     60
     102      54       0       0       0       0       0       001010001D     61
     102       0       0       1       0                               0D     62
     142      55       0       0       0       0       0       001010001D     63
     142       0       0       1       0                               0D     64
     144      56       0       0   10000       0       0       000000000D     65
     144       0       0       1       0                               0D     66
     108      57       0       0       0       0       0       001010001D     67
     108       0       0       1       0                               0D     68
     124      58       0       0       0       0       0       001020201D     69
     124       0       0       3       0                               0D     70
     100      61       0       0       0       0      69       001010001D     71
     100       0       0       2       0                               0D     72
     124      63       0       0       0       0       0       001020201D     73
     124       0       0       3       0                               0D     74
     100      66       0       0       0       0      73       001010001D     75
     100       0       0       2       0                               0D     76
     102      68       0       0       0       0       0       001010001D     77
     102       0       0       1       0                               0D     78
     142      69       0       0       0       0       0       001010001D     79
     142       0       0       1       0                               0D     80
     124      70       0       0       0       0       0       001020201D     81
     124       0       0       3       0                               0D     82
     100      73       0       0       0       0      81       001010001D     83
     100       0       0       2       0                               0D     84
     124      75       0       0       0       0       0       001020201D     85
     124       0       0       3       0                               0D     86
     100      78       0       0       0       0      85       001010001D     87
     100       0       0       2       0                               0D     88
     102      80       0       0       0       0       0       001010001D     89
     102       0       0       1       0                               0D     90
     142      81       0       0       0       0       0       001010001D     91
     142       0       0       1       0                               0D     92
     144      82       0       0   10000       0       0       000000000D     93
     144       0       0       1       0                               0D     94
     110      83       0       0       0       0       0       001010001D     95
     110       0       0       1       0                               0D     96
     124      84       0       0       0       0       0       001020201D     97
     124       0       0       3       0                               0D     98
     100      87       0       0       0       0      97       001010001D     99
     100       0       0       1       0                               0D    100
     120      88       0       0       0       0       0       001010001D    101
     120       0       0       1       0                               0D    102
     126      89       0       0       0       0       0       001010001D    103
     126       0       0       5       0                               0D    104
     126      94       0       0       0       0       0       001010001D    105
     126       0       0      23       0                               0D    106
     124     117       0       0       0       0       0       001020201D    107
     124       0       0       3       0                               0D    108
     100     120       0       0       0       0     107       001010001D    109
     100       0       0       1       0                               0D    110
     124     121       0       0       0       0       0       001020201D    111
     124       0       0       2       0                               0D    112
     100     123       0       0       0       0     111       001010001D    113
     100       0       0       1       0                               0D    114
     126     124       0       0       0       0       0       001010001D    115
     126       0       0       5       0                               0D    116
     124     129       0       0       0       0       0       001020201D    117
     124       0       0       2       0                               0D    118
     100     131       0       0       0       0     117       001010001D    119
     100       0       0       2       0                               0D    120
     126     133       0       0       0       0       0       001010001D    121
     126       0       0       6       0                               0D    122
     124     139       0       0       0       0       0       001020201D    123
     124       0       0       3       0                               0D    124
     100     142       0       0       0       0     123       001010001D    125
     100       0       0       1       0                               0D    126
     126     143       0       0       0       0       0       001010001D    127
     126       0       0      20       0                               0D    128
     102     163       0       0       0       0       0       001010001D    129
     102       0       0       1       0                               0D    130
     142     164       0       0       0       0       0       001010001D    131
     142       0       0       1       0                               0D    132
     144     165       0       0   10000       0       0       000000000D    133
     144       0       0       1       0                               0D    134
     108     166       0       0       0       0       0       001010001D    135
     108       0       0       1       0                               0D    136
     126     167       0       0       0       0       0       001010001D    137
     126       0       0      10       0                               0D    138
     126     177       0       0       0       0       0       001010001D    139
     126       0       0      10       0                               0D    140
     126     187       0       0       0       0       0       001010001D    141
     126       0       0       9       0                               0D    142
     102     196       0       0       0       0       0       001010001D    143
     102       0       0       1       0                               0D    144
     142     197       0       0       0       0       0       001010001D    145
     142       0       0       1       0                               0D    146
     144     198       0       0   10000       0       0       000000000D    147
     144       0       0       1       0                               0D    148
     110     199       0       0       0       0       0       001010001D    149
     110       0       0       1       0                               0D    150
     124     200       0       0       0       0       0       001020201D    151
     124       0       0       3       0                               0D    152
     100     203       0       0       0       0     151       001010001D    153
     100       0       0       1       0                               0D    154
     120     204       0       0       0       0       0       001010001D    155
     120       0       0       1       0                               0D    156
     126     205       0       0       0       0       0       001010001D    157
     126       0       0       5       0                               0D    158
     126     210       0       0       0       0       0       001010001D    159
     126       0       0      20       0                               0D    160
     124     230       0       0       0       0       0       001020201D    161
     124       0       0       3       0                               0D    162
     100     233       0       0       0       0     161       001010001D    163
     100       0       0       1       0                               0D    164
     124     234       0       0       0       0       0       001020201D    165
     124       0       0       2       0                               0D    166
     100     236       0       0       0       0     165       001010001D    167
     100       0       0       1       0                               0D    168
     126     237       0       0       0       0       0       001010001D    169
     126       0       0       5       0                               0D    170
     124     242       0       0       0       0       0       001020201D    171
     124       0       0       2       0                               0D    172
     100     244       0       0       0       0     171       001010001D    173
     100       0       0       2       0                               0D    174
     126     246       0       0       0       0       0       001010001D    175
     126       0       0       6       0                               0D    176
     124     252       0       0       0       0       0       001020201D    177
     124       0       0       3       0                               0D    178
     100     255       0       0       0       0     177       001010001D    179
     100       0       0       1       0                               0D    180
     126     256       0       0       0       0       0       001010001D    181
     126       0       0      23       0                               0D    182
     102     279       0       0       0       0       0       001010001D    183
     102       0       0       1       0                               0D    184
     142     280       0       0       0       0       0       001010001D    185
     142       0       0       1       0                               0D    186
     144     281       0       0   10000       0       0       000000000D    187
     144       0       0       1       0                               0D    188
     110     282       0       0       0       0       0       001010001D    189
     110       0       0       1       0                               0D    190
     124     283       0       0       0       0       0       001020201D    191
     124       0       0       2       0                               0D    192
     100     285       0       0       0       0     191       001010001D    193
     100       0       0       1       0                               0D    194
     120     286       0       0       0       0       0       001010001D    195
     120       0       0       1       0                               0D    196
     124     287       0       0       0       0       0       001020201D    197
     124       0       0       2       0                               0D    198
     100     289       0       0       0       0     197       001010001D    199
     100       0       0       1       0                               0D    200
     124     290       0       0       0       0       0       001020201D    201
     124       0       0       2       0                               0D    202
     100     292       0       0       0       0     201       001010001D    203
     100       0       0       1       0                               0D    204
     126     293       0       0       0       0       0       001010001D    205
     126       0       0       5       0                               0D    206
     124     298       0       0       0       0       0       001020201D    207
     124       0       0       2       0                               0D    208
     100     300       0       0       0       0     207       001010001D    209
     100       0       0       1       0                               0D    210
     126     301       0       0       0       0       0       001010001D    211
     126       0       0       6       0                               0D    212
     124     307       0       0       0       0       0       001020201D    213
     124       0       0       2       0                               0D    214
     100     309       0       0       0       0     213       001010001D    215
     100       0       0       1       0                               0D    216
     126     310       0       0       0       0       0       001010001D    217
     126       0       0      20       0                               0D    218
     126     330       0       0       0       0       0       001010001D    219
     126       0       0       5       0                               0D    220
     126     335       0       0       0       0       0       001010001D    221
     126       0       0      20       0                               0D    222
     102     355       0       0       0       0       0       001010001D    223
     102       0       0       1       0                               0D    224
     142     356       0       0       0       0       0       001010001D    225
     142       0       0       1       0                               0D    226
     144     357       0       0   10000       0       0       000000000D    227
     144       0       0       1       0                               0D    228
     110     358       0       0       0       0       0       001010001D    229
     110       0       0       1       0                               0D    230
     110     359       0       0       0       0       0       001010001D    231
     110       0       0       1       0                               0D    232
     120     360       0       0       0       0       0       001010001D    233
     120       0       0       1       0                               0D    234
     124     361       0       0       0       0       0       001020201D    235
     124       0       0       3       0                               0D    236
     100     364       0       0       0       0     235       001010001D    237
     100       0       0       2       0                               0D    238
     110     366       0       0       0       0       0       001010001D    239
     110       0       0       1       0                               0D    240
     124     367       0       0       0       0       0       001020201D    241
     124       0       0       2       0                               0D    242
     100     369       0       0       0       0     241       001010001D    243
     100       0       0       2       0                               0D    244
     110     371       0       0       0       0       0       001010001D    245
     110       0       0       2       0                               0D    246
     102     373       0       0       0       0       0       001010001D    247
     102       0       0       1       0                               0D    248
     142     374       0       0       0       0       0       001010001D    249
     142       0       0       1       0                               0D    250
     144     375       0       0   10000       0       0       000000000D    251
     144       0       0       1       0                               0D    252
     110     376       0       0       0       0       0       001010001D    253
     110       0       0       1       0                               0D    254
     110     377       0       0       0       0       0       001010001D    255
     110       0       0       2       0                               0D    256
     120     379       0       0       0       0       0       001010001D    257
     120       0       0       1       0                               0D    258
     124     380       0       0       0       0       0       001020201D    259
     124       0       0       2       0                               0D    260
     100     382       0       0       0       0     259       001010001D    261
     100       0       0       2       0                               0D    262
     110     384       0       0       0       0       0       001010001D    263
     110       0       0       2       0                               0D    264
     124     386       0       0       0       0       0       001020201D    265
     124       0       0       3       0                               0D    266
     100     389       0       0       0       0     265       001010001D    267
     100       0       0       2       0                               0D    268
     110     391       0       0       0       0       0       001010001D    269
     110       0       0       1       0                               0D    270
     102     392       0       0       0       0       0       001010001D    271
     102       0       0       1       0                               0D    272
     142     393       0       0       0       0       0       001010001D    273
     142       0       0       1       0                               0D    274
     144     394       0       0   10000       0       0       000000000D    275
     144       0       0       1       0                               0D    276
     110     395       0       0       0       0       0       001010001D    277
     110       0       0       1       0                               0D    278
     124     396       0       0       0       0       0       001020201D    279
     124       0       0       3       0                               0D    280
     100     399       0       0       0       0     279       001010001D    281
     100       0       0       1       0                               0D    282
     120     400       0       0       0       0       0       001010001D    283
     120       0       0       1       0                               0D    284
     124     401       0       0       0       0       0       001020201D    285
     124       0       0       3       0                               0D    286
     100     404       0       0       0       0     285       001010001D    287
     100       0       0       1       0                               0D    288
     124     405       0       0       0       0       0       001020201D    289
     124       0       0       2       0                               0D    290
     100     407       0       0       0       0     289       001010001D    291
     100       0       0       1       0                               0D    292
     124     408       0       0       0       0       0       001020201D    293
     124       0       0       2       0                               0D    294
     100     410       0       0       0       0     293       001010001D    295
     100       0       0       1       0                               0D    296
     124     411       0       0       0       0       0       001020201D    297
     124       0       0       2       0                               0D    298
     100     413       0       0       0       0     297       001010001D    299
     100       0       0       1       0                               0D    300
     124     414       0       0       0       0       0       001020201D    301
     124       0       0       2       0                               0D    302
     100     416       0       0       0       0     301       001010001D    303
     100       0       0       1       0                               0D    304
     124     417       0       0       0       0       0       001020201D    305
     124       0       0       2       0                               0D    306
     100     419       0       0       0       0     305       001010001D    307
     100       0       0       1       0                               0D    308
     102     420       0       0       0       0       0       001010001D    309
     102       0       0       1       0                               0D    310
     142     421       0       0       0       0       0       001010001D    311
     142       0       0       1       0                               0D    312
     144     422       0       0   10000       0       0       000000000D    313
     144       0       0       1       0                               0D    314
     110     423       0       0       0       0       0       001010001D    315
     110       0       0       1       0                               0D    316
     124     424       0       0       0       0       0       001020201D    317
     124       0       0       3       0                               0D    318
     100     427       0       0       0       0     317       001010001D    319
     100       0       0       1       0                               0D    320
     120     428       0       0       0       0       0       001010001D    321
     120       0       0       1       0                               0D    322
     124     429       0       0       0       0       0       001020201D    323
     124       0       0       3       0                               0D    324
     100     432       0       0       0       0     323       001010001D    325
     100       0       0       1       0                               0D    326
     124     433       0       0       0       0       0       001020201D    327
     124       0       0       2       0                               0D    328
     100     435       0       0       0       0     327       001010001D    329
     100       0       0       1       0                               0D    330
     124     436       0       0       0       0       0       001020201D    331
     124       0       0       2       0                               0D    332
     100     438       0       0       0       0     331       001010001D    333
     100       0       0       1       0                               0D    334
     124     439       0       0       0       0       0       001020201D    335
     124       0       0       2       0                               0D    336
     100     441       0       0       0       0     335       001010001D    337
     100       0       0       1       0                               0D    338
     124     442       0       0       0       0       0       001020201D    339
     124       0       0       2       0                               0D    340
     100     444       0       0       0       0     339       001010001D    341
     100       0       0       1       0                               0D    342
     124     445       0       0       0       0       0       001020201D    343
     124       0       0       2       0                               0D    344
     100     447       0       0       0       0     343       001010001D    345
     100       0       0       1       0                               0D    346
     102     448       0       0       0       0       0       001010001D    347
     102       0       0       1       0                               0D    348
     142     449       0       0       0       0       0       001010001D    349
     142       0       0       1       0                               0D    350
     144     450       0       0   10000       0       0       000000000D    351
     144       0       0       1       0                               0D    352
     110     451       0       0       0       0       0       001010001D    353
     110       0       0       1       0                               0D    354
     124     452       0       0       0       0       0       001020201D    355
     124       0       0       3       0                               0D    356
     100     455       0       0       0       0     355       001010001D    357
     100       0       0       1       0                               0D    358
     120     456       0       0       0       0       0       001010001D    359
     120       0       0       1       0                               0D    360
     124     457       0       0       0       0       0       001020201D    361
     124       0       0       3       0                               0D    362
     100     460       0       0       0       0     361       001010001D    363
     100       0       0       1       0                               0D    364
     124     461       0       0       0       0       0       001020201D    365
     124       0       0       2       0                               0D    366
     100     463       0       0       0       0     365       001010001D    367
     100       0       0       1       0                               0D    368
     124     464       0       0       0       0       0       001020201D    369
     124       0       0       2       0                               0D    370
     100     466       0       0       0       0     369       001010001D    371
     100       0       0       1       0                               0D    372
     124     467       0       0       0       0       0       001020201D    373
     124       0       0       3       0                               0D    374
     100     470       0       0       0       0     373       001010001D    375
     100       0       0       1       0                               0D    376
     124     471       0       0       0       0       0       001020201D    377
     124       0       0       3       0                               0D    378
     100     474       0       0       0       0     377       001010001D    379
     100       0       0       1       0                               0D    380
     124     475       0       0       0       0       0       001020201D    381
     124       0       0       2       0                               0D    382
     100     477       0       0       0       0     381       001010001D    383
     100       0       0       1       0                               0D    384
     102     478       0       0       0       0       0       001010001D    385
     102       0       0       1       0                               0D    386
     142     479       0       0       0       0       0       001010001D    387
     142       0       0       1       0                               0D    388
     144     480       0       0   10000       0       0       000000000D    389
     144       0       0       1       0                               0D    390
     110     481       0       0       0       0       0       001010001D    391
     110       0       0       1       0                               0D    392
     124     482       0       0       0       0       0       001020201D    393
     124       0       0       3       0                               0D    394
     100     485       0       0       0       0     393       001010001D    395
     100       0       0       1       0                               0D    396
     120     486       0       0       0       0       0       001010001D    397
     120       0       0       1       0                               0D    398
     124     487       0       0       0       0       0       001020201D    399
     124       0       0       3       0                               0D    400
     100     490       0       0       0       0     399       001010001D    401
     100       0       0       1       0                               0D    402
     124     491       0       0       0       0       0       001020201D    403
     124       0       0       2       0                               0D    404
     100     493       0       0       0       0     403       001010001D    405
     100       0       0       1       0                               0D    406
     124     494       0       0       0       0       0       001020201D    407
     124       0       0       2       0                               0D    408
     100     496       0       0       0       0     407       001010001D    409
     100       0       0       1       0                               0D    410
     124     497       0       0       0       0       0       001020201D    411
     124       0       0       3       0                               0D    412
     100     500       0       0       0       0     411       001010001D    413
     100       0       0       1       0                               0D    414
     124     501       0       0       0       0       0       001020201D    415
     124       0       0       3       0                               0D    416
     100     504       0       0       0       0     415       001010001D    417
     100       0       0       1       0                               0D    418
     124     505       0       0       0       0       0       001020201D    419
     124       0       0       2       0                               0D    420
     100     507       0       0       0       0     419       001010001D    421
     100       0       0       1       0                               0D    422
     102     508       0       0       0       0       0       001010001D    423
     102       0       0       1       0                               0D    424
     142     509       0       0       0       0       0       001010001D    425
     142       0       0       1       0                               0D    426
     144     510       0       0   10000       0       0       000000000D    427
     144       0       0       1       0                               0D    428
     108     511       0       0       0       0       0       001010001D    429
     108       0       0       2       0                               0D    430
     110     513       0       0       0       0       0       001010001D    431
     110       0       0       2       0                               0D    432
     110     515       0       0       0       0       0       001010001D    433
     110       0       0       2       0                               0D    434
     110     517       0       0       0       0       0       001010001D    435
     110       0       0       2       0                               0D    436
     110     519       0       0       0       0       0       001010001D    437
     110       0       0       2       0                               0D    438
     102     521       0       0       0       0       0       001010001D    439
     102       0       0       1       0                               0D    440
     142     522       0       0       0       0       0       001010001D    441
     142       0       0       1       0                               0D    442
     144     523       0       0   10000       0       0       000000000D    443
     144       0       0       1       0                               0D    444
     110     524       0       0       0       0       0       001010001D    445
     110       0       0       2       0                               0D    446
     110     526       0       0       0       0       0       001010001D    447
     110       0       0       2       0                               0D    448
     120     528       0       0       0       0       0       001010001D    449
     120       0       0       1       0                               0D    450
     124     529       0       0       0       0       0       001020201D    451
     124       0       0       3       0                               0D    452
     100     532       0       0       0       0     451       001010001D    453
     100       0       0       1       0                               0D    454
     110     533       0       0       0       0       0       001010001D    455
     110       0       0       2       0                               0D    456
     124     535       0       0       0       0       0       001020201D    457
     124       0       0       3       0                               0D    458
     100     538       0       0       0       0     457       001010001D    459
     100       0       0       2       0                               0D    460
     110     540       0       0       0       0       0       001010001D    461
     110       0       0       2       0                               0D    462
     102     542       0       0       0       0       0       001010001D    463
     102       0       0       1       0                               0D    464
     142     543       0       0       0       0       0       001010001D    465
     142       0       0       1       0                               0D    466
     144     544       0       0   10000       0       0       000000000D    467
     144       0       0       1       0                               0D    468
     108     545       0       0       0       0       0       001010001D    469
     108       0       0       2       0                               0D    470
     110     547       0       0       0       0       0       001010001D    471
     110       0       0       2       0                               0D    472
     110     549       0       0       0       0       0       001010001D    473
     110       0       0       2       0                               0D    474
     110     551       0       0       0       0       0       001010001D    475
     110       0       0       2       0                               0D    476
     110     553       0       0       0       0       0       001010001D    477
     110       0       0       2       0                               0D    478
     102     555       0       0       0       0       0       001010001D    479
     102       0       0       1       0                               0D    480
     142     556       0       0       0       0       0       001010001D    481
     142       0       0       1       0                               0D    482
     144     557       0       0   10000       0       0       000000000D    483
     144       0       0       1       0                               0D    484
     110     558       0       0       0       0       0       001010001D    485
     110       0       0       2       0                               0D    486
     110     560       0       0       0       0       0       001010001D    487
     110       0       0       2       0                               0D    488
     120     562       0       0       0       0       0       001010001D    489
     120       0       0       1       0                               0D    490
     124     563       0       0       0       0       0       001020201D    491
     124       0       0       3       0                               0D    492
     100     566       0       0       0       0     491       001010001D    493
     100       0       0       1       0                               0D    494
     110     567       0       0       0       0       0       001010001D    495
     110       0       0       2       0                               0D    496
     124     569       0       0       0       0       0       001020201D    497
     124       0       0       3       0                               0D    498
     100     572       0       0       0       0     497       001010001D    499
     100       0       0       2       0                               0D    500
     110     574       0       0       0       0       0       001010001D    501
     110       0       0       2       0                               0D    502
     102     576       0       0       0       0       0       001010001D    503
     102       0       0       1       0                               0D    504
     142     577       0       0       0       0       0       001010001D    505
     142       0       0       1       0                               0D    506
     144     578       0       0   10000       0       0       000000000D    507
     144       0       0       1       0                               0D    508
     110     579       0       0       0       0       0       001010001D    509
     110       0       0       1       0                               0D    510
     124     580       0       0       0       0       0       001020201D    511
     124       0       0       3       0                               0D    512
     100     583       0       0       0       0     511       001010001D    513
     100       0       0       1       0                               0D    514
     120     584       0       0       0       0       0       001010001D    515
     120       0       0       1       0                               0D    516
     124     585       0       0       0       0       0       001020201D    517
     124       0       0       3       0                               0D    518
     100     588       0       0       0       0     517       001010001D    519
     100       0       0       1       0                               0D    520
     124     589       0       0       0       0       0       001020201D    521
     124       0       0       2       0                               0D    522
     100     591       0       0       0       0     521       001010001D    523
     100       0       0       1       0                               0D    524
     124     592       0       0       0       0       0       001020201D    525
     124       0       0       2       0                               0D    526
     100     594       0       0       0       0     525       001010001D    527
     100       0       0       1       0                               0D    528
     124     595       0       0       0       0       0       001020201D    529
     124       0       0       3       0                               0D    530
     100     598       0       0       0       0     529       001010001D    531
     100       0       0       1       0                               0D    532
     124     599       0       0       0       0       0       001020201D    533
     124       0       0       2       0                               0D    534
     100     601       0       0       0       0     533       001010001D    535
     100       0       0       1       0                               0D    536
     124     602       0       0       0       0       0       001020201D    537
     124       0       0       2       0                               0D    538
     100     604       0       0       0       0     537       001010001D    539
     100       0       0       1       0                               0D    540
     102     605       0       0       0       0       0       001010001D    541
     102       0       0       1       0                               0D    542
     142     606       0       0       0       0       0       001010001D    543
     142       0       0       1       0                               0D    544
     144     607       0       0   10000       0       0       000000000D    545
     144       0       0       1       0                               0D    546
     110     608       0       0       0       0       0       001010001D    547
     110       0       0       1       0                               0D    548
     124     609       0       0       0       0       0       001020201D    549
     124       0       0       3       0                               0D    550
     100     612       0       0       0       0     549       001010001D    551
     100       0       0       1       0                               0D    552
     120     613       0       0       0       0       0       001010001D    553
     120       0       0       1       0                               0D    554
     124     614       0       0       0       0       0       001020201D    555
     124       0       0       3       0                               0D    556
     100     617       0       0       0       0     555       001010001D    557
     100       0       0       1       0                               0D    558
     124     618       0       0       0       0       0       001020201D    559
     124       0       0       2       0                               0D    560
     100     620       0       0       0       0     559       001010001D    561
     100       0       0       1       0                               0D    562
     124     621       0       0       0       0       0       001020201D    563
     124       0       0       2       0                               0D    564
     100     623       0       0       0       0     563       001010001D    565
     100       0       0       1       0                               0D    566
     124     624       0       0       0       0       0       001020201D    567
     124       0       0       3       0                               0D    568
     100     627       0       0       0       0     567       001010001D    569
     100       0       0       1       0                               0D    570
     124     628       0       0       0       0       0       001020201D    571
     124       0       0       2       0                               0D    572
     100     630       0       0       0       0     571       001010001D    573
     100       0       0       1       0                               0D    574
     124     631       0       0       0       0       0       001020201D    575
     124       0       0       2       0                               0D    576
     100     633       0       0       0       0     575       001010001D    577
     100       0       0       1       0                               0D    578
     102     634       0       0       0       0       0       001010001D    579
     102       0       0       1       0                               0D    580
     142     635       0       0       0       0       0       001010001D    581
     142       0       0       1       0                               0D    582
     144     636       0       0   10000       0       0       000000000D    583
     144       0       0       1       0                               0D    584
     124     637       0       0       0       0       0       001020201D    585
     124       0       0       3       0                               0D    586
     100     640       0       0       0       0     585       001010001D    587
     100       0       0       2       0                               0D    588
     124     642       0       0       0       0       0       001020201D    589
     124       0       0       3       0                               0D    590
     100     645       0       0       0       0     589       001010001D    591
     100       0       0       2       0                               0D    592
     102     647       0       0       0       0       0       001010001D    593
     102       0       0       1       0                               0D    594
     142     648       0       0       0       0       0       001010001D    595
     142       0       0       1       0                               0D    596
     124     649       0       0       0       0       0       001020201D    597
     124       0       0       3       0                               0D    598
     100     652       0       0       0       0     597       001010001D    599
     100       0       0       2       0                               0D    600
     124     654       0       0       0       0       0       001020201D    601
     124       0       0       3       0                               0D    602
     100     657       0       0       0       0     601       001010001D    603
     100       0       0       2       0                               0D    604
     102     659       0       0       0       0       0       001010001D    605
     102       0       0       1       0                               0D    606
     142     660       0       0       0       0       0       001010001D    607
     142       0       0       1       0                               0D    608
     144     661       0       0   10000       0       0       000000000D    609
     144       0       0       1       0                               0D    610
     124     662       0       0       0       0       0       001020201D    611
     124       0       0       2       0                               0D    612
     100     664       0       0       0       0     611       001010001D    613
     100       0       0       1       0                               0D    614
     124     665       0       0       0       0       0       001020201D    615
     124       0       0       2       0                               0D    616
     100     667       0       0       0       0     615       001010001D    617
     100       0       0       1       0                               0D    618
     102     668       0       0       0       0       0       001010001D    619
     102       0       0       1       0                               0D    620
     142     669       0       0       0       0       0       001010001D    621
     142       0       0       1       0                               0D    622
     124     670       0       0       0       0       0       001020201D    623
     124       0       0       2       0                               0D    624
     100     672       0       0       0       0     623       001010001D    625
     100       0       0       2       0                               0D    626
     124     674       0       0       0       0       0       001020201D    627
     124       0       0       2       0                               0D    628
     100     676       0       0       0       0     627       001010001D    629
     100       0       0       2       0                               0D    630
     102     678       0       0       0       0       0       001010001D    631
     102       0       0       1       0                               0D    632
     142     679       0       0       0       0       0       001010001D    633
     142       0       0       1       0                               0D    634
     144     680       0       0   10000       0       0       000000000D    635
     144       0       0       1       0                               0D    636
     110     681       0       0       0       0       0       001010001D    637
     110       0       0       1       0                               0D    638
     124     682       0       0       0       0       0       001020201D    639
     124       0       0       2       0                               0D    640
     100     684       0       0       0       0     639       001010001D    641
     100       0       0       1       0                               0D    642
     120     685       0       0       0       0       0       001010001D    643
     120       0       0       1       0                               0D    644
     124     686       0       0       0       0       0       001020201D    645
     124       0       0       2       0                               0D    646
     100     688       0       0       0       0     645       001010001D    647
     100       0       0       2       0                               0D    648
     124     690       0       0       0       0       0       001020201D    649
     124       0       0       2       0                               0D    650
     100     692       0       0       0       0     649       001010001D    651
     100       0       0       1       0                               0D    652
     124     693       0       0       0       0       0       001020201D    653
     124       0       0       1       0                               0D    654
     100     694       0       0       0       0     653       001010001D    655
     100       0       0       2       0                               0D    656
     124     696       0       0       0       0       0       001020201D    657
     124       0       0       2       0                               0D    658
     100     698       0       0       0       0     657       001010001D    659
     100       0       0       1       0                               0D    660
     102     699       0       0       0       0       0       001010001D    661
     102       0       0       1       0                               0D    662
     142     700       0       0       0       0       0       001010001D    663
     142       0       0       1       0                               0D    664
     144     701       0       0   10000       0       0       000000000D    665
     144       0       0       1       0                               0D    666
     110     702       0       0       0       0       0       001010001D    667
     110       0       0       1       0                               0D    668
     124     703       0       0       0       0       0       001020201D    669
     124       0       0       3       0                               0D    670
     100     706       0       0       0       0     669       001010001D    671
     100       0       0       1       0                               0D    672
     120     707       0       0       0       0       0       001010001D    673
     120       0       0       1       0                               0D    674
     124     708       0       0       0       0       0       001020201D    675
     124       0       0       2       0                               0D    676
     100     710       0       0       0       0     675       001010001D    677
     100       0       0       2       0                               0D    678
     124     712       0       0       0       0       0       001020201D    679
     124       0       0       3       0                               0D    680
     100     715       0       0       0       0     679       001010001D    681
     100       0       0       1       0                               0D    682
     124     716       0       0       0       0       0       001020201D    683
     124       0       0       2       0                               0D    684
     100     718       0       0       0       0     683       001010001D    685
     100       0       0       2       0                               0D    686
     124     720       0       0       0       0       0       001020201D    687
     124       0       0       2       0                               0D    688
     100     722       0       0       0       0     687       001010001D    689
     100       0       0       1       0                               0D    690
     102     723       0       0       0       0       0       001010001D    691
     102       0       0       1       0                               0D    692
     142     724       0       0       0       0       0       001010001D    693
     142       0       0       1       0                               0D    694
     144     725       0       0   10000       0       0       000000000D    695
     144       0       0       1       0                               0D    696
     110     726       0       0       0       0       0       001010001D    697
     110       0       0       1       0                               0D    698
     110     727       0       0       0       0       0       001010001D    699
     110       0       0       2       0                               0D    700
     120     729       0       0       0       0       0       001010001D    701
     120       0       0       1       0                               0D    702
     124     730       0       0       0       0       0       001020201D    703
     124       0       0       2       0                               0D    704
     100     732       0       0       0       0     703       001010001D    705
     100       0       0       1       0                               0D    706
     124     733       0       0       0       0       0       001020201D    707
     124       0       0       2       0                               0D    708
     100     735       0       0       0       0     707       001010001D    709
     100       0       0       1       0                               0D    710
     110     736       0       0       0       0       0       001010001D    711
     110       0       0       2       0                               0D    712
     124     738       0       0       0       0       0       001020201D    713
     124       0       0       3       0                               0D    714
     100     741       0       0       0       0     713       001010001D    715
     100       0       0       1       0                               0D    716
     124     742       0       0       0       0       0       001020201D    717
     124       0       0       2       0                               0D    718
     100     744       0       0       0       0     717       001010001D    719
     100       0       0       1       0                               0D    720
     110     745       0       0       0       0       0       001010001D    721
     110       0       0       2       0                               0D    722
     102     747       0       0       0       0       0       001010001D    723
     102       0       0       1       0                               0D    724
     142     748       0       0       0       0       0       001010001D    725
     142       0       0       1       0                               0D    726
     144     749       0       0   10000       0       0       000000000D    727
     144       0       0       1       0                               0D    728
     110     750       0       0       0       0       0       001010001D    729
     110       0       0       1       0                               0D    730
     110     751       0       0       0       0       0       001010001D    731
     110       0       0       2       0                               0D    732
     120     753       0       0       0       0       0       001010001D    733
     120       0       0       1       0                               0D    734
     124     754       0       0       0       0       0       001020201D    735
     124       0       0       2       0                               0D    736
     100     756       0       0       0       0     735       001010001D    737
     100       0       0       1       0                               0D    738
     124     757       0       0       0       0       0       001020201D    739
     124       0       0       2       0                               0D    740
     100     759       0       0       0       0     739       001010001D    741
     100       0       0       1       0                               0D    742
     110     760       0       0       0       0       0       001010001D    743
     110       0       0       2       0                               0D    744
     124     762       0       0       0       0       0       001020201D    745
     124       0       0       3       0                               0D    746
     100     765       0       0       0       0     745       001010001D    747
     100       0       0       1       0                               0D    748
     124     766       0       0       0       0       0       001020201D    749
     124       0       0       2       0                               0D    750
     100     768       0       0       0       0     749       001010001D    751
     100       0       0       1       0                               0D    752
     110     769       0       0       0       0       0       001010001D    753
     110       0       0       2       0                               0D    754
     102     771       0       0       0       0       0       001010001D    755
     102       0       0       1       0                               0D    756
     142     772       0       0       0       0       0       001010001D    757
     142       0       0       1       0                               0D    758
     144     773       0       0   10000       0       0       000000000D    759
     144       0       0       1       0                               0D    760
     110     774       0       0       0       0       0       001010001D    761
     110       0       0       1       0                               0D    762
     110     775       0       0       0       0       0       001010001D    763
     110       0       0       2       0                               0D    764
     120     777       0       0       0       0       0       001010001D    765
     120       0       0       1       0                               0D    766
     124     778       0       0       0       0       0       001020201D    767
     124       0       0       2       0                               0D    768
     100     780       0       0       0       0     767       001010001D    769
     100       0       0       1       0                               0D    770
     110     781       0       0       0       0       0       001010001D    771
     110       0       0       2       0                               0D    772
     124     783       0       0       0       0       0       001020201D    773
     124       0       0       2       0                               0D    774
     100     785       0       0       0       0     773       001010001D    775
     100       0       0       1       0                               0D    776
     124     786       0       0       0       0       0       001020201D    777
     124       0       0       2       0                               0D    778
     100     788       0       0       0       0     777       001010001D    779
     100       0       0       1       0                               0D    780
     110     789       0       0       0       0       0       001010001D    781
     110       0       0       2       0                               0D    782
     102     791       0       0       0       0       0       001010001D    783
     102       0       0       1       0                               0D    784
     142     792       0       0       0       0       0       001010001D    785
     142       0       0       1       0                               0D    786
     144     793       0       0   10000       0       0       000000000D    787
     144       0       0       1       0                               0D    788
     110     794       0       0       0       0       0       001010001D    789
     110       0       0       1       0                               0D    790
     110     795       0       0       0       0       0       001010001D    791
     110       0       0       2       0                               0D    792
     120     797       0       0       0       0       0       001010001D    793
     120       0       0       1       0                               0D    794
     124     798       0       0       0       0       0       001020201D    795
     124       0       0       2       0                               0D    796
     100     800       0       0       0       0     795       001010001D    797
     100       0       0       1       0                               0D    798
     110     801       0       0       0       0       0       001010001D    799
     110       0       0       2       0                               0D    800
     124     803       0       0       0       0       0       001020201D    801
     124       0       0       2       0                               0D    802
     100     805       0       0       0       0     801       001010001D    803
     100       0       0       1       0                               0D    804
     124     806       0       0       0       0       0       001020201D    805
     124       0       0       3       0                               0D    806
     100     809       0       0       0       0     805       001010001D    807
     100       0       0       1       0                               0D    808
     110     810       0       0       0       0       0       001010001D    809
     110       0       0       2       0                               0D    810
     102     812       0       0       0       0       0       001010001D    811
     102       0       0       1       0                               0D    812
     142     813       0       0       0       0       0       001010001D    813
     142       0       0       1       0                               0D    814
     144     814       0       0   10000       0       0       000000000D    815
     144       0       0       1       0                               0D    816
     108     815       0       0       0       0       0       001010001D    817
     108       0       0       1       0                               0D    818
     124     816       0       0       0       0       0       001020201D    819
     124       0       0       2       0                               0D    820
     100     818       0       0       0       0     819       001010001D    821
     100       0       0       2       0                               0D    822
     110     820       0       0       0       0       0       001010001D    823
     110       0       0       2       0                               0D    824
     124     822       0       0       0       0       0       001020201D    825
     124       0       0       2       0                               0D    826
     100     824       0       0       0       0     825       001010001D    827
     100       0       0       2       0                               0D    828
     110     826       0       0       0       0       0       001010001D    829
     110       0       0       2       0                               0D    830
     102     828       0       0       0       0       0       001010001D    831
     102       0       0       1       0                               0D    832
     142     829       0       0       0       0       0       001010001D    833
     142       0       0       1       0                               0D    834
     144     830       0       0   10000       0       0       000000000D    835
     144       0       0       1       0                               0D    836
     110     831       0       0       0       0       0       001010001D    837
     110       0       0       1       0                               0D    838
     110     832       0       0       0       0       0       001010001D    839
     110       0       0       2       0                               0D    840
     120     834       0       0       0       0       0       001010001D    841
     120       0       0       1       0                               0D    842
     124     835       0       0       0       0       0       001020201D    843
     124       0       0       2       0                               0D    844
     100     837       0       0       0       0     843       001010001D    845
     100       0       0       1       0                               0D    846
     124     838       0       0       0       0       0       001020201D    847
     124       0       0       1       0                               0D    848
     100     839       0       0       0       0     847       001010001D    849
     100       0       0       1       0                               0D    850
     110     840       0       0       0       0       0       001010001D    851
     110       0       0       2       0                               0D    852
     124     842       0       0       0       0       0       001020201D    853
     124       0       0       2       0                               0D    854
     100     844       0       0       0       0     853       001010001D    855
     100       0       0       1       0                               0D    856
     124     845       0       0       0       0       0       001020201D    857
     124       0       0       2       0                               0D    858
     100     847       0       0       0       0     857       001010001D    859
     100       0       0       1       0                               0D    860
     110     848       0       0       0       0       0       001010001D    861
     110       0       0       2       0                               0D    862
     102     850       0       0       0       0       0       001010001D    863
     102       0       0       1       0                               0D    864
     142     851       0       0       0       0       0       001010001D    865
     142       0       0       1       0                               0D    866
     144     852       0       0   10000       0       0       000000000D    867
     144       0       0       1       0                               0D    868
     110     853       0       0       0       0       0       001010001D    869
     110       0       0       1       0                               0D    870
     110     854       0       0       0       0       0       001010001D    871
     110       0       0       2       0                               0D    872
     120     856       0       0       0       0       0       001010001D    873
     120       0       0       1       0                               0D    874
     124     857       0       0       0       0       0       001020201D    875
     124       0       0       2       0                               0D    876
     100     859       0       0       0       0     875       001010001D    877
     100       0       0       1       0                               0D    878
     124     860       0       0       0       0       0       001020201D    879
     124       0       0       1       0                               0D    880
     100     861       0       0       0       0     879       001010001D    881
     100       0       0       1       0                               0D    882
     110     862       0       0       0       0       0       001010001D    883
     110       0       0       2       0                               0D    884
     124     864       0       0       0       0       0       001020201D    885
     124       0       0       2       0                               0D    886
     100     866       0       0       0       0     885       001010001D    887
     100       0       0       1       0                               0D    888
     124     867       0       0       0       0       0       001020201D    889
     124       0       0       2       0                               0D    890
     100     869       0       0       0       0     889       001010001D    891
     100       0       0       1       0                               0D    892
     110     870       0       0       0       0       0       001010001D    893
     110       0       0       2       0                               0D    894
     102     872       0       0       0       0       0       001010001D    895
     102       0       0       1       0                               0D    896
     142     873       0       0       0       0       0       001010001D    897
     142       0       0       1       0                               0D    898
     144     874       0       0   10000       0       0       000000000D    899
     144       0       0       1       0                               0D    900
     110     875       0       0       0       0       0       001010001D    901
     110       0       0       2       0                               0D    902
     110     877       0       0       0       0       0       001010001D    903
     110       0       0       2       0                               0D    904
     120     879       0       0       0       0       0       001010001D    905
     120       0       0       1       0                               0D    906
     124     880       0       0       0       0       0       001020201D    907
     124       0       0       2       0                               0D    908
     100     882       0       0       0       0     907       001010001D    909
     100       0       0       2       0                               0D    910
     110     884       0       0       0       0       0       001010001D    911
     110       0       0       2       0                               0D    912
     124     886       0       0       0       0       0       001020201D    913
     124       0       0       2       0                               0D    914
     100     888       0       0       0       0     913       001010001D    915
     100       0       0       2       0                               0D    916
     110     890       0       0       0       0       0       001010001D    917
     110       0       0       2       0                               0D    918
     102     892       0       0       0       0       0       001010001D    919
     102       0       0       1       0                               0D    920
     142     893       0       0       0       0       0       001010001D    921
     142       0       0       1       0                               0D    922
     144     894       0       0   10000       0       0       000000000D    923
     144       0       0       1       0                               0D    924
     110     895       0       0       0       0       0       001010001D    925
     110       0       0       2       0                               0D    926
     110     897       0       0       0       0       0       001010001D    927
     110       0       0       2       0                               0D    928
     120     899       0       0       0       0       0       001010001D    929
     120       0       0       1       0                               0D    930
     124     900       0       0       0       0       0       001020201D    931
     124       0       0       2       0                               0D    932
     100     902       0       0       0       0     931       001010001D    933
     100       0       0       2       0                               0D    934
     110     904       0       0       0       0       0       001010001D    935
     110       0       0       2       0                               0D    936
     124     906       0       0       0       0       0       001020201D    937
     124       0       0       2       0                               0D    938
     100     908       0       0       0       0     937       001010001D    939
     100       0       0       2       0                               0D    940
     110     910       0       0       0       0       0       001010001D    941
     110       0       0       2       0                               0D    942
     102     912       0       0       0       0       0       001010001D    943
     102       0       0       1       0                               0D    944
     142     913       0       0       0       0       0       001010001D    945
     142       0       0       1       0                               0D    946
     144     914       0       0   10000       0       0       000000000D    947
     144       0       0       1       0                               0D    948
     110     915       0       0       0       0       0       001010001D    949
     110       0       0       1       0                               0D    950
     110     916       0       0       0       0       0       001010001D    951
     110       0       0       2       0                               0D    952
     120     918       0       0       0       0       0       001010001D    953
     120       0       0       1       0                               0D    954
     124     919       0       0       0       0       0       001020201D    955
     124       0       0       2       0                               0D    956
     100     921       0       0       0       0     955       001010001D    957
     100       0       0       2       0                               0D    958
     110     923       0       0       0       0       0       001010001D    959
     110       0       0       2       0                               0D    960
     124     925       0       0       0       0       0       001020201D    961
     124       0       0       2       0                               0D    962
     100     927       0       0       0       0     961       001010001D    963
     100       0       0       2       0                               0D    964
     110     929       0       0       0       0       0       001010001D    965
     110       0       0       2       0                               0D    966
     102     931       0       0       0       0       0       001010001D    967
     102       0       0       1       0                               0D    968
     142     932       0       0       0       0       0       001010001D    969
     142       0       0       1       0                               0D    970
     144     933       0       0   10000       0       0       000000000D    971
     144       0       0       1       0                               0D    972
     110     934       0       0       0       0       0       001010001D    973
     110       0       0       1       0                               0D    974
     110     935       0       0       0       0       0       001010001D    975
     110       0       0       2       0                               0D    976
     120     937       0       0       0       0       0       001010001D    977
     120       0       0       1       0                               0D    978
     124     938       0       0       0       0       0       001020201D    979
     124       0       0       2       0                               0D    980
     100     940       0       0       0       0     979       001010001D    981
     100       0       0       2       0                               0D    982
     110     942       0       0       0       0       0       001010001D    983
     110       0       0       2       0                               0D    984
     124     944       0       0       0       0       0       001020201D    985
     124       0       0       2       0                               0D    986
     100     946       0       0       0       0     985       001010001D    987
     100       0       0       2       0                               0D    988
     110     948       0       0       0       0       0       001010001D    989
     110       0       0       2       0                               0D    990
     102     950       0       0       0       0       0       001010001D    991
     102       0       0       1       0                               0D    992
     142     951       0       0       0       0       0       001010001D    993
     142       0       0       1       0                               0D    994
     144     952       0       0   10000       0       0       000000000D    995
     144       0       0       1       0                               0D    996
     110     953       0       0       0       0       0       001010001D    997
     110       0       0       1       0                               0D    998
     124     954       0       0       0       0       0       001020201D    999
     124       0       0       2       0                               0D   1000
     100     956       0       0       0       0     999       001010001D   1001
     100       0       0       1       0                               0D   1002
     120     957       0       0       0       0       0       001010001D   1003
     120       0       0       1       0                               0D   1004
     124     958       0       0       0       0       0       001020201D   1005
     124       0       0       1       0                               0D   1006
     100     959       0       0       0       0    1005       001010001D   1007
     100       0       0       2       0                               0D   1008
     124     961       0       0       0       0       0       001020201D   1009
     124       0       0       3       0                               0D   1010
     100     964       0       0       0       0    1009       001010001D   1011
     100       0       0       1       0                               0D   1012
     124     965       0       0       0       0       0       001020201D   1013
     124       0       0       2       0                               0D   1014
     100     967       0       0       0       0    1013       001010001D   1015
     100       0       0       2       0                               0D   1016
     124     969       0       0       0       0       0       001020201D   1017
     124       0       0       2       0                               0D   1018
     100     971       0       0       0       0    1017       001010001D   1019
     100       0       0       1       0                               0D   1020
     102     972       0       0       0       0       0       001010001D   1021
     102       0       0       1       0                               0D   1022
     142     973       0       0       0       0       0       001010001D   1023
     142       0       0       1       0                               0D   1024
     144     974       0       0   10000       0       0       000000000D   1025
     144       0       0       1       0                               0D   1026
     110     975       0       0       0       0       0       001010001D   1027
     110       0       0       1       0                               0D   1028
     124     976       0       0       0       0       0       001020201D   1029
     124       0       0       2       0                               0D   1030
     100     978       0       0       0       0    1029       001010001D   1031
     100       0       0       1       0                               0D   1032
     120     979       0       0       0       0       0       001010001D   1033
     120       0       0       1       0                               0D   1034
     124     980       0       0       0       0       0       001020201D   1035
     124       0       0       2       0                               0D   1036
     100     982       0       0       0       0    1035       001010001D   1037
     100       0       0       2       0                               0D   1038
     124     984       0       0       0       0       0       001020201D   1039
     124       0       0       3       0                               0D   1040
     100     987       0       0       0       0    1039       001010001D   1041
     100       0       0       1       0                               0D   1042
     124     988       0       0       0       0       0       001020201D   1043
     124       0       0       1       0                               0D   1044
     100     989       0       0       0       0    1043       001010001D   1045
     100       0       0       2       0                               0D   1046
     124     991       0       0       0       0       0       001020201D   1047
     124       0       0       2       0                               0D   1048
     100     993       0       0       0       0    1047       001010001D   1049
     100       0       0       1       0                               0D   1050
     102     994       0       0       0       0       0       001010001D   1051
     102       0       0       1       0                               0D   1052
     142     995       0       0       0       0       0       001010001D   1053
     142       0       0       1       0                               0D   1054
     144     996       0       0   10000       0       0       000000000D   1055
     144       0       0       1       0                               0D   1056
     108     997       0       0       0       0       0       001010001D   1057
     108       0       0       1       0                               0D   1058
     124     998       0       0       0       0       0       001020201D   1059
     124       0       0       2       0                               0D   1060
     100    1000       0       0       0       0    1059       001010001D   1061
     100       0       0       1       0                               0D   1062
     124    1001       0       0       0       0       0       001020201D   1063
     124       0       0       2       0                               0D   1064
     100    1003       0       0       0       0    1063       001010001D   1065
     100       0       0       1       0                               0D   1066
     124    1004       0       0       0       0       0       001020201D   1067
     124       0       0       2       0                               0D   1068
     100    1006       0       0       0       0    1067       001010001D   1069
     100       0       0       1       0                               0D   1070
     124    1007       0       0       0       0       0       001020201D   1071
     124       0       0       2       0                               0D   1072
     100    1009       0       0       0       0    1071       001010001D   1073
     100       0       0       1       0                               0D   1074
     102    1010       0       0       0       0       0       001010001D   1075
     102       0       0       1       0                               0D   1076
     142    1011       0       0       0       0       0       001010001D   1077
     142       0       0       1       0                               0D   1078
     124    1012       0       0       0       0       0       001020201D   1079
     124       0       0       2       0                               0D   1080
     100    1014       0       0       0       0    1079       001010001D   1081
     100       0       0       1       0                               0D   1082
     124    1015       0       0       0       0       0       001020201D   1083
     124       0       0       2       0                               0D   1084
     100    1017       0       0       0       0    1083       001010001D   1085
     100       0       0       1       0                               0D   1086
     124    1018       0       0       0       0       0       001020201D   1087
     124       0       0       2       0                               0D   1088
     100    1020       0       0       0       0    1087       001010001D   1089
     100       0       0       1       0                               0D   1090
     124    1021       0       0       0       0       0       001020201D   1091
     124       0       0       2       0                               0D   1092
     100    1023       0       0       0       0    1091       001010001D   1093
     100       0       0       1       0                               0D   1094
     102    1024       0       0       0       0       0       001010001D   1095
     102       0       0       1       0                               0D   1096
     142    1025       0       0       0       0       0       001010001D   1097
     142       0       0       1       0                               0D   1098
     144    1026       0       0   10000       0       0       000000000D   1099
     144       0       0       1       0                               0D   1100
     124    1027       0       0       0       0       0       001020201D   1101
     124       0       0       2       0                               0D   1102
     100    1029       0       0       0       0    1101       001010001D   1103
     100       0       0       1       0                               0D   1104
     124    1030       0       0       0       0       0       001020201D   1105
     124       0       0       2       0                               0D   1106
     100    1032       0       0       0       0    1105       001010001D   1107
     100       0       0       1       0                               0D   1108
     102    1033       0       0       0       0       0       001010001D   1109
     102       0       0       1       0                               0D   1110
     142    1034       0       0       0       0       0       001010001D   1111
     142       0       0       1       0                               0D   1112
     124    1035       0       0       0       0       0       001020201D   1113
     124       0       0       2       0                               0D   1114
     100    1037       0       0       0       0    1113       001010001D   1115
     100       0       0       1       0                               0D   1116
     124    1038       0       0       0       0       0       001020201D   1117
     124       0       0       2       0                               0D   1118
     100    1040       0       0       0       0    1117       001010001D   1119
     100       0       0       1       0                               0D   1120
     124    1041       0       0       0       0       0       001020201D   1121
     124       0       0       2       0                               0D   1122
     100    1043       0       0       0       0    1121       001010001D   1123
     100       0       0       1       0                               0D   1124
     124    1044       0       0       0       0       0       001020201D   1125
     124       0       0       2       0                               0D   1126
     100    1046       0       0       0       0    1125       001010001D   1127
     100       0       0       1       0                               0D   1128
     102    1047       0       0       0       0       0       001010001D   1129
     102       0       0       1       0                               0D   1130
     142    1048       0       0       0       0       0       001010001D   1131
     142       0       0       1       0                               0D   1132
     144    1049       0       0   10000       0       0       000000000D   1133
     144       0       0       1       0                               0D   1134
     124    1050       0       0       0       0       0       001020201D   1135
     124       0       0       2       0                               0D   1136
     100    1052       0       0       0       0    1135       001010001D   1137
     100       0       0       1       0                               0D   1138
     124    1053       0       0       0       0       0       001020201D   1139
     124       0       0       2       0                               0D   1140
     100    1055       0       0       0       0    1139       001010001D   1141
     100       0       0       1       0                               0D   1142
     124    1056       0       0       0       0       0       001020201D   1143
     124       0       0       2       0                               0D   1144
     100    1058       0       0       0       0    1143       001010001D   1145
     100       0       0       1       0                               0D   1146
     124    1059       0       0       0       0       0       001020201D   1147
     124       0       0       2       0                               0D   1148
     100    1061       0       0       0       0    1147       001010001D   1149
     100       0       0       1       0                               0D   1150
     102    1062       0       0       0       0       0       001010001D   1151
     102       0       0       1       0                               0D   1152
     142    1063       0       0       0       0       0       001010001D   1153
     142       0       0       1       0                               0D   1154
     124    1064       0       0       0       0       0       001020201D   1155
     124       0       0       2       0                               0D   1156
     100    1066       0       0       0       0    1155       001010001D   1157
     100       0       0       1       0                               0D   1158
     124    1067       0       0       0       0       0       001020201D   1159
     124       0       0       2       0                               0D   1160
     100    1069       0       0       0       0    1159       001010001D   1161
     100       0       0       1       0                               0D   1162
     124    1070       0       0       0       0       0       001020201D   1163
     124       0       0       2       0                               0D   1164
     100    1072       0       0       0       0    1163       001010001D   1165
     100       0       0       1       0                               0D   1166
     124    1073       0       0       0       0       0       001020201D   1167
     124       0       0       2       0                               0D   1168
     100    1075       0       0       0       0    1167       001010001D   1169
     100       0       0       1       0                               0D   1170
     102    1076       0       0       0       0       0       001010001D   1171
     102       0       0       1       0                               0D   1172
     142    1077       0       0       0       0       0       001010001D   1173
     142       0       0       1       0                               0D   1174
     144    1078       0       0   10000       0       0       000000000D   1175
     144       0       0       1       0                               0D   1176
     124    1079       0       0       0       0       0       001020201D   1177
     124       0       0       3       0                               0D   1178
     100    1082       0       0       0       0    1177       001010001D   1179
     100       0       0       2       0                               0D   1180
     124    1084       0       0       0       0       0       001020201D   1181
     124       0       0       3       0                               0D   1182
     100    1087       0       0       0       0    1181       001010001D   1183
     100       0       0       2       0                               0D   1184
     102    1089       0       0       0       0       0       001010001D   1185
     102       0       0       1       0                               0D   1186
     142    1090       0       0       0       0       0       001010001D   1187
     142       0       0       1       0                               0D   1188
     144    1091       0       0   10000       0       0       000000000D   1189
     144       0       0       1       0                               0D   1190
     124    1092       0       0       0       0       0       001020201D   1191
     124       0       0       2       0                               0D   1192
     100    1094       0       0       0       0    1191       001010001D   1193
     100       0       0       2       0                               0D   1194
     124    1096       0       0       0       0       0       001020201D   1195
     124       0       0       2       0                               0D   1196
     100    1098       0       0       0       0    1195       001010001D   1197
     100       0       0       2       0                               0D   1198
     102    1100       0       0       0       0       0       001010001D   1199
     102       0       0       1       0                               0D   1200
     142    1101       0       0       0       0       0       001010001D   1201
     142       0       0       1       0                               0D   1202
     144    1102       0       0   10000       0       0       000000000D   1203
     144       0       0       1       0                               0D   1204
     108    1103       0       0       0       0       0       001010001D   1205
     108       0       0       1       0                               0D   1206
     124    1104       0       0       0       0       0       001020201D   1207
     124       0       0       2       0                               0D   1208
     100    1106       0       0       0       0    1207       001010001D   1209
     100       0       0       2       0                               0D   1210
     124    1108       0       0       0       0       0       001020201D   1211
     124       0       0       2       0                               0D   1212
     100    1110       0       0       0       0    1211       001010001D   1213
     100       0       0       2       0                               0D   1214
     102    1112       0       0       0       0       0       001010001D   1215
     102       0       0       1       0                               0D   1216
     142    1113       0       0       0       0       0       001010001D   1217
     142       0       0       1       0                               0D   1218
     124    1114       0       0       0       0       0       001020201D   1219
     124       0       0       2       0                               0D   1220
     100    1116       0       0       0       0    1219       001010001D   1221
     100       0       0       1       0                               0D   1222
     124    1117       0       0       0       0       0       001020201D   1223
     124       0       0       2       0                               0D   1224
     100    1119       0       0       0       0    1223       001010001D   1225
     100       0       0       1       0                               0D   1226
     124    1120       0       0       0       0       0       001020201D   1227
     124       0       0       2       0                               0D   1228
     100    1122       0       0       0       0    1227       001010001D   1229
     100       0       0       1       0                               0D   1230
     124    1123       0       0       0       0       0       001020201D   1231
     124       0       0       2       0                               0D   1232
     100    1125       0       0       0       0    1231       001010001D   1233
     100       0       0       1       0                               0D   1234
     102    1126       0       0       0       0       0       001010001D   1235
     102       0       0       1       0                               0D   1236
     142    1127       0       0       0       0       0       001010001D   1237
     142       0       0       1       0                               0D   1238
     144    1128       0       0   10000       0       0       000000000D   1239
     144       0       0       1       0                               0D   1240
     110    1129       0       0       0       0       0       001010001D   1241
     110       0       0       1       0                               0D   1242
     110    1130       0       0       0       0       0       001010001D   1243
     110       0       0       2       0                               0D   1244
     120    1132       0       0       0       0       0       001010001D   1245
     120       0       0       1       0                               0D   1246
     124    1133       0       0       0       0       0       001020201D   1247
     124       0       0       3       0                               0D   1248
     100    1136       0       0       0       0    1247       001010001D   1249
     100       0       0       1       0                               0D   1250
     124    1137       0       0       0       0       0       001020201D   1251
     124       0       0       3       0                               0D   1252
     100    1140       0       0       0       0    1251       001010001D   1253
     100       0       0       1       0                               0D   1254
     110    1141       0       0       0       0       0       001010001D   1255
     110       0       0       2       0                               0D   1256
     124    1143       0       0       0       0       0       001020201D   1257
     124       0       0       3       0                               0D   1258
     100    1146       0       0       0       0    1257       001010001D   1259
     100       0       0       1       0                               0D   1260
     124    1147       0       0       0       0       0       001020201D   1261
     124       0       0       3       0                               0D   1262
     100    1150       0       0       0       0    1261       001010001D   1263
     100       0       0       1       0                               0D   1264
     110    1151       0       0       0       0       0       001010001D   1265
     110       0       0       2       0                               0D   1266
     102    1153       0       0       0       0       0       001010001D   1267
     102       0       0       1       0                               0D   1268
     142    1154       0       0       0       0       0       001010001D   1269
     142       0       0       1       0                               0D   1270
     144    1155       0       0   10000       0       0       000000000D   1271
     144       0       0       1       0                               0D   1272
     110    1156       0       0       0       0       0       001010001D   1273
     110       0       0       1       0                               0D   1274
     110    1157       0       0       0       0       0       001010001D   1275
     110       0       0       2       0                               0D   1276
     120    1159       0       0       0       0       0       001010001D   1277
     120       0       0       1       0                               0D   1278
     124    1160       0       0       0       0       0       001020201D   1279
     124       0       0       3       0                               0D   1280
     100    1163       0       0       0       0    1279       001010001D   1281
     100       0       0       1       0                               0D   1282
     124    1164       0       0       0       0       0       001020201D   1283
     124       0       0       2       0                               0D   1284
     100    1166       0       0       0       0    1283       001010001D   1285
     100       0       0       1       0                               0D   1286
     110    1167       0       0       0       0       0       001010001D   1287
     110       0       0       2       0                               0D   1288
     124    1169       0       0       0       0       0       001020201D   1289
     124       0       0       3       0                               0D   1290
     100    1172       0       0       0       0    1289       001010001D   1291
     100       0       0       1       0                               0D   1292
     124    1173       0       0       0       0       0       001020201D   1293
     124       0       0       3       0                               0D   1294
     100    1176       0       0       0       0    1293       001010001D   1295
     100       0       0       1       0                               0D   1296
     110    1177       0       0       0       0       0       001010001D   1297
     110       0       0       2       0                               0D   1298
     102    1179       0       0       0       0       0       001010001D   1299
     102       0       0       1       0                               0D   1300
     142    1180       0       0       0       0       0       001010001D   1301
     142       0       0       1       0                               0D   1302
     144    1181       0       0   10000       0       0       000000000D   1303
     144       0       0       1       0                               0D   1304
     110    1182       0       0       0       0       0       001010001D   1305
     110       0       0       1       0                               0D   1306
     110    1183       0       0       0       0       0       001010001D   1307
     110       0       0       2       0                               0D   1308
     120    1185       0       0       0       0       0       001010001D   1309
     120       0       0       1       0                               0D   1310
     124    1186       0       0       0       0       0       001020201D   1311
     124       0       0       3       0                               0D   1312
     100    1189       0       0       0       0    1311       001010001D   1313
     100       0       0       1       0                               0D   1314
     124    1190       0       0       0       0       0       001020201D   1315
     124       0       0       2       0                               0D   1316
     100    1192       0       0       0       0    1315       001010001D   1317
     100       0       0       1       0                               0D   1318
     110    1193       0       0       0       0       0       001010001D   1319
     110       0       0       2       0                               0D   1320
     124    1195       0       0       0       0       0       001020201D   1321
     124       0       0       3       0                               0D   1322
     100    1198       0       0       0       0    1321       001010001D   1323
     100       0       0       1       0                               0D   1324
     124    1199       0       0       0       0       0       001020201D   1325
     124       0       0       3       0                               0D   1326
     100    1202       0       0       0       0    1325       001010001D   1327
     100       0       0       1       0                               0D   1328
     110    1203       0       0       0       0       0       001010001D   1329
     110       0       0       2       0                               0D   1330
     102    1205       0       0       0       0       0       001010001D   1331
     102       0       0       1       0                               0D   1332
     142    1206       0       0       0       0       0       001010001D   1333
     142       0       0       1       0                               0D   1334
     144    1207       0       0   10000       0       0       000000000D   1335
     144       0       0       1       0                               0D   1336
     110    1208       0       0       0       0       0       001010001D   1337
     110       0       0       1       0                               0D   1338
     110    1209       0       0       0       0       0       001010001D   1339
     110       0       0       2       0                               0D   1340
     120    1211       0       0       0       0       0       001010001D   1341
     120       0       0       1       0                               0D   1342
     124    1212       0       0       0       0       0       001020201D   1343
     124       0       0       3       0                               0D   1344
     100    1215       0       0       0       0    1343       001010001D   1345
     100       0       0       1       0                               0D   1346
     124    1216       0       0       0       0       0       001020201D   1347
     124       0       0       3       0                               0D   1348
     100    1219       0       0       0       0    1347       001010001D   1349
     100       0       0       1       0                               0D   1350
     110    1220       0       0       0       0       0       001010001D   1351
     110       0       0       2       0                               0D   1352
     124    1222       0       0       0       0       0       001020201D   1353
     124       0       0       3       0                               0D   1354
     100    1225       0       0       0       0    1353       001010001D   1355
     100       0       0       1       0                               0D   1356
     124    1226       0       0       0       0       0       001020201D   1357
     124       0       0       3       0                               0D   1358
     100    1229       0       0       0       0    1357       001010001D   1359
     100       0       0       1       0                               0D   1360
     110    1230       0       0       0       0       0       001010001D   1361
     110       0       0       2       0                               0D   1362
     102    1232       0       0       0       0       0       001010001D   1363
     102       0       0       1       0                               0D   1364
     142    1233       0       0       0       0       0       001010001D   1365
     142       0       0       1       0                               0D   1366
     144    1234       0       0   10000       0       0       000000000D   1367
     144       0       0       1       0                               0D   1368
     110    1235       0       0       0       0       0       001010001D   1369
     110       0       0       1       0                               0D   1370
     110    1236       0       0       0       0       0       001010001D   1371
     110       0       0       2       0                               0D   1372
     120    1238       0       0       0       0       0       001010001D   1373
     120       0       0       1       0                               0D   1374
     124    1239       0       0       0       0       0       001020201D   1375
     124       0       0       3       0                               0D   1376
     100    1242       0       0       0       0    1375       001010001D   1377
     100       0       0       1       0                               0D   1378
     124    1243       0       0       0       0       0       001020201D   1379
     124       0       0       3       0                               0D   1380
     100    1246       0       0       0       0    1379       001010001D   1381
     100       0       0       1       0                               0D   1382
     110    1247       0       0       0       0       0       001010001D   1383
     110       0       0       2       0                               0D   1384
     124    1249       0       0       0       0       0       001020201D   1385
     124       0       0       3       0                               0D   1386
     100    1252       0       0       0       0    1385       001010001D   1387
     100       0       0       1       0                               0D   1388
     124    1253       0       0       0       0       0       001020201D   1389
     124       0       0       3       0                               0D   1390
     100    1256       0       0       0       0    1389       001010001D   1391
     100       0       0       1       0                               0D   1392
     110    1257       0       0       0       0       0       001010001D   1393
     110       0       0       2       0                               0D   1394
     102    1259       0       0       0       0       0       001010001D   1395
     102       0       0       1       0                               0D   1396
     142    1260       0       0       0       0       0       001010001D   1397
     142       0       0       1       0                               0D   1398
     144    1261       0       0   10000       0       0       000000000D   1399
     144       0       0       1       0                               0D   1400
     110    1262       0       0       0       0       0       001010001D   1401
     110       0       0       1       0                               0D   1402
     110    1263       0       0       0       0       0       001010001D   1403
     110       0       0       2       0                               0D   1404
     120    1265       0       0       0       0       0       001010001D   1405
     120       0       0       1       0                               0D   1406
     124    1266       0       0       0       0       0       001020201D   1407
     124       0       0       3       0                               0D   1408
     100    1269       0       0       0       0    1407       001010001D   1409
     100       0       0       1       0                               0D   1410
     124    1270       0       0       0       0       0       001020201D   1411
     124       0       0       3       0                               0D   1412
     100    1273       0       0       0       0    1411       001010001D   1413
     100       0       0       1       0                               0D   1414
     110    1274       0       0       0       0       0       001010001D   1415
     110       0       0       2       0                               0D   1416
     124    1276       0       0       0       0       0       001020201D   1417
     124       0       0       3       0                               0D   1418
     100    1279       0       0       0       0    1417       001010001D   1419
     100       0       0       1       0                               0D   1420
     124    1280       0       0       0       0       0       001020201D   1421
     124       0       0       3       0                               0D   1422
     100    1283       0       0       0       0    1421       001010001D   1423
     100       0       0       1       0                               0D   1424
     110    1284       0       0       0       0       0       001010001D   1425
     110       0       0       2       0                               0D   1426
     102    1286       0       0       0       0       0       001010001D   1427
     102       0       0       1       0                               0D   1428
     142    1287       0       0       0       0       0       001010001D   1429
     142       0       0       1       0                               0D   1430
     144    1288       0       0   10000       0       0       000000000D   1431
     144       0       0       1       0                               0D   1432
     110    1289       0       0       0       0       0       001010001D   1433
     110       0       0       1       0                               0D   1434
     110    1290       0       0       0       0       0       001010001D   1435
     110       0       0       2       0                               0D   1436
     120    1292       0       0       0       0       0       001010001D   1437
     120       0       0       1       0                               0D   1438
     124    1293       0       0       0       0       0       001020201D   1439
     124       0       0       3       0                               0D   1440
     100    1296       0       0       0       0    1439       001010001D   1441
     100       0       0       1       0                               0D   1442
     124    1297       0       0       0       0       0       001020201D   1443
     124       0       0       3       0                               0D   1444
     100    1300       0       0       0       0    1443       001010001D   1445
     100       0       0       1       0                               0D   1446
     124    1301       0       0       0       0       0       001020201D   1447
     124       0       0       3       0                               0D   1448
     100    1304       0       0       0       0    1447       001010001D   1449
     100       0       0       1       0                               0D   1450
     110    1305       0       0       0       0       0       001010001D   1451
     110       0       0       2       0                               0D   1452
     124    1307       0       0       0       0       0       001020201D   1453
     124       0       0       3       0                               0D   1454
     100    1310       0       0       0       0    1453       001010001D   1455
     100       0       0       1       0                               0D   1456
     124    1311       0       0       0       0       0       001020201D   1457
     124       0       0       3       0                               0D   1458
     100    1314       0       0       0       0    1457       001010001D   1459
     100       0       0       1       0                               0D   1460
     110    1315       0       0       0       0       0       001010001D   1461
     110       0       0       2       0                               0D   1462
     124    1317       0       0       0       0       0       001020201D   1463
     124       0       0       3       0                               0D   1464
     100    1320       0       0       0       0    1463       001010001D   1465
     100       0       0       1       0                               0D   1466
     124    1321       0       0       0       0       0       001020201D   1467
     124       0       0       3       0                               0D   1468
     100    1324       0       0       0       0    1467       001010001D   1469
     100       0       0       1       0                               0D   1470
     102    1325       0       0       0       0       0       001010001D   1471
     102       0       0       1       0                               0D   1472
     142    1326       0       0       0       0       0       001010001D   1473
     142       0       0       1       0                               0D   1474
     144    1327       0       0   10000       0       0       000000000D   1475
     144       0       0       1       0                               0D   1476
     110    1328       0       0       0       0       0       001010001D   1477
     110       0       0       1       0                               0D   1478
     110    1329       0       0       0       0       0       001010001D   1479
     110       0       0       2       0                               0D   1480
     120    1331       0       0       0       0       0       001010001D   1481
     120       0       0       1       0                               0D   1482
     124    1332       0       0       0       0       0       001020201D   1483
     124       0       0       3       0                               0D   1484
     100    1335       0       0       0       0    1483       001010001D   1485
     100       0       0       1       0                               0D   1486
     110    1336       0       0       0       0       0       001010001D   1487
     110       0       0       2       0                               0D   1488
     124    1338       0       0       0       0       0       001020201D   1489
     124       0       0       3       0                               0D   1490
     100    1341       0       0       0       0    1489       001010001D   1491
     100       0       0       1       0                               0D   1492
     124    1342       0       0       0       0       0       001020201D   1493
     124       0       0       3       0                               0D   1494
     100    1345       0       0       0       0    1493       001010001D   1495
     100       0       0       1       0                               0D   1496
     110    1346       0       0       0       0       0       001010001D   1497
     110       0       0       2       0                               0D   1498
     124    1348       0       0       0       0       0       001020201D   1499
     124       0       0       3       0                               0D   1500
     100    1351       0       0       0       0    1499       001010001D   1501
     100       0       0       1       0                               0D   1502
     124    1352       0       0       0       0       0       001020201D   1503
     124       0       0       3       0                               0D   1504
     100    1355       0       0       0       0    1503       001010001D   1505
     100       0       0       1       0                               0D   1506
     102    1356       0       0       0       0       0       001010001D   1507
     102       0       0       1       0                               0D   1508
     142    1357       0       0       0       0       0       001010001D   1509
     142       0       0       1       0                               0D   1510
     144    1358       0       0   10000       0       0       000000000D   1511
     144       0       0       1       0                               0D   1512
     110    1359       0       0       0       0       0       001010001D   1513
     110       0       0       2       0                               0D   1514
     110    1361       0       0       0       0       0       001010001D   1515
     110       0       0       2       0                               0D   1516
     120    1363       0       0       0       0       0       001010001D   1517
     120       0       0       1       0                               0D   1518
     124    1364       0       0       0       0       0       001020201D   1519
     124       0       0       3       0                               0D   1520
     100    1367       0       0       0       0    1519       001010001D   1521
     100       0       0       2       0                               0D   1522
     124    1369       0       0       0       0       0       001020201D   1523
     124       0       0       2       0                               0D   1524
     100    1371       0       0       0       0    1523       001010001D   1525
     100       0       0       1       0                               0D   1526
     110    1372       0       0       0       0       0       001010001D   1527
     110       0       0       2       0                               0D   1528
     124    1374       0       0       0       0       0       001020201D   1529
     124       0       0       3       0                               0D   1530
     100    1377       0       0       0       0    1529       001010001D   1531
     100       0       0       1       0                               0D   1532
     124    1378       0       0       0       0       0       001020201D   1533
     124       0       0       3       0                               0D   1534
     100    1381       0       0       0       0    1533       001010001D   1535
     100       0       0       1       0                               0D   1536
     110    1382       0       0       0       0       0       001010001D   1537
     110       0       0       2       0                               0D   1538
     102    1384       0       0       0       0       0       001010001D   1539
     102       0       0       1       0                               0D   1540
     142    1385       0       0       0       0       0       001010001D   1541
     142       0       0       1       0                               0D   1542
     144    1386       0       0   10000       0       0       000000000D   1543
     144       0       0       1       0                               0D   1544
     110    1387       0       0       0       0       0       001010001D   1545
     110       0       0       2       0                               0D   1546
     110    1389       0       0       0       0       0       001010001D   1547
     110       0       0       2       0                               0D   1548
     120    1391       0       0       0       0       0       001010001D   1549
     120       0       0       1       0                               0D   1550
     124    1392       0       0       0       0       0       001020201D   1551
     124       0       0       3       0                               0D   1552
     100    1395       0       0       0       0    1551       001010001D   1553
     100       0       0       2       0                               0D   1554
     124    1397       0       0       0       0       0       001020201D   1555
     124       0       0       2       0                               0D   1556
     100    1399       0       0       0       0    1555       001010001D   1557
     100       0       0       1       0                               0D   1558
     110    1400       0       0       0       0       0       001010001D   1559
     110       0       0       2       0                               0D   1560
     124    1402       0       0       0       0       0       001020201D   1561
     124       0       0       3       0                               0D   1562
     100    1405       0       0       0       0    1561       001010001D   1563
     100       0       0       1       0                               0D   1564
     124    1406       0       0       0       0       0       001020201D   1565
     124       0       0       3       0                               0D   1566
     100    1409       0       0       0       0    1565       001010001D   1567
     100       0       0       1       0                               0D   1568
     110    1410       0       0       0       0       0       001010001D   1569
     110       0       0       2       0                               0D   1570
     102    1412       0       0       0       0       0       001010001D   1571
     102       0       0       1       0                               0D   1572
     142    1413       0       0       0       0       0       001010001D   1573
     142       0       0       1       0                               0D   1574
     144    1414       0       0   10000       0       0       000000000D   1575
     144       0       0       1       0                               0D   1576
     110    1415       0       0       0       0       0       001010001D   1577
     110       0       0       2       0                               0D   1578
     110    1417       0       0       0       0       0       001010001D   1579
     110       0       0       2       0                               0D   1580
     120    1419       0       0       0       0       0       001010001D   1581
     120       0       0       1       0                               0D   1582
     124    1420       0       0       0       0       0       001020201D   1583
     124       0       0       3       0                               0D   1584
     100    1423       0       0       0       0    1583       001010001D   1585
     100       0       0       1       0                               0D   1586
     124    1424       0       0       0       0       0       001020201D   1587
     124       0       0       2       0                               0D   1588
     100    1426       0       0       0       0    1587       001010001D   1589
     100       0       0       1       0                               0D   1590
     110    1427       0       0       0       0       0       001010001D   1591
     110       0       0       2       0                               0D   1592
     124    1429       0       0       0       0       0       001020201D   1593
     124       0       0       3       0                               0D   1594
     100    1432       0       0       0       0    1593       001010001D   1595
     100       0       0       1       0                               0D   1596
     124    1433       0       0       0       0       0       001020201D   1597
     124       0       0       3       0                               0D   1598
     100    1436       0       0       0       0    1597       001010001D   1599
     100       0       0       1       0                               0D   1600
     110    1437       0       0       0       0       0       001010001D   1601
     110       0       0       2       0                               0D   1602
     102    1439       0       0       0       0       0       001010001D   1603
     102       0       0       1       0                               0D   1604
     142    1440       0       0       0       0       0       001010001D   1605
     142       0       0       1       0                               0D   1606
     144    1441       0       0   10000       0       0       000000000D   1607
     144       0       0       1       0                               0D   1608
     110    1442       0       0       0       0       0       001010001D   1609
     110       0       0       2       0                               0D   1610
     110    1444       0       0       0       0       0       001010001D   1611
     110       0       0       2       0                               0D   1612
     120    1446       0       0       0       0       0       001010001D   1613
     120       0       0       1       0                               0D   1614
     124    1447       0       0       0       0       0       001020201D   1615
     124       0       0       3       0                               0D   1616
     100    1450       0       0       0       0    1615       001010001D   1617
     100       0       0       1       0                               0D   1618
     124    1451       0       0       0       0       0       001020201D   1619
     124       0       0       2       0                               0D   1620
     100    1453       0       0       0       0    1619       001010001D   1621
     100       0       0       1       0                               0D   1622
     110    1454       0       0       0       0       0       001010001D   1623
     110       0       0       2       0                               0D   1624
     124    1456       0       0       0       0       0       001020201D   1625
     124       0       0       3       0                               0D   1626
     100    1459       0       0       0       0    1625       001010001D   1627
     100       0       0       1       0                               0D   1628
     124    1460       0       0       0       0       0       001020201D   1629
     124       0       0       3       0                               0D   1630
     100    1463       0       0       0       0    1629       001010001D   1631
     100       0       0       1       0                               0D   1632
     110    1464       0       0       0       0       0       001010001D   1633
     110       0       0       2       0                               0D   1634
     102    1466       0       0       0       0       0       001010001D   1635
     102       0       0       1       0                               0D   1636
     142    1467       0       0       0       0       0       001010001D   1637
     142       0       0       1       0                               0D   1638
     144    1468       0       0   10000       0       0       000000000D   1639
     144       0       0       1       0                               0D   1640
     110    1469       0       0       0       0       0       001010001D   1641
     110       0       0       1       0                               0D   1642
     110    1470       0       0       0       0       0       001010001D   1643
     110       0       0       2       0                               0D   1644
     120    1472       0       0       0       0       0       001010001D   1645
     120       0       0       1       0                               0D   1646
     124    1473       0       0       0       0       0       001020201D   1647
     124       0       0       3       0                               0D   1648
     100    1476       0       0       0       0    1647       001010001D   1649
     100       0       0       1       0                               0D   1650
     124    1477       0       0       0       0       0       001020201D   1651
     124       0       0       3       0                               0D   1652
     100    1480       0       0       0       0    1651       001010001D   1653
     100       0       0       1       0                               0D   1654
     110    1481       0       0       0       0       0       001010001D   1655
     110       0       0       2       0                               0D   1656
     124    1483       0       0       0       0       0       001020201D   1657
     124       0       0       3       0                               0D   1658
     100    1486       0       0       0       0    1657       001010001D   1659
     100       0       0       1       0                               0D   1660
     124    1487       0       0       0       0       0       001020201D   1661
     124       0       0       3       0                               0D   1662
     100    1490       0       0       0       0    1661       001010001D   1663
     100       0       0       1       0                               0D   1664
     110    1491       0       0       0       0       0       001010001D   1665
     110       0       0       2       0                               0D   1666
     102    1493       0       0       0       0       0       001010001D   1667
     102       0       0       1       0                               0D   1668
     142    1494       0       0       0       0       0       001010001D   1669
     142       0       0       1       0                               0D   1670
     144    1495       0       0   10000       0       0       000000000D   1671
     144       0       0       1       0                               0D   1672
     110    1496       0       0       0       0       0       001010001D   1673
     110       0       0       1       0                               0D   1674
     110    1497       0       0       0       0       0       001010001D   1675
     110       0       0       2       0                               0D   1676
     120    1499       0       0       0       0       0       001010001D   1677
     120       0       0       1       0                               0D   1678
     124    1500       0       0       0       0       0       001020201D   1679
     124       0       0       3       0                               0D   1680
     100    1503       0       0       0       0    1679       001010001D   1681
     100       0       0       1       0                               0D   1682
     124    1504       0       0       0       0       0       001020201D   1683
     124       0       0       3       0                               0D   1684
     100    1507       0       0       0       0    1683       001010001D   1685
     100       0       0       1       0                               0D   1686
     110    1508       0       0       0       0       0       001010001D   1687
     110       0       0       2       0                               0D   1688
     124    1510       0       0       0       0       0       001020201D   1689
     124       0       0       3       0                               0D   1690
     100    1513       0       0       0       0    1689       001010001D   1691
     100       0       0       1       0                               0D   1692
     124    1514       0       0       0       0       0       001020201D   1693
     124       0       0       3       0                               0D   1694
     100    1517       0       0       0       0    1693       001010001D   1695
     100       0       0       1       0                               0D   1696
     110    1518       0       0       0       0       0       001010001D   1697
     110       0       0       2       0                               0D   1698
     102    1520       0       0       0       0       0       001010001D   1699
     102       0       0       1       0                               0D   1700
     142    1521       0       0       0       0       0       001010001D   1701
     142       0       0       1       0                               0D   1702
     144    1522       0       0   10000       0       0       000000000D   1703
     144       0       0       1       0                               0D   1704
     108    1523       0       0       0       0       0       001010001D   1705
     108       0       0       1       0                               0D   1706
     124    1524       0       0       0       0       0       001020201D   1707
     124       0       0       2       0                               0D   1708
     100    1526       0       0       0       0    1707       001010001D   1709
     100       0       0       2       0                               0D   1710
     124    1528       0       0       0       0       0       001020201D   1711
     124       0       0       3       0                               0D   1712
     100    1531       0       0       0       0    1711       001010001D   1713
     100       0       0       1       0                               0D   1714
     124    1532       0       0       0       0       0       001020201D   1715
     124       0       0       2       0                               0D   1716
     100    1534       0       0       0       0    1715       001010001D   1717
     100       0       0       1       0                               0D   1718
     124    1535       0       0       0       0       0       001020201D   1719
     124       0       0       3       0                               0D   1720
     100    1538       0       0       0       0    1719       001010001D   1721
     100       0       0       1       0                               0D   1722
     102    1539       0       0       0       0       0       001010001D   1723
     102       0       0       1       0                               0D   1724
     142    1540       0       0       0       0       0       001010001D   1725
     142       0       0       1       0                               0D   1726
     144    1541       0       0   10000       0       0       000000000D   1727
     144       0       0       1       0                               0D   1728
     124    1542       0       0       0       0       0       001020201D   1729
     124       0       0       2       0                               0D   1730
     100    1544       0       0       0       0    1729       001010001D   1731
     100       0       0       1       0                               0D   1732
     124    1545       0       0       0       0       0       001020201D   1733
     124       0       0       3       0                               0D   1734
     100    1548       0       0       0       0    1733       001010001D   1735
     100       0       0       1       0                               0D   1736
     124    1549       0       0       0       0       0       001020201D   1737
     124       0       0       2       0                               0D   1738
     100    1551       0       0       0       0    1737       001010001D   1739
     100       0       0       1       0                               0D   1740
     124    1552       0       0       0       0       0       001020201D   1741
     124       0       0       3       0                               0D   1742
     100    1555       0       0       0       0    1741       001010001D   1743
     100       0       0       1       0                               0D   1744
     102    1556       0       0       0       0       0       001010001D   1745
     102       0       0       1       0                               0D   1746
     142    1557       0       0       0       0       0       001010001D   1747
     142       0       0       1       0                               0D   1748
     144    1558       0       0   10000       0       0       000000000D   1749
     144       0       0       1       0                               0D   1750
     124    1559       0       0       0       0       0       001020201D   1751
     124       0       0       2       0                               0D   1752
     100    1561       0       0       0       0    1751       001010001D   1753
     100       0       0       1       0                               0D   1754
     124    1562       0       0       0       0       0       001020201D   1755
     124       0       0       3       0                               0D   1756
     100    1565       0       0       0       0    1755       001010001D   1757
     100       0       0       1       0                               0D   1758
     124    1566       0       0       0       0       0       001020201D   1759
     124       0       0       2       0                               0D   1760
     100    1568       0       0       0       0    1759       001010001D   1761
     100       0       0       1       0                               0D   1762
     124    1569       0       0       0       0       0       001020201D   1763
     124       0       0       3       0                               0D   1764
     100    1572       0       0       0       0    1763       001010001D   1765
     100       0       0       1       0                               0D   1766
     102    1573       0       0       0       0       0       001010001D   1767
     102       0       0       1       0                               0D   1768
     142    1574       0       0       0       0       0       001010001D   1769
     142       0       0       1       0                               0D   1770
     144    1575       0       0   10000       0       0       000000000D   1771
     144       0       0       1       0                               0D   1772
     108    1576       0       0       0       0       0       001010001D   1773
     108       0       0       1       0                               0D   1774
     124    1577       0       0       0       0       0       001020201D   1775
     124       0       0       2       0                               0D   1776
     100    1579       0       0       0       0    1775       001010001D   1777
     100       0       0       1       0                               0D   1778
     124    1580       0       0       0       0       0       001020201D   1779
     124       0       0       3       0                               0D   1780
     100    1583       0       0       0       0    1779       001010001D   1781
     100       0       0       1       0                               0D   1782
     124    1584       0       0       0       0       0       001020201D   1783
     124       0       0       3       0                               0D   1784
     100    1587       0       0       0       0    1783       001010001D   1785
     100       0       0       1       0                               0D   1786
     124    1588       0       0       0       0       0       001020201D   1787
     124       0       0       2       0                               0D   1788
     100    1590       0       0       0       0    1787       001010001D   1789
     100       0       0       1       0                               0D   1790
     124    1591       0       0       0       0       0       001020201D   1791
     124       0       0       3       0                               0D   1792
     100    1594       0       0       0       0    1791       001010001D   1793
     100       0       0       1       0                               0D   1794
     124    1595       0       0       0       0       0       001020201D   1795
     124       0       0       3       0                               0D   1796
     100    1598       0       0       0       0    1795       001010001D   1797
     100       0       0       1       0                               0D   1798
     124    1599       0       0       0       0       0       001020201D   1799
     124       0       0       2       0                               0D   1800
     100    1601       0       0       0       0    1799       001010001D   1801
     100       0       0       1       0                               0D   1802
     124    1602       0       0       0       0       0       001020201D   1803
     124       0       0       3       0                               0D   1804
     100    1605       0       0       0       0    1803       001010001D   1805
     100       0       0       1       0                               0D   1806
     102    1606       0       0       0       0       0       001010001D   1807
     102       0       0       1       0                               0D   1808
     142    1607       0       0       0       0       0       001010001D   1809
     142       0       0       1       0                               0D   1810
     144    1608       0       0   10000       0       0       000000000D   1811
     144       0       0       1       0                               0D   1812
     110    1609       0       0       0       0       0       001010001D   1813
     110       0       0       1       0                               0D   1814
     124    1610       0       0       0       0       0       001020201D   1815
     124       0       0       2       0                               0D   1816
     100    1612       0       0       0       0    1815       001010001D   1817
     100       0       0       1       0                               0D   1818
     120    1613       0       0       0       0       0       001010001D   1819
     120       0       0       1       0                               0D   1820
     126    1614       0       0       0       0       0       001010001D   1821
     126       0       0       7       0                               0D   1822
     124    1621       0       0       0       0       0       001020201D   1823
     124       0       0       2       0                               0D   1824
     100    1623       0       0       0       0    1823       001010001D   1825
     100       0       0       1       0                               0D   1826
     126    1624       0       0       0       0       0       001010001D   1827
     126       0       0       5       0                               0D   1828
     124    1629       0       0       0       0       0       001020201D   1829
     124       0       0       2       0                               0D   1830
     100    1631       0       0       0       0    1829       001010001D   1831
     100       0       0       1       0                               0D   1832
     126    1632       0       0       0       0       0       001010001D   1833
     126       0       0       6       0                               0D   1834
     124    1638       0       0       0       0       0       001020201D   1835
     124       0       0       2       0                               0D   1836
     100    1640       0       0       0       0    1835       001010001D   1837
     100       0       0       1       0                               0D   1838
     126    1641       0       0       0       0       0       001010001D   1839
     126       0       0      15       0                               0D   1840
     102    1656       0       0       0       0       0       001010001D   1841
     102       0       0       1       0                               0D   1842
     142    1657       0       0       0       0       0       001010001D   1843
     142       0       0       1       0                               0D   1844
     144    1658       0       0   10000       0       0       000000000D   1845
     144       0       0       1       0                               0D   1846
     110    1659       0       0       0       0       0       001010001D   1847
     110       0       0       1       0                               0D   1848
     124    1660       0       0       0       0       0       001020201D   1849
     124       0       0       3       0                               0D   1850
     100    1663       0       0       0       0    1849       001010001D   1851
     100       0       0       1       0                               0D   1852
     120    1664       0       0       0       0       0       001010001D   1853
     120       0       0       1       0                               0D   1854
     126    1665       0       0       0       0       0       001010001D   1855
     126       0       0       7       0                               0D   1856
     124    1672       0       0       0       0       0       001020201D   1857
     124       0       0       2       0                               0D   1858
     100    1674       0       0       0       0    1857       001010001D   1859
     100       0       0       1       0                               0D   1860
     126    1675       0       0       0       0       0       001010001D   1861
     126       0       0       5       0                               0D   1862
     124    1680       0       0       0       0       0       001020201D   1863
     124       0       0       2       0                               0D   1864
     100    1682       0       0       0       0    1863       001010001D   1865
     100       0       0       2       0                               0D   1866
     126    1684       0       0       0       0       0       001010001D   1867
     126       0       0       6       0                               0D   1868
     124    1690       0       0       0       0       0       001020201D   1869
     124       0       0       2       0                               0D   1870
     100    1692       0       0       0       0    1869       001010001D   1871
     100       0       0       1       0                               0D   1872
     126    1693       0       0       0       0       0       001010001D   1873
     126       0       0      15       0                               0D   1874
     102    1708       0       0       0       0       0       001010001D   1875
     102       0       0       1       0                               0D   1876
     142    1709       0       0       0       0       0       001010001D   1877
     142       0       0       1       0                               0D   1878
     144    1710       0       0   10000       0       0       000000000D   1879
     144       0       0       1       0                               0D   1880
     110    1711       0       0       0       0       0       001010001D   1881
     110       0       0       1       0                               0D   1882
     124    1712       0       0       0       0       0       001020201D   1883
     124       0       0       3       0                               0D   1884
     100    1715       0       0       0       0    1883       001010001D   1885
     100       0       0       1       0                               0D   1886
     120    1716       0       0       0       0       0       001010001D   1887
     120       0       0       1       0                               0D   1888
     126    1717       0       0       0       0       0       001010001D   1889
     126       0       0       8       0                               0D   1890
     124    1725       0       0       0       0       0       001020201D   1891
     124       0       0       2       0                               0D   1892
     100    1727       0       0       0       0    1891       001010001D   1893
     100       0       0       1       0                               0D   1894
     126    1728       0       0       0       0       0       001010001D   1895
     126       0       0       5       0                               0D   1896
     124    1733       0       0       0       0       0       001020201D   1897
     124       0       0       2       0                               0D   1898
     100    1735       0       0       0       0    1897       001010001D   1899
     100       0       0       2       0                               0D   1900
     126    1737       0       0       0       0       0       001010001D   1901
     126       0       0       6       0                               0D   1902
     124    1743       0       0       0       0       0       001020201D   1903
     124       0       0       2       0                               0D   1904
     100    1745       0       0       0       0    1903       001010001D   1905
     100       0       0       1       0                               0D   1906
     126    1746       0       0       0       0       0       001010001D   1907
     126       0       0      15       0                               0D   1908
     102    1761       0       0       0       0       0       001010001D   1909
     102       0       0       1       0                               0D   1910
     142    1762       0       0       0       0       0       001010001D   1911
     142       0       0       1       0                               0D   1912
     144    1763       0       0   10000       0       0       000000000D   1913
     144       0       0       1       0                               0D   1914
     110    1764       0       0       0       0       0       001010001D   1915
     110       0       0       2       0                               0D   1916
     110    1766       0       0       0       0       0       001010001D   1917
     110       0       0       2       0                               0D   1918
     120    1768       0       0       0       0       0       001010001D   1919
     120       0       0       1       0                               0D   1920
     126    1769       0       0       0       0       0       001010001D   1921
     126       0       0      15       0                               0D   1922
     124    1784       0       0       0       0       0       001020201D   1923
     124       0       0       3       0                               0D   1924
     100    1787       0       0       0       0    1923       001010001D   1925
     100       0       0       1       0                               0D   1926
     124    1788       0       0       0       0       0       001020201D   1927
     124       0       0       2       0                               0D   1928
     100    1790       0       0       0       0    1927       001010001D   1929
     100       0       0       1       0                               0D   1930
     124    1791       0       0       0       0       0       001020201D   1931
     124       0       0       2       0                               0D   1932
     100    1793       0       0       0       0    1931       001010001D   1933
     100       0       0       1       0                               0D   1934
     102    1794       0       0       0       0       0       001010001D   1935
     102       0       0       1       0                               0D   1936
     142    1795       0       0       0       0       0       001010001D   1937
     142       0       0       1       0                               0D   1938
     144    1796       0       0   10000       0       0       000000000D   1939
     144       0       0       1       0                               0D   1940
     110    1797       0       0       0       0       0       001010001D   1941
     110       0       0       2       0                               0D   1942
     110    1799       0       0       0       0       0       001010001D   1943
     110       0       0       2       0                               0D   1944
     120    1801       0       0       0       0       0       001010001D   1945
     120       0       0       1       0                               0D   1946
     126    1802       0       0       0       0       0       001010001D   1947
     126       0       0      15       0                               0D   1948
     124    1817       0       0       0       0       0       001020201D   1949
     124       0       0       3       0                               0D   1950
     100    1820       0       0       0       0    1949       001010001D   1951
     100       0       0       1       0                               0D   1952
     124    1821       0       0       0       0       0       001020201D   1953
     124       0       0       2       0                               0D   1954
     100    1823       0       0       0       0    1953       001010001D   1955
     100       0       0       1       0                               0D   1956
     124    1824       0       0       0       0       0       001020201D   1957
     124       0       0       2       0                               0D   1958
     100    1826       0       0       0       0    1957       001010001D   1959
     100       0       0       1       0                               0D   1960
     102    1827       0       0       0       0       0       001010001D   1961
     102       0       0       1       0                               0D   1962
     142    1828       0       0       0       0       0       001010001D   1963
     142       0       0       1       0                               0D   1964
     144    1829       0       0   10000       0       0       000000000D   1965
     144       0       0       1       0                               0D   1966
     110    1830       0       0       0       0       0       001010001D   1967
     110       0       0       2       0                               0D   1968
     110    1832       0       0       0       0       0       001010001D   1969
     110       0       0       2       0                               0D   1970
     120    1834       0       0       0       0       0       001010001D   1971
     120       0       0       1       0                               0D   1972
     126    1835       0       0       0       0       0       001010001D   1973
     126       0       0      15       0                               0D   1974
     124    1850       0       0       0       0       0       001020201D   1975
     124       0       0       2       0                               0D   1976
     100    1852       0       0       0       0    1975       001010001D   1977
     100       0       0       1       0                               0D   1978
     102    1853       0       0       0       0       0       001010001D   1979
     102       0       0       1       0                               0D   1980
     142    1854       0       0       0       0       0       001010001D   1981
     142       0       0       1       0                               0D   1982
     144    1855       0       0   10000       0       0       000000000D   1983
     144       0       0       1       0                               0D   1984
     124    1856       0       0       0       0       0       001020201D   1985
     124       0       0       2       0                               0D   1986
     100    1858       0       0       0       0    1985       001010001D   1987
     100       0       0       2       0                               0D   1988
     124    1860       0       0       0       0       0       001020201D   1989
     124       0       0       2       0                               0D   1990
     100    1862       0       0       0       0    1989       001010001D   1991
     100       0       0       2       0                               0D   1992
     102    1864       0       0       0       0       0       001010001D   1993
     102       0       0       1       0                               0D   1994
     142    1865       0       0       0       0       0       001010001D   1995
     142       0       0       1       0                               0D   1996
     124    1866       0       0       0       0       0       001020201D   1997
     124       0       0       3       0                               0D   1998
     100    1869       0       0       0       0    1997       001010001D   1999
     100       0       0       1       0                               0D   2000
     110    1870       0       0       0       0       0       001010001D   2001
     110       0       0       2       0                               0D   2002
     124    1872       0       0       0       0       0       001020201D   2003
     124       0       0       3       0                               0D   2004
     100    1875       0       0       0       0    2003       001010001D   2005
     100       0       0       2       0                               0D   2006
     110    1877       0       0       0       0       0       001010001D   2007
     110       0       0       2       0                               0D   2008
     102    1879       0       0       0       0       0       001010001D   2009
     102       0       0       1       0                               0D   2010
     142    1880       0       0       0       0       0       001010001D   2011
     142       0       0       1       0                               0D   2012
     126    1881       0       0       0       0       0       001010001D   2013
     126       0       0      15       0                               0D   2014
     126    1896       0       0       0       0       0       001010001D   2015
     126       0       0      15       0                               0D   2016
     126    1911       0       0       0       0       0       001010001D   2017
     126       0       0      15       0                               0D   2018
     126    1926       0       0       0       0       0       001010001D   2019
     126       0       0      14       0                               0D   2020
     102    1940       0       0       0       0       0       001010001D   2021
     102       0       0       1       0                               0D   2022
     142    1941       0       0       0       0       0       001010001D   2023
     142       0       0       1       0                               0D   2024
     124    1942       0       0       0       0       0       001020201D   2025
     124       0       0       3       0                               0D   2026
     100    1945       0       0       0       0    2025       001010001D   2027
     100       0       0       1       0                               0D   2028
     124    1946       0       0       0       0       0       001020201D   2029
     124       0       0       2       0                               0D   2030
     100    1948       0       0       0       0    2029       001010001D   2031
     100       0       0       1       0                               0D   2032
     124    1949       0       0       0       0       0       001020201D   2033
     124       0       0       3       0                               0D   2034
     100    1952       0       0       0       0    2033       001010001D   2035
     100       0       0       1       0                               0D   2036
     124    1953       0       0       0       0       0       001020201D   2037
     124       0       0       3       0                               0D   2038
     100    1956       0       0       0       0    2037       001010001D   2039
     100       0       0       1       0                               0D   2040
     126    1957       0       0       0       0       0       001010001D   2041
     126       0       0      15       0                               0D   2042
     124    1972       0       0       0       0       0       001020201D   2043
     124       0       0       3       0                               0D   2044
     100    1975       0       0       0       0    2043       001010001D   2045
     100       0       0       1       0                               0D   2046
     124    1976       0       0       0       0       0       001020201D   2047
     124       0       0       3       0                               0D   2048
     100    1979       0       0       0       0    2047       001010001D   2049
     100       0       0       1       0                               0D   2050
     124    1980       0       0       0       0       0       001020201D   2051
     124       0       0       3       0                               0D   2052
     100    1983       0       0       0       0    2051       001010001D   2053
     100       0       0       1       0                               0D   2054
     124    1984       0       0       0       0       0       001020201D   2055
     124       0       0       2       0                               0D   2056
     100    1986       0       0       0       0    2055       001010001D   2057
     100       0       0       1       0                               0D   2058
     124    1987       0       0       0       0       0       001020201D   2059
     124       0       0       3       0                               0D   2060
     100    1990       0       0       0       0    2059       001010001D   2061
     100       0       0       1       0                               0D   2062
     124    1991       0       0       0       0       0       001020201D   2063
     124       0       0       2       0                               0D   2064
     100    1993       0       0       0       0    2063       001010001D   2065
     100       0       0       1       0                               0D   2066
     124    1994       0       0       0       0       0       001020201D   2067
     124       0       0       3       0                               0D   2068
     100    1997       0       0       0       0    2067       001010001D   2069
     100       0       0       1       0                               0D   2070
     124    1998       0       0       0       0       0       001020201D   2071
     124       0       0       3       0                               0D   2072
     100    2001       0       0       0       0    2071       001010001D   2073
     100       0       0       1       0                               0D   2074
     126    2002       0       0       0       0       0       001010001D   2075
     126       0       0      13       0                               0D   2076
     124    2015       0       0       0       0       0       001020201D   2077
     124       0       0       3       0                               0D   2078
     100    2018       0       0       0       0    2077       001010001D   2079
     100       0       0       1       0                               0D   2080
     124    2019       0       0       0       0       0       001020201D   2081
     124       0       0       3       0                               0D   2082
     100    2022       0       0       0       0    2081       001010001D   2083
     100       0       0       1       0                               0D   2084
     124    2023       0       0       0       0       0       001020201D   2085
     124       0       0       3       0                               0D   2086
     100    2026       0       0       0       0    2085       001010001D   2087
     100       0       0       1       0                               0D   2088
     124    2027       0       0       0       0       0       001020201D   2089
     124       0       0       2       0                               0D   2090
     100    2029       0       0       0       0    2089       001010001D   2091
     100       0       0       1       0                               0D   2092
     124    2030       0       0       0       0       0       001020201D   2093
     124       0       0       3       0                               0D   2094
     100    2033       0       0       0       0    2093       001010001D   2095
     100       0       0       1       0                               0D   2096
     124    2034       0       0       0       0       0       001020201D   2097
     124       0       0       2       0                               0D   2098
     100    2036       0       0       0       0    2097       001010001D   2099
     100       0       0       1       0                               0D   2100
     124    2037       0       0       0       0       0       001020201D   2101
     124       0       0       3       0                               0D   2102
     100    2040       0       0       0       0    2101       001010001D   2103
     100       0       0       1       0                               0D   2104
     124    2041       0       0       0       0       0       001020201D   2105
     124       0       0       3       0                               0D   2106
     100    2044       0       0       0       0    2105       001010001D   2107
     100       0       0       1       0                               0D   2108
     126    2045       0       0       0       0       0       001010001D   2109
     126       0       0      13       0                               0D   2110
     124    2058       0       0       0       0       0       001020201D   2111
     124       0       0       2       0                               0D   2112
     100    2060       0       0       0       0    2111       001010001D   2113
     100       0       0       1       0                               0D   2114
     124    2061       0       0       0       0       0       001020201D   2115
     124       0       0       3       0                               0D   2116
     100    2064       0       0       0       0    2115       001010001D   2117
     100       0       0       1       0                               0D   2118
     102    2065       0       0       0       0       0       001010001D   2119
     102       0       0       3       0                               0D   2120
     142    2068       0       0       0       0       0       001010001D   2121
     142       0       0       1       0                               0D   2122
     126    2069       0       0       0       0       0       001010001D   2123
     126       0       0      21       0                               0D   2124
     126    2090       0       0       0       0       0       001010001D   2125
     126       0       0       9       0                               0D   2126
     126    2099       0       0       0       0       0       001010001D   2127
     126       0       0      19       0                               0D   2128
     126    2118       0       0       0       0       0       001010001D   2129
     126       0       0       9       0                               0D   2130
     102    2127       0       0       0       0       0       001010001D   2131
     102       0       0       1       0                               0D   2132
     142    2128       0       0       0       0       0       001010001D   2133
     142       0       0       1       0                               0D   2134
     126    2129       0       0       0       0       0       001010001D   2135
     126       0       0      18       0                               0D   2136
     126    2147       0       0       0       0       0       001010001D   2137
     126       0       0       9       0                               0D   2138
     126    2156       0       0       0       0       0       001010001D   2139
     126       0       0      18       0                               0D   2140
     126    2174       0       0       0       0       0       001010001D   2141
     126       0       0       9       0                               0D   2142
     102    2183       0       0       0       0       0       001010001D   2143
     102       0       0       1       0                               0D   2144
     142    2184       0       0       0       0       0       001010001D   2145
     142       0       0       1       0                               0D   2146
     144    2185       0       0   10000       0       0       000000000D   2147
     144       0       0       1       0                               0D   2148
406,1,16Hcute3-w-OSL_mech,0,0;                                         1P      1
110,-12.75,-7.361215932,4.042788506,-12.75,-7.361215932,               3P      2
3.042788506,0,0;                                                       3P      3
110,-14.82148174,-7.312322423,4.042788506,-15.42654095,                5P      4
-7.298041115,0.132,0,0;                                                5P      5
120,3,5,0.0,3.141592654,0,0;                                           7P      6
124,-0.9997215618,0.02359658529,0.0,-12.75,0.02359658529,              9P      7
0.9997215618,0.0,-7.361215932,0.0,0.0,-1.0,4.042788506,0,0;            9P      8
100,0.0,0.0,0.0,2.072058678,0.0,-2.072058678,1.775657723E-015,0,      11P      9
0;                                                                    11P     10
110,-10.67851826,-7.410109441,4.042788506,-10.07345905,               13P     11
-7.424390749,0.132,0,0;                                               13P     12
124,0.9997215618,0.02359658529,0.0,-12.75,-0.02359658529,             15P     13
0.9997215618,0.0,-7.361215932,0.0,0.0,1.0,0.132,0,0;                  15P     14
100,0.0,0.0,0.0,2.677286413,0.0,-2.677286413,2.71230133E-015,0,       17P     15
0;                                                                    17P     16
110,-15.42654095,-7.298041115,0.132,-14.82148174,-7.312322423,        19P     17
4.042788506,0,0;                                                      19P     18
102,4,11,13,17,19,0,0;                                                21P     19
142,0,7,0,21,2,0,0;                                                   23P     20
144,7,1,0,23,0,1,1;                                                   25P     21
108,0.0,0.0,1.0,4.042788506,0,0.0,2.072058678,4.042788506,1.0,0,      27P     22
0;                                                                    27P     23
124,0.9997215618,0.02359658529,0.0,-12.75,-0.02359658529,             29P     24
0.9997215618,0.0,-7.361215932,4.286453995E-016,0.0,1.0,               29P     25
4.042788506,0,0;                                                      29P     26
100,0.0,0.0,0.0,2.072058678,0.0,-2.072058678,5.334162066E-015,0,      31P     27
0;                                                                    31P     28
124,-0.9997215618,-0.02359658529,0.0,-12.75,0.02359658529,            33P     29
-0.9997215618,0.0,-7.361215932,4.286453995E-016,0.0,1.0,              33P     30
4.042788506,0,0;                                                      33P     31
100,0.0,0.0,0.0,2.072058678,0.0,-2.072058678,-5.334162066E-015,       35P     32
0,0;                                                                  35P     33
102,2,31,35,0,0;                                                      37P     34
142,0,27,0,37,2,0,0;                                                  39P     35
144,27,1,0,39,0,1,1;                                                  41P     36
110,-12.75,-7.361215932,4.042788506,-12.75,-7.361215932,              43P     37
3.042788506,0,0;                                                      43P     38
110,-10.67851826,-7.410109441,4.042788506,-10.07345905,               45P     39
-7.424390749,0.132,0,0;                                               45P     40
120,43,45,0.0,3.141592654,0,0;                                        47P     41
124,0.9997215618,-0.02359658529,0.0,-12.75,-0.02359658529,            49P     42
-0.9997215618,0.0,-7.361215932,0.0,0.0,-1.0,4.042788506,0,0;          49P     43
100,0.0,0.0,0.0,2.072058678,0.0,-2.072058678,-1.775657723E-015,       51P     44
0,0;                                                                  51P     45
110,-14.82148174,-7.312322423,4.042788506,-15.42654095,               53P     46
-7.298041115,0.132,0,0;                                               53P     47
124,-0.9997215618,-0.02359658529,0.0,-12.75,0.02359658529,            55P     48
-0.9997215618,0.0,-7.361215932,0.0,0.0,1.0,0.132,0,0;                 55P     49
100,0.0,0.0,0.0,2.677286413,0.0,-2.677286413,-2.71230133E-015,0,      57P     50
0;                                                                    57P     51
110,-10.07345905,-7.424390749,0.132,-10.67851826,-7.410109441,        59P     52
4.042788506,0,0;                                                      59P     53
102,4,51,53,57,59,0,0;                                                61P     54
142,0,47,0,61,2,0,0;                                                  63P     55
144,47,1,0,63,0,1,1;                                                  65P     56
108,0.0,0.0,1.0,0.132,0,0.0,3.631456769,0.132,1.0,0,0;                67P     57
124,-0.9997215618,-0.02359658529,0.0,-12.75,0.02359658529,            69P     58
-0.9997215618,0.0,-7.361215932,-4.188417047E-015,0.0,1.0,0.132,       69P     59
0,0;                                                                  69P     60
100,0.0,0.0,0.0,3.631456769,0.0,-3.631456769,-8.819402632E-016,       71P     61
0,0;                                                                  71P     62
124,0.9997215618,0.02359658529,0.0,-12.75,-0.02359658529,             73P     63
0.9997215618,0.0,-7.361215932,-4.188417047E-015,0.0,1.0,0.132,0,      73P     64
0;                                                                    73P     65
100,0.0,0.0,0.0,3.631456769,0.0,-3.631456769,8.819402632E-016,0,      75P     66
0;                                                                    75P     67
102,2,71,75,0,0;                                                      77P     68
142,0,67,0,77,2,0,0;                                                  79P     69
124,0.9997215618,-0.02359658529,0.0,-12.75,-0.02359658529,            81P     70
-0.9997215618,0.0,-7.361215932,-1.034922371E-012,0.0,-1.0,0.132,      81P     71
0,0;                                                                  81P     72
100,0.0,0.0,0.0,2.677286413,0.0,-2.677286413,-2.71230133E-015,0,      83P     73
0;                                                                    83P     74
124,-0.9997215618,0.02359658529,0.0,-12.75,0.02359658529,             85P     75
0.9997215618,0.0,-7.361215932,-1.034922371E-012,0.0,-1.0,0.132,       85P     76
0,0;                                                                  85P     77
100,0.0,0.0,0.0,2.677286413,0.0,-2.677286413,2.71230133E-015,0,       87P     78
0;                                                                    87P     79
102,2,83,87,0,0;                                                      89P     80
142,0,67,0,89,2,0,0;                                                  91P     81
144,67,1,1,79,91,0,1,1;                                               93P     82
110,-12.75,-7.361215932,5.6215,-12.75,-7.361215932,6.6215,0,0;        95P     83
124,0.6356512199,0.5881730414,-0.5,-20.60635312,-0.3669934029,        97P     84
-0.3395818638,-0.8660254038,-2.825348346,-0.6791637275,               97P     85
0.7339868059,-5.551115123E-017,11.88636278,0,0;                       97P     86
100,0.0,0.0,0.0,17.30711212,0.0,13.21703577,11.17345494,0,0;          99P     87
120,95,99,0.5,3.641592654,0,0;                                       101P     88
126,3,3,0,0,1,0,0.0,0.0,0.0,0.0,1.461625752,1.461625752,             103P     89
1.461625752,1.461625752,1.0,1.0,1.0,1.0,-8.201747382,                103P     90
-0.516588686,11.111,-8.48868243,-0.3259204385,11.111,                103P     91
-8.787914164,-0.1531589163,11.111,-9.096505234,4.922872343E-010,     103P     92
11.111,0.0,1.461625752,0.0,0.0,0.0,0,0;                              103P     93
126,20,5,0,0,1,0,0.0,0.0,0.0,0.0,0.0,0.0,3.273281012,                105P     94
3.273281012,3.273281012,6.49753249,6.49753249,6.49753249,            105P     95
9.019391881,9.019391881,9.019391881,10.65649471,10.65649471,         105P     96
10.65649471,12.63583659,12.63583659,12.63583659,17.20301928,         105P     97
17.20301928,17.20301928,17.20301928,17.20301928,17.20301928,1.0,     105P     98
1.0,1.0,1.0,1.0,1.0,1.0,1.0,1.0,1.0,1.0,1.0,1.0,1.0,1.0,1.0,1.0,     105P     99
1.0,1.0,1.0,1.0,-9.096505233,-6.1617378E-015,11.111,-9.14303837,     105P    100
-5.845468884E-015,10.64969509,-9.224597192,2.759755115E-008,         105P    101
10.19081612,-9.342107674,1.431583955E-007,9.737452396,               105P    102
-9.652013848,-1.410140682E-007,8.851805466,-10.1355354,              105P    103
1.389018592E-007,8.023544822,-10.42550294,3.718766581E-007,          105P    104
7.630058274,-11.04496486,-2.908646318E-007,6.990877209,              105P    105
-11.8643631,2.275007477E-007,6.572352058,-12.26676201,               105P    106
-1.017207671E-007,6.448725074,-12.95797861,6.603355552E-008,         105P    107
6.405528439,-13.60965383,-4.286667807E-008,6.588166711,              105P    108
-13.85291274,-9.643944504E-008,6.691795498,-14.35293981,             105P    109
1.165987903E-007,6.97158799,-14.77377153,-1.409754409E-007,          105P    110
7.34071707,-14.9810594,-8.194798087E-008,7.560948191,                105P    111
-15.59589699,1.890888003E-007,8.329459328,-16.00177751,              105P    112
-4.363082092E-007,9.203800125,-16.20545075,5.37282605E-008,          105P    113
9.828412851,-16.33856745,-4.973986092E-015,10.46734496,              105P    114
-16.40349477,-4.884981282E-015,11.111,0.0,17.20301928,0.0,0.0,       105P    115
0.0,0,0;                                                             105P    116
124,-0.444572252,-0.8957429948,0.0,-12.75,0.8957429948,              107P    117
-0.444572252,0.0,-7.361215932,-1.312727272E-011,0.0,1.0,11.111,      107P    118
0,0;                                                                 107P    119
100,0.0,0.0,0.0,8.218000001,0.0,6.844627247,4.548252617,0,0;         109P    120
124,-0.8660254038,-0.5,0.0,-12.75,0.5,-0.8660254038,0.0,             111P    121
-7.361215932,-1.267161925E-011,0.0,1.0,11.111,0,0;                   111P    122
100,0.0,0.0,0.0,8.218000001,0.0,7.211973494,3.939919077,0,0;         113P    123
126,4,4,0,0,1,0,0.0,0.0,0.0,0.0,0.0,12.14626,12.14626,12.14626,      115P    124
12.14626,12.14626,1.0,1.0,1.0,1.0,1.0,-20.9657118,-7.167299194,      115P    125
11.111,-20.82971083,-7.170509246,8.077483817,-19.98357744,           115P    126
-7.190480666,5.073878802,-18.44219621,-7.22686213,2.360798645,       115P    127
-16.38044563,-7.275525953,0.132,0.0,12.14626,0.0,0.0,0.0,0,0;        115P    128
124,-0.9997215618,0.02359658529,0.0,-12.75,0.02359658529,            117P    129
0.9997215618,0.0,-7.361215932,0.0,0.0,-1.0,0.132,0,0;                117P    130
100,0.0,0.0,0.0,3.631456769,0.0,-3.631456769,8.819402632E-016,0,     119P    131
0;                                                                   119P    132
126,4,4,0,0,1,0,95.82191018,95.82191018,95.82191018,95.82191018,     121P    133
95.82191018,107.9681702,107.9681702,107.9681702,107.9681702,         121P    134
107.9681702,1.0,1.0,1.0,1.0,1.0,-9.119554367,-7.446905912,0.132,     121P    135
-7.057803793,-7.495569735,2.360798645,-5.516422557,-7.531951198,     121P    136
5.073878802,-4.670289167,-7.551922618,8.077483817,-4.534288204,      121P    137
-7.55513267,11.111,95.82191018,107.9681702,0.0,0.0,0.0,0,0;          121P    138
124,0.9997215618,0.02359658529,0.0,-12.75,-0.02359658529,            123P    139
0.9997215618,0.0,-7.361215932,-1.312727272E-011,0.0,1.0,11.111,      123P    140
0,0;                                                                 123P    141
100,0.0,0.0,0.0,8.218000001,0.0,8.187273975,0.709978079,0,0;         125P    142
126,20,5,0,0,1,0,0.0,0.0,0.0,0.0,0.0,0.0,3.273281012,                127P    143
3.273281012,3.273281012,6.497532489,6.497532489,6.497532489,         127P    144
9.019391881,9.019391881,9.019391881,10.65649471,10.65649471,         127P    145
10.65649471,12.63583659,12.63583659,12.63583659,17.20301928,         127P    146
17.20301928,17.20301928,17.20301928,17.20301928,17.20301928,1.0,     127P    147
1.0,1.0,1.0,1.0,1.0,1.0,1.0,1.0,1.0,1.0,1.0,1.0,1.0,1.0,1.0,1.0,     127P    148
1.0,1.0,1.0,1.0,-4.548252617,-6.844627247,11.111,-4.571519185,       127P    149
-6.804328368,10.64969509,-4.612298572,-6.733696342,10.19081612,      127P    150
-4.671053713,-6.631929222,9.737452396,-4.826007046,-6.363542745,     127P    151
8.851805466,-5.067767582,-5.944800654,8.023544822,-5.212751146,      127P    152
-5.693681288,7.630058274,-5.522482682,-5.157211857,6.990877209,      127P    153
-5.932181354,-4.447591905,6.572352058,-6.133381093,-4.099104392,     127P    154
6.448725074,-6.47898925,-3.50049317,6.405528439,-6.804826953,        127P    155
-2.936125931,6.588166711,-6.926456452,-2.725457566,6.691795498,      127P    156
-7.176469804,-2.292421311,6.97158799,-7.386885886,-1.927970483,      127P    157
7.34071707,-7.49052977,-1.748453891,7.560948192,-7.797948333,        127P    158
-1.215988779,8.329459328,-8.000889135,-0.8644862501,9.203800125,     127P    159
-8.102725328,-0.6880998083,9.828412851,-8.169283727,                 127P    160
-0.5728173874,10.46734496,-8.201747383,-0.5165886853,11.111,0.0,     127P    161
17.20301928,0.0,0.0,0.0,0,0;                                         127P    162
102,9,103,105,109,113,115,119,121,125,127,0,0;                       129P    163
142,0,101,0,129,2,0,0;                                               131P    164
144,101,1,0,131,0,1,1;                                               133P    165
108,0.0,0.0,1.0,11.111,0,-26.0,0.0,11.111,1.0,0,0;                   135P    166
126,8,5,0,0,1,0,0.0,0.0,0.0,0.0,0.0,0.0,0.01582062788,               137P    167
0.01582062788,0.01582062788,1.461630995,1.461630995,1.461630995,     137P    168
1.461630995,1.461630995,1.461630995,1.0,1.0,1.0,1.0,1.0,1.0,1.0,     137P    169
1.0,1.0,-8.201747382,0.516588686,11.111,-8.203610852,                137P    170
0.5153504109,11.111,-8.205474744,0.5141127699,11.111,                137P    171
-8.207339056,0.5128757631,11.111,-8.37961742,0.3986502256,           137P    172
11.111,-8.555485331,0.2898425016,11.111,-8.733029957,                137P    173
0.1874981287,11.111,-8.913354041,0.09090100499,11.111,               137P    174
-9.096505234,-2.663466669E-011,11.111,0.0,1.461630995,0.0,0.0,       137P    175
0.0,0,0;                                                             137P    176
126,8,5,0,0,1,0,0.0,0.0,0.0,0.0,0.0,0.0,0.01042038665,               139P    177
0.01042038665,0.01042038665,1.461625752,1.461625752,1.461625752,     139P    178
1.461625752,1.461625752,1.461625752,1.0,1.0,1.0,1.0,1.0,1.0,1.0,     139P    179
1.0,1.0,-9.096505234,4.922862133E-010,11.111,-9.095185209,           139P    180
-0.0006551501699,11.111,-9.09386533,-0.001310596718,11.111,          139P    181
-9.092545599,-0.001966339164,11.111,-8.90745279,-0.09398617907,      139P    182
11.111,-8.725254447,-0.1918248683,11.111,-8.547160403,               139P    183
-0.2947539979,11.111,-8.372681021,-0.4030033376,11.111,              139P    184
-8.201747382,-0.516588686,11.111,0.0,1.461625752,0.0,0.0,0.0,0,      139P    185
0;                                                                   139P    186
126,8,5,0,0,1,0,0.0,0.0,0.0,0.0,0.0,0.0,0.2863514695,                141P    187
0.2863514695,0.2863514695,1.461843185,1.461843185,1.461843185,       141P    188
1.461843185,1.461843185,1.461843185,1.0,1.0,1.0,1.0,1.0,1.0,1.0,     141P    189
1.0,1.0,-8.201747383,-0.516588686,11.111,-8.204293001,               141P    190
-0.4761725616,11.111,-8.206589668,-0.4357407581,11.111,              141P    191
-8.208637379,-0.3952927578,11.111,-8.217818291,-0.1887569494,        141P    192
11.111,-8.220503033,0.01802757169,11.111,-8.218452034,               141P    193
0.1845027423,11.111,-8.212197312,0.3506778231,11.111,                141P    194
-8.201747383,0.516588686,11.111,0.0,1.461843185,0.0,0.0,0.0,0,0;     141P    195
102,3,137,139,141,0,0;                                               143P    196
142,0,135,0,143,2,0,0;                                               145P    197
144,135,1,0,145,0,1,1;                                               147P    198
110,-12.75,7.361215932,5.6215,-12.75,7.361215932,6.6215,0,0;         149P    199
124,-0.6356512199,-0.5881730414,-0.5,-4.893646884,-0.3669934029,     151P    200
-0.3395818638,0.8660254038,11.89708352,-0.6791637275,                151P    201
0.7339868059,2.775557562E-017,11.88636278,0,0;                       151P    202
100,0.0,0.0,0.0,17.30711212,0.0,13.21703577,11.17345494,0,0;         153P    203
120,149,153,0.5,3.641592654,0,0;                                     155P    204
126,3,3,0,0,1,0,0.0,0.0,0.0,0.0,1.461630995,1.461630995,             157P    205
1.461630995,1.461630995,1.0,1.0,1.0,1.0,-9.096505234,                157P    206
-4.922934282E-010,11.111,-8.787913057,0.1531594657,11.111,           157P    207
-8.488683459,0.3259197546,11.111,-8.201747382,0.516588686,           157P    208
11.111,0.0,1.461630995,0.0,0.0,0.0,0,0;                              157P    209
126,20,5,0,0,1,0,0.0,0.0,0.0,0.0,0.0,0.0,3.273281012,                159P    210
3.273281012,3.273281012,6.497532489,6.497532489,6.497532489,         159P    211
9.019391881,9.019391881,9.019391881,10.65649471,10.65649471,         159P    212
10.65649471,12.63583659,12.63583659,12.63583659,17.20301928,         159P    213
17.20301928,17.20301928,17.20301928,17.20301928,17.20301928,1.0,     159P    214
1.0,1.0,1.0,1.0,1.0,1.0,1.0,1.0,1.0,1.0,1.0,1.0,1.0,1.0,1.0,1.0,     159P    215
1.0,1.0,1.0,1.0,-8.201747383,0.5165886853,11.111,-8.178480815,       159P    216
0.5568875644,10.64969509,-8.13770138,0.6275195623,10.19081612,       159P    217
-8.078946039,0.7292865667,9.737452396,-7.923993198,0.9976733281,     159P    218
8.851805466,-7.682232178,1.416415139,8.023544822,-7.537248209,       159P    219
1.667534273,7.630058274,-7.227517822,2.204004366,6.990877209,        159P    220
-6.817818252,2.9136238,6.572352058,-6.616619083,3.262111642,         159P    221
6.448725074,-6.271010636,3.860722696,6.405528439,-5.945173122,       159P    222
4.425090044,6.588166711,-5.823543715,4.635758463,6.691795498,        159P    223
-5.573529994,5.068794505,6.97158799,-5.363114358,5.433245591,        159P    224
7.34071707,-5.259470372,5.612762123,7.560948191,-4.95205134,         159P    225
6.145226964,8.329459328,-4.749111621,6.496730118,9.203800125,        159P    226
-4.647274579,6.67311607,9.828412851,-4.580716273,6.788398545,        159P    227
10.46734496,-4.548252617,6.844627247,11.111,0.0,17.20301928,0.0,     159P    228
0.0,0.0,0,0;                                                         159P    229
124,0.9980223148,0.0628606334,0.0,-12.75,-0.0628606334,              161P    230
0.9980223148,0.0,7.361215932,-1.312727272E-011,0.0,1.0,11.111,0,     161P    231
0;                                                                   161P    232
100,0.0,0.0,0.0,8.218000001,0.0,6.844627247,4.548252617,0,0;         163P    233
124,0.8660254038,-0.5,0.0,-12.75,0.5,0.8660254038,0.0,               165P    234
7.361215932,-1.267161925E-011,0.0,1.0,11.111,0,0;                    165P    235
100,0.0,0.0,0.0,8.218000001,0.0,7.211973494,3.939919077,0,0;         167P    236
126,4,4,0,0,1,0,0.0,0.0,0.0,0.0,0.0,12.14626,12.14626,12.14626,      169P    237
12.14626,12.14626,1.0,1.0,1.0,1.0,1.0,-8.474207281,14.37927269,      169P    238
11.111,-8.544987749,14.26309743,8.077483817,-8.985350201,            169P    239
13.54031012,5.073878802,-9.787548091,12.22362555,2.360798645,        169P    240
-10.86056748,10.46242909,0.132,0.0,12.14626,0.0,0.0,0.0,0,0;         169P    241
124,0.5202960232,0.8539859766,0.0,-12.75,0.8539859766,               171P    242
-0.5202960232,0.0,7.361215932,0.0,0.0,-1.0,0.132,0,0;                171P    243
100,0.0,0.0,0.0,3.631456769,0.0,-3.631456769,2.015863459E-016,0,     173P    244
0;                                                                   173P    245
126,4,4,0,0,1,0,95.82191018,95.82191018,95.82191018,95.82191018,     175P    246
95.82191018,107.9681702,107.9681702,107.9681702,107.9681702,         175P    247
107.9681702,1.0,1.0,1.0,1.0,1.0,-14.63943252,4.260002777,0.132,      175P    248
-15.71245191,2.498806315,2.360798645,-16.5146498,1.18212174,         175P    249
5.073878802,-16.95501225,0.4593344382,8.077483817,-17.02579272,      175P    250
0.3431591758,11.111,95.82191018,107.9681702,0.0,0.0,0.0,0,0;         175P    251
124,-0.5202960232,0.8539859766,0.0,-12.75,-0.8539859766,             177P    252
-0.5202960232,0.0,7.361215932,-1.312727272E-011,0.0,1.0,11.111,      177P    253
0,0;                                                                 177P    254
100,0.0,0.0,0.0,8.218000001,0.0,8.187273975,0.709978079,0,0;         179P    255
126,20,5,0,0,1,0,0.0,0.0,0.0,0.0,0.0,0.0,4.567182688,                181P    256
4.567182688,4.567182688,6.54652457,6.54652457,6.54652457,            181P    257
8.183627395,8.183627395,8.183627395,10.70548679,10.70548679,         181P    258
10.70548679,13.92973826,13.92973826,13.92973826,17.20301928,         181P    259
17.20301928,17.20301928,17.20301928,17.20301928,17.20301928,1.0,     181P    260
1.0,1.0,1.0,1.0,1.0,1.0,1.0,1.0,1.0,1.0,1.0,1.0,1.0,1.0,1.0,1.0,     181P    261
1.0,1.0,1.0,1.0,-16.40349477,-2.220446076E-015,11.111,               181P    262
-16.33856745,-2.174917979E-015,10.46734496,-16.20545075,             181P    263
-5.372826772E-008,9.828412851,-16.00177751,4.363081999E-007,         181P    264
9.203800125,-15.59589699,-1.890888096E-007,8.329459328,              181P    265
-14.9810594,8.19479715E-008,7.560948191,-14.77377153,                181P    266
1.409754827E-007,7.34071707,-14.35293981,-1.165988438E-007,          181P    267
6.97158799,-13.85291274,9.64394707E-008,6.691795498,                 181P    268
-13.60965383,4.286669963E-008,6.588166711,-12.95797861,              181P    269
-6.603361358E-008,6.405528439,-12.26676201,1.017208332E-007,         181P    270
6.448725074,-11.8643631,-2.275005848E-007,6.572352058,               181P    271
-11.04496486,2.908644019E-007,6.990877209,-10.42550294,              181P    272
-3.71876385E-007,7.630058274,-10.1355354,-1.389020071E-007,          181P    273
8.023544822,-9.652013848,1.410141971E-007,8.851805466,               181P    274
-9.342107674,-1.431585477E-007,9.737452396,-9.224597192,             181P    275
-2.759756016E-008,10.19081612,-9.14303837,-3.155212566E-015,         181P    276
10.64969509,-9.096505233,-2.8310687E-015,11.111,0.0,17.20301928,     181P    277
0.0,0.0,0.0,0,0;                                                     181P    278
102,9,157,159,163,167,169,173,175,179,181,0,0;                       183P    279
142,0,155,0,183,2,0,0;                                               185P    280
144,155,1,0,185,0,1,1;                                               187P    281
110,0.0,0.0,5.6215,0.0,0.0,6.6215,0,0;                               189P    282
124,0.0,0.0,1.0,0.0,0.7339868059,0.6791637275,0.0,-9.071735172,      191P    283
-0.6791637275,0.7339868059,0.0,11.88636278,0,0;                      191P    284
100,0.0,0.0,0.0,17.30711212,0.0,13.21703577,11.17345494,0,0;         193P    285
120,189,193,0.5,3.641592654,0,0;                                     195P    286
124,-0.5534500628,0.8328823614,0.0,0.0,-0.8328823614,                197P    287
-0.5534500628,0.0,0.0,-1.312532733E-011,0.0,1.0,11.111,0,0;          197P    288
100,0.0,0.0,0.0,8.218000001,0.0,6.844627247,4.548252617,0,0;         199P    289
124,-4.323087952E-016,1.0,0.0,0.0,-1.0,-4.323087952E-016,0.0,        201P    290
0.0,-1.267161925E-011,0.0,1.0,11.111,0,0;                            201P    291
100,0.0,0.0,0.0,8.218000001,0.0,7.211973494,3.939919077,0,0;         203P    292
126,4,4,0,0,1,0,0.0,0.0,0.0,0.0,0.0,12.14626,12.14626,12.14626,      205P    293
12.14626,12.14626,1.0,1.0,1.0,1.0,1.0,3.939919077,-7.211973494,      205P    294
11.111,3.874698582,-7.09258818,8.077483817,3.468927643,              205P    295
-6.349829459,5.073878802,2.729744297,-4.99676342,2.360798645,        205P    296
1.741013117,-3.186903135,0.132,0.0,12.14626,0.0,0.0,0.0,0,0;         205P    297
124,0.4794255386,-0.8775825619,0.0,0.0,-0.8775825619,                207P    298
-0.4794255386,0.0,0.0,0.0,0.0,-1.0,0.132,0,0;                        207P    299
100,0.0,0.0,0.0,3.631456769,0.0,-3.631456769,0.0,0,0;                209P    300
126,4,4,0,0,1,0,95.82191018,95.82191018,95.82191018,95.82191018,     211P    301
95.82191018,107.9681702,107.9681702,107.9681702,107.9681702,         211P    302
107.9681702,1.0,1.0,1.0,1.0,1.0,-1.741013117,3.186903135,0.132,      211P    303
-2.729744297,4.99676342,2.360798645,-3.468927643,6.349829459,        211P    304
5.073878802,-3.874698582,7.09258818,8.077483817,-3.939919077,        211P    305
7.211973494,11.111,95.82191018,107.9681702,0.0,0.0,0.0,0,0;          211P    306
124,-0.4794255386,-0.8775825619,0.0,0.0,0.8775825619,                213P    307
-0.4794255386,0.0,0.0,-1.312727272E-011,0.0,1.0,11.111,0,0;          213P    308
100,0.0,0.0,0.0,8.218000001,0.0,8.187273975,0.709978079,0,0;         215P    309
126,20,5,0,0,1,0,0.0,0.0,0.0,0.0,0.0,0.0,4.567182688,                217P    310
4.567182688,4.567182688,6.54652457,6.54652457,6.54652457,            217P    311
8.183627394,8.183627394,8.183627394,10.70548679,10.70548679,         217P    312
10.70548679,13.92973826,13.92973826,13.92973826,17.20301928,         217P    313
17.20301928,17.20301928,17.20301928,17.20301928,17.20301928,1.0,     217P    314
1.0,1.0,1.0,1.0,1.0,1.0,1.0,1.0,1.0,1.0,1.0,1.0,1.0,1.0,1.0,1.0,     217P    315
1.0,1.0,1.0,1.0,-4.548252617,6.844627247,11.111,-4.580716273,        217P    316
6.788398545,10.46734496,-4.647274672,6.673116124,9.828412851,        217P    317
-4.749110865,6.496729682,9.203800125,-4.952051667,6.145227153,       217P    318
8.329459328,-5.25947023,5.612762041,7.560948191,-5.363114114,        217P    319
5.43324545,7.34071707,-5.573530196,5.068794621,6.97158799,           217P    320
-5.823543548,4.635758366,6.691795498,-5.945173047,4.425090001,       217P    321
6.588166711,-6.271010751,3.860722762,6.405528439,-6.616618907,       217P    322
3.26211154,6.448725074,-6.817818646,2.913624028,6.572352058,         217P    323
-7.227517318,2.204004075,6.990877209,-7.537248854,1.667534644,       217P    324
7.630058274,-7.682232418,1.416415278,8.023544822,-7.923992954,       217P    325
0.997673187,8.851805466,-8.078946287,0.7292867098,9.737452396,       217P    326
-8.137701428,0.6275195899,10.19081612,-8.178480815,0.5568875644,     217P    327
10.64969509,-8.201747383,0.5165886853,11.111,0.0,17.20301928,        217P    328
0.0,0.0,0.0,0,0;                                                     217P    329
126,3,3,0,0,1,0,0.0,0.0,0.0,0.0,1.461843185,1.461843185,             219P    330
1.461843185,1.461843185,1.0,1.0,1.0,1.0,-8.201747383,                219P    331
0.516588686,11.111,-8.223406627,0.1727103738,11.111,                 219P    332
-8.223406627,-0.1727103738,11.111,-8.201747383,-0.516588686,         219P    333
11.111,0.0,1.461843185,0.0,0.0,0.0,0,0;                              219P    334
126,20,5,0,0,1,0,0.0,0.0,0.0,0.0,0.0,0.0,4.567182688,                221P    335
4.567182688,4.567182688,6.546524569,6.546524569,6.546524569,         221P    336
8.183627396,8.183627396,8.183627396,10.70548679,10.70548679,         221P    337
10.70548679,13.92973827,13.92973827,13.92973827,17.20301928,         221P    338
17.20301928,17.20301928,17.20301928,17.20301928,17.20301928,1.0,     221P    339
1.0,1.0,1.0,1.0,1.0,1.0,1.0,1.0,1.0,1.0,1.0,1.0,1.0,1.0,1.0,1.0,     221P    340
1.0,1.0,1.0,1.0,-8.201747383,-0.5165886853,11.111,-8.169283727,      221P    341
-0.5728173874,10.46734496,-8.102725421,-0.6880998621,                221P    342
9.828412851,-8.000888379,-0.8644858138,9.203800125,-7.79794866,      221P    343
-1.215988968,8.329459328,-7.490529628,-1.748453809,7.560948192,      221P    344
-7.386885642,-1.927970342,7.34071707,-7.176470006,-2.292421428,      221P    345
6.97158799,-6.926456285,-2.72545747,6.691795498,-6.804826879,        221P    346
-2.936125888,6.588166711,-6.478989364,-3.500493236,6.405528439,      221P    347
-6.133380917,-4.09910429,6.448725074,-5.932181748,-4.447592132,      221P    348
6.572352058,-5.522482178,-5.157211566,6.990877209,-5.212751791,      221P    349
-5.69368166,7.630058274,-5.067767822,-5.944800793,8.023544822,       221P    350
-4.826006802,-6.363542604,8.851805466,-4.671053961,-6.631929365,     221P    351
9.737452396,-4.61229862,-6.73369637,10.19081612,-4.571519185,        221P    352
-6.804328368,10.64969509,-4.548252617,-6.844627247,11.111,0.0,       221P    353
17.20301928,0.0,0.0,0.0,0,0;                                         221P    354
102,9,199,203,205,209,211,215,217,219,221,0,0;                       223P    355
142,0,195,0,223,2,0,0;                                               225P    356
144,195,1,0,225,0,1,1;                                               227P    357
110,-8.5,0.0,14.411,-8.5,0.0,15.411,0,0;                             229P    358
110,8.884761461,0.0,11.111,8.981930257,0.0,13.89355025,0,0;          231P    359
120,229,231,0.0,3.141592654,0,0;                                     233P    360
124,-1.0,1.224646799E-016,-9.265842108E-016,-8.5,                    235P    361
1.224646799E-016,1.0,0.0,0.0,9.196106366E-016,-1.134738388E-031,     235P    362
-1.0,11.111,0,0;                                                     235P    363
100,0.0,0.0,0.0,17.38476146,0.0,-17.38476146,2.129019248E-015,0,     237P    364
0;                                                                   237P    365
110,8.884761461,0.0,11.111,8.981930257,0.0,13.89355025,0,0;          239P    366
124,1.0,0.0,9.265842108E-016,-8.5,0.0,1.0,0.0,0.0,                   241P    367
-9.144992183E-016,0.0,1.0,13.89355025,0,0;                           241P    368
100,0.0,0.0,0.0,17.48193026,0.0,-17.48193026,2.140918993E-015,0,     243P    369
0;                                                                   243P    370
110,-25.98193026,2.140918993E-015,13.89355025,-25.88476146,          245P    371
2.129019248E-015,11.111,0,0;                                         245P    372
102,4,237,239,243,245,0,0;                                           247P    373
142,0,233,0,247,2,0,0;                                               249P    374
144,233,1,0,249,0,1,1;                                               251P    375
110,-8.5,0.0,14.411,-8.5,0.0,15.411,0,0;                             253P    376
110,-25.88476146,9.849404228E-015,11.111,-25.98193026,               255P    377
9.904455588E-015,13.89355025,0,0;                                    255P    378
120,253,255,0.0,3.141592654,0,0;                                     257P    379
124,1.0,0.0,-9.265842108E-016,-8.5,0.0,-1.0,0.0,0.0,                 259P    380
-2.554473991E-015,0.0,-1.0,11.111,0,0;                               259P    381
100,0.0,0.0,0.0,17.38476146,0.0,-17.38476146,-2.129019248E-015,      261P    382
0,0;                                                                 261P    383
110,-25.88476146,2.129019248E-015,11.111,-25.98193026,               263P    384
2.140918993E-015,13.89355025,0,0;                                    263P    385
124,-1.0,-1.224646799E-016,9.265842108E-016,-8.5,                    265P    386
1.224646799E-016,-1.0,0.0,0.0,9.144992183E-016,1.134738388E-031,     265P    387
1.0,13.89355025,0,0;                                                 265P    388
100,0.0,0.0,0.0,17.48193026,0.0,-17.48193026,-2.140918993E-015,      267P    389
0,0;                                                                 267P    390
110,8.981930257,0.0,13.89355025,8.884761461,0.0,11.111,0,0;          269P    391
102,4,261,263,267,269,0,0;                                           271P    392
142,0,257,0,271,2,0,0;                                               273P    393
144,257,1,0,273,0,1,1;                                               275P    394
110,-1.5,-12.12435565,10.311,-1.5,-12.12435565,9.311,0,0;            277P    395
124,0.02359299142,-0.0004118171956,-0.9997215618,-1.557584684,       279P    396
-0.9995692994,0.01744754696,-0.02359658529,-9.684653078,             279P    397
0.01745240638,0.9998476952,-3.089976192E-018,10.311,0,0;             279P    398
100,0.0,0.0,0.0,0.8,0.0,0.0139619251,-0.7998781561,0,0;              281P    399
120,277,281,0.0,3.141592654,0,0;                                     283P    400
124,-0.02359299142,0.0004118171956,0.9997215618,-1.442415316,        285P    401
0.9995692994,-0.01744754696,0.02359658529,-14.56405823,              285P    402
0.01745240638,0.9998476952,0.0,10.311,0,0;                           285P    403
100,0.0,0.0,0.0,0.8,0.0,0.0139619251,0.7998781561,0,0;               287P    404
124,0.02359658529,0.9997215618,0.0,-1.5,-0.9997215618,               289P    405
0.02359658529,0.0,-12.12435565,0.0,0.0,1.0,11.111,0,0;               289P    406
100,0.0,0.0,0.0,2.44038207,0.0,0.05758468366,2.439702575,0,0;        291P    407
124,1.0,-7.279011189E-016,0.0,-1.5,7.279011189E-016,1.0,0.0,         293P    408
-12.12435565,0.0,0.0,1.0,11.111,0,0;                                 293P    409
100,0.0,0.0,0.0,2.44038207,0.0,-0.05758468366,2.439702575,0,0;       295P    410
124,0.0,0.02359658529,0.9997215618,-1.557584684,0.0,                 297P    411
-0.9997215618,0.02359658529,-9.684653078,1.0,0.0,0.0,10.311,0,0;     297P    412
100,0.0,0.0,0.0,0.8,0.0,0.0139619251,0.7998781561,0,0;               299P    413
124,-0.02359658529,0.9997215618,0.0,-1.5,0.9997215618,               301P    414
0.02359658529,0.0,-12.12435565,0.0,0.0,-1.0,10.32496193,0,0;         301P    415
100,0.0,0.0,0.0,1.640503914,0.0,-0.03871029053,1.640047135,0,0;      303P    416
124,1.0,1.082811705E-015,0.0,-1.5,1.082811705E-015,-1.0,0.0,         305P    417
-12.12435565,0.0,0.0,-1.0,10.32496193,0,0;                           305P    418
100,0.0,0.0,0.0,1.640503914,0.0,0.03871029053,1.640047135,0,0;       307P    419
102,6,287,291,295,299,303,307,0,0;                                   309P    420
142,0,283,0,309,2,0,0;                                               311P    421
144,283,1,0,311,0,1,1;                                               313P    422
110,-1.5,-12.12435565,10.311,-1.5,-12.12435565,9.311,0,0;            315P    423
124,-0.02359299142,0.0004118171956,0.9997215618,-1.442415316,        317P    424
0.9995692994,-0.01744754696,0.02359658529,-14.56405823,              317P    425
0.01745240638,0.9998476952,-9.757819552E-019,10.311,0,0;             317P    426
100,0.0,0.0,0.0,0.8,0.0,0.0139619251,-0.7998781561,0,0;              319P    427
120,315,319,0.0,3.141592654,0,0;                                     321P    428
124,0.02359299142,-0.0004118171956,-0.9997215618,-1.557584684,       323P    429
-0.9995692994,0.01744754696,-0.02359658529,-9.684653078,             323P    430
0.01745240638,0.9998476952,0.0,10.311,0,0;                           323P    431
100,0.0,0.0,0.0,0.8,0.0,0.0139619251,0.7998781561,0,0;               325P    432
124,-0.02359658529,-0.9997215618,0.0,-1.5,0.9997215618,              327P    433
-0.02359658529,0.0,-12.12435565,0.0,0.0,1.0,11.111,0,0;              327P    434
100,0.0,0.0,0.0,2.44038207,0.0,0.05758468366,2.439702575,0,0;        329P    435
124,-1.0,0.0,0.0,-1.5,0.0,-1.0,0.0,-12.12435565,0.0,0.0,1.0,         331P    436
11.111,0,0;                                                          331P    437
100,0.0,0.0,0.0,2.44038207,0.0,-0.05758468366,2.439702575,0,0;       333P    438
124,0.0,-0.02359658529,-0.9997215618,-1.442415316,0.0,               335P    439
0.9997215618,-0.02359658529,-14.56405823,1.0,0.0,0.0,10.311,0,0;     335P    440
100,0.0,0.0,0.0,0.8,0.0,0.0139619251,0.7998781561,0,0;               337P    441
124,0.02359658529,-0.9997215618,0.0,-1.5,-0.9997215618,              339P    442
-0.02359658529,0.0,-12.12435565,0.0,0.0,-1.0,10.32496193,0,0;        339P    443
100,0.0,0.0,0.0,1.640503914,0.0,-0.03871029053,1.640047135,0,0;      341P    444
124,-1.0,0.0,0.0,-1.5,0.0,1.0,0.0,-12.12435565,0.0,0.0,-1.0,         343P    445
10.32496193,0,0;                                                     343P    446
100,0.0,0.0,0.0,1.640503914,0.0,0.03871029053,1.640047135,0,0;       345P    447
102,6,325,329,333,337,341,345,0,0;                                   347P    448
142,0,321,0,347,2,0,0;                                               349P    449
144,321,1,0,349,0,1,1;                                               351P    450
110,-1.5,12.12435565,10.311,-1.5,12.12435565,9.311,0,0;              353P    451
124,-0.8538559104,0.0149041103,-0.5202960232,0.5840520655,           355P    452
-0.5202167796,0.009080417632,0.8539859766,13.39407674,               355P    453
0.01745240638,0.9998476952,9.540979118E-018,10.311,0,0;              355P    454
100,0.0,0.0,0.0,0.8,0.0,0.0139619251,0.7998781561,0,0;               357P    455
120,353,357,0.0,3.141592654,0,0;                                     359P    456
124,0.8538559104,-0.0149041103,0.5202960232,-3.584052065,            361P    457
0.5202167796,-0.009080417632,-0.8539859766,10.85463457,              361P    458
0.01745240638,0.9998476952,0.0,10.311,0,0;                           361P    459
100,0.0,0.0,0.0,0.8,0.0,0.0139619251,0.7998781561,0,0;               363P    460
124,-0.8539859766,0.5202960232,0.0,-1.5,-0.5202960232,               365P    461
-0.8539859766,0.0,12.12435565,0.0,0.0,1.0,11.111,0,0;                365P    462
100,0.0,0.0,0.0,2.44038207,0.0,-2.084052065,1.269721086,0,0;         367P    463
124,1.0,0.0,0.0,-1.5,0.0,1.0,0.0,12.12435565,0.0,0.0,1.0,11.111,     369P    464
0,0;                                                                 369P    465
100,0.0,0.0,0.0,2.44038207,0.0,2.084052065,1.269721086,0,0;          371P    466
124,-5.551115123E-016,-0.8539859766,0.5202960232,0.5840520655,       373P    467
-2.220446049E-015,-0.5202960232,-0.8539859766,13.39407674,1.0,       373P    468
-1.629346696E-015,0.0,10.311,0,0;                                    373P    469
100,0.0,0.0,0.0,0.8,0.0,0.0139619251,0.7998781561,0,0;               375P    470
124,0.8539859766,0.5202960232,0.0,-1.5,0.5202960232,                 377P    471
-0.8539859766,0.0,12.12435565,2.290146755E-012,0.0,-1.0,             377P    472
10.32496193,0,0;                                                     377P    473
100,0.0,0.0,0.0,1.640503914,0.0,1.400967337,0.8535476625,0,0;        379P    474
124,1.0,0.0,0.0,-1.5,0.0,-1.0,0.0,12.12435565,2.290146755E-012,      381P    475
0.0,-1.0,10.32496193,0,0;                                            381P    476
100,0.0,0.0,0.0,1.640503914,0.0,-1.400967337,0.8535476625,0,0;       383P    477
102,6,363,367,371,375,379,383,0,0;                                   385P    478
142,0,359,0,385,2,0,0;                                               387P    479
144,359,1,0,387,0,1,1;                                               389P    480
110,-1.5,12.12435565,10.311,-1.5,12.12435565,9.311,0,0;              391P    481
124,0.8538559104,-0.0149041103,0.5202960232,-3.584052065,            393P    482
0.5202167796,-0.009080417632,-0.8539859766,10.85463457,              393P    483
0.01745240638,0.9998476952,7.806255642E-018,10.311,0,0;              393P    484
100,0.0,0.0,0.0,0.8,0.0,0.0139619251,-0.7998781561,0,0;              395P    485
120,391,395,0.0,3.141592654,0,0;                                     397P    486
124,-0.8538559104,0.0149041103,-0.5202960232,0.5840520655,           399P    487
-0.5202167796,0.009080417632,0.8539859766,13.39407674,               399P    488
0.01745240638,0.9998476952,0.0,10.311,0,0;                           399P    489
100,0.0,0.0,0.0,0.8,0.0,0.0139619251,0.7998781561,0,0;               401P    490
124,0.8539859766,-0.5202960232,0.0,-1.5,0.5202960232,                403P    491
0.8539859766,0.0,12.12435565,0.0,0.0,1.0,11.111,0,0;                 403P    492
100,0.0,0.0,0.0,2.44038207,0.0,-2.084052065,1.269721086,0,0;         405P    493
124,-1.0,0.0,0.0,-1.5,0.0,-1.0,0.0,12.12435565,0.0,0.0,1.0,          407P    494
11.111,0,0;                                                          407P    495
100,0.0,0.0,0.0,2.44038207,0.0,2.084052065,1.269721086,0,0;          409P    496
124,5.551115123E-016,0.8539859766,-0.5202960232,-3.584052065,        411P    497
0.0,0.5202960232,0.8539859766,10.85463457,1.0,-4.74057447E-016,      411P    498
0.0,10.311,0,0;                                                      411P    499
100,0.0,0.0,0.0,0.8,0.0,0.0139619251,0.7998781561,0,0;               413P    500
124,-0.8539859766,-0.5202960232,0.0,-1.5,-0.5202960232,              415P    501
0.8539859766,0.0,12.12435565,2.292312379E-012,0.0,-1.0,              415P    502
10.32496193,0,0;                                                     415P    503
100,0.0,0.0,0.0,1.640503914,0.0,1.400967337,0.8535476625,0,0;        417P    504
124,-1.0,1.082811705E-015,0.0,-1.5,1.082811705E-015,1.0,0.0,         419P    505
12.12435565,2.290146755E-012,0.0,-1.0,10.32496193,0,0;               419P    506
100,0.0,0.0,0.0,1.640503914,0.0,-1.400967337,0.8535476625,0,0;       421P    507
102,6,401,405,409,413,417,421,0,0;                                   423P    508
142,0,397,0,423,2,0,0;                                               425P    509
144,397,1,0,425,0,1,1;                                               427P    510
108,0.7461057181,-0.660098579,-0.08715574275,6.403453309,0,          429P    511
1.823322071,-9.13330385,11.311,1.0,0,0;                              429P    512
110,2.539099097,-8.297858209,11.111,1.08133499,-9.945560794,         431P    513
11.111,0,0;                                                          431P    514
110,1.08133499,-9.945560794,11.111,1.094440017,-9.957155143,         433P    515
11.311,0,0;                                                          433P    516
110,1.094440017,-9.957155143,11.311,2.552204124,-8.309452557,        435P    517
11.311,0,0;                                                          435P    518
110,2.552204124,-8.309452557,11.311,2.539099097,-8.297858209,        437P    519
11.111,0,0;                                                          437P    520
102,4,431,433,435,437,0,0;                                           439P    521
142,0,429,0,439,2,0,0;                                               441P    522
144,429,1,0,441,0,1,1;                                               443P    523
110,3.512741533,-9.159264271,11.311,3.512741533,-9.159264271,        445P    524
10.311,0,0;                                                          445P    525
110,2.552204123,-8.309452557,11.311,2.539099096,-8.297858208,        447P    526
11.111,0,0;                                                          447P    527
120,445,447,0.0,3.141592654,0,0;                                     449P    528
124,0.7489557205,0.6626200485,-3.366218566E-016,3.512741533,         451P    529
-0.6626200485,0.7489557205,2.978178611E-016,-9.159264271,            451P    530
4.771403785E-010,1.68778467E-025,1.0,11.111,0,0;                     451P    531
100,0.0,0.0,0.0,1.3,0.0,-1.3,-4.821217647E-010,0,0;                  453P    532
110,2.539099097,-8.297858209,11.111,2.552204124,-8.309452557,        455P    533
11.311,0,0;                                                          455P    534
124,-0.7489557208,0.6626200482,3.366218566E-016,3.512741533,         457P    535
0.6626200482,0.7489557208,-2.978178611E-016,-9.159264271,0.0,        457P    536
1.33874626E-027,-1.0,11.311,0,0;                                     457P    537
100,0.0,0.0,0.0,1.282502267,0.0,-1.282502267,-4.85269427E-010,0,     459P    538
0;                                                                   459P    539
110,4.473278943,-10.00907599,11.311,4.48638397,-10.02067033,         461P    540
11.111,0,0;                                                          461P    541
102,4,453,455,459,461,0,0;                                           463P    542
142,0,449,0,463,2,0,0;                                               465P    543
144,449,1,0,465,0,1,1;                                               467P    544
108,-0.7461057182,0.6600985788,-0.08715574275,-10.93033444,0,        469P    545
3.74439689,-10.83292728,11.311,1.0,0,0;                              469P    546
110,3.028619864,-11.66837292,11.111,4.48638397,-10.02067033,         471P    547
11.111,0,0;                                                          471P    548
110,4.48638397,-10.02067033,11.111,4.473278943,-10.00907599,         473P    549
11.311,0,0;                                                          473P    550
110,4.473278943,-10.00907599,11.311,3.015514837,-11.65677857,        475P    551
11.311,0,0;                                                          475P    552
110,3.015514837,-11.65677857,11.311,3.028619864,-11.66837292,        477P    553
11.111,0,0;                                                          477P    554
102,4,471,473,475,477,0,0;                                           479P    555
142,0,469,0,479,2,0,0;                                               481P    556
144,469,1,0,481,0,1,1;                                               483P    557
110,2.054977427,-10.80696686,11.311,2.054977427,-10.80696686,        485P    558
10.311,0,0;                                                          485P    559
110,3.015514837,-11.65677857,11.311,3.028619864,-11.66837292,        487P    560
11.111,0,0;                                                          487P    561
120,485,487,0.0,3.141592654,0,0;                                     489P    562
124,-0.7489557208,-0.6626200482,3.366218566E-016,2.054977427,        491P    563
0.6626200482,-0.7489557208,-2.978178611E-016,-10.80696686,           491P    564
2.025593368E-011,-1.479114197E-031,1.0,11.111,0,0;                   491P    565
100,0.0,0.0,0.0,1.3,0.0,-1.3,-2.419835055E-010,0,0;                  493P    566
110,3.028619864,-11.66837292,11.111,3.015514837,-11.65677857,        495P    567
11.311,0,0;                                                          495P    568
124,0.7489557209,-0.6626200481,-3.366218566E-016,2.054977427,        497P    569
-0.6626200481,-0.7489557209,2.978178611E-016,-10.80696686,0.0,       497P    570
-8.448281213E-026,-1.0,11.311,0,0;                                   497P    571
100,0.0,0.0,0.0,1.282502267,0.0,-1.282502267,-2.41068072E-010,0,     499P    572
0;                                                                   499P    573
110,1.094440017,-9.957155143,11.311,1.08133499,-9.945560794,         501P    574
11.111,0,0;                                                          501P    575
102,4,493,495,499,501,0,0;                                           503P    576
142,0,489,0,503,2,0,0;                                               505P    577
144,489,1,0,505,0,1,1;                                               507P    578
110,-22.5,0.0,10.311,-22.5,0.0,9.311,0,0;                            509P    579
124,0.8774489018,-0.0153159275,-0.4794255386,-24.64163675,           511P    580
-0.4793525198,0.008367129326,-0.8775825619,1.169981488,              511P    581
0.01745240638,0.9998476952,-1.82145965E-017,10.311,0,0;              511P    582
100,0.0,0.0,0.0,0.8,0.0,0.0139619251,-0.7998781561,0,0;              513P    583
120,509,513,0.0,3.141592654,0,0;                                     515P    584
124,-0.8774489018,0.0153159275,0.4794255386,-20.35836325,            517P    585
0.4793525198,-0.008367129326,0.8775825619,-1.169981488,              517P    586
0.01745240638,0.9998476952,0.0,10.311,0,0;                           517P    587
100,0.0,0.0,0.0,0.8,0.0,0.0139619251,0.7998781561,0,0;               519P    588
124,0.8775825619,0.4794255386,0.0,-22.5,-0.4794255386,               521P    589
0.8775825619,0.0,0.0,0.0,0.0,1.0,11.111,0,0;                         521P    590
100,0.0,0.0,0.0,2.44038207,0.0,2.141636749,1.169981488,0,0;          523P    591
124,1.0,9.098763986E-017,0.0,-22.5,-9.098763986E-017,1.0,0.0,        525P    592
0.0,0.0,0.0,1.0,11.111,0,0;                                          525P    593
100,0.0,0.0,0.0,2.44038207,0.0,-2.141636749,1.169981488,0,0;         527P    594
124,0.0,0.8775825619,0.4794255386,-24.64163675,                      529P    595
-1.665334537E-015,-0.4794255386,0.8775825619,1.169981488,1.0,        529P    596
-7.984039073E-016,0.0,10.311,0,0;                                    529P    597
100,0.0,0.0,0.0,0.8,0.0,0.0139619251,0.7998781561,0,0;               531P    598
124,-0.8775825619,0.4794255386,0.0,-22.5,0.4794255386,               533P    599
0.8775825619,0.0,0.0,0.0,0.0,-1.0,10.32496193,0,0;                   533P    600
100,0.0,0.0,0.0,1.640503914,0.0,-1.439677628,0.7864994726,0,0;       535P    601
124,1.0,2.707029261E-016,0.0,-22.5,2.707029261E-016,-1.0,0.0,        537P    602
0.0,0.0,0.0,-1.0,10.32496193,0,0;                                    537P    603
100,0.0,0.0,0.0,1.640503914,0.0,1.439677628,0.7864994726,0,0;        539P    604
102,6,519,523,527,531,535,539,0,0;                                   541P    605
142,0,515,0,541,2,0,0;                                               543P    606
144,515,1,0,543,0,1,1;                                               545P    607
110,-22.5,0.0,10.311,-22.5,0.0,9.311,0,0;                            547P    608
124,-0.8774489018,0.0153159275,0.4794255386,-20.35836325,            549P    609
0.4793525198,-0.008367129326,0.8775825619,-1.169981488,              549P    610
0.01745240638,0.9998476952,-2.081668171E-017,10.311,0,0;             549P    611
100,0.0,0.0,0.0,0.8,0.0,0.0139619251,-0.7998781561,0,0;              551P    612
120,547,551,0.0,3.141592654,0,0;                                     553P    613
124,0.8774489018,-0.0153159275,-0.4794255386,-24.64163675,           555P    614
-0.4793525198,0.008367129326,-0.8775825619,1.169981488,              555P    615
0.01745240638,0.9998476952,0.0,10.311,0,0;                           555P    616
100,0.0,0.0,0.0,0.8,0.0,0.0139619251,0.7998781561,0,0;               557P    617
124,-0.8775825619,-0.4794255386,0.0,-22.5,0.4794255386,              559P    618
-0.8775825619,0.0,0.0,0.0,0.0,1.0,11.111,0,0;                        559P    619
100,0.0,0.0,0.0,2.44038207,0.0,2.141636749,1.169981488,0,0;          561P    620
124,-1.0,3.639505594E-016,0.0,-22.5,-3.639505594E-016,-1.0,0.0,      563P    621
0.0,0.0,0.0,1.0,11.111,0,0;                                          563P    622
100,0.0,0.0,0.0,2.44038207,0.0,-2.141636749,1.169981488,0,0;         565P    623
124,4.440892099E-015,-0.8775825619,-0.4794255386,-20.35836325,       567P    624
-2.775557562E-016,0.4794255386,-0.8775825619,-1.169981488,1.0,       567P    625
4.030316783E-015,0.0,10.311,0,0;                                     567P    626
100,0.0,0.0,0.0,0.8,0.0,0.0139619251,0.7998781561,0,0;               569P    627
124,0.8775825619,-0.4794255386,0.0,-22.5,-0.4794255386,              571P    628
-0.8775825619,0.0,0.0,0.0,0.0,-1.0,10.32496193,0,0;                  571P    629
100,0.0,0.0,0.0,1.640503914,0.0,-1.439677628,0.7864994726,0,0;       573P    630
124,-1.0,5.414058523E-016,0.0,-22.5,5.414058523E-016,1.0,0.0,        575P    631
0.0,1.082811705E-015,0.0,-1.0,10.32496193,0,0;                       575P    632
100,0.0,0.0,0.0,1.640503914,0.0,1.439677628,0.7864994726,0,0;        577P    633
102,6,557,561,565,569,573,577,0,0;                                   579P    634
142,0,553,0,579,2,0,0;                                               581P    635
144,553,1,0,581,0,1,1;                                               583P    636
124,0.5202960232,-0.8539859766,0.0,-12.75,0.8539859766,              585P    637
0.5202960232,0.0,7.361215932,-4.188417047E-015,0.0,1.0,0.132,0,      585P    638
0;                                                                   585P    639
100,0.0,0.0,0.0,3.631456769,0.0,-3.631456769,-2.015863459E-016,      587P    640
0,0;                                                                 587P    641
124,-0.5202960232,0.8539859766,0.0,-12.75,-0.8539859766,             589P    642
-0.5202960232,0.0,7.361215932,-4.188417047E-015,0.0,1.0,0.132,0,     589P    643
0;                                                                   589P    644
100,0.0,0.0,0.0,3.631456769,0.0,-3.631456769,2.015863459E-016,0,     591P    645
0;                                                                   591P    646
102,2,587,591,0,0;                                                   593P    647
142,0,67,0,593,2,0,0;                                                595P    648
124,-0.5202960232,-0.8539859766,0.0,-12.75,-0.8539859766,            597P    649
0.5202960232,0.0,7.361215932,-1.034922371E-012,0.0,-1.0,0.132,0,     597P    650
0;                                                                   597P    651
100,0.0,0.0,0.0,2.677286413,0.0,-2.677286413,-4.012719776E-015,      599P    652
0,0;                                                                 599P    653
124,0.5202960232,0.8539859766,0.0,-12.75,0.8539859766,               601P    654
-0.5202960232,0.0,7.361215932,-1.034922371E-012,0.0,-1.0,0.132,      601P    655
0,0;                                                                 601P    656
100,0.0,0.0,0.0,2.677286413,0.0,-2.677286413,4.012719776E-015,0,     603P    657
0;                                                                   603P    658
102,2,599,603,0,0;                                                   605P    659
142,0,67,0,605,2,0,0;                                                607P    660
144,67,1,1,595,607,0,1,1;                                            609P    661
124,0.4794255386,0.8775825619,0.0,0.0,-0.8775825619,                 611P    662
0.4794255386,0.0,0.0,-4.188417047E-015,0.0,1.0,0.132,0,0;            611P    663
100,0.0,0.0,0.0,3.631456769,0.0,-3.631456769,0.0,0,0;                613P    664
124,-0.4794255386,-0.8775825619,0.0,0.0,0.8775825619,                615P    665
-0.4794255386,0.0,0.0,-4.188417047E-015,0.0,1.0,0.132,0,0;           615P    666
100,0.0,0.0,0.0,3.631456769,0.0,-3.631456769,0.0,0,0;                617P    667
102,2,613,617,0,0;                                                   619P    668
142,0,67,0,619,2,0,0;                                                621P    669
124,-0.4794255386,0.8775825619,0.0,0.0,0.8775825619,                 623P    670
0.4794255386,0.0,0.0,-1.034922371E-012,0.0,-1.0,0.132,0,0;           623P    671
100,0.0,0.0,0.0,2.677286413,0.0,-2.677286413,-2.823765768E-015,      625P    672
0,0;                                                                 625P    673
124,0.4794255386,-0.8775825619,0.0,0.0,-0.8775825619,                627P    674
-0.4794255386,0.0,0.0,-1.034922371E-012,0.0,-1.0,0.132,0,0;          627P    675
100,0.0,0.0,0.0,2.677286413,0.0,-2.677286413,2.823765768E-015,0,     629P    676
0;                                                                   629P    677
102,2,625,629,0,0;                                                   631P    678
142,0,67,0,631,2,0,0;                                                633P    679
144,67,1,1,621,633,0,1,1;                                            635P    680
110,-8.5,0.0,13.911,-8.5,0.0,14.911,0,0;                             637P    681
124,0.999390827,0.0348994967,0.0,8.482234843,0.0,0.0,-1.0,0.0,       639P    682
-0.0348994967,0.999390827,0.0,13.911,0,0;                            639P    683
100,0.0,0.0,0.0,0.5,0.0,0.4996954135,0.01744974835,0,0;              641P    684
120,637,641,0.0,3.141592654,0,0;                                     643P    685
124,-1.0,1.224646799E-016,0.0,-8.5,1.224646799E-016,1.0,0.0,0.0,     645P    686
-3.962829946E-014,0.0,-1.0,13.89355025,0,0;                          645P    687
100,0.0,0.0,0.0,17.48193026,0.0,-17.48193026,2.140918993E-015,0,     647P    688
0;                                                                   647P    689
124,0.999390827,0.0348994967,0.0,8.482234843,0.0,0.0,-1.0,0.0,       649P    690
-0.0348994967,0.999390827,0.0,13.911,0,0;                            649P    691
100,0.0,0.0,0.0,0.5,0.0,0.4996954135,0.01744974835,0,0;              651P    692
124,1.0,0.0,0.0,-8.5,0.0,1.0,0.0,0.0,0.0,0.0,1.0,13.911,0,0;         653P    693
100,0.0,0.0,0.0,17.48223484,0.0,-17.48223484,2.140956294E-015,0,     655P    694
0;                                                                   655P    695
124,-1.0,0.0,-1.224646799E-016,-25.48223484,1.224646799E-016,        657P    696
0.0,-1.0,2.079723954E-015,0.0,-1.0,0.0,13.911,0,0;                   657P    697
100,0.0,0.0,0.0,0.5,0.0,0.4996954135,0.01744974835,0,0;              659P    698
102,4,647,651,655,659,0,0;                                           661P    699
142,0,643,0,661,2,0,0;                                               663P    700
144,643,1,0,663,0,1,1;                                               665P    701
110,-8.5,0.0,13.911,-8.5,0.0,14.911,0,0;                             667P    702
124,-0.999390827,-0.0348994967,1.224646799E-016,-25.48223484,        669P    703
1.223900777E-016,4.273955693E-018,1.0,2.079723954E-015,              669P    704
-0.0348994967,0.999390827,-4.622231867E-033,13.911,0,0;              669P    705
100,0.0,0.0,0.0,0.5,0.0,0.4996954135,-0.01744974835,0,0;             671P    706
120,667,671,0.0,3.141592654,0,0;                                     673P    707
124,1.0,0.0,0.0,-8.5,0.0,-1.0,0.0,0.0,-4.14572979E-014,0.0,-1.0,     675P    708
13.89355025,0,0;                                                     675P    709
100,0.0,0.0,0.0,17.48193026,0.0,-17.48193026,-2.140918993E-015,      677P    710
0,0;                                                                 677P    711
124,-0.999390827,-0.0348994967,1.224646799E-016,-25.48223484,        679P    712
1.223900777E-016,4.273955693E-018,1.0,2.079723954E-015,              679P    713
-0.0348994967,0.999390827,0.0,13.911,0,0;                            679P    714
100,0.0,0.0,0.0,0.5,0.0,0.4996954135,0.01744974835,0,0;              681P    715
124,-1.0,-1.224646799E-016,0.0,-8.5,1.224646799E-016,-1.0,0.0,       683P    716
0.0,0.0,0.0,1.0,13.911,0,0;                                          683P    717
100,0.0,0.0,0.0,17.48223484,0.0,-17.48223484,-2.140956294E-015,      685P    718
0,0;                                                                 685P    719
124,1.0,0.0,2.449293598E-016,8.482234843,8.318895817E-015,0.0,       687P    720
1.0,-4.159447909E-015,0.0,-1.0,0.0,13.911,0,0;                       687P    721
100,0.0,0.0,0.0,0.5,0.0,0.4996954135,0.01744974835,0,0;              689P    722
102,4,677,681,685,689,0,0;                                           691P    723
142,0,673,0,691,2,0,0;                                               693P    724
144,673,1,0,693,0,1,1;                                               695P    725
110,-1.5,-12.12435565,-0.589,-1.5,-12.12435565,0.411,0,0;            697P    726
110,-1.465784951,-13.57395192,-0.589,-1.461289709,-13.76440279,      699P    727
10.32496193,0,0;                                                     699P    728
120,697,699,0.0,3.141592654,0,0;                                     701P    729
124,-0.02359658529,0.9997215618,0.0,-1.5,0.9997215618,               703P    730
0.02359658529,0.0,-12.12435565,0.0,0.0,-1.0,-0.589,0,0;              703P    731
100,0.0,0.0,0.0,1.45,0.0,-0.03421504867,1.449596265,0,0;             705P    732
124,1.0,1.225073682E-015,0.0,-1.5,1.225073682E-015,-1.0,0.0,         707P    733
-12.12435565,0.0,0.0,-1.0,-0.589,0,0;                                707P    734
100,0.0,0.0,0.0,1.45,0.0,0.03421504867,1.449596265,0,0;              709P    735
110,-1.465784951,-13.57395192,-0.589,-1.461289709,-13.76440279,      711P    736
10.32496193,0,0;                                                     711P    737
124,0.02359658529,0.9997215618,0.0,-1.5,-0.9997215618,               713P    738
0.02359658529,0.0,-12.12435565,-2.290146755E-012,0.0,1.0,            713P    739
10.32496193,0,0;                                                     713P    740
100,0.0,0.0,0.0,1.640503914,0.0,0.03871029052,1.640047135,0,0;       715P    741
124,1.0,-1.082811705E-015,0.0,-1.5,1.082811705E-015,1.0,0.0,         717P    742
-12.12435565,-2.290146755E-012,0.0,1.0,10.32496193,0,0;              717P    743
100,0.0,0.0,0.0,1.640503914,0.0,-0.03871029052,1.640047135,0,0;      719P    744
110,-1.538710291,-10.48430852,10.32496193,-1.534215049,              721P    745
-10.67475939,-0.589,0,0;                                             721P    746
102,6,705,709,711,715,719,721,0,0;                                   723P    747
142,0,701,0,723,2,0,0;                                               725P    748
144,701,1,0,725,0,1,1;                                               727P    749
110,-1.5,-12.12435565,-0.589,-1.5,-12.12435565,0.411,0,0;            729P    750
110,-1.534215049,-10.67475939,-0.589,-1.538710291,-10.48430852,      731P    751
10.32496193,0,0;                                                     731P    752
120,729,731,0.0,3.141592654,0,0;                                     733P    753
124,0.02359658529,-0.9997215618,0.0,-1.5,-0.9997215618,              735P    754
-0.02359658529,0.0,-12.12435565,0.0,0.0,-1.0,-0.589,0,0;             735P    755
100,0.0,0.0,0.0,1.45,0.0,-0.03421504867,1.449596265,0,0;             737P    756
124,-1.0,0.0,0.0,-1.5,0.0,1.0,0.0,-12.12435565,0.0,0.0,-1.0,         739P    757
-0.589,0,0;                                                          739P    758
100,0.0,0.0,0.0,1.45,0.0,0.03421504867,1.449596265,0,0;              741P    759
110,-1.534215049,-10.67475939,-0.589,-1.538710291,-10.48430852,      743P    760
10.32496193,0,0;                                                     743P    761
124,-0.02359658529,-0.9997215618,0.0,-1.5,0.9997215618,              745P    762
-0.02359658529,0.0,-12.12435565,-2.290146755E-012,0.0,1.0,           745P    763
10.32496193,0,0;                                                     745P    764
100,0.0,0.0,0.0,1.640503914,0.0,0.03871029052,1.640047135,0,0;       747P    765
124,-1.0,0.0,0.0,-1.5,0.0,-1.0,0.0,-12.12435565,                     749P    766
-2.292312378E-012,0.0,1.0,10.32496193,0,0;                           749P    767
100,0.0,0.0,0.0,1.640503914,0.0,-0.03871029052,1.640047135,0,0;      751P    768
110,-1.461289709,-13.76440279,10.32496193,-1.465784951,              753P    769
-13.57395192,-0.589,0,0;                                             753P    770
102,6,737,741,743,747,751,753,0,0;                                   755P    771
142,0,733,0,755,2,0,0;                                               757P    772
144,733,1,0,757,0,1,1;                                               759P    773
110,-1.5,12.12435565,-0.589,-1.5,12.12435565,0.411,0,0;              761P    774
110,-0.05,12.12435565,-0.589,0.1405039138,12.12435565,               763P    775
10.32496193,0,0;                                                     763P    776
120,761,763,0.0,3.141592654,0,0;                                     765P    777
124,-1.0,0.0,0.0,-1.5,0.0,1.0,0.0,12.12435565,0.0,0.0,-1.0,          767P    778
-0.589,0,0;                                                          767P    779
100,0.0,0.0,0.0,1.45,0.0,-1.45,0.0,0,0;                              769P    780
110,-0.05,12.12435565,-0.589,0.1405039138,12.12435565,               771P    781
10.32496193,0,0;                                                     771P    782
124,1.0,0.0,0.0,-1.5,0.0,1.0,0.0,12.12435565,0.0,0.0,1.0,            773P    783
10.32496193,0,0;                                                     773P    784
100,0.0,0.0,0.0,1.640503914,0.0,1.400967337,0.8535476624,0,0;        775P    785
124,0.8539859766,-0.5202960232,0.0,-1.5,0.5202960232,                777P    786
0.8539859766,0.0,12.12435565,0.0,0.0,1.0,10.32496193,0,0;            777P    787
100,0.0,0.0,0.0,1.640503914,0.0,-1.400967337,0.8535476624,0,0;       779P    788
110,-3.140503914,12.12435565,10.32496193,-2.95,12.12435565,          781P    789
-0.589,0,0;                                                          781P    790
102,5,769,771,775,779,781,0,0;                                       783P    791
142,0,765,0,783,2,0,0;                                               785P    792
144,765,1,0,785,0,1,1;                                               787P    793
110,-1.5,12.12435565,-0.589,-1.5,12.12435565,0.411,0,0;              789P    794
110,-2.95,12.12435565,-0.589,-3.140503914,12.12435565,               791P    795
10.32496193,0,0;                                                     791P    796
120,789,791,0.0,3.141592654,0,0;                                     793P    797
124,1.0,0.0,0.0,-1.5,0.0,-1.0,0.0,12.12435565,0.0,0.0,-1.0,          795P    798
-0.589,0,0;                                                          795P    799
100,0.0,0.0,0.0,1.45,0.0,-1.45,0.0,0,0;                              797P    800
110,-2.95,12.12435565,-0.589,-3.140503914,12.12435565,               799P    801
10.32496193,0,0;                                                     799P    802
124,-1.0,-1.082811705E-015,0.0,-1.5,1.082811705E-015,-1.0,0.0,       801P    803
12.12435565,-2.165623409E-015,0.0,1.0,10.32496193,0,0;               801P    804
100,0.0,0.0,0.0,1.640503914,0.0,1.400967337,0.8535476624,0,0;        803P    805
124,-0.8539859766,0.5202960232,0.0,-1.5,-0.5202960232,               805P    806
-0.8539859766,0.0,12.12435565,2.165623409E-015,0.0,1.0,              805P    807
10.32496193,0,0;                                                     805P    808
100,0.0,0.0,0.0,1.640503914,0.0,-1.400967337,0.8535476624,0,0;       807P    809
110,0.1405039138,12.12435565,10.32496193,-0.05,12.12435565,          809P    810
-0.589,0,0;                                                          809P    811
102,5,797,799,803,807,809,0,0;                                       811P    812
142,0,793,0,811,2,0,0;                                               813P    813
144,793,1,0,813,0,1,1;                                               815P    814
108,0.0,0.0,1.0,11.311,0,0.0,0.0,11.311,1.0,0,0;                     817P    815
124,0.7489557207,0.6626200484,0.0,3.512741533,-0.6626200484,         819P    816
0.7489557207,0.0,-9.159264271,0.0,0.0,1.0,11.311,0,0;                819P    817
100,0.0,0.0,0.0,1.282502268,0.0,-1.282502268,-3.694705206E-011,      821P    818
0,0;                                                                 821P    819
110,2.552204124,-8.309452557,11.311,1.094440017,-9.957155143,        823P    820
11.311,0,0;                                                          823P    821
124,-0.7489557204,-0.6626200487,0.0,2.054977426,0.6626200487,        825P    822
-0.7489557204,0.0,-10.80696686,0.0,0.0,1.0,11.311,0,0;               825P    823
100,0.0,0.0,0.0,1.282502268,0.0,-1.282502268,-1.93861236E-009,0,     827P    824
0;                                                                   827P    825
110,3.015514837,-11.65677857,11.311,4.473278943,-10.00907599,        829P    826
11.311,0,0;                                                          829P    827
102,4,821,823,827,829,0,0;                                           831P    828
142,0,817,0,831,2,0,0;                                               833P    829
144,817,1,0,833,0,1,1;                                               835P    830
110,-22.5,0.0,-0.589,-22.5,0.0,0.411,0,0;                            837P    831
110,-21.22750529,-0.695167031,-0.589,-21.06032237,-0.7864994725,     839P    832
10.32496193,0,0;                                                     839P    833
120,837,839,0.0,3.141592654,0,0;                                     841P    834
124,-0.8775825619,0.4794255386,0.0,-22.5,0.4794255386,               843P    835
0.8775825619,0.0,0.0,0.0,0.0,-1.0,-0.589,0,0;                        843P    836
100,0.0,0.0,0.0,1.45,0.0,-1.272494715,0.695167031,0,0;               845P    837
124,1.0,0.0,0.0,-22.5,0.0,-1.0,0.0,0.0,0.0,0.0,-1.0,-0.589,0,0;      847P    838
100,0.0,0.0,0.0,1.45,0.0,1.272494715,0.695167031,0,0;                849P    839
110,-21.22750529,-0.695167031,-0.589,-21.06032237,-0.7864994726,     851P    840
10.32496193,0,0;                                                     851P    841
124,0.8775825619,0.4794255386,0.0,-22.5,-0.4794255386,               853P    842
0.8775825619,0.0,0.0,-2.290146755E-012,0.0,1.0,10.32496193,0,0;      853P    843
100,0.0,0.0,0.0,1.640503914,0.0,1.439677627,0.7864994725,0,0;        855P    844
124,1.0,-2.707029261E-016,0.0,-22.5,2.707029261E-016,1.0,0.0,        857P    845
0.0,-2.292312378E-012,0.0,1.0,10.32496193,0,0;                       857P    846
100,0.0,0.0,0.0,1.640503914,0.0,-1.439677627,0.7864994725,0,0;       859P    847
110,-23.93967763,0.7864994726,10.32496193,-23.77249471,              861P    848
0.695167031,-0.589,0,0;                                              861P    849
102,6,845,849,851,855,859,861,0,0;                                   863P    850
142,0,841,0,863,2,0,0;                                               865P    851
144,841,1,0,865,0,1,1;                                               867P    852
110,-22.5,0.0,-0.589,-22.5,0.0,0.411,0,0;                            869P    853
110,-23.77249471,0.695167031,-0.589,-23.93967763,0.7864994725,       871P    854
10.32496193,0,0;                                                     871P    855
120,869,871,0.0,3.141592654,0,0;                                     873P    856
124,0.8775825619,-0.4794255386,0.0,-22.5,-0.4794255386,              875P    857
-0.8775825619,0.0,0.0,0.0,0.0,-1.0,-0.589,0,0;                       875P    858
100,0.0,0.0,0.0,1.45,0.0,-1.272494715,0.695167031,0,0;               877P    859
124,-1.0,0.0,0.0,-22.5,0.0,1.0,0.0,0.0,0.0,0.0,-1.0,-0.589,0,0;      879P    860
100,0.0,0.0,0.0,1.45,0.0,1.272494715,0.695167031,0,0;                881P    861
110,-23.77249471,0.695167031,-0.589,-23.93967763,0.7864994726,       883P    862
10.32496193,0,0;                                                     883P    863
124,-0.8775825619,-0.4794255386,0.0,-22.5,0.4794255386,              885P    864
-0.8775825619,0.0,0.0,-2.290146755E-012,0.0,1.0,10.32496193,0,0;     885P    865
100,0.0,0.0,0.0,1.640503914,0.0,1.439677627,0.7864994725,0,0;        887P    866
124,-1.0,-5.414058523E-016,0.0,-22.5,5.414058523E-016,-1.0,0.0,      889P    867
0.0,-2.290146755E-012,0.0,1.0,10.32496193,0,0;                       889P    868
100,0.0,0.0,0.0,1.640503914,0.0,-1.439677627,0.7864994725,0,0;       891P    869
110,-21.06032237,-0.7864994726,10.32496193,-21.22750529,             893P    870
-0.695167031,-0.589,0,0;                                             893P    871
102,6,877,881,883,887,891,893,0,0;                                   895P    872
142,0,873,0,895,2,0,0;                                               897P    873
144,873,1,0,897,0,1,1;                                               899P    874
110,-12.75,7.361215932,4.042788506,-12.75,7.361215932,               901P    875
3.042788506,0,0;                                                     901P    876
110,-13.82808389,5.591706879,4.042788506,-14.14298147,               903P    877
5.07485088,0.132,0,0;                                                903P    878
120,901,903,0.0,3.141592654,0,0;                                     905P    879
124,-0.5202960232,-0.8539859766,0.0,-12.75,-0.8539859766,            907P    880
0.5202960232,0.0,7.361215932,0.0,0.0,-1.0,4.042788506,0,0;           907P    881
100,0.0,0.0,0.0,2.072058678,0.0,-2.072058678,-5.751118131E-016,      909P    882
0,0;                                                                 909P    883
110,-11.67191611,9.130724986,4.042788506,-11.35701853,               911P    884
9.647580984,0.132,0,0;                                               911P    885
124,0.5202960232,-0.8539859766,0.0,-12.75,0.8539859766,              913P    886
0.5202960232,0.0,7.361215932,0.0,0.0,1.0,0.132,0,0;                  913P    887
100,0.0,0.0,0.0,2.677286413,0.0,-2.677286413,-4.012719776E-015,      915P    888
0,0;                                                                 915P    889
110,-14.14298147,5.07485088,0.132,-13.82808389,5.591706879,          917P    890
4.042788506,0,0;                                                     917P    891
102,4,909,911,915,917,0,0;                                           919P    892
142,0,905,0,919,2,0,0;                                               921P    893
144,905,1,0,921,0,1,1;                                               923P    894
110,-12.75,7.361215932,4.042788506,-12.75,7.361215932,               925P    895
3.042788506,0,0;                                                     925P    896
110,-11.67191611,9.130724986,4.042788506,-11.35701853,               927P    897
9.647580984,0.132,0,0;                                               927P    898
120,925,927,0.0,3.141592654,0,0;                                     929P    899
124,0.5202960232,0.8539859766,0.0,-12.75,0.8539859766,               931P    900
-0.5202960232,0.0,7.361215932,0.0,0.0,-1.0,4.042788506,0,0;          931P    901
100,0.0,0.0,0.0,2.072058678,0.0,-2.072058678,5.751118131E-016,0,     933P    902
0;                                                                   933P    903
110,-13.82808389,5.591706879,4.042788506,-14.14298147,               935P    904
5.07485088,0.132,0,0;                                                935P    905
124,-0.5202960232,0.8539859766,0.0,-12.75,-0.8539859766,             937P    906
-0.5202960232,0.0,7.361215932,0.0,0.0,1.0,0.132,0,0;                 937P    907
100,0.0,0.0,0.0,2.677286413,0.0,-2.677286413,4.012719776E-015,0,     939P    908
0;                                                                   939P    909
110,-11.35701853,9.647580984,0.132,-11.67191611,9.130724986,         941P    910
4.042788506,0,0;                                                     941P    911
102,4,933,935,939,941,0,0;                                           943P    912
142,0,929,0,943,2,0,0;                                               945P    913
144,929,1,0,945,0,1,1;                                               947P    914
110,0.0,0.0,4.042788506,0.0,0.0,3.042788506,0,0;                     949P    915
110,-0.9933978476,1.818402563,4.042788506,-1.283559481,              951P    916
2.349539869,0.132,0,0;                                               951P    917
120,949,951,0.0,3.141592654,0,0;                                     953P    918
124,-0.4794255386,0.8775825619,0.0,0.0,0.8775825619,                 955P    919
0.4794255386,0.0,0.0,0.0,0.0,-1.0,4.042788506,0,0;                   955P    920
100,0.0,0.0,0.0,2.072058678,0.0,-2.072058678,-1.955380164E-015,      957P    921
0,0;                                                                 957P    922
110,0.9933978476,-1.818402563,4.042788506,1.283559481,               959P    923
-2.349539869,0.132,0,0;                                              959P    924
124,0.4794255386,0.8775825619,0.0,0.0,-0.8775825619,                 961P    925
0.4794255386,0.0,0.0,0.0,0.0,1.0,0.132,0,0;                          961P    926
100,0.0,0.0,0.0,2.677286413,0.0,-2.677286413,-2.823765768E-015,      963P    927
0,0;                                                                 963P    928
110,-1.283559481,2.349539869,0.132,-0.9933978476,1.818402563,        965P    929
4.042788506,0,0;                                                     965P    930
102,4,957,959,963,965,0,0;                                           967P    931
142,0,953,0,967,2,0,0;                                               969P    932
144,953,1,0,969,0,1,1;                                               971P    933
110,0.0,0.0,4.042788506,0.0,0.0,3.042788506,0,0;                     973P    934
110,0.9933978476,-1.818402563,4.042788506,1.283559481,               975P    935
-2.349539869,0.132,0,0;                                              975P    936
120,973,975,0.0,3.141592654,0,0;                                     977P    937
124,0.4794255386,-0.8775825619,0.0,0.0,-0.8775825619,                979P    938
-0.4794255386,0.0,0.0,0.0,0.0,-1.0,4.042788506,0,0;                  979P    939
100,0.0,0.0,0.0,2.072058678,0.0,-2.072058678,2.070402527E-015,0,     981P    940
0;                                                                   981P    941
110,-0.9933978476,1.818402563,4.042788506,-1.283559481,              983P    942
2.349539869,0.132,0,0;                                               983P    943
124,-0.4794255386,-0.8775825619,0.0,0.0,0.8775825619,                985P    944
-0.4794255386,0.0,0.0,0.0,0.0,1.0,0.132,0,0;                         985P    945
100,0.0,0.0,0.0,2.677286413,0.0,-2.677286413,2.823765768E-015,0,     987P    946
0;                                                                   987P    947
110,1.283559481,-2.349539869,0.132,0.9933978476,-1.818402563,        989P    948
4.042788506,0,0;                                                     989P    949
102,4,981,983,987,989,0,0;                                           991P    950
142,0,977,0,991,2,0,0;                                               993P    951
144,977,1,0,993,0,1,1;                                               995P    952
110,-8.5,0.0,13.911,-8.5,0.0,14.911,0,0;                             997P    953
124,1.0,0.0,0.0,8.482234843,0.0,0.0,-1.0,0.0,0.0,1.0,0.0,13.911,     999P    954
0,0;                                                                 999P    955
100,0.0,0.0,0.0,0.5,0.0,3.061616998E-017,0.5,0,0;                   1001P    956
120,997,1001,0.0,3.141592654,0,0;                                   1003P    957
124,1.0,0.0,0.0,-8.5,0.0,1.0,0.0,0.0,0.0,0.0,1.0,14.411,0,0;        1005P    958
100,0.0,0.0,0.0,16.98223484,0.0,-16.98223484,1.317406489E-014,0,    1007P    959
0;                                                                  1007P    960
124,-1.199836674E-009,-1.0,-1.224646799E-016,-25.48223484,          1009P    961
2.218868186E-014,1.224646799E-016,-1.0,2.079723954E-015,1.0,        1009P    962
-1.199836674E-009,0.0,13.911,0,0;                                   1009P    963
100,0.0,0.0,0.0,0.5,0.0,5.999183372E-010,0.5,0,0;                   1011P    964
124,-1.0,1.224646799E-016,0.0,-8.5,1.224646799E-016,1.0,0.0,0.0,    1013P    965
0.0,0.0,-1.0,13.911,0,0;                                            1013P    966
100,0.0,0.0,0.0,17.48223484,0.0,-17.48223484,2.140956294E-015,0,    1015P    967
0;                                                                  1015P    968
124,1.0,0.0,0.0,8.482234843,0.0,0.0,-1.0,0.0,0.0,1.0,0.0,13.911,    1017P    969
0,0;                                                                1017P    970
100,0.0,0.0,0.0,0.5,0.0,-6.847642453E-010,0.5,0,0;                  1019P    971
102,4,1007,1011,1015,1019,0,0;                                      1021P    972
142,0,1003,0,1021,2,0,0;                                            1023P    973
144,1003,1,0,1023,0,1,1;                                            1025P    974
110,-8.5,0.0,13.911,-8.5,0.0,14.911,0,0;                            1027P    975
124,-1.0,0.0,1.224646799E-016,-25.48223484,1.224646799E-016,0.0,    1029P    976
1.0,2.079723954E-015,0.0,1.0,0.0,13.911,0,0;                        1029P    977
100,0.0,0.0,0.0,0.5,0.0,3.061616998E-017,0.5,0,0;                   1031P    978
120,1027,1031,0.0,3.141592654,0,0;                                  1033P    979
124,-1.0,-7.757556651E-016,0.0,-8.5,7.757556651E-016,-1.0,0.0,      1035P    980
0.0,0.0,0.0,1.0,14.411,0,0;                                         1035P    981
100,0.0,0.0,0.0,16.98223484,0.0,-16.98223484,-1.317406489E-014,     1037P    982
0,0;                                                                1037P    983
124,-1.369528491E-009,1.0,2.449293598E-016,8.482234843,             1039P    984
8.318895817E-015,-2.449293598E-016,1.0,-4.159447909E-015,1.0,       1039P    985
1.369528491E-009,0.0,13.911,0,0;                                    1039P    986
100,0.0,0.0,0.0,0.5,0.0,-6.847642453E-010,0.5,0,0;                  1041P    987
124,1.0,0.0,0.0,-8.5,0.0,-1.0,0.0,0.0,0.0,0.0,-1.0,13.911,0,0;      1043P    988
100,0.0,0.0,0.0,17.48223484,0.0,-17.48223484,-2.140956294E-015,     1045P    989
0,0;                                                                1045P    990
124,-1.0,0.0,1.224646799E-016,-25.48223484,1.224646799E-016,0.0,    1047P    991
1.0,2.079723954E-015,0.0,1.0,0.0,13.911,0,0;                        1047P    992
100,0.0,0.0,0.0,0.5,0.0,5.999183372E-010,0.5,0,0;                   1049P    993
102,4,1037,1041,1045,1049,0,0;                                      1051P    994
142,0,1033,0,1051,2,0,0;                                            1053P    995
144,1033,1,0,1053,0,1,1;                                            1055P    996
108,0.0,0.0,-1.0,0.589,0,-23.95,0.0,-0.589,1.0,0,0;                 1057P    997
124,1.0,4.347860004E-010,0.0,-1.5,-4.347860004E-010,1.0,0.0,        1059P    998
-12.12435565,0.0,0.0,1.0,-0.589,0,0;                                1059P    999
100,0.0,0.0,0.0,1.45,0.0,-0.03421504951,1.449596265,0,0;            1061P   1000
124,-0.02359658543,-0.9997215618,0.0,-1.5,0.9997215618,             1063P   1001
-0.02359658543,0.0,-12.12435565,0.0,0.0,1.0,-0.589,0,0;             1063P   1002
100,0.0,0.0,0.0,1.45,0.0,0.03421504825,1.449596265,0,0;             1065P   1003
124,-1.0,4.347872253E-010,0.0,-1.5,-4.347872253E-010,-1.0,0.0,      1067P   1004
-12.12435565,0.0,0.0,1.0,-0.589,0,0;                                1067P   1005
100,0.0,0.0,0.0,1.45,0.0,-0.03421504784,1.449596265,0,0;            1069P   1006
124,0.02359658515,0.9997215618,0.0,-1.5,-0.9997215618,              1071P   1007
0.02359658515,0.0,-12.12435565,0.0,0.0,1.0,-0.589,0,0;              1071P   1008
100,0.0,0.0,0.0,1.45,0.0,0.03421504911,1.449596265,0,0;             1073P   1009
102,4,1061,1065,1069,1073,0,0;                                      1075P   1010
142,0,1057,0,1075,2,0,0;                                            1077P   1011
124,1.0,-7.926149572E-010,0.0,-1.5,-7.926149572E-010,-1.0,0.0,      1079P   1012
-12.12435565,0.0,0.0,-1.0,-0.589,0,0;                               1079P   1013
100,0.0,0.0,0.0,1.175,0.0,0.02772598844,1.174672835,0,0;            1081P   1014
124,0.02359658512,-0.9997215618,0.0,-1.5,-0.9997215618,             1083P   1015
-0.02359658512,0.0,-12.12435565,0.0,0.0,-1.0,-0.589,0,0;            1083P   1016
100,0.0,0.0,0.0,1.175,0.0,-0.02772598658,1.174672835,0,0;           1085P   1017
124,-1.0,-7.926149572E-010,0.0,-1.5,-7.926149572E-010,1.0,0.0,      1087P   1018
-12.12435565,0.0,0.0,-1.0,-0.589,0,0;                               1087P   1019
100,0.0,0.0,0.0,1.175,0.0,0.02772598698,1.174672835,0,0;            1089P   1020
124,-0.02359658546,0.9997215618,0.0,-1.5,0.9997215618,              1091P   1021
0.02359658546,0.0,-12.12435565,0.0,0.0,-1.0,-0.589,0,0;             1091P   1022
100,0.0,0.0,0.0,1.175,0.0,-0.02772598884,1.174672835,0,0;           1093P   1023
102,4,1081,1085,1089,1093,0,0;                                      1095P   1024
142,0,1057,0,1095,2,0,0;                                            1097P   1025
144,1057,1,1,1077,1097,0,1,1;                                       1099P   1026
124,1.0,-4.347872254E-010,0.0,-1.5,4.347872254E-010,1.0,0.0,        1101P   1027
12.12435565,0.0,0.0,1.0,-0.589,0,0;                                 1101P   1028
100,0.0,0.0,0.0,1.45,0.0,-1.45,1.260882954E-009,0,0;                1103P   1029
124,-1.0,-4.347872253E-010,0.0,-1.5,4.347872253E-010,-1.0,0.0,      1105P   1030
12.12435565,0.0,0.0,1.0,-0.589,0,0;                                 1105P   1031
100,0.0,0.0,0.0,1.45,0.0,-1.45,-1.260882954E-009,0,0;               1107P   1032
102,2,1103,1107,0,0;                                                1109P   1033
142,0,1057,0,1109,2,0,0;                                            1111P   1034
124,1.0,7.926149572E-010,0.0,-1.5,7.926149572E-010,-1.0,0.0,        1113P   1035
12.12435565,0.0,0.0,-1.0,-0.589,0,0;                                1113P   1036
100,0.0,0.0,0.0,1.175,0.0,-1.003433523,0.6113478258,0,0;            1115P   1037
124,-0.8539859769,-0.5202960228,0.0,-1.5,-0.5202960228,             1117P   1038
0.8539859769,0.0,12.12435565,0.0,0.0,-1.0,-0.589,0,0;               1117P   1039
100,0.0,0.0,0.0,1.175,0.0,1.003433522,0.6113478274,0,0;             1119P   1040
124,-1.0,7.926149572E-010,0.0,-1.5,7.926149572E-010,1.0,0.0,        1121P   1041
12.12435565,0.0,0.0,-1.0,-0.589,0,0;                                1121P   1042
100,0.0,0.0,0.0,1.175,0.0,-1.003433522,0.6113478285,0,0;            1123P   1043
124,0.8539859763,0.5202960237,0.0,-1.5,0.5202960237,                1125P   1044
-0.8539859763,0.0,12.12435565,0.0,0.0,-1.0,-0.589,0,0;              1125P   1045
100,0.0,0.0,0.0,1.175,0.0,1.003433522,0.6113478269,0,0;             1127P   1046
102,4,1115,1119,1123,1127,0,0;                                      1129P   1047
142,0,1057,0,1129,2,0,0;                                            1131P   1048
144,1057,1,1,1111,1131,0,1,1;                                       1133P   1049
124,1.0,-6.422918137E-010,0.0,-22.5,6.422918137E-010,1.0,0.0,       1135P   1050
-9.313231297E-010,0.0,0.0,1.0,-0.589,0,0;                           1135P   1051
100,0.0,0.0,0.0,1.45,0.0,-1.272494714,0.6951670325,0,0;             1137P   1052
124,-0.8775825616,-0.479425539,0.0,-22.5,0.479425539,               1139P   1053
-0.8775825616,0.0,-9.313231297E-010,0.0,0.0,1.0,-0.589,0,0;         1139P   1054
100,0.0,0.0,0.0,1.45,0.0,1.272494715,0.6951670309,0,0;              1141P   1055
124,-1.0,6.422914307E-010,0.0,-22.5,-6.422914307E-010,-1.0,0.0,     1143P   1056
9.313225746E-010,0.0,0.0,1.0,-0.589,0,0;                            1143P   1057
100,0.0,0.0,0.0,1.45,0.0,-1.272494714,0.6951670327,0,0;             1145P   1058
124,0.8775825616,0.4794255392,0.0,-22.5,-0.4794255392,              1147P   1059
0.8775825616,0.0,9.313225746E-010,0.0,0.0,1.0,-0.589,0,0;           1147P   1060
100,0.0,0.0,0.0,1.45,0.0,1.272494715,0.695167031,0,0;               1149P   1061
102,4,1137,1141,1145,1149,0,0;                                      1151P   1062
142,0,1057,0,1151,2,0,0;                                            1153P   1063
124,1.0,7.926149851E-010,0.0,-22.5,7.926149851E-010,-1.0,0.0,       1155P   1064
-9.313224636E-010,0.0,0.0,-1.0,-0.589,0,0;                          1155P   1065
100,0.0,0.0,0.0,1.175,0.0,1.03115951,0.5633250079,0,0;              1157P   1066
124,0.8775825622,-0.4794255381,0.0,-22.5,-0.4794255381,             1159P   1067
-0.8775825622,0.0,-9.313224636E-010,0.0,0.0,-1.0,-0.589,0,0;        1159P   1068
100,0.0,0.0,0.0,1.175,0.0,-1.031159511,0.5633250063,0,0;            1161P   1069
124,-1.0,-7.926151076E-010,0.0,-22.5,-7.926151076E-010,1.0,0.0,     1163P   1070
9.313225746E-010,0.0,0.0,-1.0,-0.589,0,0;                           1163P   1071
100,0.0,0.0,0.0,1.175,0.0,1.03115951,0.5633250078,0,0;              1165P   1072
124,-0.8775825623,0.4794255379,0.0,-22.5,0.4794255379,              1167P   1073
0.8775825623,0.0,9.313225746E-010,0.0,0.0,-1.0,-0.589,0,0;          1167P   1074
100,0.0,0.0,0.0,1.175,0.0,-1.031159511,0.5633250062,0,0;            1169P   1075
102,4,1157,1161,1165,1169,0,0;                                      1171P   1076
142,0,1057,0,1171,2,0,0;                                            1173P   1077
144,1057,1,1,1153,1173,0,1,1;                                       1175P   1078
124,-0.5202960232,0.8539859766,0.0,-12.75,-0.8539859766,            1177P   1079
-0.5202960232,0.0,7.361215932,4.286453995E-016,0.0,1.0,             1177P   1080
4.042788506,0,0;                                                    1177P   1081
100,0.0,0.0,0.0,2.072058678,0.0,-2.072058678,1.265245989E-015,0,    1179P   1082
0;                                                                  1179P   1083
124,0.5202960232,-0.8539859766,0.0,-12.75,0.8539859766,             1181P   1084
0.5202960232,0.0,7.361215932,4.286453995E-016,0.0,1.0,              1181P   1085
4.042788506,0,0;                                                    1181P   1086
100,0.0,0.0,0.0,2.072058678,0.0,-2.072058678,-1.150223626E-015,     1183P   1087
0,0;                                                                1183P   1088
102,2,1179,1183,0,0;                                                1185P   1089
142,0,27,0,1185,2,0,0;                                              1187P   1090
144,27,1,0,1187,0,1,1;                                              1189P   1091
124,-0.4794255386,-0.8775825619,0.0,0.0,0.8775825619,               1191P   1092
-0.4794255386,0.0,0.0,4.286453995E-016,0.0,1.0,4.042788506,0,0;     1191P   1093
100,0.0,0.0,0.0,2.072058678,0.0,-2.072058678,1.955380164E-015,0,    1193P   1094
0;                                                                  1193P   1095
124,0.4794255386,0.8775825619,0.0,0.0,-0.8775825619,                1195P   1096
0.4794255386,0.0,0.0,4.286453995E-016,0.0,1.0,4.042788506,0,0;      1195P   1097
100,0.0,0.0,0.0,2.072058678,0.0,-2.072058678,-2.070402527E-015,     1197P   1098
0,0;                                                                1197P   1099
102,2,1193,1197,0,0;                                                1199P   1100
142,0,27,0,1199,2,0,0;                                              1201P   1101
144,27,1,0,1201,0,1,1;                                              1203P   1102
108,0.0,0.0,1.0,14.411,0,-25.35257204,0.0,14.411,1.0,0,0;           1205P   1103
124,1.0,-2.092017754E-016,0.0,-8.500000001,-2.092017754E-016,       1207P   1104
-1.0,0.0,3.552713679E-015,0.0,0.0,-1.0,14.411,0,0;                  1207P   1105
100,0.0,0.0,0.0,16.98223484,0.0,-16.98223484,-6.068637528E-015,     1209P   1106
0,0;                                                                1209P   1107
124,-1.0,9.849574405E-016,0.0,-8.500000001,9.849574405E-016,1.0,    1211P   1108
0.0,-3.552713679E-015,0.0,0.0,-1.0,14.411,0,0;                      1211P   1109
100,0.0,0.0,0.0,16.98223484,0.0,-16.98223484,2.027949224E-014,0,    1213P   1110
0;                                                                  1213P   1111
102,2,1209,1213,0,0;                                                1215P   1112
142,0,1205,0,1215,2,0,0;                                            1217P   1113
124,1.0,-5.567762E-011,0.0,-8.5,5.567762E-011,1.0,0.0,              1219P   1114
-9.313225746E-010,0.0,0.0,1.0,14.411,0,0;                           1219P   1115
100,0.0,0.0,0.0,16.72705433,0.0,14.67937119,8.019377031,0,0;        1221P   1116
124,0.8775825619,-0.4794255387,0.0,-8.5,0.4794255387,               1223P   1117
0.8775825619,0.0,-9.313225746E-010,0.0,0.0,1.0,14.411,0,0;          1223P   1118
100,0.0,0.0,0.0,16.72705433,0.0,-14.67937119,8.019377032,0,0;       1225P   1119
124,-1.0,5.567756222E-011,0.0,-8.5,-5.567756222E-011,-1.0,0.0,      1227P   1120
9.313225746E-010,0.0,0.0,1.0,14.411,0,0;                            1227P   1121
100,0.0,0.0,0.0,16.72705433,0.0,14.67937119,8.019377031,0,0;        1229P   1122
124,-0.8775825619,0.4794255386,0.0,-8.5,-0.4794255386,              1231P   1123
-0.8775825619,0.0,9.313225746E-010,0.0,0.0,1.0,14.411,0,0;          1231P   1124
100,0.0,0.0,0.0,16.72705433,0.0,-14.67937119,8.019377032,0,0;       1233P   1125
102,4,1221,1225,1229,1233,0,0;                                      1235P   1126
142,0,1205,0,1235,2,0,0;                                            1237P   1127
144,1205,1,1,1217,1237,0,1,1;                                       1239P   1128
110,-1.5,-12.12435565,-2.089,-1.5,-12.12435565,-1.089,0,0;          1241P   1129
110,-1.473098274,-13.26410681,-1.589304586,-1.472274012,            1243P   1130
-13.29902849,-0.589,0,0;                                            1243P   1131
120,1241,1243,0.0,3.141592654,0,0;                                  1245P   1132
124,-0.02359658529,0.9997215618,4.82661585E-018,-1.5,               1247P   1133
0.9997215618,0.02359658529,-2.044902632E-016,-12.12435565,          1247P   1134
-3.895285004E-016,7.703719778E-034,-1.0,-1.589304586,0,0;           1247P   1135
100,0.0,0.0,0.0,1.140068594,0.0,-0.02690172582,1.139751155,0,0;     1249P   1136
124,1.0,-1.558114002E-015,4.82661585E-018,-1.5,                     1251P   1137
-1.558114002E-015,-1.0,-2.044902632E-016,-12.12435565,0.0,          1251P   1138
2.044902632E-016,-1.0,-1.589304586,0,0;                             1251P   1139
100,0.0,0.0,0.0,1.140068594,0.0,0.02690172582,1.139751155,0,0;      1253P   1140
110,-1.473098274,-13.26410681,-1.589304586,-1.472274012,            1255P   1141
-13.29902849,-0.589,0,0;                                            1255P   1142
124,0.02359658529,0.9997215618,-4.82661585E-018,-1.5,               1257P   1143
-0.9997215618,0.02359658529,2.044902632E-016,-12.12435565,          1257P   1144
-1.848733933E-012,1.979855983E-031,1.0,-0.589,0,0;                  1257P   1145
100,0.0,0.0,0.0,1.175,0.0,0.02772598802,1.174672835,0,0;            1259P   1146
124,1.0,2.560690194E-010,-4.82661585E-018,-1.5,                     1261P   1147
-2.560690194E-010,1.0,2.044902632E-016,-12.12435565,                1261P   1148
-1.848733932E-012,-2.044902632E-016,1.0,-0.589,0,0;                 1261P   1149
100,0.0,0.0,0.0,1.175,0.0,-0.02772598802,1.174672835,0,0;           1263P   1150
110,-1.527725988,-10.94968282,-0.589,-1.526901726,-10.9846045,      1265P   1151
-1.589304586,0,0;                                                   1265P   1152
102,6,1249,1253,1255,1259,1263,1265,0,0;                            1267P   1153
142,0,1245,0,1267,2,0,0;                                            1269P   1154
144,1245,1,0,1269,0,1,1;                                            1271P   1155
110,-1.5,-12.12435565,-2.089,-1.5,-12.12435565,-1.089,0,0;          1273P   1156
110,-1.526901726,-10.9846045,-1.589304586,-1.527725988,             1275P   1157
-10.94968282,-0.589,0,0;                                            1275P   1158
120,1273,1275,0.0,3.141592654,0,0;                                  1277P   1159
124,0.02359658529,-0.9997215618,4.82661585E-018,-1.5,               1279P   1160
-0.9997215618,-0.02359658529,-2.044902632E-016,-12.12435565,        1279P   1161
3.895285004E-016,-4.082971482E-032,-1.0,-1.589304586,0,0;           1279P   1162
100,0.0,0.0,0.0,1.140068594,0.0,-0.02690172582,1.139751155,0,0;     1281P   1163
124,-1.0,0.0,4.82661585E-018,-1.5,0.0,1.0,-2.044902632E-016,        1283P   1164
-12.12435565,0.0,-2.044902632E-016,-1.0,-1.589304586,0,0;           1283P   1165
100,0.0,0.0,0.0,1.140068594,0.0,0.02690172582,1.139751155,0,0;      1285P   1166
110,-1.526901726,-10.9846045,-1.589304586,-1.527725988,             1287P   1167
-10.94968282,-0.589,0,0;                                            1287P   1168
124,-0.02359658529,-0.9997215618,-4.82661585E-018,-1.5,             1289P   1169
0.9997215618,-0.02359658529,2.044902632E-016,-12.12435565,          1289P   1170
-1.848733931E-012,-1.255706324E-031,1.0,-0.589,0,0;                 1289P   1171
100,0.0,0.0,0.0,1.175,0.0,0.02772598741,1.174672835,0,0;            1291P   1172
124,-1.0,2.560690195E-010,-4.82661585E-018,-1.5,                    1293P   1173
-2.560690195E-010,-1.0,2.044902632E-016,-12.12435565,               1293P   1174
-1.847978036E-012,2.044902632E-016,1.0,-0.589,0,0;                  1293P   1175
100,0.0,0.0,0.0,1.175,0.0,-0.02772598741,1.174672835,0,0;           1295P   1176
110,-1.472274012,-13.29902849,-0.589,-1.473098274,-13.26410681,     1297P   1177
-1.589304586,0,0;                                                   1297P   1178
102,6,1281,1285,1287,1291,1295,1297,0,0;                            1299P   1179
142,0,1277,0,1299,2,0,0;                                            1301P   1180
144,1277,1,0,1301,0,1,1;                                            1303P   1181
110,-1.5,12.12435565,-2.089,-1.5,12.12435565,-1.089,0,0;            1305P   1182
110,-2.473602592,11.5311825,-1.589304586,-2.503433522,              1307P   1183
11.51300783,-0.589,0,0;                                             1307P   1184
120,1305,1307,0.0,3.141592654,0,0;                                  1309P   1185
124,0.8539859766,0.5202960232,1.746804548E-016,-1.5,                1311P   1186
0.5202960232,-0.8539859766,1.064251035E-016,12.12435565,            1311P   1187
3.895285004E-016,-9.860761315E-032,-1.0,-1.589304586,0,0;           1311P   1188
100,0.0,0.0,0.0,1.140068594,0.0,0.9736025917,0.5931731557,0,0;      1313P   1189
124,1.0,0.0,1.746804548E-016,-1.5,0.0,-1.0,1.064251035E-016,        1315P   1190
12.12435565,0.0,-1.064251035E-016,-1.0,-1.589304586,0,0;            1315P   1191
100,0.0,0.0,0.0,1.140068594,0.0,-0.9736025917,0.5931731557,0,0;     1317P   1192
110,-2.473602592,11.5311825,-1.589304586,-2.503433522,              1319P   1193
11.51300783,-0.589,0,0;                                             1319P   1194
124,-0.8539859766,0.5202960232,-1.746804548E-016,-1.5,              1321P   1195
-0.5202960232,-0.8539859766,-1.064251035E-016,12.12435565,          1321P   1196
-1.848733932E-012,3.697785493E-032,1.0,-0.589,0,0;                  1321P   1197
100,0.0,0.0,0.0,1.175,0.0,-1.003433523,0.611347827,0,0;             1323P   1198
124,1.0,-2.560690194E-010,-1.746804548E-016,-1.5,                   1325P   1199
2.560690194E-010,1.0,-1.064251035E-016,12.12435565,                 1325P   1200
-1.84816701E-012,1.064251035E-016,1.0,-0.589,0,0;                   1325P   1201
100,0.0,0.0,0.0,1.175,0.0,1.003433523,0.611347827,0,0;              1327P   1202
110,-0.4965664778,12.73570348,-0.589,-0.5263974083,12.71752881,     1329P   1203
-1.589304586,0,0;                                                   1329P   1204
102,6,1313,1317,1319,1323,1327,1329,0,0;                            1331P   1205
142,0,1309,0,1331,2,0,0;                                            1333P   1206
144,1309,1,0,1333,0,1,1;                                            1335P   1207
110,-1.5,12.12435565,-2.089,-1.5,12.12435565,-1.089,0,0;            1337P   1208
110,-0.5263974083,12.71752881,-1.589304586,-0.4965664775,           1339P   1209
12.73570348,-0.589,0,0;                                             1339P   1210
120,1337,1339,0.0,3.141592654,0,0;                                  1341P   1211
124,-0.8539859766,-0.5202960232,1.746804548E-016,-1.5,              1343P   1212
-0.5202960232,0.8539859766,1.064251035E-016,12.12435565,            1343P   1213
-3.895285004E-016,7.395570986E-032,-1.0,-1.589304586,0,0;           1343P   1214
100,0.0,0.0,0.0,1.140068594,0.0,0.9736025917,0.5931731557,0,0;      1345P   1215
124,-1.0,-1.558114002E-015,1.746804548E-016,-1.5,                   1347P   1216
-1.558114002E-015,1.0,1.064251035E-016,12.12435565,0.0,             1347P   1217
1.064251035E-016,-1.0,-1.589304586,0,0;                             1347P   1218
100,0.0,0.0,0.0,1.140068594,0.0,-0.9736025917,0.5931731557,0,0;     1349P   1219
110,-0.5263974083,12.71752881,-1.589304586,-0.4965664778,           1351P   1220
12.73570348,-0.589,0,0;                                             1351P   1221
124,0.8539859766,-0.5202960232,-1.746804548E-016,-1.5,              1353P   1222
0.5202960232,0.8539859766,-1.064251035E-016,12.12435565,            1353P   1223
-1.848733932E-012,-3.697785493E-032,1.0,-0.589,0,0;                 1353P   1224
100,0.0,0.0,0.0,1.175,0.0,-1.003433522,0.6113478275,0,0;            1355P   1225
124,-1.0,-2.560690195E-010,-1.746804548E-016,-1.5,                  1357P   1226
2.560690195E-010,-1.0,-1.064251035E-016,12.12435565,                1357P   1227
-1.848733932E-012,-1.064251036E-016,1.0,-0.589,0,0;                 1357P   1228
100,0.0,0.0,0.0,1.175,0.0,1.003433522,0.6113478275,0,0;             1359P   1229
110,-2.503433522,11.51300783,-0.589,-2.473602592,11.5311825,        1361P   1230
-1.589304586,0,0;                                                   1361P   1231
102,6,1345,1349,1351,1355,1359,1361,0,0;                            1363P   1232
142,0,1341,0,1363,2,0,0;                                            1365P   1233
144,1341,1,0,1365,0,1,1;                                            1367P   1234
110,-22.5,0.0,-2.089,-22.5,0.0,-1.089,0,0;                          1369P   1235
110,-21.49949568,-0.5465779998,-1.589304586,-21.46884049,           1371P   1236
-0.5633250078,-0.589,0,0;                                           1371P   1237
120,1369,1371,0.0,3.141592654,0,0;                                  1373P   1238
124,-0.8775825619,0.4794255386,-1.795070707E-016,-22.5,             1375P   1239
0.4794255386,0.8775825619,9.806515964E-017,0.0,3.895285004E-016,    1375P   1240
-1.232595164E-032,-1.0,-1.589304586,0,0;                            1375P   1241
100,0.0,0.0,0.0,1.140068594,0.0,-1.000504318,0.5465779998,0,0;      1377P   1242
124,1.0,-4.869106255E-017,-1.795070707E-016,-22.5,                  1379P   1243
-4.869106255E-017,-1.0,9.806515964E-017,0.0,0.0,                    1379P   1244
-9.806515964E-017,-1.0,-1.589304586,0,0;                            1379P   1245
100,0.0,0.0,0.0,1.140068594,0.0,1.000504318,0.5465779998,0,0;       1381P   1246
110,-21.49949568,-0.5465779998,-1.589304586,-21.46884049,           1383P   1247
-0.5633250081,-0.589,0,0;                                           1383P   1248
124,0.8775825619,0.4794255386,1.795070707E-016,-22.5,               1385P   1249
-0.4794255386,0.8775825619,-9.806515964E-017,0.0,                   1385P   1250
-1.848733931E-012,-3.697785493E-032,1.0,-0.589,0,0;                 1385P   1251
100,0.0,0.0,0.0,1.175,0.0,1.03115951,0.5633250078,0,0;              1387P   1252
124,1.0,-1.223390321E-016,1.795070707E-016,-22.5,                   1389P   1253
1.223390321E-016,1.0,-9.806515964E-017,0.0,-1.847978035E-012,       1389P   1254
9.806515964E-017,1.0,-0.589,0,0;                                    1389P   1255
100,0.0,0.0,0.0,1.175,0.0,-1.03115951,0.5633250078,0,0;             1391P   1256
110,-23.53115951,0.5633250079,-0.589,-23.50050432,0.5465779998,     1393P   1257
-1.589304586,0,0;                                                   1393P   1258
102,6,1377,1381,1383,1387,1391,1393,0,0;                            1395P   1259
142,0,1373,0,1395,2,0,0;                                            1397P   1260
144,1373,1,0,1397,0,1,1;                                            1399P   1261
110,-22.5,0.0,-2.089,-22.5,0.0,-1.089,0,0;                          1401P   1262
110,-23.50050432,0.5465779998,-1.589304586,-23.53115951,            1403P   1263
0.5633250078,-0.589,0,0;                                            1403P   1264
120,1401,1403,0.0,3.141592654,0,0;                                  1405P   1265
124,0.8775825619,-0.4794255386,-1.795070707E-016,-22.5,             1407P   1266
-0.4794255386,-0.8775825619,9.806515964E-017,0.0,                   1407P   1267
-3.895285004E-016,0.0,-1.0,-1.589304586,0,0;                        1407P   1268
100,0.0,0.0,0.0,1.140068594,0.0,-1.000504318,0.5465779998,0,0;      1409P   1269
124,-1.0,-4.869106255E-017,-1.795070707E-016,-22.5,                 1411P   1270
-4.869106255E-017,1.0,9.806515964E-017,0.0,0.0,9.806515964E-017,    1411P   1271
-1.0,-1.589304586,0,0;                                              1411P   1272
100,0.0,0.0,0.0,1.140068594,0.0,1.000504318,0.5465779998,0,0;       1413P   1273
110,-23.50050432,0.5465779998,-1.589304586,-23.53115951,            1415P   1274
0.5633250079,-0.589,0,0;                                            1415P   1275
124,-0.8775825619,-0.4794255386,1.795070707E-016,-22.5,             1417P   1276
0.4794255386,-0.8775825619,-9.806515964E-017,0.0,                   1417P   1277
-1.848733932E-012,2.958228395E-031,1.0,-0.589,0,0;                  1417P   1278
100,0.0,0.0,0.0,1.175,0.0,1.03115951,0.5633250078,0,0;              1419P   1279
124,-1.0,1.503166462E-016,1.795070707E-016,-22.5,                   1421P   1280
-1.503166462E-016,-1.0,-9.806515964E-017,0.0,-1.848733932E-012,     1421P   1281
-9.806515964E-017,1.0,-0.589,0,0;                                   1421P   1282
100,0.0,0.0,0.0,1.175,0.0,-1.03115951,0.5633250078,0,0;             1423P   1283
110,-21.46884049,-0.5633250081,-0.589,-21.49949568,                 1425P   1284
-0.5465779998,-1.589304586,0,0;                                     1425P   1285
102,6,1409,1413,1415,1419,1423,1425,0,0;                            1427P   1286
142,0,1405,0,1427,2,0,0;                                            1429P   1287
144,1405,1,0,1429,0,1,1;                                            1431P   1288
110,-8.5,0.0,11.111,-8.5,0.0,12.111,0,0;                            1433P   1289
110,-23.16659717,-8.012398549,14.31909752,-23.17937119,             1435P   1290
-8.01937703,14.411,0,0;                                             1435P   1291
120,1433,1435,0.0,3.141592654,0,0;                                  1437P   1292
124,-0.1354304885,0.9907868503,-4.62144369E-016,-8.5,               1439P   1293
-0.9907868503,-0.1354304885,-2.524706195E-016,0.0,                  1439P   1294
3.615956048E-013,4.236943445E-016,1.0,14.31909752,0,0;              1439P   1295
100,0.0,0.0,0.0,16.7124984,0.0,4.165544223,16.18505002,0,0;         1441P   1296
124,0.9257618264,0.3781071817,-4.62144369E-016,-8.5,                1443P   1297
-0.3781071817,0.9257618264,-2.524706195E-016,0.0,                   1443P   1298
-5.314456272E-016,4.084677667E-016,1.0,14.31909752,0,0;             1443P   1299
100,0.0,0.0,0.0,16.7124984,0.0,11.93389237,11.69999213,0,0;         1445P   1300
124,0.9257618264,-0.3781071817,-4.62144369E-016,-8.5,               1447P   1301
0.3781071817,0.9257618264,-2.524706195E-016,0.0,                    1447P   1302
3.634025199E-013,5.898755686E-017,1.0,14.31909752,0,0;              1447P   1303
100,0.0,0.0,0.0,16.7124984,0.0,16.60732121,1.872026995,0,0;         1449P   1304
110,6.166597166,8.012398549,14.31909752,6.17937119,8.019377031,     1451P   1305
14.411,0,0;                                                         1451P   1306
124,0.8775825619,0.4794255386,4.62144369E-016,-8.5,0.4794255386,    1453P   1307
-0.8775825619,2.524706195E-016,0.0,-5.860461158E-012,               1453P   1308
-9.860761315E-032,-1.0,14.411,0,0;                                  1453P   1309
100,0.0,0.0,0.0,16.72705433,0.0,14.67937119,8.01937703,0,0;         1455P   1310
124,1.0,-1.479647882E-027,4.62144369E-016,-8.5,0.0,-1.0,            1457P   1311
2.524706195E-016,0.0,-5.860673551E-012,-2.524706195E-016,-1.0,      1457P   1312
14.411,0,0;                                                         1457P   1313
100,0.0,0.0,0.0,16.72705433,0.0,-14.67937119,8.01937703,0,0;        1459P   1314
110,-23.17937119,-8.01937703,14.411,-23.16659717,-8.012398549,      1461P   1315
14.31909752,0,0;                                                    1461P   1316
124,-0.8775825619,0.4794255386,-4.62144369E-016,-8.5,               1463P   1317
-0.4794255386,-0.8775825619,-2.524706195E-016,0.0,                  1463P   1318
-5.314456272E-016,-7.395570986E-032,1.0,14.31909752,0,0;            1463P   1319
100,0.0,0.0,0.0,16.7124984,0.0,16.50050505,2.653476226,0,0;         1465P   1320
124,-0.7903313379,0.6126796686,-4.62144369E-016,-8.5,               1467P   1321
-0.6126796686,-0.7903313379,-2.524706195E-016,0.0,                  1467P   1322
-5.314456272E-016,8.36110164E-017,1.0,14.31909752,0,0;              1467P   1323
100,0.0,0.0,0.0,16.7124984,0.0,11.93389237,11.69999213,0,0;         1469P   1324
102,9,1441,1445,1449,1451,1455,1459,1461,1465,1469,0,0;             1471P   1325
142,0,1437,0,1471,2,0,0;                                            1473P   1326
144,1437,1,0,1473,0,1,1;                                            1475P   1327
110,-8.5,0.0,11.111,-8.5,0.0,12.111,0,0;                            1477P   1328
110,6.166597166,8.012398549,14.31909752,6.17937119,8.01937703,      1479P   1329
14.411,0,0;                                                         1479P   1330
120,1477,1479,0.0,3.141592654,0,0;                                  1481P   1331
124,-0.7903313379,-0.6126796686,-4.62144369E-016,-8.5,              1483P   1332
0.6126796686,-0.7903313379,-2.524706195E-016,0.0,                   1483P   1333
3.625522069E-013,-4.826819013E-016,1.0,14.31909752,0,0;             1483P   1334
100,0.0,0.0,0.0,16.7124984,0.0,6.682437672,15.31837556,0,0;         1485P   1335
110,-23.16659717,-8.012398549,14.31909752,-23.17937119,             1487P   1336
-8.01937703,14.411,0,0;                                             1487P   1337
124,-0.8775825619,-0.4794255386,4.62144369E-016,-8.5,               1489P   1338
-0.4794255386,0.8775825619,2.524706195E-016,0.0,                    1489P   1339
-5.860461158E-012,4.190823559E-031,-1.0,14.411,0,0;                 1489P   1340
100,0.0,0.0,0.0,16.72705433,0.0,14.67937119,8.01937703,0,0;         1491P   1341
124,-1.0,5.777883878E-017,4.62144369E-016,-8.5,5.777883878E-017,    1493P   1342
1.0,2.524706195E-016,0.0,-5.860461158E-012,2.524706195E-016,        1493P   1343
-1.0,14.411,0,0;                                                    1493P   1344
100,0.0,0.0,0.0,16.72705433,0.0,-14.67937119,8.01937703,0,0;        1495P   1345
110,6.17937119,8.019377031,14.411,6.166597166,8.012398549,          1497P   1346
14.31909752,0,0;                                                    1497P   1347
124,0.8775825619,-0.4794255386,-4.62144369E-016,-8.5,               1499P   1348
0.4794255386,0.8775825619,-2.524706195E-016,0.0,                    1499P   1349
5.314456272E-016,2.465190329E-032,1.0,14.31909752,0,0;              1499P   1350
100,0.0,0.0,0.0,16.7124984,0.0,5.952274704,15.61659466,0,0;         1501P   1351
124,-0.1354304885,-0.9907868503,-4.62144369E-016,-8.5,              1503P   1352
0.9907868503,-0.1354304885,-2.524706195E-016,0.0,                   1503P   1353
5.314456272E-016,-4.920787831E-016,1.0,14.31909752,0,0;             1503P   1354
100,0.0,0.0,0.0,16.7124984,0.0,11.93389237,11.69999213,0,0;         1505P   1355
102,7,1485,1487,1491,1495,1497,1501,1505,0,0;                       1507P   1356
142,0,1481,0,1507,2,0,0;                                            1509P   1357
144,1481,1,0,1509,0,1,1;                                            1511P   1358
110,-1.5,-12.12435565,-3.413795723,-1.5,-12.12435565,               1513P   1359
-2.413795723,0,0;                                                   1513P   1360
110,-1.480466175,-12.9519494,-2.088999999,-1.473098274,             1515P   1361
-13.26410681,-1.589304586,0,0;                                      1515P   1362
120,1513,1515,0.0,3.141592654,0,0;                                  1517P   1363
124,-0.02359658529,0.9997215618,2.014351756E-018,-1.5,              1519P   1364
0.9997215618,0.02359658529,-8.53424705E-017,-12.12435565,0.0,       1519P   1365
4.622231867E-033,-1.0,-2.088999999,0,0;                             1519P   1366
100,0.0,0.0,0.0,0.8278242441,0.0,-0.01953382538,0.8275937462,0,     1521P   1367
0;                                                                  1521P   1368
124,1.0,0.0,2.014351756E-018,-1.5,0.0,-1.0,-8.53424705E-017,        1523P   1369
-12.12435565,0.0,8.53424705E-017,-1.0,-2.088999999,0,0;             1523P   1370
100,0.0,0.0,0.0,0.8278242441,0.0,0.01953382538,0.8275937462,0,0;    1525P   1371
110,-1.480466175,-12.9519494,-2.088999999,-1.473098274,             1527P   1372
-13.26410681,-1.589304586,0,0;                                      1527P   1373
124,0.02359658529,0.9997215618,-2.014351756E-018,-1.5,              1529P   1374
-0.9997215618,0.02359658529,8.53424705E-017,-12.12435565,           1529P   1375
-6.352169801E-010,1.73333695E-032,1.0,-1.589304586,0,0;             1529P   1376
100,0.0,0.0,0.0,1.140068593,0.0,0.02690172579,1.139751154,0,0;      1531P   1377
124,1.0,1.558114002E-015,-2.014351756E-018,-1.5,                    1533P   1378
-1.558114002E-015,1.0,8.53424705E-017,-12.12435565,                 1533P   1379
-6.352200963E-010,-8.53424705E-017,1.0,-1.589304586,0,0;            1533P   1380
100,0.0,0.0,0.0,1.140068593,0.0,-0.02690172579,1.139751154,0,0;     1535P   1381
110,-1.526901726,-10.9846045,-1.589304586,-1.519533825,             1537P   1382
-11.29676191,-2.088999999,0,0;                                      1537P   1383
102,6,1521,1525,1527,1531,1535,1537,0,0;                            1539P   1384
142,0,1517,0,1539,2,0,0;                                            1541P   1385
144,1517,1,0,1541,0,1,1;                                            1543P   1386
110,-1.5,-12.12435565,-3.413795723,-1.5,-12.12435565,               1545P   1387
-2.413795723,0,0;                                                   1545P   1388
110,-1.519533825,-11.29676191,-2.088999999,-1.526901726,            1547P   1389
-10.9846045,-1.589304586,0,0;                                       1547P   1390
120,1545,1547,0.0,3.141592654,0,0;                                  1549P   1391
124,0.02359658529,-0.9997215618,2.014351756E-018,-1.5,              1551P   1392
-0.9997215618,-0.02359658529,-8.53424705E-017,-12.12435565,0.0,     1551P   1393
-4.622231867E-033,-1.0,-2.088999999,0,0;                            1551P   1394
100,0.0,0.0,0.0,0.8278242441,0.0,-0.01953382538,0.8275937462,0,     1553P   1395
0;                                                                  1553P   1396
124,-1.0,0.0,2.014351756E-018,-1.5,0.0,1.0,-8.53424705E-017,        1555P   1397
-12.12435565,0.0,-8.53424705E-017,-1.0,-2.088999999,0,0;            1555P   1398
100,0.0,0.0,0.0,0.8278242441,0.0,0.01953382538,0.8275937462,0,0;    1557P   1399
110,-1.519533825,-11.29676191,-2.088999999,-1.526901726,            1559P   1400
-10.9846045,-1.589304586,0,0;                                       1559P   1401
124,-0.02359658529,-0.9997215618,-2.014351756E-018,-1.5,            1561P   1402
0.9997215618,-0.02359658529,8.53424705E-017,-12.12435565,           1561P   1403
-6.352204859E-010,-7.703719778E-034,1.0,-1.589304586,0,0;           1561P   1404
100,0.0,0.0,0.0,1.140068593,0.0,0.02690172579,1.139751154,0,0;      1563P   1405
124,-1.0,-5.421125233E-026,-2.014351756E-018,-1.5,0.0,-1.0,         1565P   1406
8.53424705E-017,-12.12435565,-6.352200963E-010,8.53424705E-017,     1565P   1407
1.0,-1.589304586,0,0;                                               1565P   1408
100,0.0,0.0,0.0,1.140068593,0.0,-0.02690172579,1.139751154,0,0;     1567P   1409
110,-1.473098274,-13.26410681,-1.589304586,-1.480466175,            1569P   1410
-12.9519494,-2.088999999,0,0;                                       1569P   1411
102,6,1553,1557,1559,1563,1567,1569,0,0;                            1571P   1412
142,0,1549,0,1571,2,0,0;                                            1573P   1413
144,1549,1,0,1573,0,1,1;                                            1575P   1414
110,-1.5,12.12435565,-3.413795723,-1.5,12.12435565,-2.413795723,    1577P   1415
0,0;                                                                1577P   1416
110,-2.206950296,11.69364199,-2.088999999,-2.473602591,             1579P   1417
11.5311825,-1.589304586,0,0;                                        1579P   1418
120,1577,1579,0.0,3.141592654,0,0;                                  1581P   1419
124,0.8539859766,0.5202960232,7.290157159E-017,-1.5,                1583P   1420
0.5202960232,-0.8539859766,4.441571504E-017,12.12435565,0.0,        1583P   1421
-1.232595164E-032,-1.0,-2.088999999,0,0;                            1583P   1422
100,0.0,0.0,0.0,0.8278242441,0.0,0.7069502955,0.4307136621,0,0;     1585P   1423
124,1.0,0.0,7.290157159E-017,-1.5,0.0,-1.0,4.441571504E-017,        1587P   1424
12.12435565,0.0,-4.441571504E-017,-1.0,-2.088999999,0,0;            1587P   1425
100,0.0,0.0,0.0,0.8278242441,0.0,-0.7069502955,0.4307136621,0,0;    1589P   1426
110,-2.206950296,11.69364199,-2.088999999,-2.473602592,             1591P   1427
11.5311825,-1.589304586,0,0;                                        1591P   1428
124,-0.8539859766,0.5202960232,-7.290157159E-017,-1.5,              1593P   1429
-0.5202960232,-0.8539859766,-4.441571504E-017,12.12435565,          1593P   1430
-6.352204859E-010,5.54667824E-032,1.0,-1.589304586,0,0;             1593P   1431
100,0.0,0.0,0.0,1.140068593,0.0,-0.9736025907,0.5931731551,0,0;     1595P   1432
124,1.0,2.821376344E-026,-7.290157159E-017,-1.5,0.0,1.0,            1597P   1433
-4.441571504E-017,12.12435565,-6.352202911E-010,                    1597P   1434
4.441571504E-017,1.0,-1.589304586,0,0;                              1597P   1435
100,0.0,0.0,0.0,1.140068593,0.0,0.9736025907,0.5931731551,0,0;      1599P   1436
110,-0.5263974083,12.71752881,-1.589304586,-0.7930497045,           1601P   1437
12.55506932,-2.088999999,0,0;                                       1601P   1438
102,6,1585,1589,1591,1595,1599,1601,0,0;                            1603P   1439
142,0,1581,0,1603,2,0,0;                                            1605P   1440
144,1581,1,0,1605,0,1,1;                                            1607P   1441
110,-1.5,12.12435565,-3.413795723,-1.5,12.12435565,-2.413795723,    1609P   1442
0,0;                                                                1609P   1443
110,-0.7930497045,12.55506932,-2.088999999,-0.5263974093,           1611P   1444
12.71752881,-1.589304586,0,0;                                       1611P   1445
120,1609,1611,0.0,3.141592654,0,0;                                  1613P   1446
124,-0.8539859766,-0.5202960232,7.290157159E-017,-1.5,              1615P   1447
-0.5202960232,0.8539859766,4.441571504E-017,12.12435565,0.0,0.0,    1615P   1448
-1.0,-2.088999999,0,0;                                              1615P   1449
100,0.0,0.0,0.0,0.8278242441,0.0,0.7069502955,0.4307136621,0,0;     1617P   1450
124,-1.0,0.0,7.290157159E-017,-1.5,0.0,1.0,4.441571504E-017,        1619P   1451
12.12435565,0.0,4.441571504E-017,-1.0,-2.088999999,0,0;             1619P   1452
100,0.0,0.0,0.0,0.8278242441,0.0,-0.7069502955,0.4307136621,0,0;    1621P   1453
110,-0.7930497045,12.55506932,-2.088999999,-0.5263974083,           1623P   1454
12.71752881,-1.589304586,0,0;                                       1623P   1455
124,0.8539859766,-0.5202960232,-7.290157159E-017,-1.5,              1625P   1456
0.5202960232,0.8539859766,-4.441571504E-017,12.12435565,            1625P   1457
-6.352169801E-010,-4.314083075E-032,1.0,-1.589304586,0,0;           1625P   1458
100,0.0,0.0,0.0,1.140068593,0.0,-0.9736025907,0.5931731551,0,0;     1627P   1459
124,-1.0,1.558114002E-015,-7.290157159E-017,-1.5,                   1629P   1460
-1.558114002E-015,-1.0,-4.441571504E-017,12.12435565,               1629P   1461
-6.352200963E-010,-4.441571504E-017,1.0,-1.589304586,0,0;           1629P   1462
100,0.0,0.0,0.0,1.140068593,0.0,0.9736025907,0.5931731551,0,0;      1631P   1463
110,-2.473602592,11.5311825,-1.589304586,-2.206950296,              1633P   1464
11.69364199,-2.088999999,0,0;                                       1633P   1465
102,6,1617,1621,1623,1627,1631,1633,0,0;                            1635P   1466
142,0,1613,0,1635,2,0,0;                                            1637P   1467
144,1613,1,0,1637,0,1,1;                                            1639P   1468
110,-22.5,0.0,-3.413795723,-22.5,0.0,-2.413795723,0,0;              1641P   1469
110,-21.77351588,-0.3968800841,-2.088999999,-21.49949568,           1643P   1470
-0.5465779992,-1.589304586,0,0;                                     1643P   1471
120,1641,1643,0.0,3.141592654,0,0;                                  1645P   1472
124,-0.8775825619,0.4794255386,-7.491592335E-017,-22.5,             1647P   1473
0.4794255386,0.8775825619,4.092675545E-017,0.0,0.0,                 1647P   1474
-3.697785493E-032,-1.0,-2.088999999,0,0;                            1647P   1475
100,0.0,0.0,0.0,0.8278242441,0.0,-0.7264841209,0.3968800841,0,0;    1649P   1476
124,1.0,1.34113374E-016,-7.491592335E-017,-22.5,1.34113374E-016,    1651P   1477
-1.0,4.092675545E-017,0.0,0.0,-4.092675545E-017,-1.0,               1651P   1478
-2.088999999,0,0;                                                   1651P   1479
100,0.0,0.0,0.0,0.8278242441,0.0,0.7264841209,0.3968800841,0,0;     1653P   1480
110,-21.77351588,-0.3968800841,-2.088999999,-21.49949568,           1655P   1481
-0.5465779998,-1.589304586,0,0;                                     1655P   1482
124,0.8775825619,0.4794255386,7.491592335E-017,-22.5,               1657P   1483
-0.4794255386,0.8775825619,-4.092675545E-017,0.0,                   1657P   1484
-6.352206806E-010,4.314083075E-032,1.0,-1.589304586,0,0;            1657P   1485
100,0.0,0.0,0.0,1.140068593,0.0,1.000504317,0.5465779992,0,0;       1659P   1486
124,1.0,4.869106258E-017,7.491592335E-017,-22.5,                    1661P   1487
-4.869106255E-017,1.0,-4.092675545E-017,0.0,-6.352200963E-010,      1661P   1488
4.092675545E-017,1.0,-1.589304586,0,0;                              1661P   1489
100,0.0,0.0,0.0,1.140068593,0.0,-1.000504317,0.5465779992,0,0;      1663P   1490
110,-23.50050432,0.5465779998,-1.589304586,-23.22648412,            1665P   1491
0.3968800841,-2.088999999,0,0;                                      1665P   1492
102,6,1649,1653,1655,1659,1663,1665,0,0;                            1667P   1493
142,0,1645,0,1667,2,0,0;                                            1669P   1494
144,1645,1,0,1669,0,1,1;                                            1671P   1495
110,-22.5,0.0,-3.413795723,-22.5,0.0,-2.413795723,0,0;              1673P   1496
110,-23.22648412,0.3968800841,-2.088999999,-23.50050432,            1675P   1497
0.5465779992,-1.589304586,0,0;                                      1675P   1498
120,1673,1675,0.0,3.141592654,0,0;                                  1677P   1499
124,0.8775825619,-0.4794255386,-7.491592335E-017,-22.5,             1679P   1500
-0.4794255386,-0.8775825619,4.092675545E-017,0.0,0.0,               1679P   1501
2.465190329E-032,-1.0,-2.088999999,0,0;                             1679P   1502
100,0.0,0.0,0.0,0.8278242441,0.0,-0.7264841209,0.3968800841,0,0;    1681P   1503
124,-1.0,-6.705668701E-017,-7.491592335E-017,-22.5,                 1683P   1504
-6.705668701E-017,1.0,4.092675545E-017,0.0,0.0,4.092675545E-017,    1683P   1505
-1.0,-2.088999999,0,0;                                              1683P   1506
100,0.0,0.0,0.0,0.8278242441,0.0,0.7264841209,0.3968800841,0,0;     1685P   1507
110,-23.22648412,0.3968800841,-2.088999999,-23.50050432,            1687P   1508
0.5465779998,-1.589304586,0,0;                                      1687P   1509
124,-0.8775825619,-0.4794255386,7.491592335E-017,-22.5,             1689P   1510
0.4794255386,-0.8775825619,-4.092675545E-017,0.0,                   1689P   1511
-6.35216201E-010,-3.697785493E-032,1.0,-1.589304586,0,0;            1689P   1512
100,0.0,0.0,0.0,1.140068593,0.0,1.000504317,0.5465779992,0,0;       1691P   1513
124,-1.0,4.869106258E-017,7.491592335E-017,-22.5,                   1693P   1514
-4.869106255E-017,-1.0,-4.092675545E-017,0.0,-6.352193173E-010,     1693P   1515
-4.092675545E-017,1.0,-1.589304586,0,0;                             1693P   1516
100,0.0,0.0,0.0,1.140068593,0.0,-1.000504317,0.5465779992,0,0;      1695P   1517
110,-21.49949568,-0.5465779998,-1.589304586,-21.77351588,           1697P   1518
-0.3968800841,-2.088999999,0,0;                                     1697P   1519
102,6,1681,1685,1687,1691,1695,1697,0,0;                            1699P   1520
142,0,1677,0,1699,2,0,0;                                            1701P   1521
144,1677,1,0,1701,0,1,1;                                            1703P   1522
108,0.0,0.0,-1.0,2.089,0,-23.62261885,0.0,-2.089,1.0,0,0;           1705P   1523
124,1.0,7.615644036E-010,0.0,-1.5,-7.615644036E-010,1.0,0.0,        1707P   1524
-12.12435565,6.370176048E-010,0.0,1.0,-2.089,0,0;                   1707P   1525
100,0.0,0.0,0.0,0.8278242452,0.0,-0.01953382592,0.8275937473,0,     1709P   1526
0;                                                                  1709P   1527
124,-0.02359658514,-0.9997215618,0.0,-1.5,0.9997215618,             1711P   1528
-0.02359658514,0.0,-12.12435565,6.370176054E-010,0.0,1.0,-2.089,    1711P   1529
0,0;                                                                1711P   1530
100,0.0,0.0,0.0,0.8278242452,0.0,0.01953382466,0.8275937473,0,0;    1713P   1531
124,-1.0,7.615644038E-010,0.0,-1.5,-7.615644038E-010,-1.0,0.0,      1715P   1532
-12.12435565,6.37017605E-010,0.0,1.0,-2.089,0,0;                    1715P   1533
100,0.0,0.0,0.0,0.8278242452,0.0,-0.0195338249,0.8275937473,0,0;    1717P   1534
124,0.02359658544,0.9997215618,0.0,-1.5,-0.9997215618,              1719P   1535
0.02359658544,0.0,-12.12435565,6.370176044E-010,0.0,1.0,-2.089,     1719P   1536
0,0;                                                                1719P   1537
100,0.0,0.0,0.0,0.8278242452,0.0,0.01953382616,0.8275937473,0,0;    1721P   1538
102,4,1709,1713,1717,1721,0,0;                                      1723P   1539
142,0,1705,0,1723,2,0,0;                                            1725P   1540
144,1705,1,0,1725,0,1,1;                                            1727P   1541
124,1.0,-7.615644036E-010,0.0,-1.5,7.615644036E-010,1.0,0.0,        1729P   1542
12.12435565,6.370176048E-010,0.0,1.0,-2.089,0,0;                    1729P   1543
100,0.0,0.0,0.0,0.8278242452,0.0,0.7069502966,0.4307136626,0,0;     1731P   1544
124,0.8539859763,-0.5202960237,0.0,-1.5,0.5202960237,               1733P   1545
0.8539859763,0.0,12.12435565,6.370176045E-010,0.0,1.0,-2.089,0,     1733P   1546
0;                                                                  1733P   1547
100,0.0,0.0,0.0,0.8278242452,0.0,-0.7069502959,0.4307136636,0,0;    1735P   1548
124,-1.0,-7.615644038E-010,0.0,-1.5,7.615644038E-010,-1.0,0.0,      1737P   1549
12.12435565,6.37017605E-010,0.0,1.0,-2.089,0,0;                     1737P   1550
100,0.0,0.0,0.0,0.8278242452,0.0,0.7069502964,0.4307136628,0,0;     1739P   1551
124,-0.8539859769,0.5202960227,0.0,-1.5,-0.5202960227,              1741P   1552
-0.8539859769,0.0,12.12435565,6.370176052E-010,0.0,1.0,-2.089,0,    1741P   1553
0;                                                                  1741P   1554
100,0.0,0.0,0.0,0.8278242452,0.0,-0.7069502971,0.4307136618,0,0;    1743P   1555
102,4,1731,1735,1739,1743,0,0;                                      1745P   1556
142,0,1705,0,1745,2,0,0;                                            1747P   1557
144,1705,1,0,1747,0,1,1;                                            1749P   1558
124,1.0,-1.125024723E-009,0.0,-22.5,1.125024723E-009,1.0,0.0,       1751P   1559
-9.313226301E-010,6.370165319E-010,0.0,1.0,-2.089,0,0;              1751P   1560
100,0.0,0.0,0.0,0.8278242452,0.0,-0.726484121,0.3968800862,0,0;     1753P   1561
124,-0.8775825614,-0.4794255395,0.0,-22.5,0.4794255395,             1755P   1562
-0.8775825614,0.0,-9.313226301E-010,6.370186775E-010,0.0,1.0,       1755P   1563
-2.089,0,0;                                                         1755P   1564
100,0.0,0.0,0.0,0.8278242452,0.0,0.7264841219,0.3968800846,0,0;     1757P   1565
124,-1.0,1.125024589E-009,0.0,-22.5,-1.125024589E-009,-1.0,0.0,     1759P   1566
9.313225746E-010,6.370165321E-010,0.0,1.0,-2.089,0,0;               1759P   1567
100,0.0,0.0,0.0,0.8278242452,0.0,-0.7264841211,0.3968800861,0,0;    1761P   1568
124,0.8775825615,0.4794255394,0.0,-22.5,-0.4794255394,              1763P   1569
0.8775825615,0.0,9.313225746E-010,6.370186773E-010,0.0,1.0,         1763P   1570
-2.089,0,0;                                                         1763P   1571
100,0.0,0.0,0.0,0.8278242452,0.0,0.726484122,0.3968800845,0,0;      1765P   1572
102,4,1753,1757,1761,1765,0,0;                                      1767P   1573
142,0,1705,0,1767,2,0,0;                                            1769P   1574
144,1705,1,0,1769,0,1,1;                                            1771P   1575
108,0.0,0.0,1.0,14.31909752,0,0.0,0.0,14.31909752,1.0,0,0;          1773P   1576
124,-0.7903313378,-0.6126796687,0.0,-8.500000004,-0.6126796687,     1775P   1577
0.7903313378,0.0,1.24789068E-011,0.0,0.0,-1.0,14.31909752,0,0;      1775P   1578
100,0.0,0.0,0.0,16.7124984,0.0,16.50050505,2.653476226,0,0;         1777P   1579
124,-0.8775825618,-0.4794255387,0.0,-8.500000004,-0.4794255387,     1779P   1580
0.8775825618,0.0,1.24789068E-011,5.094118916E-012,0.0,-1.0,         1779P   1581
14.31909752,0,0;                                                    1779P   1582
100,0.0,0.0,0.0,16.7124984,0.0,6.682437667,15.31837556,0,0;         1781P   1583
124,-0.7903313379,0.6126796686,0.0,-8.5,0.6126796686,               1783P   1584
0.7903313379,0.0,3.552713679E-015,5.457202568E-012,0.0,-1.0,        1783P   1585
14.31909752,0,0;                                                    1783P   1586
100,0.0,0.0,0.0,16.7124984,0.0,11.93389237,11.69999213,0,0;         1785P   1587
124,-0.1354304883,0.9907868504,0.0,-8.500000002,0.9907868504,       1787P   1588
0.1354304883,0.0,-2.060252413E-009,0.0,0.0,-1.0,14.31909752,0,0;    1787P   1589
100,0.0,0.0,0.0,16.71249841,0.0,5.952274708,15.61659466,0,0;        1789P   1590
124,0.8775825619,0.4794255387,0.0,-8.500000002,0.4794255387,        1791P   1591
-0.8775825619,0.0,-2.060252413E-009,5.095181806E-012,0.0,-1.0,      1791P   1592
14.31909752,0,0;                                                    1791P   1593
100,0.0,0.0,0.0,16.71249841,0.0,16.60732122,1.872026995,0,0;        1793P   1594
124,0.9257618264,0.3781071817,0.0,-8.5,0.3781071817,                1795P   1595
-0.9257618264,0.0,3.552713679E-015,5.458052881E-012,0.0,-1.0,       1795P   1596
14.31909752,0,0;                                                    1795P   1597
100,0.0,0.0,0.0,16.7124984,0.0,11.93389237,11.69999213,0,0;         1797P   1598
124,0.9257618263,-0.3781071818,0.0,-8.500000002,-0.3781071818,      1799P   1599
-0.9257618263,0.0,2.085197792E-009,0.0,0.0,-1.0,14.31909752,0,0;    1799P   1600
100,0.0,0.0,0.0,16.71249841,0.0,4.165544227,16.18505003,0,0;        1801P   1601
124,-0.1354304885,-0.9907868503,0.0,-8.5,-0.9907868503,             1803P   1602
0.1354304885,0.0,3.552713679E-015,5.456245965E-012,0.0,-1.0,        1803P   1603
14.31909752,0,0;                                                    1803P   1604
100,0.0,0.0,0.0,16.7124984,0.0,11.93389237,11.69999213,0,0;         1805P   1605
102,8,1777,1781,1785,1789,1793,1797,1801,1805,0,0;                  1807P   1606
142,0,1773,0,1807,2,0,0;                                            1809P   1607
144,1773,1,0,1809,0,1,1;                                            1811P   1608
110,0.0,0.0,5.6215,0.0,0.0,6.6215,0,0;                              1813P   1609
124,0.0,0.0,1.0,0.0,0.7339868059,0.6791637275,0.0,-9.071735172,     1815P   1610
-0.6791637275,0.7339868059,0.0,11.88636278,0,0;                     1815P   1611
100,0.0,0.0,0.0,17.30711212,0.0,13.21703577,11.17345494,0,0;        1817P   1612
120,1813,1817,3.641592654,6.783185307,0,0;                          1819P   1613
126,5,5,0,0,1,0,16.20294382,16.20294382,16.20294382,16.20294382,    1821P   1614
16.20294382,16.20294382,30.70021834,30.70021834,30.70021834,        1821P   1615
30.70021834,30.70021834,30.70021834,1.0,1.0,1.0,1.0,1.0,1.0,        1821P   1616
7.792026075,2.611484953,11.111,7.140502347,4.555470835,11.111,      1821P   1617
5.883378769,6.296956522,11.111,4.101002703,7.579463485,11.111,      1821P   1618
2.050232117,8.218000026,11.111,-1.008538581E-007,8.218000001,       1821P   1619
11.111,16.20294382,30.70021834,0.0,0.0,0.0,0,0;                     1821P   1620
124,-1.227231181E-008,-1.0,0.0,0.0,1.0,-1.227231181E-008,0.0,       1823P   1621
0.0,0.0,0.0,1.0,11.111,0,0;                                         1823P   1622
100,0.0,0.0,0.0,8.218000001,0.0,7.211973543,3.939918988,0,0;        1825P   1623
126,4,4,0,0,1,0,0.0,0.0,0.0,0.0,0.0,12.14626,12.14626,12.14626,     1827P   1624
12.14626,12.14626,1.0,1.0,1.0,1.0,1.0,-3.939919077,7.211973494,     1827P   1625
11.111,-3.874698582,7.09258818,8.077483817,-3.468927643,            1827P   1626
6.349829459,5.073878802,-2.729744297,4.99676342,2.360798645,        1827P   1627
-1.741013117,3.186903135,0.132,0.0,12.14626,0.0,0.0,0.0,0,0;        1827P   1628
124,-0.4794255386,0.8775825619,0.0,0.0,0.8775825619,                1829P   1629
0.4794255386,0.0,0.0,0.0,0.0,-1.0,0.132,0,0;                        1829P   1630
100,0.0,0.0,0.0,3.631456769,0.0,-3.631456769,0.0,0,0;               1831P   1631
126,4,4,0,0,1,0,95.82191018,95.82191018,95.82191018,95.82191018,    1833P   1632
95.82191018,107.9681702,107.9681702,107.9681702,107.9681702,        1833P   1633
107.9681702,1.0,1.0,1.0,1.0,1.0,1.741013117,-3.186903135,0.132,     1833P   1634
2.729744297,-4.99676342,2.360798645,3.468927643,-6.349829459,       1833P   1635
5.073878802,3.874698582,-7.09258818,8.077483817,3.939919077,        1833P   1636
-7.211973494,11.111,95.82191018,107.9681702,0.0,0.0,0.0,0,0;        1833P   1637
124,0.4794255386,0.8775825619,0.0,0.0,-0.8775825619,                1835P   1638
0.4794255386,0.0,0.0,0.0,0.0,1.0,11.111,0,0;                        1835P   1639
100,0.0,0.0,0.0,8.218000001,0.0,6.027487048,5.586136759,0,0;        1837P   1640
126,14,5,0,0,1,0,0.0,0.0,0.0,0.0,0.0,0.0,3.110792399,               1839P   1641
3.110792399,3.110792399,5.997428861,5.997428861,5.997428861,        1839P   1642
8.564968584,8.564968584,8.564968584,11.70193229,11.70193229,        1839P   1643
11.70193229,11.70193229,11.70193229,11.70193229,1.0,1.0,1.0,1.0,    1839P   1644
1.0,1.0,1.0,1.0,1.0,1.0,1.0,1.0,1.0,1.0,1.0,7.792027999,            1839P   1645
-2.611479212,11.111,7.766430336,-2.625895423,10.67194108,           1839P   1646
7.754197228,-2.555879416,10.23017499,7.756641546,-2.402814226,      1839P   1647
9.803176012,7.783263648,-1.944427637,9.042958346,7.82574658,        1839P   1648
-1.202189299,8.505827867,7.844447547,-0.7841099158,8.319766844,     1839P   1649
7.859255121,0.06893399842,8.166912406,7.838916619,0.9021138707,     1839P   1650
8.376600085,7.822146509,1.263002903,8.553406735,7.782551819,        1839P   1651
1.958980564,9.070818603,7.756709237,2.398945109,9.792378098,        1839P   1652
7.753992338,2.554695342,10.22274158,7.766214981,2.626016708,        1839P   1653
10.66824725,7.792027999,2.611479212,11.111,0.0,11.70193229,0.0,     1839P   1654
0.0,0.0,0,0;                                                        1839P   1655
102,7,1821,1825,1827,1831,1833,1837,1839,0,0;                       1841P   1656
142,0,1819,0,1841,2,0,0;                                            1843P   1657
144,1819,1,0,1843,0,1,1;                                            1845P   1658
110,-12.75,7.361215932,5.6215,-12.75,7.361215932,6.6215,0,0;        1847P   1659
124,-0.6356512199,-0.5881730414,-0.5,-4.893646884,-0.3669934029,    1849P   1660
-0.3395818638,0.8660254038,11.89708352,-0.6791637275,               1849P   1661
0.7339868059,2.775557562E-017,11.88636278,0,0;                      1849P   1662
100,0.0,0.0,0.0,17.30711212,0.0,13.21703577,11.17345494,0,0;        1851P   1663
120,1847,1851,3.641592654,6.783185307,0,0;                          1853P   1664
126,5,5,0,0,1,0,16.20299333,16.20299333,16.20299333,16.20299333,    1855P   1665
16.20299333,16.20299333,30.70021834,30.70021834,30.70021834,        1855P   1666
30.70021834,30.70021834,30.70021834,1.0,1.0,1.0,1.0,1.0,1.0,        1855P   1667
-18.90764853,12.80353975,11.111,-20.26541665,11.26731017,11.111,    1855P   1668
-21.14501597,9.307870764,11.111,-21.36450604,7.123042399,11.111,    1855P   1669
-20.89210935,5.027762952,11.111,-19.86699672,3.252215844,11.111,    1855P   1670
16.20299333,30.70021834,0.0,0.0,0.0,0,0;                            1855P   1671
124,-0.8660253976,0.5000000106,0.0,-12.75,-0.5000000106,            1857P   1672
-0.8660253976,0.0,7.361215932,0.0,0.0,1.0,11.111,0,0;               1857P   1673
100,0.0,0.0,0.0,8.218000001,0.0,7.211973543,3.939918988,0,0;        1859P   1674
126,4,4,0,0,1,0,0.0,0.0,0.0,0.0,0.0,12.14626,12.14626,12.14626,     1861P   1675
12.14626,12.14626,1.0,1.0,1.0,1.0,1.0,-17.02579272,0.3431591758,    1861P   1676
11.111,-16.95501225,0.4593344382,8.077483817,-16.5146498,           1861P   1677
1.18212174,5.073878802,-15.71245191,2.498806315,2.360798645,        1861P   1678
-14.63943252,4.260002777,0.132,0.0,12.14626,0.0,0.0,0.0,0,0;        1861P   1679
124,-0.5202960232,-0.8539859766,0.0,-12.75,-0.8539859766,           1863P   1680
0.5202960232,0.0,7.361215932,0.0,0.0,-1.0,0.132,0,0;                1863P   1681
100,0.0,0.0,0.0,3.631456769,0.0,-3.631456769,-2.015863459E-016,     1865P   1682
0,0;                                                                1865P   1683
126,4,4,0,0,1,0,95.82191018,95.82191018,95.82191018,95.82191018,    1867P   1684
95.82191018,107.9681702,107.9681702,107.9681702,107.9681702,        1867P   1685
107.9681702,1.0,1.0,1.0,1.0,1.0,-10.86056748,10.46242909,0.132,     1867P   1686
-9.787548091,12.22362555,2.360798645,-8.985350201,13.54031012,      1867P   1687
5.073878802,-8.544987749,14.26309743,8.077483817,-8.474207281,      1867P   1688
14.37927269,11.111,95.82191018,107.9681702,0.0,0.0,0.0,0,0;         1867P   1689
124,0.5202960232,-0.8539859766,0.0,-12.75,0.8539859766,             1869P   1690
0.5202960232,0.0,7.361215932,0.0,0.0,1.0,11.111,0,0;                1869P   1691
100,0.0,0.0,0.0,8.218000001,0.0,6.027485877,5.586138024,0,0;        1871P   1692
126,14,5,0,0,1,0,0.0,0.0,0.0,0.0,0.0,0.0,3.110792398,               1873P   1693
3.110792398,3.110792398,5.997428861,5.997428861,5.997428861,        1873P   1694
8.564968584,8.564968584,8.564968584,11.70193229,11.70193229,        1873P   1695
11.70193229,11.70193229,11.70193229,11.70193229,1.0,1.0,1.0,1.0,    1873P   1696
1.0,1.0,1.0,1.0,1.0,1.0,1.0,1.0,1.0,1.0,1.0,-14.38440666,           1873P   1697
15.41504973,11.111,-14.35912302,15.40008961,10.67194108,            1873P   1698
-14.41364211,15.35448743,10.23017499,-14.54742261,15.28007167,      1873P   1699
9.803176012,-14.95770809,15.07393379,9.042958346,-15.62174682,      1873P   1700
14.73960592,8.505827867,-15.99316467,14.54676174,8.319766844,       1873P   1701
-16.73932615,14.13306352,8.166912407,-17.45071184,13.69885993,      1873P   1702
8.376600085,-17.75486585,13.50389207,8.553406735,-18.33780284,      1873P   1703
13.12161323,9.070818603,-18.70590203,12.87925063,9.792378098,       1873P   1704
-18.83942723,12.79902261,10.22274158,-18.90730467,12.77394704,      1873P   1705
10.66824725,-18.90762134,12.80357052,11.111,0.0,11.70193229,0.0,    1873P   1706
0.0,0.0,0,0;                                                        1873P   1707
102,7,1855,1859,1861,1865,1867,1871,1873,0,0;                       1875P   1708
142,0,1853,0,1875,2,0,0;                                            1877P   1709
144,1853,1,0,1877,0,1,1;                                            1879P   1710
110,-12.75,-7.361215932,5.6215,-12.75,-7.361215932,6.6215,0,0;      1881P   1711
124,0.6356512199,0.5881730414,-0.5,-20.60635312,-0.3669934029,      1883P   1712
-0.3395818638,-0.8660254038,-2.825348346,-0.6791637275,             1883P   1713
0.7339868059,-5.551115123E-017,11.88636278,0,0;                     1883P   1714
100,0.0,0.0,0.0,17.30711212,0.0,13.21703577,11.17345494,0,0;        1885P   1715
120,1881,1885,3.641592654,6.783185307,0,0;                          1887P   1716
126,5,5,0,0,1,0,16.20300402,16.20300402,16.20300402,16.20300402,    1889P   1717
16.20300402,16.20300402,30.70021834,30.70021834,30.70021834,        1889P   1718
30.70021834,30.70021834,30.70021834,1.0,1.0,1.0,1.0,1.0,1.0,        1889P   1719
-14.38435901,-15.4150594,11.111,-12.37506222,-15.82280414,          1889P   1720
11.111,-10.23834012,-15.60483846,11.111,-8.236480326,               1889P   1721
-14.70250808,11.111,-6.658115011,-13.24576167,11.111,               1889P   1722
-5.633003181,-11.47021585,11.111,16.20300402,30.70021834,0.0,       1889P   1723
0.0,0.0,0,0;                                                        1889P   1724
124,0.8660254099,0.4999999894,0.0,-12.75,-0.4999999894,             1891P   1725
0.8660254099,0.0,-7.361215932,0.0,0.0,1.0,11.111,0,0;               1891P   1726
100,0.0,0.0,0.0,8.218000001,0.0,7.211973543,3.939918988,0,0;        1893P   1727
126,4,4,0,0,1,0,0.0,0.0,0.0,0.0,0.0,12.14626,12.14626,12.14626,     1895P   1728
12.14626,12.14626,1.0,1.0,1.0,1.0,1.0,-4.534288204,-7.55513267,     1895P   1729
11.111,-4.670289167,-7.551922618,8.077483817,-5.516422557,          1895P   1730
-7.531951198,5.073878802,-7.057803793,-7.495569735,2.360798645,     1895P   1731
-9.119554367,-7.446905912,0.132,0.0,12.14626,0.0,0.0,0.0,0,0;       1895P   1732
124,0.9997215618,-0.02359658529,0.0,-12.75,-0.02359658529,          1897P   1733
-0.9997215618,0.0,-7.361215932,0.0,0.0,-1.0,0.132,0,0;              1897P   1734
100,0.0,0.0,0.0,3.631456769,0.0,-3.631456769,-8.819402632E-016,     1899P   1735
0,0;                                                                1899P   1736
126,4,4,0,0,1,0,95.82191018,95.82191018,95.82191018,95.82191018,    1901P   1737
95.82191018,107.9681702,107.9681702,107.9681702,107.9681702,        1901P   1738
107.9681702,1.0,1.0,1.0,1.0,1.0,-16.38044563,-7.275525953,0.132,    1901P   1739
-18.44219621,-7.22686213,2.360798645,-19.98357744,-7.190480666,     1901P   1740
5.073878802,-20.82971083,-7.170509246,8.077483817,-20.9657118,      1901P   1741
-7.167299194,11.111,95.82191018,107.9681702,0.0,0.0,0.0,0,0;        1901P   1742
124,-0.9997215618,-0.02359658529,0.0,-12.75,0.02359658529,          1903P   1743
-0.9997215618,0.0,-7.361215932,0.0,0.0,1.0,11.111,0,0;              1903P   1744
100,0.0,0.0,0.0,8.218000001,0.0,6.02749443,5.586128795,0,0;         1905P   1745
126,14,5,0,0,1,0,0.0,0.0,0.0,0.0,0.0,0.0,3.110792398,               1907P   1746
3.110792398,3.110792398,5.99742886,5.99742886,5.99742886,           1907P   1747
8.564968581,8.564968581,8.564968581,11.70193229,11.70193229,        1907P   1748
11.70193229,11.70193229,11.70193229,11.70193229,1.0,1.0,1.0,1.0,    1907P   1749
1.0,1.0,1.0,1.0,1.0,1.0,1.0,1.0,1.0,1.0,1.0,-18.90762134,           1907P   1750
-12.80357052,11.111,-18.90730731,-12.77419419,10.67194108,          1907P   1751
-18.84055512,-12.79860801,10.23017499,-18.70921893,-12.87725745,    1907P   1752
9.803176012,-18.32555555,-13.12950616,9.042958346,-17.70399976,     1907P   1753
-13.53741662,8.505827867,-17.35128288,-13.76265183,8.319766843,     1907P   1754
-16.61992897,-14.20199752,8.166912407,-15.88820478,-14.6009738,     1907P   1755
8.376600085,-15.56728065,-14.76689497,8.553406735,-14.94474898,     1907P   1756
-15.0805938,9.070818603,-14.55080721,-15.27819574,9.792378098,      1907P   1757
-14.4145651,-15.35371795,10.22274158,-14.35891031,-15.39996375,     1907P   1758
10.66824725,-14.38440666,-15.41504973,11.111,0.0,11.70193229,       1907P   1759
0.0,0.0,0.0,0,0;                                                    1907P   1760
102,7,1889,1893,1895,1899,1901,1905,1907,0,0;                       1909P   1761
142,0,1887,0,1909,2,0,0;                                            1911P   1762
144,1887,1,0,1911,0,1,1;                                            1913P   1763
110,-8.5,-3.552713679E-015,7.036950848,-8.5,-3.552713679E-015,      1915P   1764
8.036950848,0,0;                                                    1915P   1765
110,-18.85659856,-12.64988991,8.221252315,-18.95246668,             1917P   1766
-12.76698639,11.11100062,0,0;                                       1917P   1767
120,1915,1917,0.0,0.3256516856,0,0;                                 1919P   1768
126,14,5,0,0,1,0,0.0,0.0,0.0,0.0,0.0,0.0,3.136963705,               1921P   1769
3.136963705,3.136963705,5.704503426,5.704503426,5.704503426,        1921P   1770
8.591139888,8.591139888,8.591139888,11.70193229,11.70193229,        1921P   1771
11.70193229,11.70193229,11.70193229,11.70193229,1.0,1.0,1.0,1.0,    1921P   1772
1.0,1.0,1.0,1.0,1.0,1.0,1.0,1.0,1.0,1.0,1.0,-14.38440666,           1921P   1773
-15.41504973,11.111,-14.35891031,-15.39996375,10.66824725,          1921P   1774
-14.4145651,-15.35371796,10.22274161,-14.55080709,-15.27819571,     1921P   1775
9.792378079,-14.94474908,-15.08059382,9.070818618,-15.56728057,     1921P   1776
-14.76689496,8.553406723,-15.88820483,-14.60097377,8.376600081,     1921P   1777
-16.61992892,-14.20199756,8.166912411,-17.35128294,-13.76265179,    1921P   1778
8.319766839,-17.70399973,-13.53741672,8.505827882,-18.32555559,     1921P   1779
-13.12950605,9.04295833,-18.70921889,-12.87725756,9.80317603,       1921P   1780
-18.84055513,-12.79860801,10.23017502,-18.90730731,-12.77419419,    1921P   1781
10.67194108,-18.90762134,-12.80357052,11.111,0.0,11.70193229,       1921P   1782
0.0,0.0,0.0,0,0;                                                    1921P   1783
124,-0.6307655161,0.7759734942,0.0,-8.5,-0.7759734942,              1923P   1784
-0.6307655161,0.0,-3.552713679E-015,-3.731586627E-008,0.0,1.0,      1923P   1785
11.11100062,0,0;                                                    1923P   1786
100,0.0,0.0,0.0,16.50000003,0.0,16.49999979,0.002841645586,0,0;     1925P   1787
124,-0.6306318678,0.7760821137,0.0,-8.5,-0.7760821137,              1927P   1788
-0.6306318678,0.0,-3.552713679E-015,0.0,0.0,1.0,11.11100062,0,0;    1927P   1789
100,0.0,0.0,0.0,16.50000003,0.0,15.67512227,5.151751432,0,0;        1929P   1790
124,-0.3567908778,0.9341842803,0.0,-8.5,-0.9341842803,              1931P   1791
-0.3567908778,0.0,-3.552713679E-015,0.0,0.0,1.0,11.11100062,0,0;    1931P   1792
100,0.0,0.0,0.0,16.50000003,0.0,16.49999979,0.002828925227,0,0;     1933P   1793
102,4,1921,1925,1929,1933,0,0;                                      1935P   1794
142,0,1919,0,1935,2,0,0;                                            1937P   1795
144,1919,1,0,1937,0,1,1;                                            1939P   1796
110,-8.5,-3.552713679E-015,7.036950848,-8.5,-3.552713679E-015,      1941P   1797
8.036950848,0,0;                                                    1941P   1798
110,-14.27682674,15.2940224,8.221252315,-14.3303012,15.43559487,    1943P   1799
11.11100062,0,0;                                                    1943P   1800
120,1941,1943,0.0,0.3256516856,0,0;                                 1945P   1801
126,14,5,0,0,1,0,0.0,0.0,0.0,0.0,0.0,0.0,3.136963705,               1947P   1802
3.136963705,3.136963705,5.704503427,5.704503427,5.704503427,        1947P   1803
8.59113989,8.59113989,8.59113989,11.70193229,11.70193229,           1947P   1804
11.70193229,11.70193229,11.70193229,11.70193229,1.0,1.0,1.0,1.0,    1947P   1805
1.0,1.0,1.0,1.0,1.0,1.0,1.0,1.0,1.0,1.0,1.0,-18.90762134,           1947P   1806
12.80357052,11.111,-18.90730467,12.77394704,10.66824725,            1947P   1807
-18.83942724,12.79902261,10.22274161,-18.70590206,12.87925051,      1947P   1808
9.792378079,-18.33780281,13.12161333,9.070818618,-17.75486588,      1947P   1809
13.50389199,8.553406723,-17.45071179,13.69885995,8.376600081,       1947P   1810
-16.73932621,14.1330635,8.166912411,-15.9931646,14.54676177,        1947P   1811
8.319766839,-15.62174692,14.73960594,8.505827882,-14.95770798,      1947P   1812
15.07393377,9.04295833,-14.54742273,15.2800717,9.80317603,          1947P   1813
-14.4136421,15.35448743,10.23017502,-14.35912302,15.40008961,       1947P   1814
10.67194108,-14.38440666,15.41504973,11.111,0.0,11.70193229,0.0,    1947P   1815
0.0,0.0,0,0;                                                        1947P   1816
124,-0.3566307035,-0.9342454396,0.0,-8.5,0.9342454396,              1949P   1817
-0.3566307035,0.0,-3.552713679E-015,-3.731586162E-008,0.0,1.0,      1949P   1818
11.11100062,0,0;                                                    1949P   1819
100,0.0,0.0,0.0,16.50000003,0.0,16.49999986,0.002390146551,0,0;     1951P   1820
124,-0.3567660321,-0.9341937692,0.0,-8.5,0.9341937692,              1953P   1821
-0.3567660321,0.0,-3.552713679E-015,0.0,0.0,1.0,11.11100062,0,0;    1953P   1822
100,0.0,0.0,0.0,16.50000003,0.0,15.67484816,5.152585403,0,0;        1955P   1823
124,-0.6306525175,-0.7760653337,0.0,-8.5,0.7760653337,              1957P   1824
-0.6306525175,0.0,-3.552713679E-015,0.0,0.0,1.0,11.11100062,0,0;    1957P   1825
100,0.0,0.0,0.0,16.50000003,0.0,16.49999986,0.002390146274,0,0;     1959P   1826
102,4,1947,1951,1955,1959,0,0;                                      1961P   1827
142,0,1945,0,1961,2,0,0;                                            1963P   1828
144,1945,1,0,1963,0,1,1;                                            1965P   1829
110,-8.5,-3.552713679E-015,7.036950848,-8.5,-3.552713679E-015,      1967P   1830
8.036950848,0,0;                                                    1967P   1831
110,7.633425292,-2.644132492,8.221252315,7.78276788,                1969P   1832
-2.668608484,11.11100062,0,0;                                       1969P   1833
120,1967,1969,0.0,0.3256516857,0,0;                                 1971P   1834
126,14,5,0,0,1,0,0.0,0.0,0.0,0.0,0.0,0.0,3.136963706,               1973P   1835
3.136963706,3.136963706,5.704503428,5.704503428,5.704503428,        1973P   1836
8.591139891,8.591139891,8.591139891,11.70193229,11.70193229,        1973P   1837
11.70193229,11.70193229,11.70193229,11.70193229,1.0,1.0,1.0,1.0,    1973P   1838
1.0,1.0,1.0,1.0,1.0,1.0,1.0,1.0,1.0,1.0,1.0,7.792027999,            1973P   1839
2.611479212,11.111,7.766214981,2.626016708,10.66824725,             1973P   1840
7.753992341,2.55469535,10.22274161,7.756709155,2.398945202,         1973P   1841
9.79237808,7.782551887,1.958980488,9.070818618,7.822146454,         1973P   1842
1.263002966,8.553406723,7.838916614,0.9021138165,8.376600081,       1973P   1843
7.859255126,0.06893405932,8.166912411,7.844447541,-0.7841099843,    1973P   1844
8.319766839,7.82574665,-1.202189219,8.505827882,7.783263572,        1973P   1845
-1.944427722,9.04295833,7.756641627,-2.402814134,9.80317603,        1973P   1846
7.754197231,-2.555879425,10.23017502,7.766430336,-2.625895423,      1973P   1847
10.67194108,7.792027999,-2.611479212,11.111,0.0,11.70193229,0.0,    1973P   1848
0.0,0.0,0,0;                                                        1973P   1849
124,0.9873956189,0.1582715758,0.0,-8.5,-0.1582715758,               1975P   1850
0.9873956189,0.0,-3.552713679E-015,0.0,0.0,1.0,11.11100062,0,0;     1975P   1851
100,0.0,0.0,0.0,16.50000003,0.0,15.67335251,5.157133128,0,0;        1977P   1852
102,2,1973,1977,0,0;                                                1979P   1853
142,0,1971,0,1979,2,0,0;                                            1981P   1854
144,1971,1,0,1981,0,1,1;                                            1983P   1855
124,1.0,2.043579193E-016,0.0,-8.5,-2.043579193E-016,1.0,0.0,        1985P   1856
3.552713679E-015,-2.669936215E-013,0.0,1.0,11.111,0,0;              1985P   1857
100,0.0,0.0,0.0,17.38476146,0.0,-17.38476146,-4.97640811E-015,0,    1987P   1858
0;                                                                  1987P   1859
124,-1.0,-3.268225992E-016,0.0,-8.5,3.268225992E-016,-1.0,0.0,      1989P   1860
-3.552713679E-015,-2.651544002E-013,0.0,1.0,11.111,0,0;             1989P   1861
100,0.0,0.0,0.0,17.38476146,0.0,-17.38476146,-9.234446605E-015,     1991P   1862
0,0;                                                                1991P   1863
102,2,1987,1991,0,0;                                                1993P   1864
142,0,135,0,1993,2,0,0;                                             1995P   1865
124,-0.748955721,0.6626200479,0.0,3.512741534,0.6626200479,         1997P   1866
0.748955721,0.0,-9.159264271,4.754760688E-010,0.0,-1.0,11.111,0,    1997P   1867
0;                                                                  1997P   1868
100,0.0,0.0,0.0,1.3,0.0,-1.3,-1.428839136E-009,0,0;                 1999P   1869
110,4.48638397,-10.02067033,11.111,3.028619864,-11.66837292,        2001P   1870
11.111,0,0;                                                         2001P   1871
124,0.7489557203,-0.6626200487,0.0,2.054977428,-0.6626200487,       2003P   1872
-0.7489557203,0.0,-10.80696686,4.754760688E-010,0.0,-1.0,11.111,    2003P   1873
0,0;                                                                2003P   1874
100,0.0,0.0,0.0,1.300000001,0.0,-1.300000001,2.084775947E-009,0,    2005P   1875
0;                                                                  2005P   1876
110,1.08133499,-9.945560794,11.111,2.539099097,-8.297858209,        2007P   1877
11.111,0,0;                                                         2007P   1878
102,4,1999,2001,2005,2007,0,0;                                      2009P   1879
142,0,135,0,2009,2,0,0;                                             2011P   1880
126,14,5,0,0,1,0,5.339675291,5.339675291,5.339675291,               2013P   1881
5.339675291,5.339675291,5.339675291,6.493769173,6.493769173,        2013P   1882
6.493769173,8.117211475,8.117211475,8.117211475,9.740653787,        2013P   1883
9.740653787,9.740653787,10.84224147,10.84224147,10.84224147,        2013P   1884
10.84224147,10.84224147,10.84224147,1.0,1.0,1.0,1.0,1.0,1.0,1.0,    2013P   1885
1.0,1.0,1.0,1.0,1.0,1.0,1.0,1.0,-1.44241533,-14.56405766,11.111,    2013P   1886
-1.605585151,-14.56790848,11.111,-1.769078337,-14.55811817,         2013P   1887
11.111,-1.931373629,-14.53465143,11.111,-2.31539962,                2013P   1888
-14.44578679,11.111,-2.675254507,-14.28167738,11.111,               2013P   1889
-2.87330564,-14.16133689,11.111,-3.237375271,-13.87635424,          2013P   1890
11.111,-3.525398357,-13.51468716,11.111,-3.647394957,               2013P   1891
-13.31765185,11.111,-3.811356033,-12.9659603,11.111,                2013P   1892
-3.903087141,-12.59039871,11.111,-3.927950663,-12.43593188,         2013P   1893
11.111,-3.940382071,-12.28014368,11.111,-3.940382071,               2013P   1894
-12.12435565,11.111,5.339675291,10.84224147,0.0,0.0,0.0,0,0;        2013P   1895
126,14,5,0,0,1,0,0.0,0.0,0.0,0.0,0.0,0.0,1.623442301,               2015P   1896
1.623442301,1.623442301,3.246884604,3.246884604,3.246884604,        2015P   1897
4.870326903,4.870326903,4.870326903,5.339675324,5.339675324,        2015P   1898
5.339675324,5.339675324,5.339675324,5.339675324,1.0,1.0,1.0,1.0,    2015P   1899
1.0,1.0,1.0,1.0,1.0,1.0,1.0,1.0,1.0,1.0,1.0,-3.940382071,           2015P   1900
-12.12435565,11.111,-3.940382071,-11.89476624,11.111,               2015P   1901
-3.91338256,-11.66517722,11.111,-3.859377212,-11.43981194,          2015P   1902
11.111,-3.699391049,-11.00603062,11.111,-3.44313757,                2015P   1903
-10.62120011,11.111,-3.292852572,-10.44479006,11.111,               2015P   1904
-2.953634461,-10.13063583,11.111,-2.550791576,-9.903748242,         2015P   1905
11.111,-2.33687281,-9.814614363,11.111,-2.050199347,                2015P   1906
-9.733217247,11.111,-1.756396261,-9.696117747,11.111,               2015P   1907
-1.690247426,-9.690041865,11.111,-1.623942789,-9.686219707,         2015P   1908
11.111,-1.55758467,-9.684653651,11.111,0.0,5.339675324,0.0,0.0,     2015P   1909
0.0,0,0;                                                            2015P   1910
126,14,5,0,0,1,0,5.339675324,5.339675324,5.339675324,               2017P   1911
5.339675324,5.339675324,5.339675324,6.493769197,6.493769197,        2017P   1912
6.493769197,8.11721149,8.11721149,8.11721149,9.740653796,           2017P   1913
9.740653796,9.740653796,10.84224148,10.84224148,10.84224148,        2017P   1914
10.84224148,10.84224148,10.84224148,1.0,1.0,1.0,1.0,1.0,1.0,1.0,    2017P   1915
1.0,1.0,1.0,1.0,1.0,1.0,1.0,1.0,-1.55758467,-9.684653651,11.111,    2017P   1916
-1.394414848,-9.68080283,11.111,-1.230921662,-9.690593131,          2017P   1917
11.111,-1.068626368,-9.714059877,11.111,-0.6846003804,              2017P   1918
-9.80292451,11.111,-0.3247454958,-9.967033919,11.111,               2017P   1919
-0.126694358,-10.08737442,11.111,0.2373752707,-10.37235707,         2017P   1920
11.111,0.5253983555,-10.73402414,11.111,0.6473949577,               2017P   1921
-10.93105945,11.111,0.8113560326,-11.282751,11.111,0.9030871407,    2017P   1922
-11.6583126,11.111,0.9279506627,-11.81277943,11.111,                2017P   1923
0.9403820708,-11.96856763,11.111,0.9403820708,-12.12435565,         2017P   1924
11.111,5.339675324,10.84224148,0.0,0.0,0.0,0,0;                     2017P   1925
126,14,5,0,0,1,0,0.0,0.0,0.0,0.0,0.0,0.0,1.623442297,               2019P   1926
1.623442297,1.623442297,3.246884587,3.246884587,3.246884587,        2019P   1927
4.870326869,4.870326869,4.870326869,5.339675291,5.339675291,        2019P   1928
5.339675291,5.339675291,5.339675291,5.339675291,1.0,1.0,1.0,1.0,    2019P   1929
1.0,1.0,1.0,1.0,1.0,1.0,1.0,1.0,1.0,1.0,1.0,0.9403820708,           2019P   1930
-12.12435565,11.111,0.9403820708,-12.35394506,11.111,0.91338256,    2019P   1931
-12.58353408,11.111,0.8593772119,-12.80889937,11.111,               2019P   1932
0.6993910493,-13.24268068,11.111,0.4431375722,-13.6275112,          2019P   1933
11.111,0.2928525695,-13.80392125,11.111,-0.046365539,               2019P   1934
-14.11807547,11.111,-0.4492084195,-14.34496306,11.111,              2019P   1935
-0.6631271951,-14.43409695,11.111,-0.9498006552,-14.51549406,       2019P   1936
11.111,-1.243603739,-14.55259356,11.111,-1.309752574,               2019P   1937
-14.55866944,11.111,-1.376057212,-14.5624916,11.111,-1.44241533,    2019P   1938
-14.56405766,11.111,0.0,5.339675291,0.0,0.0,0.0,0,0;                2019P   1939
102,4,2013,2015,2017,2019,0,0;                                      2021P   1940
142,0,135,0,2021,2,0,0;                                             2023P   1941
124,0.4794255387,-0.8775825618,0.0,-1.060875832E-009,               2025P   1942
-0.8775825618,-0.4794255387,0.0,1.695292795E-010,                   2025P   1943
-4.5565347E-013,0.0,-1.0,11.111,0,0;                                2025P   1944
100,0.0,0.0,0.0,8.218000001,0.0,7.211973494,3.939919076,0,0;        2027P   1945
124,1.29091297E-010,-1.0,0.0,-1.060875832E-009,-1.0,                2029P   1946
-1.29091297E-010,0.0,1.695292795E-010,0.0,0.0,-1.0,11.111,0,0;      2029P   1947
100,0.0,0.0,0.0,8.218000001,0.0,6.844627247,4.548252616,0,0;        2031P   1948
124,0.9980223143,0.06286064031,0.0,-12.7499988,0.06286064031,       2033P   1949
-0.9980223143,0.0,-7.361215913,-4.537081469E-013,0.0,-1.0,          2033P   1950
11.111,0,0;                                                         2033P   1951
100,0.0,0.0,0.0,8.217998798,0.0,8.187272767,0.7099780787,0,0;       2035P   1952
124,0.9997215618,-0.02359658514,0.0,-12.75,-0.02359658514,          2037P   1953
-0.9997215618,0.0,-7.361215933,-4.556534701E-013,0.0,-1.0,          2037P   1954
11.111,0,0;                                                         2037P   1955
100,0.0,0.0,0.0,8.217999999,0.0,7.211973541,3.939918988,0,0;        2039P   1956
126,14,5,0,0,1,0,0.0,0.0,0.0,0.0,0.0,0.0,0.6773879058,              2041P   1957
0.6773879058,0.6773879058,6.683448339,6.683448339,6.683448339,      2041P   1958
12.68950877,12.68950877,12.68950877,14.49721432,14.49721432,        2041P   1959
14.49721432,14.49721432,14.49721432,14.49721432,1.0,1.0,1.0,1.0,    2041P   1960
1.0,1.0,1.0,1.0,1.0,1.0,1.0,1.0,1.0,1.0,1.0,-5.633003564,           2041P   1961
-11.47021574,11.111,-5.680902111,-11.55317886,11.111,               2041P   1962
-5.730009526,-11.63544387,11.111,-5.780312255,-11.71698731,         2041P   1963
11.111,-6.288277256,-12.51418915,11.111,-6.909765748,               2041P   1964
-13.23670864,11.111,-7.549610866,-13.8099135,11.111,                2041P   1965
-8.962731669,-14.77794047,11.111,-10.57547794,-15.35503883,         2041P   1966
11.111,-11.41498137,-15.53724631,11.111,-12.52528684,               2041P   1967
-15.6305268,11.111,-13.62729949,-15.53825711,11.111,                2041P   1968
-13.88129131,-15.50700148,11.111,-14.13381271,-15.46590012,         2041P   1969
11.111,-14.38435824,-15.41505588,11.111,0.0,14.49721432,0.0,0.0,    2041P   1970
0.0,0,0;                                                            2041P   1971
124,-0.3566307068,-0.9342454383,0.0,-8.499999986,-0.9342454383,     2043P   1972
0.3566307068,0.0,3.125756542E-008,6.310373086E-012,0.0,-1.0,        2043P   1973
11.111,0,0;                                                         2043P   1974
100,0.0,0.0,0.0,16.50000003,0.0,16.49999979,0.002828925221,0,0;     2045P   1975
124,-0.3567908778,-0.9341842803,0.0,-8.5,-0.9341842803,             2047P   1976
0.3567908778,0.0,-3.552713679E-015,3.731586152E-008,0.0,-1.0,       2047P   1977
11.111,0,0;                                                         2047P   1978
100,0.0,0.0,0.0,16.50000003,0.0,15.67512227,5.151751432,0,0;        2049P   1979
124,-0.6306318674,-0.7760821141,0.0,-8.499999986,-0.7760821141,     2051P   1980
0.6306318674,0.0,3.125756542E-008,3.731586145E-008,0.0,-1.0,        2051P   1981
11.111,0,0;                                                         2051P   1982
100,0.0,0.0,0.0,16.50000003,0.0,16.49999979,0.002841645581,0,0;     2053P   1983
124,-0.7492856789,-0.6622469113,0.0,-12.75,-0.6622469113,           2055P   1984
0.7492856789,0.0,-7.361215935,0.0,0.0,-1.0,11.111,0,0;              2055P   1985
100,0.0,0.0,0.0,8.217999996,0.0,6.027494424,5.586128794,0,0;        2057P   1986
124,-0.9997215618,0.02359658547,0.0,-12.75,0.02359658547,           2059P   1987
0.9997215618,0.0,-7.361215934,-4.556534699E-013,0.0,-1.0,11.111,    2059P   1988
0,0;                                                                2059P   1989
100,0.0,0.0,0.0,8.218000003,0.0,7.211973497,3.939919076,0,0;        2061P   1990
124,-0.8660254038,0.5,0.0,-12.75,0.5,0.8660254038,0.0,              2063P   1991
-7.361215934,0.0,0.0,-1.0,11.111,0,0;                               2063P   1992
100,0.0,0.0,0.0,8.218000003,0.0,6.84462725,4.548252616,0,0;         2065P   1993
124,-0.4445722506,-0.8957429955,0.0,-12.75000022,-0.8957429955,     2067P   1994
0.4445722506,0.0,7.361215513,-4.556534964E-013,0.0,-1.0,11.111,     2067P   1995
0,0;                                                                2067P   1996
100,0.0,0.0,0.0,8.217999526,0.0,8.187273499,0.7099780788,0,0;       2069P   1997
124,-0.5202960233,-0.8539859766,0.0,-12.75,-0.8539859766,           2071P   1998
0.5202960233,0.0,7.361215933,-4.5565347E-013,0.0,-1.0,11.111,0,     2071P   1999
0;                                                                  2071P   2000
100,0.0,0.0,0.0,8.218000001,0.0,7.211973543,3.939918988,0,0;        2073P   2001
126,14,5,0,0,1,0,0.0,0.0,0.0,0.0,0.0,0.0,0.6773879058,              2075P   2002
0.6773879058,0.6773879058,6.683448339,6.683448339,6.683448339,      2075P   2003
12.68950877,12.68950877,12.68950877,14.49722501,14.49722501,        2075P   2004
14.49722501,14.49722501,14.49722501,14.49722501,1.0,1.0,1.0,1.0,    2075P   2005
1.0,1.0,1.0,1.0,1.0,1.0,1.0,1.0,1.0,1.0,1.0,-19.86699644,           2075P   2006
3.252216124,11.111,-19.91489533,3.335179043,11.111,-19.96158521,    2075P   2007
3.418839816,11.111,-20.00705254,3.50317498,11.111,-20.44346708,     2075P   2008
4.34168649,11.111,-20.75844307,5.241171061,11.111,-20.93493048,     2075P   2009
6.081895617,11.111,-21.06670603,7.789707617,11.111,-20.76011473,    2075P   2010
9.474936033,11.111,-20.49815932,10.29307108,11.111,-20.02378921,    2075P   2011
11.30126544,11.111,-19.39287392,12.20950265,11.111,-19.23880883,    2075P   2012
12.41383934,11.111,-19.07695221,12.61197967,11.111,-18.90764587,    2075P   2013
12.80353732,11.111,0.0,14.49722501,0.0,0.0,0.0,0,0;                 2075P   2014
124,-0.6307649298,0.7759739708,0.0,-8.500000023,0.7759739708,       2077P   2015
0.6307649298,0.0,3.462771225E-008,6.310373115E-012,0.0,-1.0,        2077P   2016
11.111,0,0;                                                         2077P   2017
100,0.0,0.0,0.0,16.49999996,0.0,16.49999979,0.00239014627,0,0;      2079P   2018
124,-0.6306525175,0.7760653337,0.0,-8.5,0.7760653337,               2081P   2019
0.6306525175,0.0,-3.552713679E-015,3.731586152E-008,0.0,-1.0,       2081P   2020
11.111,0,0;                                                         2081P   2021
100,0.0,0.0,0.0,16.50000003,0.0,15.67484816,5.152585403,0,0;        2083P   2022
124,-0.3567660316,0.9341937694,0.0,-8.500000023,0.9341937694,       2085P   2023
0.3567660316,0.0,3.462771225E-008,3.731586161E-008,0.0,-1.0,        2085P   2024
11.111,0,0;                                                         2085P   2025
100,0.0,0.0,0.0,16.49999996,0.0,16.49999979,0.002390146547,0,0;     2087P   2026
124,-0.1988813094,0.9800235838,0.0,-12.75,0.9800235838,             2089P   2027
0.1988813094,0.0,7.361215923,0.0,0.0,-1.0,11.111,0,0;               2089P   2028
100,0.0,0.0,0.0,8.218000008,0.0,6.027485886,5.586138024,0,0;        2091P   2029
124,0.5202960234,0.8539859765,0.0,-12.75,0.8539859765,              2093P   2030
-0.5202960234,0.0,7.361215932,-4.5565347E-013,0.0,-1.0,11.111,0,    2093P   2031
0;                                                                  2093P   2032
100,0.0,0.0,0.0,8.218000001,0.0,7.211973495,3.939919076,0,0;        2095P   2033
124,0.8660254038,0.4999999999,0.0,-12.75,0.4999999999,              2097P   2034
-0.8660254038,0.0,7.361215932,0.0,0.0,-1.0,11.111,0,0;              2097P   2035
100,0.0,0.0,0.0,8.218000001,0.0,6.844627248,4.548252616,0,0;        2099P   2036
124,-0.5534500627,0.8328823615,0.0,-1.08765974E-009,                2101P   2037
0.8328823615,0.5534500627,0.0,-5.995168806E-010,                    2101P   2038
-4.556534701E-013,0.0,-1.0,11.111,0,0;                              2101P   2039
100,0.0,0.0,0.0,8.218000001,0.0,8.187273975,0.709978079,0,0;        2103P   2040
124,-0.4794255385,0.877582562,0.0,-1.08765974E-009,0.877582562,     2105P   2041
0.4794255385,0.0,-5.995168806E-010,-4.556534701E-013,0.0,-1.0,      2105P   2042
11.111,0,0;                                                         2105P   2043
100,0.0,0.0,0.0,8.218000001,0.0,7.211973543,3.939918988,0,0;        2107P   2044
126,14,5,0,0,1,0,0.0,0.0,0.0,0.0,0.0,0.0,0.6773879058,              2109P   2045
0.6773879058,0.6773879058,6.683448339,6.683448339,6.683448339,      2109P   2046
12.68950877,12.68950877,12.68950877,14.49727452,14.49727452,        2109P   2047
14.49727452,14.49727452,14.49727452,14.49727452,1.0,1.0,1.0,1.0,    2109P   2048
1.0,1.0,1.0,1.0,1.0,1.0,1.0,1.0,1.0,1.0,1.0,8.100187188E-013,       2109P   2049
8.217999616,11.111,0.09579744392,8.217999818,11.111,                2109P   2050
0.1915947392,8.216604054,11.111,0.2873647973,8.213812334,11.111,    2109P   2051
1.231744336,8.172502656,11.111,2.16820882,7.995537581,11.111,       2109P   2052
2.984541349,7.728017884,11.111,4.5294377,6.988232856,11.111,        2109P   2053
5.83559267,5.880102795,11.111,6.413140697,5.244175234,11.111,       2109P   2054
7.049081599,4.329255691,11.111,7.520182393,3.328741531,11.111,      2109P   2055
7.62011285,3.093142226,11.111,7.710780822,2.853893269,11.111,       2109P   2056
7.79202264,2.611483861,11.111,0.0,14.49727452,0.0,0.0,0.0,0,0;      2109P   2057
124,0.9873955854,0.158271785,0.0,-8.5,0.158271785,-0.9873955854,    2111P   2058
0.0,-3.552713679E-015,3.731586152E-008,0.0,-1.0,11.111,0,0;         2111P   2059
100,0.0,0.0,0.0,16.50000003,0.0,15.67335251,5.157133128,0,0;        2113P   2060
124,0.948165908,-0.3177757241,0.0,-1.060875832E-009,                2115P   2061
-0.3177757241,-0.948165908,0.0,1.695292795E-010,                    2115P   2062
7.492232801E-008,0.0,-1.0,11.111,0,0;                               2115P   2063
100,0.0,0.0,0.0,8.218000001,0.0,6.027487049,5.586136759,0,0;        2117P   2064
102,25,2027,2031,2035,2039,2041,2045,2049,2053,2057,2061,2065,      2119P   2065
2069,2073,2075,2079,2083,2087,2091,2095,2099,2103,2107,2109,        2119P   2066
2113,2117,0,0;                                                      2119P   2067
142,0,135,0,2119,2,0,0;                                             2121P   2068
126,20,5,0,0,1,0,1.725595996,1.725595996,1.725595996,               2123P   2069
1.725595996,1.725595996,1.725595996,3.246884595,3.246884595,        2123P   2070
3.246884595,4.870326886,4.870326886,4.870326886,6.4937692,          2123P   2071
6.4937692,6.4937692,8.11721151,8.11721151,8.11721151,               2123P   2072
9.740653811,9.740653811,9.740653811,10.84224149,10.84224149,        2123P   2073
10.84224149,10.84224149,10.84224149,10.84224149,1.0,1.0,1.0,1.0,    2123P   2074
1.0,1.0,1.0,1.0,1.0,1.0,1.0,1.0,1.0,1.0,1.0,1.0,1.0,1.0,1.0,1.0,    2123P   2075
1.0,-20.35836326,-1.169981482,11.111,-20.46150832,-1.358787006,     2123P   2076
11.111,-20.58546077,-1.536226629,11.111,-20.72855541,               2123P   2077
-1.699247095,11.111,-21.05903981,-2.000858173,11.111,               2123P   2078
-21.44920842,-2.22060741,11.111,-21.66312719,-2.309741291,          2123P   2079
11.111,-22.10789008,-2.436025796,11.111,-22.56981422,               2123P   2080
-2.455684464,11.111,-22.80089792,-2.43817993,11.111,                2123P   2081
-23.25459129,-2.349162371,11.111,-23.67525451,-2.15732173,          2123P   2082
11.111,-23.87330564,-2.036981235,11.111,-24.23737527,               2123P   2083
-1.751998586,11.111,-24.52539835,-1.390331513,11.111,               2123P   2084
-24.64739496,-1.1932962,11.111,-24.81135603,-0.8416046494,          2123P   2085
11.111,-24.90308714,-0.4660430563,11.111,-24.92795066,              2123P   2086
-0.3115762272,11.111,-24.94038207,-0.1557880236,11.111,             2123P   2087
-24.94038207,6.106226635E-016,11.111,1.725595996,10.84224149,       2123P   2088
0.0,0.0,0.0,0,0;                                                    2123P   2089
126,8,5,0,0,1,0,0.0,0.0,0.0,0.0,0.0,0.0,1.623442299,1.623442299,    2125P   2090
1.623442299,1.725595996,1.725595996,1.725595996,1.725595996,        2125P   2091
1.725595996,1.725595996,1.0,1.0,1.0,1.0,1.0,1.0,1.0,1.0,1.0,        2125P   2092
-24.94038207,-1.110223025E-016,11.111,-24.94038207,0.2295894117,    2125P   2093
11.111,-24.91338256,0.4591784323,11.111,-24.85937721,               2125P   2094
0.6845437139,11.111,-24.77435064,0.9150820295,11.111,               2125P   2095
-24.66213317,1.131794095,11.111,-24.65539518,1.144573857,11.111,    2125P   2096
-24.64856287,1.157303294,11.111,-24.64163674,1.169981482,11.111,    2125P   2097
0.0,1.725595996,0.0,0.0,0.0,0,0;                                    2125P   2098
126,20,5,0,0,1,0,1.725595996,1.725595996,1.725595996,               2127P   2099
1.725595996,1.725595996,1.725595996,3.246884595,3.246884595,        2127P   2100
3.246884595,4.870326886,4.870326886,4.870326886,6.4937692,          2127P   2101
6.4937692,6.4937692,8.11721151,8.11721151,8.11721151,               2127P   2102
9.740653811,9.740653811,9.740653811,10.84224149,10.84224149,        2127P   2103
10.84224149,10.84224149,10.84224149,10.84224149,1.0,1.0,1.0,1.0,    2127P   2104
1.0,1.0,1.0,1.0,1.0,1.0,1.0,1.0,1.0,1.0,1.0,1.0,1.0,1.0,1.0,1.0,    2127P   2105
1.0,-24.64163674,1.169981482,11.111,-24.53849168,1.358787006,       2127P   2106
11.111,-24.41453923,1.536226629,11.111,-24.27144459,1.699247095,    2127P   2107
11.111,-23.94096019,2.000858173,11.111,-23.55079158,2.22060741,     2127P   2108
11.111,-23.33687281,2.309741291,11.111,-22.89210992,2.436025796,    2127P   2109
11.111,-22.43018578,2.455684464,11.111,-22.19910208,2.43817993,     2127P   2110
11.111,-21.74540871,2.349162371,11.111,-21.32474549,2.15732173,     2127P   2111
11.111,-21.12669436,2.036981235,11.111,-20.76262473,1.751998586,    2127P   2112
11.111,-20.47460165,1.390331513,11.111,-20.35260504,1.1932962,      2127P   2113
11.111,-20.18864397,0.8416046494,11.111,-20.09691286,               2127P   2114
0.4660430563,11.111,-20.07204934,0.3115762272,11.111,               2127P   2115
-20.05961793,0.1557880236,11.111,-20.05961793,2.775557562E-016,     2127P   2116
11.111,1.725595996,10.84224149,0.0,0.0,0.0,0,0;                     2127P   2117
126,8,5,0,0,1,0,0.0,0.0,0.0,0.0,0.0,0.0,1.623442299,1.623442299,    2129P   2118
1.623442299,1.725595996,1.725595996,1.725595996,1.725595996,        2129P   2119
1.725595996,1.725595996,1.0,1.0,1.0,1.0,1.0,1.0,1.0,1.0,1.0,        2129P   2120
-20.05961793,0.0,11.111,-20.05961793,-0.2295894117,11.111,          2129P   2121
-20.08661744,-0.4591784323,11.111,-20.14062279,-0.6845437139,       2129P   2122
11.111,-20.22564936,-0.9150820295,11.111,-20.33786683,              2129P   2123
-1.131794095,11.111,-20.34460482,-1.144573857,11.111,               2129P   2124
-20.35143713,-1.157303294,11.111,-20.35836326,-1.169981482,         2129P   2125
11.111,0.0,1.725595996,0.0,0.0,0.0,0,0;                             2129P   2126
102,4,2123,2125,2127,2129,0,0;                                      2131P   2127
142,0,135,0,2131,2,0,0;                                             2133P   2128
126,20,5,0,0,1,0,0.0,0.0,0.0,0.0,0.0,0.0,1.623442297,               2135P   2129
1.623442297,1.623442297,3.246884587,3.246884587,3.246884587,        2135P   2130
4.870326869,4.870326869,4.870326869,6.493769173,6.493769173,        2135P   2131
6.493769173,8.117211475,8.117211475,8.117211475,8.953750981,        2135P   2132
8.953750981,8.953750981,8.953750981,8.953750981,8.953750981,1.0,    2135P   2133
1.0,1.0,1.0,1.0,1.0,1.0,1.0,1.0,1.0,1.0,1.0,1.0,1.0,1.0,1.0,1.0,    2135P   2134
1.0,1.0,1.0,1.0,-3.940382071,12.12435565,11.111,-3.940382071,       2135P   2135
12.35394506,11.111,-3.91338256,12.58353408,11.111,-3.859377212,     2135P   2136
12.80889937,11.111,-3.699391049,13.24268068,11.111,-3.443137572,    2135P   2137
13.6275112,11.111,-3.29285257,13.80392125,11.111,-2.953634461,      2135P   2138
14.11807547,11.111,-2.550791581,14.34496306,11.111,-2.336872805,    2135P   2139
14.43409695,11.111,-1.892109916,14.56038145,11.111,-1.430185785,    2135P   2140
14.58004012,11.111,-1.199102082,14.56253558,11.111,                 2135P   2141
-0.7454087055,14.47351802,11.111,-0.3247454935,14.28167738,         2135P   2142
11.111,-0.12669436,14.16133689,11.111,0.1491407172,13.94542157,     2135P   2143
11.111,0.3813232497,13.68548754,11.111,0.4548201577,13.59241051,    2135P   2144
11.111,0.5224967281,13.49510831,11.111,0.5840511867,13.3940762,     2135P   2145
11.111,0.0,8.953750981,0.0,0.0,0.0,0,0;                             2135P   2146
126,8,5,0,0,1,0,8.953750981,8.953750981,8.953750981,8.953750981,    2137P   2147
8.953750981,8.953750981,9.740653787,9.740653787,9.740653787,        2137P   2148
10.84224147,10.84224147,10.84224147,10.84224147,10.84224147,        2137P   2149
10.84224147,1.0,1.0,1.0,1.0,1.0,1.0,1.0,1.0,1.0,0.5840511867,       2137P   2150
13.3940762,11.111,0.6419532651,13.29903891,11.111,0.6944381976,     2137P   2151
13.2007012,11.111,0.7412548034,13.09947529,11.111,0.839515978,      2137P   2152
12.85066905,11.111,0.9030871409,12.59039871,11.111,0.9279506627,    2137P   2153
12.43593188,11.111,0.9403820708,12.28014368,11.111,0.9403820708,    2137P   2154
12.12435565,11.111,8.953750981,10.84224147,0.0,0.0,0.0,0,0;         2137P   2155
126,20,5,0,0,1,0,0.0,0.0,0.0,0.0,0.0,0.0,1.623442301,               2139P   2156
1.623442301,1.623442301,3.246884604,3.246884604,3.246884604,        2139P   2157
4.870326903,4.870326903,4.870326903,6.493769197,6.493769197,        2139P   2158
6.493769197,8.11721149,8.11721149,8.11721149,8.953750994,           2139P   2159
8.953750994,8.953750994,8.953750994,8.953750994,8.953750994,1.0,    2139P   2160
1.0,1.0,1.0,1.0,1.0,1.0,1.0,1.0,1.0,1.0,1.0,1.0,1.0,1.0,1.0,1.0,    2139P   2161
1.0,1.0,1.0,1.0,0.9403820708,12.12435565,11.111,0.9403820708,       2139P   2162
11.89476624,11.111,0.9133825598,11.66517722,11.111,0.8593772123,    2139P   2163
11.43981194,11.111,0.699391049,11.00603062,11.111,0.4431375702,     2139P   2164
10.62120011,11.111,0.2928525721,10.44479006,11.111,                 2139P   2165
-0.04636553931,10.13063583,11.111,-0.4492084238,9.903748242,        2139P   2166
11.111,-0.6631271903,9.814614363,11.111,-1.10789008,9.688329858,    2139P   2167
11.111,-1.569814212,9.66867119,11.111,-1.800897921,9.686175723,     2139P   2168
11.111,-2.254591295,9.775193281,11.111,-2.675254504,9.967033919,    2139P   2169
11.111,-2.873305642,10.08737442,11.111,-3.149140718,10.30328974,    2139P   2170
11.111,-3.381323249,10.56322376,11.111,-3.454820157,10.6563008,     2139P   2171
11.111,-3.522496728,10.75360299,11.111,-3.584051187,10.8546351,     2139P   2172
11.111,0.0,8.953750994,0.0,0.0,0.0,0,0;                             2139P   2173
126,8,5,0,0,1,0,8.953750994,8.953750994,8.953750994,8.953750994,    2141P   2174
8.953750994,8.953750994,9.740653796,9.740653796,9.740653796,        2141P   2175
10.84224148,10.84224148,10.84224148,10.84224148,10.84224148,        2141P   2176
10.84224148,1.0,1.0,1.0,1.0,1.0,1.0,1.0,1.0,1.0,-3.584051187,       2141P   2177
10.8546351,11.111,-3.641953265,10.9496724,11.111,-3.694438198,      2141P   2178
11.0480101,11.111,-3.741254804,11.14923601,11.111,-3.839515978,     2141P   2179
11.39804225,11.111,-3.903087141,11.6583126,11.111,-3.927950663,     2141P   2180
11.81277943,11.111,-3.940382071,11.96856763,11.111,-3.940382071,    2141P   2181
12.12435565,11.111,8.953750994,10.84224148,0.0,0.0,0.0,0,0;         2141P   2182
102,4,2135,2137,2139,2141,0,0;                                      2143P   2183
142,0,135,0,2143,2,0,0;                                             2145P   2184
144,135,1,5,1995,2011,2023,2121,2133,2145,0,1,1;                    2147P   2185
S      1G      4D   2148P   2185                                        T      1
