ISO-10303-21;
HEADER;
FILE_DESCRIPTION (( 'STEP AP214' ),
    '1' );
FILE_NAME ('pcb-mural-board-holder-led.STEP',
    '2025-03-17T05:12:55',
    ( '' ),
    ( '' ),
    'SwSTEP 2.0',
    'SolidWorks 2024',
    '' );
FILE_SCHEMA (( 'AUTOMOTIVE_DESIGN' ));
ENDSEC;

DATA;
#1 = DIRECTION ( 'NONE',  ( -0.000000000000000000, -1.000000000000000000, -0.000000000000000000 ) ) ;
#2 = CARTESIAN_POINT ( 'NONE',  ( -1.652646464652407277, 4.000000000000000000, 24.91851745285151054 ) ) ;
#3 = CARTESIAN_POINT ( 'NONE',  ( 2.725712533873065002, 3.999999999999999112, 24.79261773730350882 ) ) ;
#4 = VECTOR ( 'NONE', #4631, 1000.000000000000000 ) ;
#5 = CARTESIAN_POINT ( 'NONE',  ( -0.6913748735505019782, 3.999999999999998224, 25.05531327948590814 ) ) ;
#6 = ORIENTED_EDGE ( 'NONE', *, *, #1658, .F. ) ;
#7 = CARTESIAN_POINT ( 'NONE',  ( 1.743471366059381245, 4.499999999999999112, 22.09147355775840182 ) ) ;
#8 = CARTESIAN_POINT ( 'NONE',  ( 4.636144497863251779, 4.500000000000000888, 25.70441631095275170 ) ) ;
#9 = ORIENTED_EDGE ( 'NONE', *, *, #4067, .T. ) ;
#10 = CARTESIAN_POINT ( 'NONE',  ( 0.000000000000000000, 1.000000000000000000, -16.99999999999999645 ) ) ;
#11 = CARTESIAN_POINT ( 'NONE',  ( 9.373439071303716119, 4.000000000000000888, 24.22769272903782323 ) ) ;
#12 = CARTESIAN_POINT ( 'NONE',  ( 4.935405969486967415, 4.500000000000000888, 23.63323322194409926 ) ) ;
#13 = ORIENTED_EDGE ( 'NONE', *, *, #2448, .F. ) ;
#14 = FACE_OUTER_BOUND ( 'NONE', #2219, .T. ) ;
#15 = FACE_OUTER_BOUND ( 'NONE', #2091, .T. ) ;
#16 = LINE ( 'NONE', #5496, #4154 ) ;
#17 = CARTESIAN_POINT ( 'NONE',  ( 8.660254037844389075, 17.01076477383247720, 6.599999999999999645 ) ) ;
#18 = CARTESIAN_POINT ( 'NONE',  ( 6.984784363395047713, 4.000000000000000000, 21.69447423842444422 ) ) ;
#19 = CARTESIAN_POINT ( 'NONE',  ( -5.133053106808287858, 4.500000000000000888, 22.12445441882625019 ) ) ;
#20 = CARTESIAN_POINT ( 'NONE',  ( -5.230890390055166428, 4.500000000000000888, 22.99033357331166627 ) ) ;
#21 = CARTESIAN_POINT ( 'NONE',  ( 5.068131360887957904, 4.499999999999999112, 24.79735108731710369 ) ) ;
#22 = EDGE_CURVE ( 'NONE', #6523, #3894, #5131, .T. ) ;
#23 = ORIENTED_EDGE ( 'NONE', *, *, #6703, .F. ) ;
#24 = EDGE_CURVE ( 'NONE', #5256, #6597, #2442, .T. ) ;
#25 = CARTESIAN_POINT ( 'NONE',  ( 6.928515723351415190, 4.000000000000000000, 25.20312390072007958 ) ) ;
#26 = EDGE_LOOP ( 'NONE', ( #4405, #2598, #403, #6258 ) ) ;
#27 = CARTESIAN_POINT ( 'NONE',  ( 3.302520388628247261, 3.999999999999999112, 24.81511901707376566 ) ) ;
#28 = CARTESIAN_POINT ( 'NONE',  ( -3.717735042735039741, 4.000000000000001776, 22.56503329813224212 ) ) ;
#29 = CARTESIAN_POINT ( 'NONE',  ( 9.192011429632884756, 4.000000000000000000, 24.90680124781274785 ) ) ;
#30 = ADVANCED_FACE ( 'NONE', ( #3597 ), #1077, .T. ) ;
#31 = CARTESIAN_POINT ( 'NONE',  ( -3.743303526166836814, 4.500000000000000888, 22.85191611093573982 ) ) ;
#32 = EDGE_CURVE ( 'NONE', #920, #4434, #5704, .T. ) ;
#33 = EDGE_CURVE ( 'NONE', #766, #4160, #3004, .T. ) ;
#34 = CARTESIAN_POINT ( 'NONE',  ( -1.872500700577972133, 4.500000000000000888, 22.83755998255578135 ) ) ;
#35 = CARTESIAN_POINT ( 'NONE',  ( -1.802049946581189888, 4.000000000000000000, 23.58774964428608101 ) ) ;
#36 = CARTESIAN_POINT ( 'NONE',  ( -8.313174412393163237, 4.500000000000000888, 24.94458725112370701 ) ) ;
#37 = CARTESIAN_POINT ( 'NONE',  ( -17.49999999999999645, 4.000000000000003553, 28.00000000000000355 ) ) ;
#38 = CARTESIAN_POINT ( 'NONE',  ( 2.879403866744851825, 4.000000000000000000, 24.05754610470029675 ) ) ;
#39 = DIRECTION ( 'NONE',  ( -0.000000000000000000, 1.000000000000000000, -0.000000000000000000 ) ) ;
#40 = ORIENTED_EDGE ( 'NONE', *, *, #1233, .T. ) ;
#41 = ORIENTED_EDGE ( 'NONE', *, *, #849, .T. ) ;
#42 = LINE ( 'NONE', #4251, #3126 ) ;
#43 = CARTESIAN_POINT ( 'NONE',  ( 9.416452991452995747, 3.999999999999999112, 23.48089868274762537 ) ) ;
#44 = CARTESIAN_POINT ( 'NONE',  ( -17.49999999999999645, 4.000000000000000000, 28.50000000000000355 ) ) ;
#45 = EDGE_LOOP ( 'NONE', ( #5589, #6720, #692, #2212 ) ) ;
#46 = DIRECTION ( 'NONE',  ( 1.000000000000000000, 0.000000000000000000, 0.000000000000000000 ) ) ;
#47 = CARTESIAN_POINT ( 'NONE',  ( 1.910212741064262421, 3.999999999999999112, 22.25685131155952945 ) ) ;
#48 = CARTESIAN_POINT ( 'NONE',  ( 4.671761485042738471, 4.000000000000000000, 22.06809152462796320 ) ) ;
#49 = AXIS2_PLACEMENT_3D ( 'NONE', #3253, #5992, #116 ) ;
#50 = AXIS2_PLACEMENT_3D ( 'NONE', #949, #3727, #2676 ) ;
#51 = CARTESIAN_POINT ( 'NONE',  ( 5.996161673248896484, 4.499999999999999112, 24.66969030177808975 ) ) ;
#52 = VECTOR ( 'NONE', #3140, 1000.000000000000000 ) ;
#53 = DIRECTION ( 'NONE',  ( 0.000000000000000000, -0.7071067811865500152, -0.7071067811865451302 ) ) ;
#54 = CYLINDRICAL_SURFACE ( 'NONE', #1724, 1.000000000000000888 ) ;
#55 = CARTESIAN_POINT ( 'NONE',  ( -4.571836535187949302, 3.999999999999998224, 22.83244678353840484 ) ) ;
#56 = CARTESIAN_POINT ( 'NONE',  ( 0.000000000000000000, 4.000000000000000000, 0.000000000000000000 ) ) ;
#57 = ORIENTED_EDGE ( 'NONE', *, *, #2538, .T. ) ;
#58 = AXIS2_PLACEMENT_3D ( 'NONE', #6915, #4015, #3489 ) ;
#59 = B_SPLINE_CURVE_WITH_KNOTS ( 'NONE', 3,
 ( #1918, #4619, #6186, #838, #3542, #1301, #873 ),
 .UNSPECIFIED., .F., .F.,
 ( 4, 1, 1, 1, 4 ),
 ( 0.000000000000000000, 0.2636542475285987841, 0.5199803460206637862, 0.7671028029252664471, 1.000000000000000000 ),
 .UNSPECIFIED. ) ;
#60 = DIRECTION ( 'NONE',  ( -0.000000000000000000, -1.000000000000000000, -0.000000000000000000 ) ) ;
#61 = ORIENTED_EDGE ( 'NONE', *, *, #1238, .T. ) ;
#62 = CARTESIAN_POINT ( 'NONE',  ( -4.659448159459882888, 4.000000000000000888, 22.22380949188115196 ) ) ;
#63 = CARTESIAN_POINT ( 'NONE',  ( 0.000000000000000000, 4.000000000000000000, 0.000000000000000000 ) ) ;
#64 = DIRECTION ( 'NONE',  ( 1.000000000000000000, 0.000000000000000000, 0.000000000000000000 ) ) ;
#65 = ORIENTED_EDGE ( 'NONE', *, *, #6174, .T. ) ;
#66 = CARTESIAN_POINT ( 'NONE',  ( -7.376244764211198124, 4.000000000000000000, 25.03724315610851647 ) ) ;
#67 = ADVANCED_FACE ( 'NONE', ( #4089, #6271 ), #6852, .F. ) ;
#68 = CARTESIAN_POINT ( 'NONE',  ( -1.221562239438626074, 4.499999999999999112, 24.28230559511219155 ) ) ;
#69 = EDGE_CURVE ( 'NONE', #1488, #2557, #5234, .T. ) ;
#70 = DIRECTION ( 'NONE',  ( -0.000000000000000000, -1.000000000000000000, -0.000000000000000000 ) ) ;
#71 = CARTESIAN_POINT ( 'NONE',  ( -1.458535712049650490, 3.999999999999999112, 25.64658468593413332 ) ) ;
#72 = ORIENTED_EDGE ( 'NONE', *, *, #1917, .F. ) ;
#73 = CARTESIAN_POINT ( 'NONE',  ( 4.671761485042738471, 4.000000000000000000, 22.06809152462796320 ) ) ;
#74 = CARTESIAN_POINT ( 'NONE',  ( -0.4613247863247799674, 4.000000000000001776, 24.23139948402967292 ) ) ;
#75 = VERTEX_POINT ( 'NONE', #2685 ) ;
#76 = CARTESIAN_POINT ( 'NONE',  ( -5.379006233702522621, 3.999999999999999112, 21.36274368317522132 ) ) ;
#77 = CARTESIAN_POINT ( 'NONE',  ( -7.323706563806175573, 4.499999999999999112, 24.73969323719608226 ) ) ;
#78 = CARTESIAN_POINT ( 'NONE',  ( 9.406799376758126385, 4.499999999999999112, 23.87572366836100102 ) ) ;
#79 = CARTESIAN_POINT ( 'NONE',  ( -5.563034188034184702, 4.000000000000000000, 23.75057015710660124 ) ) ;
#80 = ORIENTED_EDGE ( 'NONE', *, *, #3548, .F. ) ;
#81 = LINE ( 'NONE', #5919, #847 ) ;
#82 = DIRECTION ( 'NONE',  ( 0.9793242484501295531, -0.000000000000000000, 0.2022968521692538602 ) ) ;
#83 = CARTESIAN_POINT ( 'NONE',  ( -1.866774979835232440, 4.000000000000000888, 23.59020559982077714 ) ) ;
#84 = CARTESIAN_POINT ( 'NONE',  ( 4.741532470392928467, 4.000000000000002665, 24.94224930271069240 ) ) ;
#85 = VERTEX_POINT ( 'NONE', #2713 ) ;
#86 = CARTESIAN_POINT ( 'NONE',  ( -7.299786324786322389, 4.500000000000000888, 24.17288586223481417 ) ) ;
#87 = AXIS2_PLACEMENT_3D ( 'NONE', #4496, #678, #4986 ) ;
#88 = DIRECTION ( 'NONE',  ( -0.000000000000000000, -1.000000000000000000, -0.000000000000000000 ) ) ;
#89 = LINE ( 'NONE', #5355, #1655 ) ;
#90 = CARTESIAN_POINT ( 'NONE',  ( -0.8251382611008443169, 4.500000000000000888, 23.22118538994498849 ) ) ;
#91 = CARTESIAN_POINT ( 'NONE',  ( 4.069664797008551105, 4.500000000000000888, 21.36253596907241104 ) ) ;
#92 = ORIENTED_EDGE ( 'NONE', *, *, #937, .T. ) ;
#93 = DIRECTION ( 'NONE',  ( 0.000000000000000000, -1.000000000000000000, 0.000000000000000000 ) ) ;
#94 = CARTESIAN_POINT ( 'NONE',  ( 0.000000000000000000, 0.000000000000000000, 0.000000000000000000 ) ) ;
#95 = CARTESIAN_POINT ( 'NONE',  ( 7.766473962068278780, 4.000000000000000888, 25.69251450514730095 ) ) ;
#96 = CARTESIAN_POINT ( 'NONE',  ( -4.159898733768201851, 4.000000000000001776, 23.49062138318024395 ) ) ;
#97 = CARTESIAN_POINT ( 'NONE',  ( -3.790761687839095728, 4.000000000000001776, 22.12062002423089879 ) ) ;
#98 = CARTESIAN_POINT ( 'NONE',  ( 17.49999999999999645, 40.67424164178449786, 28.00000000000000000 ) ) ;
#99 = CARTESIAN_POINT ( 'NONE',  ( 4.518508860510882741, 3.999999999999999112, 23.62511285261427574 ) ) ;
#100 = ORIENTED_EDGE ( 'NONE', *, *, #4737, .F. ) ;
#101 = CARTESIAN_POINT ( 'NONE',  ( 6.051495726495730310, 4.500000000000000888, 24.23139948402967292 ) ) ;
#102 = CARTESIAN_POINT ( 'NONE',  ( 1.077486608273948265, 4.500000000000000888, 24.77208857361744165 ) ) ;
#103 = CARTESIAN_POINT ( 'NONE',  ( 4.502497724547864344, 4.000000000000000000, 24.92311251492417412 ) ) ;
#104 = CARTESIAN_POINT ( 'NONE',  ( 5.996161673248896484, 3.999999999999998224, 24.66969030177808975 ) ) ;
#105 = VERTEX_POINT ( 'NONE', #5907 ) ;
#106 = FACE_OUTER_BOUND ( 'NONE', #4528, .T. ) ;
#107 = CARTESIAN_POINT ( 'NONE',  ( -0.8251382611008443169, 4.500000000000000888, 23.22118538994498849 ) ) ;
#108 = EDGE_LOOP ( 'NONE', ( #4146, #5638, #4029, #821 ) ) ;
#109 = EDGE_CURVE ( 'NONE', #3591, #1791, #6096, .T. ) ;
#110 = ADVANCED_FACE ( 'NONE', ( #1026 ), #1601, .T. ) ;
#111 = ADVANCED_FACE ( 'NONE', ( #1652 ), #5977, .F. ) ;
#112 = CARTESIAN_POINT ( 'NONE',  ( -3.790761687839095728, 4.000000000000000000, 22.12062002423089879 ) ) ;
#113 = FACE_BOUND ( 'NONE', #1955, .T. ) ;
#114 = FACE_OUTER_BOUND ( 'NONE', #3246, .T. ) ;
#115 = ORIENTED_EDGE ( 'NONE', *, *, #3729, .F. ) ;
#116 = DIRECTION ( 'NONE',  ( -0.4512830391435767585, 0.000000000000000000, -0.8923808708064829842 ) ) ;
#117 = FACE_OUTER_BOUND ( 'NONE', #2381, .T. ) ;
#118 = CARTESIAN_POINT ( 'NONE',  ( 7.706902537221895777, 4.000000000000002665, 24.86936163699444791 ) ) ;
#119 = CARTESIAN_POINT ( 'NONE',  ( 5.291258273381883370, 4.499999999999999112, 24.28230559511219866 ) ) ;
#120 = VERTEX_POINT ( 'NONE', #1684 ) ;
#121 = EDGE_LOOP ( 'NONE', ( #5974, #5451, #4911 ) ) ;
#122 = CARTESIAN_POINT ( 'NONE',  ( 1.070489942132801131, 4.500000000000000888, 22.18069183943785916 ) ) ;
#123 = DIRECTION ( 'NONE',  ( -0.000000000000000000, -1.000000000000000000, -0.000000000000000000 ) ) ;
#124 = CARTESIAN_POINT ( 'NONE',  ( 6.887646901709405967, 4.000000000000000000, 21.82979691992711579 ) ) ;
#125 = CARTESIAN_POINT ( 'NONE',  ( -0.4648006541676887315, 4.500000000000000888, 24.08312824301877342 ) ) ;
#126 = CARTESIAN_POINT ( 'NONE',  ( 0.07052621856814957069, 4.500000000000002665, 24.25671652367478259 ) ) ;
#127 = CARTESIAN_POINT ( 'NONE',  ( -8.083030184645101812, 4.000000000000003553, 24.71201118224543336 ) ) ;
#128 =( NAMED_UNIT ( * ) PLANE_ANGLE_UNIT ( ) SI_UNIT ( $, .RADIAN. ) );
#129 = EDGE_LOOP ( 'NONE', ( #4075, #5124, #1558, #2302 ) ) ;
#130 = CARTESIAN_POINT ( 'NONE',  ( -1.222550462178103814, 4.500000000000000888, 24.18683621616803947 ) ) ;
#131 = CARTESIAN_POINT ( 'NONE',  ( 0.000000000000000000, 4.000000000000000000, 0.000000000000000000 ) ) ;
#132 = DIRECTION ( 'NONE',  ( 0.000000000000000000, 0.000000000000000000, -1.000000000000000000 ) ) ;
#133 = CARTESIAN_POINT ( 'NONE',  ( 0.000000000000000000, 17.01076477383247720, -11.60000000000000142 ) ) ;
#134 = CARTESIAN_POINT ( 'NONE',  ( 4.231349096449235958, 4.000000000000000888, 23.83678998874535537 ) ) ;
#135 = ORIENTED_EDGE ( 'NONE', *, *, #842, .F. ) ;
#136 = CARTESIAN_POINT ( 'NONE',  ( -7.459919022479732931, 4.000000000000000888, 25.24270701364580560 ) ) ;
#137 = CARTESIAN_POINT ( 'NONE',  ( 0.7970104366529240369, 4.000000000000002665, 23.89502663644488933 ) ) ;
#138 = CARTESIAN_POINT ( 'NONE',  ( 8.448010149572652949, 4.000000000000000888, 24.65371518915788229 ) ) ;
#139 = FACE_OUTER_BOUND ( 'NONE', #6282, .T. ) ;
#140 = ORIENTED_EDGE ( 'NONE', *, *, #6578, .T. ) ;
#141 = CARTESIAN_POINT ( 'NONE',  ( 4.902182813543569218, 4.500000000000000888, 22.83098531138936949 ) ) ;
#142 = CARTESIAN_POINT ( 'NONE',  ( 0.000000000000000000, 5.500000000000000000, 0.000000000000000000 ) ) ;
#143 = ORIENTED_EDGE ( 'NONE', *, *, #1227, .F. ) ;
#144 = CARTESIAN_POINT ( 'NONE',  ( -4.695906557032727413, 3.999999999999999112, 21.40934873743483635 ) ) ;
#145 = LINE ( 'NONE', #3953, #1887 ) ;
#146 = CARTESIAN_POINT ( 'NONE',  ( 18.50000000000000355, 4.000000000000000000, 27.50000000000000355 ) ) ;
#147 = ORIENTED_EDGE ( 'NONE', *, *, #1712, .F. ) ;
#148 = DIRECTION ( 'NONE',  ( -0.000000000000000000, 1.000000000000000000, 0.000000000000000000 ) ) ;
#149 = CARTESIAN_POINT ( 'NONE',  ( -4.647812991653619719, 3.999999999999998224, 22.89142321875509722 ) ) ;
#150 = CARTESIAN_POINT ( 'NONE',  ( 8.410280440461072260, 4.499999999999999112, 25.65119496330757798 ) ) ;
#151 = CARTESIAN_POINT ( 'NONE',  ( 4.640319812242537090, 4.499999999999999112, 22.83755998255578135 ) ) ;
#152 = ORIENTED_EDGE ( 'NONE', *, *, #6300, .F. ) ;
#153 = CARTESIAN_POINT ( 'NONE',  ( 0.8491497727962877828, 4.000000000000000000, 22.68245178002526075 ) ) ;
#154 = CARTESIAN_POINT ( 'NONE',  ( -0.5155982905982841036, 4.000000000000000000, 21.36253596907240748 ) ) ;
#155 = CARTESIAN_POINT ( 'NONE',  ( 3.410371824552308251, 4.000000000000001776, 25.03905045217858216 ) ) ;
#156 = EDGE_CURVE ( 'NONE', #4227, #2148, #596, .T. ) ;
#157 = ORIENTED_EDGE ( 'NONE', *, *, #1711, .F. ) ;
#158 = CARTESIAN_POINT ( 'NONE',  ( 8.186870580694764143, 4.500000000000000888, 24.90535188523760013 ) ) ;
#159 = CARTESIAN_POINT ( 'NONE',  ( -4.478019964409400089, 4.000000000000000000, 22.57382084290766855 ) ) ;
#160 = VECTOR ( 'NONE', #987, 1000.000000000000000 ) ;
#161 = ADVANCED_FACE ( 'NONE', ( #4380 ), #2815, .T. ) ;
#162 = EDGE_CURVE ( 'NONE', #3714, #6377, #5587, .T. ) ;
#163 = CARTESIAN_POINT ( 'NONE',  ( 5.191297234081080347, 4.500000000000000888, 24.64919375333170493 ) ) ;
#164 = AXIS2_PLACEMENT_3D ( 'NONE', #1331, #6692, #4615 ) ;
#165 = CARTESIAN_POINT ( 'NONE',  ( -1.389987121648015300, 4.500000000000002665, 23.77570635847973435 ) ) ;
#166 = ORIENTED_EDGE ( 'NONE', *, *, #719, .T. ) ;
#167 = VERTEX_POINT ( 'NONE', #6091 ) ;
#168 = CARTESIAN_POINT ( 'NONE',  ( -4.087778630059877294, 4.000000000000000000, 23.43764933128071704 ) ) ;
#169 = DIRECTION ( 'NONE',  ( 1.000000000000000000, 0.000000000000000000, 0.000000000000000000 ) ) ;
#170 = CARTESIAN_POINT ( 'NONE',  ( 0.4076964344717777800, 3.999999999999999112, 21.78400549577206746 ) ) ;
#171 = DIRECTION ( 'NONE',  ( 0.000000000000000000, 0.000000000000000000, -1.000000000000000000 ) ) ;
#172 = AXIS2_PLACEMENT_3D ( 'NONE', #4842, #5329, #5295 ) ;
#173 = ORIENTED_EDGE ( 'NONE', *, *, #4119, .F. ) ;
#174 = CARTESIAN_POINT ( 'NONE',  ( 0.3748263888888903606, 4.500000000000000888, 21.82979691992711224 ) ) ;
#175 = CARTESIAN_POINT ( 'NONE',  ( 0.7970104366529240369, 4.500000000000000888, 23.89502663644488933 ) ) ;
#176 = CARTESIAN_POINT ( 'NONE',  ( 8.186870580694764143, 4.000000000000000888, 24.90535188523760013 ) ) ;
#177 = CARTESIAN_POINT ( 'NONE',  ( 4.779759007141009874, 4.499999999999999112, 25.70040383717250165 ) ) ;
#178 = EDGE_LOOP ( 'NONE', ( #6649, #534 ) ) ;
#179 = CYLINDRICAL_SURFACE ( 'NONE', #2017, 1.000000000000000888 ) ;
#180 = B_SPLINE_SURFACE_WITH_KNOTS ( 'NONE', 3, 1, ( 
 ( #2193, #1736 ),
 ( #3750, #5418 ),
 ( #1700, #84 ),
 ( #6068, #4321 ),
 ( #2156, #577 ),
 ( #685, #3819 ),
 ( #5995, #1175 ),
 ( #3851, #2835 ),
 ( #5383, #4887 ),
 ( #6495, #2124 ),
 ( #2697, #4360 ),
 ( #4858, #1140 ),
 ( #5532, #4925 ),
 ( #3286, #1635 ),
 ( #5456, #3322 ),
 ( #1076, #3787 ),
 ( #2725, #611 ),
 ( #119, #7013 ),
 ( #2230, #5921 ) ),
 .UNSPECIFIED., .F., .F., .F.,
 ( 4, 1, 1, 1, 1, 1, 1, 1, 1, 1, 1, 1, 1, 1, 1, 1, 4 ),
 ( 2, 2 ),
 ( 0.000000000000000000, 0.06117934308804648391, 0.1203713884446011018, 0.1784417313622631562, 0.2359341281810945767, 0.2942679362243746932, 0.3526542946283818813, 0.4131221280938585094, 0.4755857683820442494, 0.5389001041802273795, 0.6018690472303234174, 0.6643326875185113778, 0.7276470233166942858, 0.7924087308653694484, 0.8591195288732160762, 0.9281350966840269390, 1.000000000000000000 ),
 ( 0.000000000000000000, 1.000000000000000000 ),
 .UNSPECIFIED. ) ;
#181 = CARTESIAN_POINT ( 'NONE',  ( 7.791122471339851252, 4.499999999999999112, 22.04471004017556979 ) ) ;
#182 = VERTEX_POINT ( 'NONE', #2854 ) ;
#183 = CARTESIAN_POINT ( 'NONE',  ( 3.239973737008779331, 4.500000000000000888, 24.60780696455064742 ) ) ;
#184 = CARTESIAN_POINT ( 'NONE',  ( 8.628231375708857342, 4.499999999999999112, 24.02681053684288770 ) ) ;
#185 = ORIENTED_EDGE ( 'NONE', *, *, #5332, .F. ) ;
#186 = DIRECTION ( 'NONE',  ( 0.000000000000000000, 0.000000000000000000, -1.000000000000000000 ) ) ;
#187 = CARTESIAN_POINT ( 'NONE',  ( -5.161606580539765510, 4.000000000000000888, 22.98955325248301307 ) ) ;
#188 = CARTESIAN_POINT ( 'NONE',  ( 9.392224379565366377, 4.500000000000000888, 24.05754610470030386 ) ) ;
#189 = DIRECTION ( 'NONE',  ( -0.000000000000000000, -1.000000000000000000, -0.000000000000000000 ) ) ;
#190 = VECTOR ( 'NONE', #4065, 1000.000000000000000 ) ;
#191 = ORIENTED_EDGE ( 'NONE', *, *, #6133, .F. ) ;
#192 = ORIENTED_EDGE ( 'NONE', *, *, #2575, .F. ) ;
#193 = AXIS2_PLACEMENT_3D ( 'NONE', #3824, #3719, #618 ) ;
#194 = CARTESIAN_POINT ( 'NONE',  ( 0.9705736310306316561, 4.000000000000000000, 22.32439080759634109 ) ) ;
#195 = CARTESIAN_POINT ( 'NONE',  ( 0.7869658119658132778, 4.500000000000000888, 23.52923602249121160 ) ) ;
#196 = DIRECTION ( 'NONE',  ( -0.000000000000000000, 1.000000000000000000, 0.000000000000000000 ) ) ;
#197 = EDGE_LOOP ( 'NONE', ( #5000, #6455, #6834, #885 ) ) ;
#198 = CARTESIAN_POINT ( 'NONE',  ( 8.304017285744960120, 4.499999999999999112, 24.83143169536590378 ) ) ;
#199 = CARTESIAN_POINT ( 'NONE',  ( -4.478019964409400089, 4.500000000000000888, 22.57382084290766855 ) ) ;
#200 = CARTESIAN_POINT ( 'NONE',  ( -2.587342314474696980, 4.000000000000000888, 25.53465492042105822 ) ) ;
#201 = ORIENTED_EDGE ( 'NONE', *, *, #4825, .T. ) ;
#202 = EDGE_CURVE ( 'NONE', #1094, #4749, #214, .T. ) ;
#203 = ADVANCED_FACE ( 'NONE', ( #1239 ), #2873, .T. ) ;
#204 = CARTESIAN_POINT ( 'NONE',  ( -17.49999999999999645, 4.000000000000000000, 27.50000000000000355 ) ) ;
#205 = LINE ( 'NONE', #1118, #6958 ) ;
#206 = CARTESIAN_POINT ( 'NONE',  ( -3.792252768770880689, 4.000000000000000000, 23.02363884456353205 ) ) ;
#207 = CARTESIAN_POINT ( 'NONE',  ( -1.356537649291024161, 3.999999999999999112, 22.88068797650580777 ) ) ;
#208 = AXIS2_PLACEMENT_3D ( 'NONE', #2235, #1671, #616 ) ;
#209 = CARTESIAN_POINT ( 'NONE',  ( 4.331131566549276890, 4.500000000000000888, 23.73952580383563671 ) ) ;
#210 = EDGE_LOOP ( 'NONE', ( #2620, #5322 ) ) ;
#211 = CARTESIAN_POINT ( 'NONE',  ( 4.768436164529918031, 4.000000000000000000, 22.82792058445702565 ) ) ;
#212 = PLANE ( 'NONE',  #5581 ) ;
#213 = CARTESIAN_POINT ( 'NONE',  ( 4.747779036109316841, 4.500000000000000888, 22.82844126727201228 ) ) ;
#214 = LINE ( 'NONE', #2397, #4234 ) ;
#215 = CARTESIAN_POINT ( 'NONE',  ( 5.054284800770857622, 4.500000000000000888, 25.64658468593414398 ) ) ;
#216 = ORIENTED_EDGE ( 'NONE', *, *, #1489, .T. ) ;
#217 = CARTESIAN_POINT ( 'NONE',  ( 4.144372690231684864, 4.000000000000000000, 24.65265133203053338 ) ) ;
#218 = DIRECTION ( 'NONE',  ( 0.000000000000000000, 0.000000000000000000, -1.000000000000000000 ) ) ;
#219 = CARTESIAN_POINT ( 'NONE',  ( -7.459919022479732931, 4.000000000000005329, 25.24270701364580560 ) ) ;
#220 = CARTESIAN_POINT ( 'NONE',  ( -1.866774979835232440, 4.000000000000000000, 23.59020559982077714 ) ) ;
#221 = ORIENTED_EDGE ( 'NONE', *, *, #1875, .F. ) ;
#222 = DIRECTION ( 'NONE',  ( -0.000000000000000000, -1.000000000000000000, -0.000000000000000000 ) ) ;
#223 = CARTESIAN_POINT ( 'NONE',  ( 8.074580760835694093, 4.000000000000000000, 21.25560852118049837 ) ) ;
#224 = CARTESIAN_POINT ( 'NONE',  ( 8.675701966170302981, 4.500000000000000888, 25.53692061748268571 ) ) ;
#225 = CARTESIAN_POINT ( 'NONE',  ( -1.828278461416970258, 4.500000000000000888, 25.70306412226662118 ) ) ;
#226 = VERTEX_POINT ( 'NONE', #5087 ) ;
#227 = ORIENTED_EDGE ( 'NONE', *, *, #1194, .F. ) ;
#228 = CARTESIAN_POINT ( 'NONE',  ( 1.121270024843225910, 4.000000000000000000, 22.13396359926408863 ) ) ;
#229 = LINE ( 'NONE', #1774, #1102 ) ;
#230 = CARTESIAN_POINT ( 'NONE',  ( 3.925478198345814906, 4.500000000000002665, 25.53465492042107243 ) ) ;
#231 = ORIENTED_EDGE ( 'NONE', *, *, #6921, .F. ) ;
#232 = CARTESIAN_POINT ( 'NONE',  ( 4.393633908840368640, 4.000000000000000000, 23.69383538854215132 ) ) ;
#233 = CARTESIAN_POINT ( 'NONE',  ( 7.209611468129823564, 4.500000000000000888, 25.48413176882078801 ) ) ;
#234 = CARTESIAN_POINT ( 'NONE',  ( -2.480447047338151023, 4.000000000000000000, 25.58747074483706285 ) ) ;
#235 = VERTEX_POINT ( 'NONE', #1865 ) ;
#236 = DIRECTION ( 'NONE',  ( 0.000000000000000000, -1.000000000000000000, 0.000000000000000000 ) ) ;
#237 = B_SPLINE_SURFACE_WITH_KNOTS ( 'NONE', 3, 1, ( 
 ( #1761, #1728 ),
 ( #6099, #3879 ),
 ( #4043, #1245 ),
 ( #1206, #5525 ),
 ( #1371, #677 ),
 ( #5019, #4588 ),
 ( #6222, #6719 ),
 ( #230, #2344 ),
 ( #5571, #1292 ),
 ( #726, #6613 ),
 ( #2380, #2841 ),
 ( #5537, #5676 ),
 ( #2978, #1742 ),
 ( #4544, #155 ),
 ( #1258, #5143 ),
 ( #6111, #5606 ),
 ( #4437, #3439 ),
 ( #5641, #691 ),
 ( #3893, #2912 ) ),
 .UNSPECIFIED., .F., .F., .F.,
 ( 4, 1, 1, 1, 1, 1, 1, 1, 1, 1, 1, 1, 1, 1, 1, 1, 4 ),
 ( 2, 2 ),
 ( 0.000000000000000000, 0.06593481762567708626, 0.1300372587941653890, 0.1923620702496509349, 0.2538195214289183932, 0.3141994357375419988, 0.3746698781567772696, 0.4351541180379869811, 0.4964786684939709316, 0.5578092661396401031, 0.6190309229821125969, 0.6796911875192902519, 0.7409612864102638197, 0.8033752905051755322, 0.8668176884999604370, 0.9323179771745065958, 1.000000000000000000 ),
 ( 0.000000000000000000, 1.000000000000000000 ),
 .UNSPECIFIED. ) ;
#238 = DIRECTION ( 'NONE',  ( -1.000000000000000000, 0.000000000000000000, 0.000000000000000000 ) ) ;
#239 = CARTESIAN_POINT ( 'NONE',  ( -4.159898733768201851, 4.000000000000001776, 23.49062138318024395 ) ) ;
#240 = CARTESIAN_POINT ( 'NONE',  ( -7.299786324786322389, 4.500000000000000888, 24.17288586223481417 ) ) ;
#241 = EDGE_CURVE ( 'NONE', #5547, #2718, #3306, .T. ) ;
#242 = CARTESIAN_POINT ( 'NONE',  ( -1.922964672498543637, 4.000000000000000000, 24.94118681823606920 ) ) ;
#243 = CARTESIAN_POINT ( 'NONE',  ( -8.063801193566726866, 4.499999999999999112, 24.51748205026041205 ) ) ;
#244 = ADVANCED_FACE ( 'NONE', ( #2786 ), #4944, .T. ) ;
#245 = DIRECTION ( 'NONE',  ( 0.000000000000000000, 0.000000000000000000, -1.000000000000000000 ) ) ;
#246 = CARTESIAN_POINT ( 'NONE',  ( -17.49999999999999645, 1.000000000000000000, 21.50000000000000000 ) ) ;
#247 = CARTESIAN_POINT ( 'NONE',  ( 8.247279908514251190, 4.000000000000002665, 24.87281162062013706 ) ) ;
#248 = ADVANCED_FACE ( 'NONE', ( #1757 ), #6226, .T. ) ;
#249 = CARTESIAN_POINT ( 'NONE',  ( 6.047230114886738228, 4.500000000000000888, 24.38199101118976131 ) ) ;
#250 = ORIENTED_EDGE ( 'NONE', *, *, #4692, .T. ) ;
#251 = ADVANCED_FACE ( 'NONE', ( #6301 ), #4562, .T. ) ;
#252 = CARTESIAN_POINT ( 'NONE',  ( 6.051495726495730310, 4.000000000000002665, 24.23139948402967292 ) ) ;
#253 = ADVANCED_FACE ( 'NONE', ( #3099 ), #4732, .F. ) ;
#254 = CARTESIAN_POINT ( 'NONE',  ( 7.426969525208632739, 4.500000000000000888, 22.44835367751238309 ) ) ;
#255 = B_SPLINE_SURFACE_WITH_KNOTS ( 'NONE', 3, 1, ( 
 ( #5843, #3101 ),
 ( #3735, #993 ),
 ( #5301, #1056 ),
 ( #34, #6955 ),
 ( #3166, #956 ),
 ( #5368, #1024 ),
 ( #526, #6415 ) ),
 .UNSPECIFIED., .F., .F., .F.,
 ( 4, 1, 1, 1, 4 ),
 ( 2, 2 ),
 ( 0.000000000000000000, 0.2636542475285987841, 0.5199803460206637862, 0.7671028029252664471, 1.000000000000000000 ),
 ( 0.000000000000000000, 1.000000000000000000 ),
 .UNSPECIFIED. ) ;
#256 = CARTESIAN_POINT ( 'NONE',  ( 8.256291878879897794, 4.500000000000000888, 22.09147355775840893 ) ) ;
#257 = CARTESIAN_POINT ( 'NONE',  ( 8.542577304279159733, 4.500000000000000888, 24.44593175506041050 ) ) ;
#258 = VERTEX_POINT ( 'NONE', #6510 ) ;
#259 = CARTESIAN_POINT ( 'NONE',  ( 3.571875000000003908, 4.500000000000000888, 23.71156107591001572 ) ) ;
#260 = CARTESIAN_POINT ( 'NONE',  ( 8.738883054552864849, 4.500000000000000888, 21.48111679084876968 ) ) ;
#261 = CARTESIAN_POINT ( 'NONE',  ( 6.583346731388667550, 4.000000000000007994, 24.25671652367478970 ) ) ;
#262 = CARTESIAN_POINT ( 'NONE',  ( -1.205974009959102533, 4.500000000000000888, 25.54020816372400660 ) ) ;
#263 = ORIENTED_EDGE ( 'NONE', *, *, #3638, .T. ) ;
#264 = CARTESIAN_POINT ( 'NONE',  ( 0.9420374564437470344, 4.000000000000000000, 22.38369588974453350 ) ) ;
#265 = CARTESIAN_POINT ( 'NONE',  ( 1.446659875082505264, 4.500000000000000888, 24.94355836941234372 ) ) ;
#266 = CARTESIAN_POINT ( 'NONE',  ( 8.370677899512482867, 4.500000000000000888, 22.19236491893300567 ) ) ;
#267 = VERTEX_POINT ( 'NONE', #1020 ) ;
#268 = LINE ( 'NONE', #2417, #1162 ) ;
#269 = CARTESIAN_POINT ( 'NONE',  ( 8.654510278436442050, 4.500000000000000888, 23.67433516274655148 ) ) ;
#270 = CARTESIAN_POINT ( 'NONE',  ( -3.283547008547001766, 4.000000000000000000, 24.56467272120915624 ) ) ;
#271 = CARTESIAN_POINT ( 'NONE',  ( -19.50000000000000355, 0.000000000000000000, -19.49999999999998934 ) ) ;
#272 = VECTOR ( 'NONE', #3938, 1000.000000000000114 ) ;
#273 = CARTESIAN_POINT ( 'NONE',  ( 6.559807300671367081, 4.000000000000002665, 22.98403156852398510 ) ) ;
#274 = CARTESIAN_POINT ( 'NONE',  ( -4.023745171716401003, 4.500000000000000888, 23.37846281204788923 ) ) ;
#275 = CARTESIAN_POINT ( 'NONE',  ( 19.50000000000001066, 5.500000000000000000, -19.49999999999999645 ) ) ;
#276 = VECTOR ( 'NONE', #1011, 1000.000000000000000 ) ;
#277 = DIRECTION ( 'NONE',  ( -1.000000000000000000, 0.000000000000000000, 0.000000000000000000 ) ) ;
#278 = EDGE_CURVE ( 'NONE', #5276, #1589, #4270, .T. ) ;
#279 = CARTESIAN_POINT ( 'NONE',  ( -2.587342314474696980, 4.500000000000000888, 25.53465492042105822 ) ) ;
#280 = ORIENTED_EDGE ( 'NONE', *, *, #3169, .T. ) ;
#281 = CARTESIAN_POINT ( 'NONE',  ( -2.301535790598284059, 4.500000000000000888, 23.85826914214932870 ) ) ;
#282 = CIRCLE ( 'NONE', #1406, 18.00000000000000000 ) ;
#283 = CARTESIAN_POINT ( 'NONE',  ( 4.826919321159948595, 4.000000000000004441, 23.59892538212781332 ) ) ;
#284 = CARTESIAN_POINT ( 'NONE',  ( 0.4156952105309008605, 4.000000000000003553, 25.20312390072007958 ) ) ;
#285 = FACE_OUTER_BOUND ( 'NONE', #2436, .T. ) ;
#286 = VERTEX_POINT ( 'NONE', #6447 ) ;
#287 = CARTESIAN_POINT ( 'NONE',  ( -5.267073985042731721, 4.000000000000000000, 22.99074109727754234 ) ) ;
#288 = CARTESIAN_POINT ( 'NONE',  ( 2.452372023481253827, 4.500000000000000888, 25.28347534174718092 ) ) ;
#289 = VECTOR ( 'NONE', #875, 1000.000000000000000 ) ;
#290 = ADVANCED_FACE ( 'NONE', ( #4766 ), #3270, .F. ) ;
#291 = CARTESIAN_POINT ( 'NONE',  ( -8.314022435897433283, 4.000000000000005329, 25.70441631095276236 ) ) ;
#292 = EDGE_CURVE ( 'NONE', #4299, #613, #5936, .T. ) ;
#293 = CARTESIAN_POINT ( 'NONE',  ( -1.262439844859612803, 4.000000000000000000, 23.99070536142652443 ) ) ;
#294 = CARTESIAN_POINT ( 'NONE',  ( 17.50000000000000000, 4.000000000000003553, 20.99999999999999645 ) ) ;
#295 = DIRECTION ( 'NONE',  ( -1.000000000000000000, 0.000000000000000000, -0.000000000000000000 ) ) ;
#296 = CARTESIAN_POINT ( 'NONE',  ( 8.568973114010725922, 3.999999999999998224, 21.38053348321520275 ) ) ;
#297 = CARTESIAN_POINT ( 'NONE',  ( 6.813708773187751255, 4.500000000000002665, 25.02010822166569071 ) ) ;
#298 = LINE ( 'NONE', #1252, #1107 ) ;
#299 = B_SPLINE_SURFACE_WITH_KNOTS ( 'NONE', 3, 1, ( 
 ( #5734, #887 ),
 ( #3036, #3626 ),
 ( #1516, #5198 ),
 ( #3523, #6954 ),
 ( #3665, #5842 ),
 ( #4665, #6847 ),
 ( #4050, #1966 ),
 ( #4129, #4701 ),
 ( #6881, #2999 ),
 ( #990, #6231 ),
 ( #393, #955 ) ),
 .UNSPECIFIED., .F., .F., .F.,
 ( 4, 1, 1, 1, 1, 1, 1, 1, 4 ),
 ( 2, 2 ),
 ( 0.000000000000000000, 0.1238730982576542600, 0.2443261221022794416, 0.3630919162414990020, 0.4828064105989632315, 0.6046907385292268344, 0.7310120152303600793, 0.8620338979936115198, 0.9999999999999998890 ),
 ( 0.000000000000000000, 1.000000000000000000 ),
 .UNSPECIFIED. ) ;
#300 = ORIENTED_EDGE ( 'NONE', *, *, #1875, .T. ) ;
#301 = CARTESIAN_POINT ( 'NONE',  ( 8.477641159319647457, 4.500000000000000888, 21.34172374452542442 ) ) ;
#302 = CARTESIAN_POINT ( 'NONE',  ( 1.988211819131444624, 4.000000000000001776, 24.55673696896498370 ) ) ;
#303 = CARTESIAN_POINT ( 'NONE',  ( 8.656344718221593126, 4.000000000000005329, 23.41417283252587467 ) ) ;
#304 = ORIENTED_EDGE ( 'NONE', *, *, #5906, .T. ) ;
#305 = CARTESIAN_POINT ( 'NONE',  ( 8.465131095922323823, 4.499999999999999112, 24.62240076884354067 ) ) ;
#306 = LINE ( 'NONE', #5214, #2565 ) ;
#307 = CARTESIAN_POINT ( 'NONE',  ( -19.49999999999999645, 0.000000000000000000, 29.50000000000000000 ) ) ;
#308 = LINE ( 'NONE', #5756, #3014 ) ;
#309 = DIRECTION ( 'NONE',  ( 0.000000000000000000, 0.000000000000000000, 1.000000000000000000 ) ) ;
#310 = CARTESIAN_POINT ( 'NONE',  ( 6.539957264957268812, 4.000000000000000000, 23.52075578744848272 ) ) ;
#311 = CARTESIAN_POINT ( 'NONE',  ( 1.452664262820513974, 4.500000000000000888, 21.25398896052540465 ) ) ;
#312 = VECTOR ( 'NONE', #3180, 999.9999999999998863 ) ;
#313 = CARTESIAN_POINT ( 'NONE',  ( -3.717735042735039741, 4.000000000000000000, 22.56503329813224212 ) ) ;
#314 = FACE_OUTER_BOUND ( 'NONE', #5595, .T. ) ;
#315 = CARTESIAN_POINT ( 'NONE',  ( 4.730604944029455972, 4.499999999999999112, 23.58805597142574229 ) ) ;
#316 = AXIS2_PLACEMENT_3D ( 'NONE', #3803, #4486, #3414 ) ;
#317 = CARTESIAN_POINT ( 'NONE',  ( 4.528930193356122125, 4.000000000000000000, 22.86234990646688914 ) ) ;
#318 = CARTESIAN_POINT ( 'NONE',  ( 0.3560106695214931838, 4.500000000000000888, 25.11540116222560215 ) ) ;
#319 = CARTESIAN_POINT ( 'NONE',  ( 2.449991284226548327, 4.500000000000000888, 21.68611330603198439 ) ) ;
#320 = ORIENTED_EDGE ( 'NONE', *, *, #1489, .F. ) ;
#321 = CARTESIAN_POINT ( 'NONE',  ( 5.493622356653113492, 4.500000000000000888, 23.04874113982839035 ) ) ;
#322 = LINE ( 'NONE', #2612, #6571 ) ;
#323 = CARTESIAN_POINT ( 'NONE',  ( 8.655807280086222022, 4.500000000000000888, 23.28573696152649575 ) ) ;
#324 = FACE_OUTER_BOUND ( 'NONE', #5951, .T. ) ;
#325 = ORIENTED_EDGE ( 'NONE', *, *, #978, .T. ) ;
#326 = B_SPLINE_CURVE_WITH_KNOTS ( 'NONE', 3,
 ( #6786, #6205, #3499, #1322, #5672, #1907, #1285, #2941, #4058, #3432, #5099, #6238, #262, #5600, #5065, #2410, #1386, #225, #2374 ),
 .UNSPECIFIED., .F., .F.,
 ( 4, 1, 1, 1, 1, 1, 1, 1, 1, 1, 1, 1, 1, 1, 1, 1, 4 ),
 ( 0.000000000000000000, 0.06675541313745035621, 0.1317279436681999261, 0.1948100844364495376, 0.2568986387839161667, 0.3187508905638004597, 0.3803512888945377868, 0.4433244176166944439, 0.5074626919635748523, 0.5715056738698077732, 0.6333612917281036259, 0.6939415159323155669, 0.7539288461040347666, 0.8138015296774558927, 0.8745236442162156454, 0.9362219827335217515, 1.000000000000000000 ),
 .UNSPECIFIED. ) ;
#327 = DIRECTION ( 'NONE',  ( 0.000000000000000000, -1.000000000000000000, 0.000000000000000000 ) ) ;
#328 = CARTESIAN_POINT ( 'NONE',  ( -1.444689151932550208, 4.499999999999999112, 24.79735108731710369 ) ) ;
#329 = EDGE_CURVE ( 'NONE', #6560, #226, #2036, .T. ) ;
#330 = CARTESIAN_POINT ( 'NONE',  ( 7.290896609784208948, 4.000000000000007994, 25.53617284564469614 ) ) ;
#331 = EDGE_CURVE ( 'NONE', #2003, #6891, #457, .T. ) ;
#332 = DIRECTION ( 'NONE',  ( -0.000000000000000000, -1.000000000000000000, -0.000000000000000000 ) ) ;
#333 = ORIENTED_EDGE ( 'NONE', *, *, #1497, .F. ) ;
#334 = EDGE_CURVE ( 'NONE', #5601, #182, #1690, .T. ) ;
#335 = ORIENTED_EDGE ( 'NONE', *, *, #4832, .T. ) ;
#336 = CARTESIAN_POINT ( 'NONE',  ( 9.027274747093413154, 4.500000000000000888, 21.76986819369852455 ) ) ;
#337 = DIRECTION ( 'NONE',  ( 0.000000000000000000, -1.000000000000000000, 0.000000000000000000 ) ) ;
#338 = CARTESIAN_POINT ( 'NONE',  ( 8.126381445077253574, 4.000000000000003553, 22.03172483408597415 ) ) ;
#339 = ORIENTED_EDGE ( 'NONE', *, *, #4972, .T. ) ;
#340 = CARTESIAN_POINT ( 'NONE',  ( 0.9741108715306160404, 4.000000000000000888, 24.63718520842033399 ) ) ;
#341 = CARTESIAN_POINT ( 'NONE',  ( 3.571875000000003908, 4.000000000000000000, 23.71156107591001572 ) ) ;
#342 = ADVANCED_FACE ( 'NONE', ( #3730 ), #1120, .F. ) ;
#343 = CARTESIAN_POINT ( 'NONE',  ( -2.252260139241921255, 3.999999999999999112, 25.66401143289565567 ) ) ;
#344 = B_SPLINE_CURVE_WITH_KNOTS ( 'NONE', 3,
 ( #86, #5860, #5386, #3187, #4400, #2698, #6464, #1009, #5891, #6979, #4859, #5354, #3153, #1637, #4889, #2726, #2632, #3224, #5318 ),
 .UNSPECIFIED., .F., .F.,
 ( 4, 1, 1, 1, 1, 1, 1, 1, 1, 1, 1, 1, 1, 1, 1, 1, 4 ),
 ( 0.000000000000000000, 0.07640535060580211368, 0.1472180255805424220, 0.2120589935690655736, 0.2709994903097656671, 0.3241709926124717867, 0.3719698146158730845, 0.4141052302957762277, 0.4509812561318950475, 0.5180772093570270576, 0.5833196655471954983, 0.6487563826833597780, 0.7154498834567074583, 0.7831348772602141350, 0.8520849215224589601, 0.9238479620454235208, 1.000000000000000000 ),
 .UNSPECIFIED. ) ;
#345 = ORIENTED_EDGE ( 'NONE', *, *, #4953, .T. ) ;
#346 = DIRECTION ( 'NONE',  ( -1.000000000000000000, 0.000000000000000000, 1.692413147294445723E-16 ) ) ;
#347 = CARTESIAN_POINT ( 'NONE',  ( 6.540682202532630996, 4.500000000000000888, 23.42687525227378842 ) ) ;
#348 = CARTESIAN_POINT ( 'NONE',  ( -4.320391971705170420, 4.000000000000000000, 23.58658161551173293 ) ) ;
#349 = DIRECTION ( 'NONE',  ( -0.000000000000000000, -1.000000000000000000, -0.000000000000000000 ) ) ;
#350 = CARTESIAN_POINT ( 'NONE',  ( 7.320483386350923105, 3.999999999999999112, 22.99121859519941680 ) ) ;
#351 = CARTESIAN_POINT ( 'NONE',  ( -3.102448688268205412, 4.000000000000003553, 25.03905045217857861 ) ) ;
#352 = CARTESIAN_POINT ( 'NONE',  ( -8.865662306531312709, 4.500000000000000888, 24.60719236515533126 ) ) ;
#353 = CARTESIAN_POINT ( 'NONE',  ( 4.640319812242537090, 3.999999999999998224, 22.83755998255578135 ) ) ;
#354 = CARTESIAN_POINT ( 'NONE',  ( 0.07052621856814957069, 4.000000000000005329, 24.25671652367478259 ) ) ;
#355 = CARTESIAN_POINT ( 'NONE',  ( 2.681650279564162354, 4.000000000000004441, 22.06520476112831375 ) ) ;
#356 = ORIENTED_EDGE ( 'NONE', *, *, #6826, .T. ) ;
#357 = CARTESIAN_POINT ( 'NONE',  ( 5.687682251719667015, 4.000000000000002665, 23.22118538994499204 ) ) ;
#358 = DIRECTION ( 'NONE',  ( 0.000000000000000000, 0.000000000000000000, 1.000000000000000000 ) ) ;
#359 = CARTESIAN_POINT ( 'NONE',  ( 7.583310454953315904, 4.000000000000000000, 22.18069183943786271 ) ) ;
#360 =( BOUNDED_CURVE ( )  B_SPLINE_CURVE ( 3, ( #4238, #5400, #4939, #5367 ),
 .UNSPECIFIED., .F., .F. ) 
 B_SPLINE_CURVE_WITH_KNOTS ( ( 4, 4 ),
 ( 1.570796326794896558, 3.141592653589793116 ),
 .UNSPECIFIED. ) 
 CURVE ( )  GEOMETRIC_REPRESENTATION_ITEM ( )  RATIONAL_B_SPLINE_CURVE ( ( 1.000000000000000000, 0.8047378541243649375, 0.8047378541243649375, 1.000000000000000000 ) ) 
 REPRESENTATION_ITEM ( '' )  );
#361 = LINE ( 'NONE', #5739, #1169 ) ;
#362 = ORIENTED_EDGE ( 'NONE', *, *, #585, .F. ) ;
#363 = CARTESIAN_POINT ( 'NONE',  ( -2.301535790598284059, 4.500000000000000888, 23.85826914214932870 ) ) ;
#364 = CARTESIAN_POINT ( 'NONE',  ( -5.216187945022367600, 4.500000000000000888, 22.12304886836487228 ) ) ;
#365 = CARTESIAN_POINT ( 'NONE',  ( 7.133289922362165747, 4.000000000000006217, 25.42445497820363443 ) ) ;
#366 = CARTESIAN_POINT ( 'NONE',  ( -1.863469938611343579, 4.500000000000000888, 24.94344628544025610 ) ) ;
#367 = ORIENTED_EDGE ( 'NONE', *, *, #3692, .T. ) ;
#368 = CARTESIAN_POINT ( 'NONE',  ( 8.002263655822165589, 4.500000000000000888, 21.25453495336990528 ) ) ;
#369 = CARTESIAN_POINT ( 'NONE',  ( 2.143803418803420069, 4.000000000000001776, 23.48089868274762182 ) ) ;
#370 = CARTESIAN_POINT ( 'NONE',  ( -2.587342314474696980, 4.500000000000000888, 25.53465492042105822 ) ) ;
#371 = VERTEX_POINT ( 'NONE', #2738 ) ;
#372 = CARTESIAN_POINT ( 'NONE',  ( 7.984141292735046136, 4.500000000000000888, 24.94458725112369635 ) ) ;
#373 = CARTESIAN_POINT ( 'NONE',  ( 7.799754261579304959, 4.000000000000000000, 21.25950552977899477 ) ) ;
#374 = CARTESIAN_POINT ( 'NONE',  ( 7.959480387903018261, 4.000000000000000000, 24.94355836941234728 ) ) ;
#375 = ADVANCED_FACE ( 'NONE', ( #1514 ), #3663, .T. ) ;
#376 = CARTESIAN_POINT ( 'NONE',  ( -0.4655903979337716048, 4.000000000000000000, 24.38199101118976131 ) ) ;
#377 = ADVANCED_FACE ( 'NONE', ( #1051 ), #4114, .T. ) ;
#378 = ORIENTED_EDGE ( 'NONE', *, *, #7015, .T. ) ;
#379 = ADVANCED_FACE ( 'NONE', ( #5366 ), #7027, .F. ) ;
#380 = EDGE_CURVE ( 'NONE', #2773, #1898, #3412, .T. ) ;
#381 = CARTESIAN_POINT ( 'NONE',  ( 6.624038948568843566, 4.000000000000000888, 22.52044728277162733 ) ) ;
#382 = CARTESIAN_POINT ( 'NONE',  ( 1.253653449247761786, 4.000000000000001776, 25.69251450514730095 ) ) ;
#383 = CARTESIAN_POINT ( 'NONE',  ( 0.000000000000000000, 1.000000000000000000, -14.60000000000000142 ) ) ;
#384 = ORIENTED_EDGE ( 'NONE', *, *, #5475, .F. ) ;
#385 = CARTESIAN_POINT ( 'NONE',  ( 7.299786324786328606, 3.999999999999999112, 23.52923602249121515 ) ) ;
#386 = CARTESIAN_POINT ( 'NONE',  ( -2.877715046036715574, 4.499999999999999112, 25.32162280697504642 ) ) ;
#387 = LINE ( 'NONE', #6190, #3196 ) ;
#388 = CARTESIAN_POINT ( 'NONE',  ( -4.585762760151823159, 4.000000000000003553, 21.43026917015547284 ) ) ;
#389 = CARTESIAN_POINT ( 'NONE',  ( 1.050063129619973612, 4.500000000000000888, 25.65101840851537318 ) ) ;
#390 = CARTESIAN_POINT ( 'NONE',  ( 1.489443143001648373, 4.500000000000000888, 21.25453495336989818 ) ) ;
#391 = AXIS2_PLACEMENT_3D ( 'NONE', #4013, #4659, #245 ) ;
#392 = DIRECTION ( 'NONE',  ( 0.7071067811865451302, -0.7071067811865500152, 0.000000000000000000 ) ) ;
#393 = CARTESIAN_POINT ( 'NONE',  ( -9.470726495726493610, 4.500000000000000888, 25.10486369343139401 ) ) ;
#394 = CIRCLE ( 'NONE', #4337, 1.000000000000000888 ) ;
#395 = AXIS2_PLACEMENT_3D ( 'NONE', #1780, #658, #554 ) ;
#396 = CARTESIAN_POINT ( 'NONE',  ( 8.192993855332510122, 4.500000000000000888, 22.05645255746070177 ) ) ;
#397 = LINE ( 'NONE', #3494, #5922 ) ;
#398 = CARTESIAN_POINT ( 'NONE',  ( 7.965484775641028747, 4.500000000000000888, 21.25398896052540465 ) ) ;
#399 = DIRECTION ( 'NONE',  ( -0.000000000000000000, -1.000000000000000000, -0.000000000000000000 ) ) ;
#400 = CARTESIAN_POINT ( 'NONE',  ( -4.477564102564099535, 4.500000000000000888, 22.55485701608095894 ) ) ;
#401 = CARTESIAN_POINT ( 'NONE',  ( 6.715669233304264019, 4.000000000000007994, 24.80708477985027116 ) ) ;
#402 = CARTESIAN_POINT ( 'NONE',  ( -2.415170940170933811, 4.000000000000001776, 24.56467272120915624 ) ) ;
#403 = ORIENTED_EDGE ( 'NONE', *, *, #3729, .T. ) ;
#404 = ORIENTED_EDGE ( 'NONE', *, *, #1796, .F. ) ;
#405 = CARTESIAN_POINT ( 'NONE',  ( 1.843984902202996823, 4.500000000000000888, 24.78103026854617852 ) ) ;
#406 = CARTESIAN_POINT ( 'NONE',  ( 2.094825409703946928, 4.000000000000001776, 24.18143814742563436 ) ) ;
#407 = VECTOR ( 'NONE', #6953, 1000.000000000000000 ) ;
#408 = CARTESIAN_POINT ( 'NONE',  ( -2.877715046036715574, 4.499999999999999112, 25.32162280697504642 ) ) ;
#409 = EDGE_LOOP ( 'NONE', ( #5487, #4311, #1538, #4691 ) ) ;
#410 = CARTESIAN_POINT ( 'NONE',  ( 8.656623931623935064, 4.500000000000000888, 23.48089868274762537 ) ) ;
#411 = CARTESIAN_POINT ( 'NONE',  ( -8.660254037844389075, 1.000000000000000888, 4.999999999999998224 ) ) ;
#412 = CARTESIAN_POINT ( 'NONE',  ( 2.379905618907059761, 4.000000000000000000, 21.61037818605249328 ) ) ;
#413 = PLANE ( 'NONE',  #3466 ) ;
#414 = CARTESIAN_POINT ( 'NONE',  ( 1.857857386691965207, 4.000000000000000000, 22.19236491893299501 ) ) ;
#415 = CARTESIAN_POINT ( 'NONE',  ( 0.7780760969636926205, 4.500000000000000888, 25.53617284564468903 ) ) ;
#416 = DIRECTION ( 'NONE',  ( 0.2022968521692538602, 0.000000000000000000, -0.9793242484501295531 ) ) ;
#417 = ADVANCED_FACE ( 'NONE', ( #1193 ), #737, .T. ) ;
#418 = EDGE_CURVE ( 'NONE', #5359, #3739, #5497, .T. ) ;
#419 = EDGE_LOOP ( 'NONE', ( #5724, #2653, #6149, #1062 ) ) ;
#420 = EDGE_CURVE ( 'NONE', #782, #5343, #2030, .T. ) ;
#421 = CARTESIAN_POINT ( 'NONE',  ( 7.634090537663741571, 3.999999999999999112, 22.13396359926409929 ) ) ;
#422 = CARTESIAN_POINT ( 'NONE',  ( 1.372887829125569059, 4.499999999999999112, 22.01848354652275930 ) ) ;
#423 = LINE ( 'NONE', #3200, #4331 ) ;
#424 = LINE ( 'NONE', #2070, #3433 ) ;
#425 = CARTESIAN_POINT ( 'NONE',  ( 0.6204694095416509736, 4.499999999999999112, 25.42445497820362732 ) ) ;
#426 = FILL_AREA_STYLE_COLOUR ( '', #6919 ) ;
#427 = STYLED_ITEM ( 'NONE', ( #5277 ), #1367 ) ;
#428 = CARTESIAN_POINT ( 'NONE',  ( 4.710770566239319557, 4.000000000000000000, 23.58774964428608456 ) ) ;
#429 = CARTESIAN_POINT ( 'NONE',  ( -17.49999999999999645, 4.000000000000003553, 28.00000000000000355 ) ) ;
#430 = ORIENTED_EDGE ( 'NONE', *, *, #1227, .T. ) ;
#431 = DIRECTION ( 'NONE',  ( 1.692413147294446463E-16, 0.000000000000000000, 1.000000000000000000 ) ) ;
#432 = CARTESIAN_POINT ( 'NONE',  ( 9.283128835433222648, 4.500000000000000888, 22.30282473879325877 ) ) ;
#433 = CARTESIAN_POINT ( 'NONE',  ( 1.897459927640558375, 4.000000000000000000, 25.65119496330757087 ) ) ;
#434 = CARTESIAN_POINT ( 'NONE',  ( -2.092977839860882039, 4.500000000000002665, 24.89183467825881024 ) ) ;
#435 = AXIS2_PLACEMENT_3D ( 'NONE', #3425, #2795, #2900 ) ;
#436 = ORIENTED_EDGE ( 'NONE', *, *, #6977, .F. ) ;
#437 = CARTESIAN_POINT ( 'NONE',  ( 1.541761466862934915, 4.500000000000002665, 24.94250479630325756 ) ) ;
#438 = CARTESIAN_POINT ( 'NONE',  ( 0.000000000000000000, 4.000000000000000000, 0.000000000000000000 ) ) ;
#439 = CARTESIAN_POINT ( 'NONE',  ( 5.290457678992813939, 3.999999999999999112, 24.33056431776325823 ) ) ;
#440 = VERTEX_POINT ( 'NONE', #4975 ) ;
#441 = DIRECTION ( 'NONE',  ( -0.000000000000000000, -1.000000000000000000, -0.000000000000000000 ) ) ;
#442 = DIRECTION ( 'NONE',  ( 0.000000000000000000, 0.000000000000000000, -1.000000000000000000 ) ) ;
#443 = CARTESIAN_POINT ( 'NONE',  ( 2.226062541732349409, 3.999999999999999112, 21.48111679084876258 ) ) ;
#444 = ORIENTED_EDGE ( 'NONE', *, *, #4387, .T. ) ;
#445 = DIRECTION ( 'NONE',  ( 0.000000000000000000, 1.000000000000000000, -0.000000000000000000 ) ) ;
#446 = CARTESIAN_POINT ( 'NONE',  ( 2.041614997010106514, 4.000000000000000000, 22.52476926746560792 ) ) ;
#447 = CARTESIAN_POINT ( 'NONE',  ( 6.731797230391325826, 4.000000000000000888, 22.13656570366598686 ) ) ;
#448 = VERTEX_POINT ( 'NONE', #3901 ) ;
#449 = CARTESIAN_POINT ( 'NONE',  ( 19.50000000000000355, 0.000000000000000000, 30.50000000000000000 ) ) ;
#450 = ORIENTED_EDGE ( 'NONE', *, *, #810, .F. ) ;
#451 = ORIENTED_EDGE ( 'NONE', *, *, #6440, .T. ) ;
#452 = FACE_BOUND ( 'NONE', #2735, .T. ) ;
#453 = CARTESIAN_POINT ( 'NONE',  ( 1.286933748758791518, 4.500000000000000888, 21.25950552977899122 ) ) ;
#454 = VERTEX_POINT ( 'NONE', #4516 ) ;
#455 = CARTESIAN_POINT ( 'NONE',  ( 0.000000000000000000, 17.01076477383247720, -10.00000000000000000 ) ) ;
#456 = CARTESIAN_POINT ( 'NONE',  ( -4.062796678612436097, 4.500000000000000888, 21.70127969922982203 ) ) ;
#457 = LINE ( 'NONE', #989, #4577 ) ;
#458 = CARTESIAN_POINT ( 'NONE',  ( -3.953155134449183539, 4.500000000000000888, 21.82358596573951814 ) ) ;
#459 = CARTESIAN_POINT ( 'NONE',  ( 7.301169602363106748, 4.499999999999999112, 23.38308087929095791 ) ) ;
#460 = CARTESIAN_POINT ( 'NONE',  ( 5.291192679048751124, 3.999999999999999112, 24.23364225553466866 ) ) ;
#461 = EDGE_CURVE ( 'NONE', #1924, #755, #4937, .T. ) ;
#462 = CARTESIAN_POINT ( 'NONE',  ( -1.357753802808809862, 3.999999999999998224, 24.70276902679636422 ) ) ;
#463 = EDGE_CURVE ( 'NONE', #5883, #6670, #1825, .T. ) ;
#464 = CARTESIAN_POINT ( 'NONE',  ( -8.809329155408457623, 4.499999999999999112, 24.67088925034040514 ) ) ;
#465 = EDGE_CURVE ( 'NONE', #1318, #4778, #6153, .T. ) ;
#466 = DIRECTION ( 'NONE',  ( -0.000000000000000000, -1.000000000000000000, 0.000000000000000000 ) ) ;
#467 = B_SPLINE_CURVE_WITH_KNOTS ( 'NONE', 3,
 ( #6250, #807, #6764, #3543, #1890, #1302, #1369, #5187, #1265, #3447, #3411, #5578, #1398, #5722, #2987, #3511, #5617, #2888, #5152 ),
 .UNSPECIFIED., .F., .F.,
 ( 4, 1, 1, 1, 1, 1, 1, 1, 1, 1, 1, 1, 1, 1, 1, 1, 4 ),
 ( 0.000000000000000000, 0.1107342804863387514, 0.2123411929916478591, 0.3055021255634836064, 0.3898348410859880375, 0.4666904579461289559, 0.5352618542933007539, 0.5967629138889612994, 0.6510657189836196457, 0.7010355511102172033, 0.7478602709077571964, 0.7918333971357292000, 0.8342840069087873456, 0.8753338897746164582, 0.9160347492783126322, 0.9576522807232373813, 1.000000000000000000 ),
 .UNSPECIFIED. ) ;
#468 = ORIENTED_EDGE ( 'NONE', *, *, #3171, .T. ) ;
#469 = CARTESIAN_POINT ( 'NONE',  ( -4.828119129735470416, 4.499999999999999112, 22.15635640767704828 ) ) ;
#470 = DIRECTION ( 'NONE',  ( 1.000000000000000000, 0.000000000000000000, 0.000000000000000000 ) ) ;
#471 = CARTESIAN_POINT ( 'NONE',  ( 20.50000000000000355, 1.000000000000000000, -19.49999999999999645 ) ) ;
#472 = ORIENTED_EDGE ( 'NONE', *, *, #3053, .F. ) ;
#473 = CARTESIAN_POINT ( 'NONE',  ( 1.121270024843225910, 4.000000000000000000, 22.13396359926408863 ) ) ;
#474 = CARTESIAN_POINT ( 'NONE',  ( 8.592517210925340265, 3.999999999999999112, 25.58232908777731041 ) ) ;
#475 = CARTESIAN_POINT ( 'NONE',  ( 5.250380667960895309, 4.000000000000004441, 23.99070536142653154 ) ) ;
#476 = VERTEX_POINT ( 'NONE', #2320 ) ;
#477 = CARTESIAN_POINT ( 'NONE',  ( -8.059615384615382183, 4.000000000000000000, 24.34927475112370132 ) ) ;
#478 = CARTESIAN_POINT ( 'NONE',  ( -1.994311652309626703, 4.000000000000000888, 23.62511285261429350 ) ) ;
#479 = FACE_OUTER_BOUND ( 'NONE', #4763, .T. ) ;
#480 = DIRECTION ( 'NONE',  ( 1.000000000000000000, 0.000000000000000000, 0.000000000000000000 ) ) ;
#481 = CARTESIAN_POINT ( 'NONE',  ( 2.143803418803420069, 4.000000000000000000, 23.48089868274762182 ) ) ;
#482 = CARTESIAN_POINT ( 'NONE',  ( 6.887646901709405967, 4.000000000000000000, 21.82979691992711579 ) ) ;
#483 = FACE_OUTER_BOUND ( 'NONE', #4097, .T. ) ;
#484 = ORIENTED_EDGE ( 'NONE', *, *, #771, .T. ) ;
#485 = EDGE_LOOP ( 'NONE', ( #816, #6404, #2972, #6677 ) ) ;
#486 = CARTESIAN_POINT ( 'NONE',  ( 7.562883642440488607, 4.000000000000000000, 25.65101840851537318 ) ) ;
#487 = LINE ( 'NONE', #985, #2342 ) ;
#488 = ORIENTED_EDGE ( 'NONE', *, *, #2877, .F. ) ;
#489 = DIRECTION ( 'NONE',  ( 0.000000000000000000, 0.000000000000000000, -1.000000000000000000 ) ) ;
#490 = CARTESIAN_POINT ( 'NONE',  ( -4.585762760151823159, 4.500000000000002665, 21.43026917015547284 ) ) ;
#491 = CARTESIAN_POINT ( 'NONE',  ( 9.415263138270949739, 4.000000000000000000, 23.68224423056514283 ) ) ;
#492 = CARTESIAN_POINT ( 'NONE',  ( 5.034100126992726132, 3.999999999999998224, 23.69312498802048950 ) ) ;
#493 = CARTESIAN_POINT ( 'NONE',  ( 7.965484775641028747, 4.500000000000000888, 21.25398896052540465 ) ) ;
#494 = VECTOR ( 'NONE', #6942, 1000.000000000000000 ) ;
#495 = CARTESIAN_POINT ( 'NONE',  ( -8.895766559829057840, 4.500000000000000888, 24.57315295625190998 ) ) ;
#496 = CARTESIAN_POINT ( 'NONE',  ( 3.229273504273508344, 4.500000000000000888, 24.56467272120915979 ) ) ;
#497 = ORIENTED_EDGE ( 'NONE', *, *, #4606, .F. ) ;
#498 = DIRECTION ( 'NONE',  ( 8.462065736472229849E-17, 0.000000000000000000, -1.000000000000000000 ) ) ;
#499 = CARTESIAN_POINT ( 'NONE',  ( 1.680173342511992907, 4.500000000000000888, 22.05645255746070177 ) ) ;
#500 = DIRECTION ( 'NONE',  ( -0.000000000000000000, -1.000000000000000000, -0.000000000000000000 ) ) ;
#501 = EDGE_CURVE ( 'NONE', #6003, #1117, #6048, .T. ) ;
#502 = EDGE_CURVE ( 'NONE', #1562, #4916, #4483, .T. ) ;
#503 = VECTOR ( 'NONE', #2672, 1000.000000000000000 ) ;
#504 = EDGE_CURVE ( 'NONE', #1315, #3634, #963, .T. ) ;
#505 = ORIENTED_EDGE ( 'NONE', *, *, #1363, .F. ) ;
#506 = DIRECTION ( 'NONE',  ( -0.7071067811865500152, 0.7071067811865451302, 0.000000000000000000 ) ) ;
#507 = CARTESIAN_POINT ( 'NONE',  ( 9.347708337492090180, 3.999999999999999112, 24.38607368956219545 ) ) ;
#508 = CARTESIAN_POINT ( 'NONE',  ( 4.679393696581199968, 4.500000000000000888, 24.94458725112369279 ) ) ;
#509 = ORIENTED_EDGE ( 'NONE', *, *, #4739, .F. ) ;
#510 = VECTOR ( 'NONE', #5304, 1000.000000000000000 ) ;
#511 = CARTESIAN_POINT ( 'NONE',  ( -4.607040753350594819, 4.500000000000002665, 22.86381284943820802 ) ) ;
#512 = FACE_OUTER_BOUND ( 'NONE', #2233, .T. ) ;
#513 = CARTESIAN_POINT ( 'NONE',  ( 2.902530206558854520, 4.000000000000000000, 23.28180624039691793 ) ) ;
#514 = VECTOR ( 'NONE', #4241, 1000.000000000000000 ) ;
#515 = LINE ( 'NONE', #17, #4260 ) ;
#516 = DIRECTION ( 'NONE',  ( 0.000000000000000000, 0.000000000000000000, -1.000000000000000000 ) ) ;
#517 = CARTESIAN_POINT ( 'NONE',  ( 1.613560932256739910, 4.500000000000000888, 22.03172483408597060 ) ) ;
#518 = CARTESIAN_POINT ( 'NONE',  ( -1.939450038690327505, 4.000000000000000888, 22.84997272723476058 ) ) ;
#519 = CARTESIAN_POINT ( 'NONE',  ( -8.154920200517061346, 4.499999999999999112, 24.88334043075938951 ) ) ;
#520 = EDGE_LOOP ( 'NONE', ( #4213, #1879, #1511, #1432 ) ) ;
#521 = CARTESIAN_POINT ( 'NONE',  ( 8.632215439431504933, 4.000000000000000000, 22.93294724487373415 ) ) ;
#522 = CARTESIAN_POINT ( 'NONE',  ( 4.507505819704952899, 3.999999999999999112, 25.70112852877602450 ) ) ;
#523 = CARTESIAN_POINT ( 'NONE',  ( -4.818969058932524696, 4.500000000000000888, 21.39160202885770801 ) ) ;
#524 = CARTESIAN_POINT ( 'NONE',  ( 0.000000000000000000, 4.000000000000000000, -16.99999999999999645 ) ) ;
#525 = CARTESIAN_POINT ( 'NONE',  ( -4.236926361675049435, 4.499999999999999112, 23.54096074647945969 ) ) ;
#526 = CARTESIAN_POINT ( 'NONE',  ( -1.744384348290591635, 4.500000000000000888, 22.82792058445702210 ) ) ;
#527 = ORIENTED_EDGE ( 'NONE', *, *, #5081, .F. ) ;
#528 = CARTESIAN_POINT ( 'NONE',  ( 7.349455777212874352, 4.500000000000002665, 21.39517692837830154 ) ) ;
#529 = CARTESIAN_POINT ( 'NONE',  ( 2.241719299435720458, 4.000000000000000000, 25.48500050962670116 ) ) ;
#530 = LINE ( 'NONE', #4277, #6159 ) ;
#531 = VECTOR ( 'NONE', #5047, 1000.000000000000000 ) ;
#532 = CARTESIAN_POINT ( 'NONE',  ( 2.241719299435720458, 4.500000000000000888, 25.48500050962670116 ) ) ;
#533 = CARTESIAN_POINT ( 'NONE',  ( -1.125730439166407582, 4.000000000000000000, 22.98047589546433755 ) ) ;
#534 = ORIENTED_EDGE ( 'NONE', *, *, #4864, .F. ) ;
#535 = VECTOR ( 'NONE', #5252, 1000.000000000000000 ) ;
#536 = ORIENTED_EDGE ( 'NONE', *, *, #1533, .T. ) ;
#537 = PLANE ( 'NONE',  #4830 ) ;
#538 = CARTESIAN_POINT ( 'NONE',  ( 9.192011429632884756, 4.500000000000000888, 24.90680124781274785 ) ) ;
#539 = ADVANCED_FACE ( 'NONE', ( #2814 ), #6658, .T. ) ;
#540 = CARTESIAN_POINT ( 'NONE',  ( 5.034100126992726132, 4.499999999999999112, 23.69312498802048950 ) ) ;
#541 = EDGE_CURVE ( 'NONE', #6936, #3864, #1471, .T. ) ;
#542 = ORIENTED_EDGE ( 'NONE', *, *, #4033, .T. ) ;
#543 = VECTOR ( 'NONE', #3712, 1000.000000000000000 ) ;
#544 = PLANE ( 'NONE',  #5924 ) ;
#545 = EDGE_CURVE ( 'NONE', #4352, #5391, #6782, .T. ) ;
#546 = CARTESIAN_POINT ( 'NONE',  ( -2.181688946271233220, 4.000000000000000888, 23.73952580383564026 ) ) ;
#547 = CARTESIAN_POINT ( 'NONE',  ( -2.415170940170933811, 4.500000000000000888, 24.56467272120915624 ) ) ;
#548 = CARTESIAN_POINT ( 'NONE',  ( 6.051495726495730310, 4.500000000000000888, 24.23139948402967292 ) ) ;
#549 = DIRECTION ( 'NONE',  ( 0.000000000000000000, 0.000000000000000000, 1.000000000000000000 ) ) ;
#550 = EDGE_CURVE ( 'NONE', #3795, #267, #5080, .T. ) ;
#551 = CARTESIAN_POINT ( 'NONE',  ( -4.523658900655170179, 4.500000000000000888, 22.36618094751353425 ) ) ;
#552 = CARTESIAN_POINT ( 'NONE',  ( 0.09473132166294674639, 4.499999999999999112, 24.41217644627272421 ) ) ;
#553 = EDGE_CURVE ( 'NONE', #2566, #3125, #1952, .T. ) ;
#554 = DIRECTION ( 'NONE',  ( 0.000000000000000000, 0.000000000000000000, 1.000000000000000000 ) ) ;
#555 = B_SPLINE_CURVE_WITH_KNOTS ( 'NONE', 3,
 ( #1852, #6211, #1359, #1779, #4510, #2313, #6183, #3506, #5002, #5678, #830, #2915, #4475, #3474, #2419, #3442, #4581, #6651, #5072 ),
 .UNSPECIFIED., .F., .F.,
 ( 4, 1, 1, 1, 1, 1, 1, 1, 1, 1, 1, 1, 1, 1, 1, 1, 4 ),
 ( 0.000000000000000000, 0.06117934308804607452, 0.1203713884446011156, 0.1784417313622629897, 0.2359341281810948265, 0.2942679362243747487, 0.3526542946283818258, 0.4131221280938584539, 0.4755857683820440829, 0.5389001041802271574, 0.6018690472303259709, 0.6643326875185112668, 0.7276470233166943968, 0.7924087308653694484, 0.8591195288732159652, 0.9281350966840269390, 1.000000000000000000 ),
 .UNSPECIFIED. ) ;
#556 = CARTESIAN_POINT ( 'NONE',  ( 6.541134785097534099, 3.999999999999999112, 23.71955985808311596 ) ) ;
#557 = ORIENTED_EDGE ( 'NONE', *, *, #6578, .F. ) ;
#558 = CYLINDRICAL_SURFACE ( 'NONE', #2749, 0.4999999999999970024 ) ;
#559 = DIRECTION ( 'NONE',  ( -0.000000000000000000, -1.000000000000000000, -0.000000000000000000 ) ) ;
#560 = CARTESIAN_POINT ( 'NONE',  ( 8.503502506805356020, 4.000000000000000888, 25.61916075040025476 ) ) ;
#561 = CARTESIAN_POINT ( 'NONE',  ( 5.274688993447731455, 4.500000000000000888, 22.92404526484313720 ) ) ;
#562 = CARTESIAN_POINT ( 'NONE',  ( 4.730604944029455972, 3.999999999999999112, 23.58805597142574229 ) ) ;
#563 = CARTESIAN_POINT ( 'NONE',  ( -1.543599963895188720, 4.500000000000000888, 24.87018787320161195 ) ) ;
#564 = CARTESIAN_POINT ( 'NONE',  ( -8.724436757380617635, 3.999999999999999112, 24.75395155299368355 ) ) ;
#565 = DIRECTION ( 'NONE',  ( -0.7341804028261459392, 0.000000000000000000, 0.6789544433215221053 ) ) ;
#566 = CARTESIAN_POINT ( 'NONE',  ( 1.543497574830476893, 4.499999999999999112, 22.01676539071434391 ) ) ;
#567 = B_SPLINE_SURFACE_WITH_KNOTS ( 'NONE', 3, 1, ( 
 ( #2642, #5263 ),
 ( #4803, #4235 ),
 ( #1579, #1513 ),
 ( #950, #917 ),
 ( #1050, #2677 ),
 ( #1544, #3098 ),
 ( #6914, #1476 ),
 ( #5764, #4765 ),
 ( #2609, #4269 ),
 ( #3697, #3201 ),
 ( #5839, #5800 ) ),
 .UNSPECIFIED., .F., .F., .F.,
 ( 4, 1, 1, 1, 1, 1, 1, 1, 4 ),
 ( 2, 2 ),
 ( 0.000000000000000000, 0.1323140339085643047, 0.2587000085531555027, 0.3809118214856546114, 0.5005348689728943423, 0.6209226176484484716, 0.7423757653984727201, 0.8682808341788564865, 1.000000000000000000 ),
 ( 0.000000000000000000, 1.000000000000000000 ),
 .UNSPECIFIED. ) ;
#568 = CARTESIAN_POINT ( 'NONE',  ( 4.506396901709405434, 4.500000000000000888, 22.86862571266215483 ) ) ;
#569 = ORIENTED_EDGE ( 'NONE', *, *, #1575, .F. ) ;
#570 = EDGE_LOOP ( 'NONE', ( #2261, #5929, #1771, #5608 ) ) ;
#571 = CARTESIAN_POINT ( 'NONE',  ( 4.381776958088689611, 4.500000000000002665, 25.68771921875660524 ) ) ;
#572 = CARTESIAN_POINT ( 'NONE',  ( 9.085845380545876537, 3.999999999999997335, 25.11039986585088002 ) ) ;
#573 = CARTESIAN_POINT ( 'NONE',  ( -9.470726495726493610, 4.000000000000000000, 25.10486369343139401 ) ) ;
#574 = ORIENTED_EDGE ( 'NONE', *, *, #5385, .F. ) ;
#575 = FACE_OUTER_BOUND ( 'NONE', #6791, .T. ) ;
#576 = CARTESIAN_POINT ( 'NONE',  ( 7.309830949473435702, 3.999999999999999112, 23.89502663644489289 ) ) ;
#577 = CARTESIAN_POINT ( 'NONE',  ( 4.860174048168102168, 4.000000000000000888, 24.91851745285151409 ) ) ;
#578 = DIRECTION ( 'NONE',  ( 0.2073096204707153001, 0.000000000000000000, -0.9782753810969015973 ) ) ;
#579 = DIRECTION ( 'NONE',  ( -0.000000000000000000, 1.000000000000000000, -0.000000000000000000 ) ) ;
#580 = CARTESIAN_POINT ( 'NONE',  ( -1.610637699276940893, 4.500000000000000888, 22.83098531138935527 ) ) ;
#581 = CARTESIAN_POINT ( 'NONE',  ( -4.607040753350594819, 4.000000000000001776, 22.86381284943820802 ) ) ;
#582 = B_SPLINE_CURVE_WITH_KNOTS ( 'NONE', 3,
 ( #3303, #3272, #2359, #6122, #739, #1650, #4522, #5479, #5049, #4942, #174 ),
 .UNSPECIFIED., .F., .F.,
 ( 4, 1, 1, 1, 1, 1, 1, 1, 4 ),
 ( 0.000000000000000000, 0.1610711239484207968, 0.3107888083803548862, 0.4499038238309454596, 0.5783763165061843736, 0.6966172119048384959, 0.8059873227104099591, 0.9065617032890821436, 0.9999999999999998890 ),
 .UNSPECIFIED. ) ;
#583 = CARTESIAN_POINT ( 'NONE',  ( -8.094286512140349998, 4.500000000000000888, 24.76039005290255446 ) ) ;
#584 = EDGE_CURVE ( 'NONE', #1259, #1447, #4621, .T. ) ;
#585 = EDGE_CURVE ( 'NONE', #706, #454, #808, .T. ) ;
#586 = CARTESIAN_POINT ( 'NONE',  ( 8.256291878879897794, 4.000000000000000000, 22.09147355775840893 ) ) ;
#587 = ORIENTED_EDGE ( 'NONE', *, *, #1143, .F. ) ;
#588 = VERTEX_POINT ( 'NONE', #383 ) ;
#589 = CARTESIAN_POINT ( 'NONE',  ( -3.827059444057271165, 3.999999999999999112, 23.10293854767047961 ) ) ;
#590 = DIRECTION ( 'NONE',  ( 0.000000000000000000, 0.000000000000000000, -1.000000000000000000 ) ) ;
#591 = CARTESIAN_POINT ( 'NONE',  ( 8.675701966170302981, 4.000000000000000888, 25.53692061748268571 ) ) ;
#592 = CARTESIAN_POINT ( 'NONE',  ( 5.773378635233544998, 4.499999999999999112, 23.32244997179786594 ) ) ;
#593 = ORIENTED_EDGE ( 'NONE', *, *, #5260, .T. ) ;
#594 = CARTESIAN_POINT ( 'NONE',  ( -8.260456729904410267, 4.000000000000000000, 25.70251052330271690 ) ) ;
#595 = CARTESIAN_POINT ( 'NONE',  ( -1.399070842335349729, 4.000000000000001776, 24.75262651814961501 ) ) ;
#596 = LINE ( 'NONE', #2750, #1636 ) ;
#597 = CARTESIAN_POINT ( 'NONE',  ( 9.374137500024623648, 4.000000000000000888, 22.74061880374978628 ) ) ;
#598 = VERTEX_POINT ( 'NONE', #311 ) ;
#599 = CARTESIAN_POINT ( 'NONE',  ( 4.340852325048649263, 4.000000000000000000, 24.85059028920128910 ) ) ;
#600 = DIRECTION ( 'NONE',  ( -0.7071067811865451302, -0.7071067811865500152, 0.000000000000000000 ) ) ;
#601 = B_SPLINE_CURVE_WITH_KNOTS ( 'NONE', 3,
 ( #6338, #352, #4045, #2927, #1925, #5728, #4591, #916, #879, #6769, #2993 ),
 .UNSPECIFIED., .F., .F.,
 ( 4, 1, 1, 1, 1, 1, 1, 1, 4 ),
 ( 0.000000000000000000, 0.1911887346761167450, 0.3577655216016464301, 0.4995860740624386565, 0.6180446728394953793, 0.7217955418599318884, 0.8192721609263383664, 0.9116723373204964620, 1.000000000000000000 ),
 .UNSPECIFIED. ) ;
#602 = CARTESIAN_POINT ( 'NONE',  ( -4.403421007407252397, 4.000000000000000000, 21.48382314423678352 ) ) ;
#603 = CARTESIAN_POINT ( 'NONE',  ( -7.305975594039679777, 4.500000000000000888, 24.47908906616329361 ) ) ;
#604 = VECTOR ( 'NONE', #4120, 1000.000000000000000 ) ;
#605 = FACE_OUTER_BOUND ( 'NONE', #197, .T. ) ;
#606 = CARTESIAN_POINT ( 'NONE',  ( 5.162947253467972786, 4.500000000000000888, 23.82373472412802329 ) ) ;
#607 = EDGE_LOOP ( 'NONE', ( #6844, #3610, #1845, #4996 ) ) ;
#608 = CARTESIAN_POINT ( 'NONE',  ( 1.920647474959185752, 4.000000000000000000, 24.67663151021647749 ) ) ;
#609 = CARTESIAN_POINT ( 'NONE',  ( 2.903258377827452552, 4.500000000000000888, 23.41332857484017183 ) ) ;
#610 = CARTESIAN_POINT ( 'NONE',  ( -2.301535790598284059, 4.500000000000000888, 23.85826914214932870 ) ) ;
#611 = CARTESIAN_POINT ( 'NONE',  ( 5.290457678992813939, 3.999999999999999112, 24.33056431776325823 ) ) ;
#612 = VECTOR ( 'NONE', #559, 1000.000000000000000 ) ;
#613 = VERTEX_POINT ( 'NONE', #5653 ) ;
#614 = CARTESIAN_POINT ( 'NONE',  ( 17.49999999999999645, 4.000000000000003553, 28.00000000000000355 ) ) ;
#615 = VECTOR ( 'NONE', #5787, 1000.000000000000000 ) ;
#616 = DIRECTION ( 'NONE',  ( 0.000000000000000000, 0.000000000000000000, 1.000000000000000000 ) ) ;
#617 = CIRCLE ( 'NONE', #3767, 1.000000000000000888 ) ;
#618 = DIRECTION ( 'NONE',  ( 0.000000000000000000, 0.000000000000000000, -1.000000000000000000 ) ) ;
#619 = CARTESIAN_POINT ( 'NONE',  ( -1.125730439166407582, 4.499999999999999112, 22.98047589546433755 ) ) ;
#620 = CARTESIAN_POINT ( 'NONE',  ( 2.143803418803420069, 4.500000000000000888, 23.48089868274762182 ) ) ;
#621 = ORIENTED_EDGE ( 'NONE', *, *, #241, .F. ) ;
#622 = CARTESIAN_POINT ( 'NONE',  ( -8.063801193566726866, 4.000000000000001776, 24.51748205026041205 ) ) ;
#623 = AXIS2_PLACEMENT_3D ( 'NONE', #2228, #4796, #4190 ) ;
#624 = CARTESIAN_POINT ( 'NONE',  ( 8.554435509830621953, 4.000000000000000888, 22.52476926746560437 ) ) ;
#625 = B_SPLINE_SURFACE_WITH_KNOTS ( 'NONE', 3, 1, ( 
 ( #2188, #4785 ),
 ( #3282, #3182 ),
 ( #5348, #1794 ),
 ( #1271, #2089 ),
 ( #5450, #2661 ),
 ( #4284, #475 ),
 ( #2120, #1630 ),
 ( #4821, #6491 ),
 ( #606, #5917 ),
 ( #1071, #5954 ),
 ( #3219, #6667 ),
 ( #540, #3945 ),
 ( #2693, #4854 ),
 ( #12, #2152 ),
 ( #4317, #1100 ),
 ( #6735, #283 ),
 ( #1444, #4592 ),
 ( #3452, #1926 ),
 ( #2502, #5692 ) ),
 .UNSPECIFIED., .F., .F., .F.,
 ( 4, 1, 1, 1, 1, 1, 1, 1, 1, 1, 1, 1, 1, 1, 1, 1, 4 ),
 ( 2, 2 ),
 ( 0.000000000000000000, 0.07289060658065193987, 0.1418833354390787727, 0.2092821354239204346, 0.2746226384553188682, 0.3384391539790456704, 0.4013048615705233635, 0.4650061847340456467, 0.5283200864625126059, 0.5907402649620382418, 0.6509809274188453898, 0.7096903202894515594, 0.7672117550042963918, 0.8241879505444245080, 0.8817668141839331009, 0.9399547263812980669, 1.000000000000000000 ),
 ( 0.000000000000000000, 1.000000000000000000 ),
 .UNSPECIFIED. ) ;
#626 = CARTESIAN_POINT ( 'NONE',  ( -4.776793683597247764, 4.000000000000000888, 22.16931486182186006 ) ) ;
#627 = CARTESIAN_POINT ( 'NONE',  ( -3.904995179837944974, 4.500000000000000888, 21.89239220105062955 ) ) ;
#628 = EDGE_CURVE ( 'NONE', #476, #6987, #911, .T. ) ;
#629 = CARTESIAN_POINT ( 'NONE',  ( -1.238131519372779321, 4.000000000000001776, 22.92404526484314076 ) ) ;
#630 = EDGE_CURVE ( 'NONE', #1349, #1798, #3059, .T. ) ;
#631 = EDGE_CURVE ( 'NONE', #1117, #3283, #5242, .T. ) ;
#632 = CARTESIAN_POINT ( 'NONE',  ( 4.813450211275752899, 4.500000000000000888, 22.82895205524461701 ) ) ;
#633 = ORIENTED_EDGE ( 'NONE', *, *, #5830, .T. ) ;
#634 = CARTESIAN_POINT ( 'NONE',  ( 4.573370474130181940, 4.000000000000000000, 22.84997272723475348 ) ) ;
#635 = CARTESIAN_POINT ( 'NONE',  ( 0.8592720633097303828, 4.500000000000000888, 24.33468368483586630 ) ) ;
#636 = CARTESIAN_POINT ( 'NONE',  ( 8.122573226494388621, 4.500000000000000888, 24.92835552584217496 ) ) ;
#637 = LINE ( 'NONE', #37, #735 ) ;
#638 = VERTEX_POINT ( 'NONE', #2427 ) ;
#639 = CARTESIAN_POINT ( 'NONE',  ( -2.309765858101034297, 4.500000000000000888, 24.72977232712458218 ) ) ;
#640 = CARTESIAN_POINT ( 'NONE',  ( -20.50000000000000355, 4.499999999999999112, -19.49999999999998934 ) ) ;
#641 = FACE_BOUND ( 'NONE', #915, .T. ) ;
#642 = CARTESIAN_POINT ( 'NONE',  ( -7.313242097595730407, 4.000000000000005329, 24.61569499429588248 ) ) ;
#643 = CARTESIAN_POINT ( 'NONE',  ( -2.181688946271233220, 4.000000000000000000, 23.73952580383564026 ) ) ;
#644 = ORIENTED_EDGE ( 'NONE', *, *, #6214, .T. ) ;
#645 = DIRECTION ( 'NONE',  ( 0.000000000000000000, 1.000000000000000000, -0.000000000000000000 ) ) ;
#646 = DIRECTION ( 'NONE',  ( -0.2022968521692538602, 0.000000000000000000, 0.9793242484501295531 ) ) ;
#647 = CARTESIAN_POINT ( 'NONE',  ( 7.536499140886969705, 4.000000000000000888, 24.71010576883795196 ) ) ;
#648 = DIRECTION ( 'NONE',  ( -0.9746736483397872020, 0.000000000000000000, -0.2236320174572702379 ) ) ;
#649 = ORIENTED_EDGE ( 'NONE', *, *, #719, .F. ) ;
#650 = VECTOR ( 'NONE', #2670, 1000.000000000000227 ) ;
#651 = EDGE_LOOP ( 'NONE', ( #527, #6405, #6329, #3564 ) ) ;
#652 = CARTESIAN_POINT ( 'NONE',  ( 1.000794272870835666, 4.499999999999999112, 22.27016922149066858 ) ) ;
#653 = AXIS2_PLACEMENT_3D ( 'NONE', #2250, #3378, #702 ) ;
#654 = CARTESIAN_POINT ( 'NONE',  ( 18.00000000000000355, 1.500000000000000000, 27.50000000000000355 ) ) ;
#655 = DIRECTION ( 'NONE',  ( -0.000000000000000000, -1.000000000000000000, -0.000000000000000000 ) ) ;
#656 = CARTESIAN_POINT ( 'NONE',  ( 6.984784363395047713, 4.500000000000000888, 21.69447423842444422 ) ) ;
#657 = CARTESIAN_POINT ( 'NONE',  ( -4.816330800719718752, 4.500000000000000888, 22.95347117891797950 ) ) ;
#658 = DIRECTION ( 'NONE',  ( -0.000000000000000000, -1.000000000000000000, 0.000000000000000000 ) ) ;
#659 = CARTESIAN_POINT ( 'NONE',  ( -3.822308236923338765, 4.500000000000000888, 22.04083309267338819 ) ) ;
#660 = VECTOR ( 'NONE', #1556, 1000.000000000000000 ) ;
#661 = CARTESIAN_POINT ( 'NONE',  ( -1.782215568791053251, 4.000000000000000888, 23.58805597142574584 ) ) ;
#662 = ORIENTED_EDGE ( 'NONE', *, *, #5412, .T. ) ;
#663 = FACE_OUTER_BOUND ( 'NONE', #4485, .T. ) ;
#664 = DIRECTION ( 'NONE',  ( 1.000000000000000000, 0.000000000000000000, 0.000000000000000000 ) ) ;
#665 = CARTESIAN_POINT ( 'NONE',  ( -0.4624987827899089687, 4.000000000000000000, 24.18131992960063670 ) ) ;
#666 = CARTESIAN_POINT ( 'NONE',  ( 4.270133416831760620, 4.000000000000000888, 23.79527090832252156 ) ) ;
#667 = VERTEX_POINT ( 'NONE', #4042 ) ;
#668 = CARTESIAN_POINT ( 'NONE',  ( 8.304017285744960120, 3.999999999999999112, 24.83143169536590378 ) ) ;
#669 = CARTESIAN_POINT ( 'NONE',  ( 1.326359480031691573, 4.500000000000000888, 24.92680676981120769 ) ) ;
#670 = CARTESIAN_POINT ( 'NONE',  ( -19.49999999999999645, 1.000000000000000000, 30.50000000000000000 ) ) ;
#671 = CARTESIAN_POINT ( 'NONE',  ( 5.054284800770857622, 4.000000000000000000, 25.64658468593414398 ) ) ;
#672 = ORIENTED_EDGE ( 'NONE', *, *, #2613, .F. ) ;
#673 = CARTESIAN_POINT ( 'NONE',  ( 4.813450211275752899, 4.000000000000002665, 22.82895205524461701 ) ) ;
#674 = CARTESIAN_POINT ( 'NONE',  ( 1.474712873931625090, 4.500000000000000888, 25.70441631095275170 ) ) ;
#675 = EDGE_CURVE ( 'NONE', #6003, #4191, #6519, .T. ) ;
#676 = EDGE_CURVE ( 'NONE', #4535, #4352, #5321, .T. ) ;
#677 = CARTESIAN_POINT ( 'NONE',  ( 4.260560373578587523, 3.999999999999998224, 25.66401143289566633 ) ) ;
#678 = DIRECTION ( 'NONE',  ( 0.000000000000000000, -1.000000000000000000, 0.000000000000000000 ) ) ;
#679 = ADVANCED_FACE ( 'NONE', ( #483 ), #5833, .T. ) ;
#680 = CARTESIAN_POINT ( 'NONE',  ( 8.448010149572652949, 4.500000000000000888, 24.65371518915788229 ) ) ;
#681 = EDGE_LOOP ( 'NONE', ( #2153, #3271, #972, #5309 ) ) ;
#682 = CARTESIAN_POINT ( 'NONE',  ( -4.500107999474264986, 4.500000000000000888, 22.71133521318682469 ) ) ;
#683 = CARTESIAN_POINT ( 'NONE',  ( 8.655685127333173412, 4.000000000000000000, 21.42776564186328159 ) ) ;
#684 = CARTESIAN_POINT ( 'NONE',  ( 9.317574071434668426, 4.500000000000000888, 24.53309908644800075 ) ) ;
#685 = CARTESIAN_POINT ( 'NONE',  ( 4.915786814508530611, 4.500000000000000888, 24.89701004282006025 ) ) ;
#686 = MECHANICAL_DESIGN_GEOMETRIC_PRESENTATION_REPRESENTATION (  '', ( #6800 ), #2368 ) ;
#687 = ORIENTED_EDGE ( 'NONE', *, *, #2306, .F. ) ;
#688 = ORIENTED_EDGE ( 'NONE', *, *, #2665, .F. ) ;
#689 = CARTESIAN_POINT ( 'NONE',  ( 0.8688272874791486133, 4.500000000000000888, 22.59727244140973212 ) ) ;
#690 = CARTESIAN_POINT ( 'NONE',  ( 0.8592720633097303828, 4.500000000000000888, 24.33468368483586630 ) ) ;
#691 = CARTESIAN_POINT ( 'NONE',  ( 3.239973737008779331, 4.000000000000000000, 24.60780696455064742 ) ) ;
#692 = ORIENTED_EDGE ( 'NONE', *, *, #3262, .T. ) ;
#693 = CARTESIAN_POINT ( 'NONE',  ( -0.9184039202661343770, 4.499999999999999112, 23.12896089656210918 ) ) ;
#694 = CARTESIAN_POINT ( 'NONE',  ( -4.486499869853000533, 4.000000000000000000, 22.66296122014890813 ) ) ;
#695 = PLANE ( 'NONE',  #5137 ) ;
#696 = CARTESIAN_POINT ( 'NONE',  ( -1.782215568791053251, 4.500000000000000888, 23.58805597142574584 ) ) ;
#697 = CARTESIAN_POINT ( 'NONE',  ( -3.743303526166836814, 4.000000000000000888, 22.85191611093573982 ) ) ;
#698 = FACE_OUTER_BOUND ( 'NONE', #979, .T. ) ;
#699 = CARTESIAN_POINT ( 'NONE',  ( -1.019198156167397062, 4.000000000000000000, 23.04874113982839035 ) ) ;
#700 = DIRECTION ( 'NONE',  ( -0.000000000000000000, -1.000000000000000000, -0.000000000000000000 ) ) ;
#701 = ORIENTED_EDGE ( 'NONE', *, *, #1788, .T. ) ;
#702 = DIRECTION ( 'NONE',  ( 0.000000000000000000, 0.000000000000000000, 1.000000000000000000 ) ) ;
#703 = CARTESIAN_POINT ( 'NONE',  ( -1.221153846153839595, 4.000000000000000000, 24.25768821266215269 ) ) ;
#704 = CARTESIAN_POINT ( 'NONE',  ( 8.448010149572652949, 4.500000000000000888, 24.65371518915788229 ) ) ;
#705 = CARTESIAN_POINT ( 'NONE',  ( 0.7869658119658132778, 4.500000000000000888, 23.52923602249121160 ) ) ;
#706 = VERTEX_POINT ( 'NONE', #449 ) ;
#707 = CARTESIAN_POINT ( 'NONE',  ( 5.031987350794649316, 4.000000000000002665, 22.85028754442216936 ) ) ;
#708 = EDGE_CURVE ( 'NONE', #2571, #3546, #3661, .T. ) ;
#709 = CARTESIAN_POINT ( 'NONE',  ( 2.804753558614151654, 4.499999999999999112, 24.53309908644799009 ) ) ;
#710 = ORIENTED_EDGE ( 'NONE', *, *, #6835, .T. ) ;
#711 = CARTESIAN_POINT ( 'NONE',  ( -4.062796678612436097, 4.000000000000000000, 21.70127969922982203 ) ) ;
#712 = CARTESIAN_POINT ( 'NONE',  ( -7.376244764211198124, 4.000000000000005329, 25.03724315610851647 ) ) ;
#713 = DIRECTION ( 'NONE',  ( -0.7071067811865500152, 0.7071067811865451302, 1.196716813021174496E-16 ) ) ;
#714 = EDGE_LOOP ( 'NONE', ( #2149, #1151, #5483, #5538 ) ) ;
#715 = CARTESIAN_POINT ( 'NONE',  ( 18.50000000000000355, 1.000000000000000000, 0.000000000000000000 ) ) ;
#716 = CARTESIAN_POINT ( 'NONE',  ( 8.283688324064250708, 4.000000000000000000, 21.28480221659679117 ) ) ;
#717 = EDGE_CURVE ( 'NONE', #120, #5808, #5288, .T. ) ;
#718 = CARTESIAN_POINT ( 'NONE',  ( 7.959480387903018261, 4.000000000000000888, 24.94355836941234728 ) ) ;
#719 = EDGE_CURVE ( 'NONE', #286, #1921, #3723, .T. ) ;
#720 = CARTESIAN_POINT ( 'NONE',  ( 1.892425666041676724, 4.000000000000001776, 24.72110495530780483 ) ) ;
#721 = EDGE_CURVE ( 'NONE', #1589, #2706, #5364, .T. ) ;
#722 = VERTEX_POINT ( 'NONE', #1734 ) ;
#723 = ORIENTED_EDGE ( 'NONE', *, *, #630, .T. ) ;
#724 = LINE ( 'NONE', #3363, #5960 ) ;
#725 = FACE_OUTER_BOUND ( 'NONE', #6946, .T. ) ;
#726 = CARTESIAN_POINT ( 'NONE',  ( 3.725908381093180566, 4.500000000000000888, 25.40141974075250175 ) ) ;
#727 = ORIENTED_EDGE ( 'NONE', *, *, #5519, .F. ) ;
#728 = CARTESIAN_POINT ( 'NONE',  ( 6.920516947292291832, 4.500000000000000888, 21.78400549577207101 ) ) ;
#729 = CARTESIAN_POINT ( 'NONE',  ( 8.628231375708857342, 4.499999999999999112, 24.02681053684288770 ) ) ;
#730 = CARTESIAN_POINT ( 'NONE',  ( 6.539957264957268812, 4.500000000000000888, 23.52075578744848272 ) ) ;
#731 = CARTESIAN_POINT ( 'NONE',  ( -1.262439844859612803, 4.000000000000000888, 23.99070536142652443 ) ) ;
#732 = CARTESIAN_POINT ( 'NONE',  ( -3.728267821817226491, 3.999999999999998224, 22.75995705169386696 ) ) ;
#733 = CARTESIAN_POINT ( 'NONE',  ( -3.792252768770880689, 4.500000000000000888, 23.02363884456353205 ) ) ;
#734 = CARTESIAN_POINT ( 'NONE',  ( -0.4648006541676887315, 4.000000000000000888, 24.08312824301877342 ) ) ;
#735 = VECTOR ( 'NONE', #1622, 1000.000000000000000 ) ;
#736 = LINE ( 'NONE', #5619, #2935 ) ;
#737 = CONICAL_SURFACE ( 'NONE', #4000, 0.9999999999999940048, 0.7853981633974447263 ) ;
#738 = EDGE_LOOP ( 'NONE', ( #3178, #953, #3009, #4988 ) ) ;
#739 = CARTESIAN_POINT ( 'NONE',  ( 0.07300453227173242521, 4.500000000000000888, 22.74213526837327848 ) ) ;
#740 = CARTESIAN_POINT ( 'NONE',  ( 0.8906308901659707455, 4.000000000000002665, 24.45111661742941678 ) ) ;
#741 = CARTESIAN_POINT ( 'NONE',  ( 0.3465572178531227121, 4.500000000000000888, 21.87640872641539147 ) ) ;
#742 = CARTESIAN_POINT ( 'NONE',  ( -5.304387019230766498, 4.000000000000000000, 22.12236502890147349 ) ) ;
#743 = CARTESIAN_POINT ( 'NONE',  ( 4.779759007141009874, 3.999999999999998224, 25.70040383717250165 ) ) ;
#744 = VERTEX_POINT ( 'NONE', #2603 ) ;
#745 = DIRECTION ( 'NONE',  ( 0.7071067811865500152, 0.7071067811865451302, 0.000000000000000000 ) ) ;
#746 = CARTESIAN_POINT ( 'NONE',  ( 7.950892880077506497, 4.500000000000000888, 22.01539392901172931 ) ) ;
#747 = ORIENTED_EDGE ( 'NONE', *, *, #4652, .F. ) ;
#748 = CARTESIAN_POINT ( 'NONE',  ( -7.632355947046624678, 4.000000000000005329, 25.46064905922703048 ) ) ;
#749 = PLANE ( 'NONE',  #435 ) ;
#750 = EDGE_LOOP ( 'NONE', ( #2403, #2226, #367, #1641, #1418, #6145, #1072, #6013, #1608, #6439 ) ) ;
#751 = LINE ( 'NONE', #1765, #4108 ) ;
#752 = CARTESIAN_POINT ( 'NONE',  ( 9.241275720704980046, 4.499999999999999112, 22.17918809198779684 ) ) ;
#753 = CARTESIAN_POINT ( 'NONE',  ( 9.192011429632884756, 4.500000000000000888, 24.90680124781274785 ) ) ;
#754 = LINE ( 'NONE', #4502, #3021 ) ;
#755 = VERTEX_POINT ( 'NONE', #3192 ) ;
#756 = ORIENTED_EDGE ( 'NONE', *, *, #6653, .T. ) ;
#757 = CARTESIAN_POINT ( 'NONE',  ( 0.8912878113854776352, 4.500000000000000888, 22.51995230601106002 ) ) ;
#758 = EDGE_CURVE ( 'NONE', #598, #5746, #6747, .T. ) ;
#759 = DIRECTION ( 'NONE',  ( -0.000000000000000000, -1.000000000000000000, -0.000000000000000000 ) ) ;
#760 = EDGE_CURVE ( 'NONE', #476, #4227, #3849, .T. ) ;
#761 = CARTESIAN_POINT ( 'NONE',  ( -4.504700854700851131, 4.500000000000000888, 23.66407175967070486 ) ) ;
#762 = VERTEX_POINT ( 'NONE', #2798 ) ;
#763 = CARTESIAN_POINT ( 'NONE',  ( 4.710770566239319557, 4.000000000000000000, 23.58774964428608456 ) ) ;
#764 = CARTESIAN_POINT ( 'NONE',  ( 7.290896609784208948, 4.500000000000000888, 25.53617284564469614 ) ) ;
#765 = CARTESIAN_POINT ( 'NONE',  ( 1.489443143001648373, 4.000000000000000888, 21.25453495336989818 ) ) ;
#766 = VERTEX_POINT ( 'NONE', #4957 ) ;
#767 = CIRCLE ( 'NONE', #5051, 1.000000000000000888 ) ;
#768 = CARTESIAN_POINT ( 'NONE',  ( -8.895766559829057840, 4.500000000000000888, 24.57315295625190998 ) ) ;
#769 = ADVANCED_FACE ( 'NONE', ( #117 ), #6603, .F. ) ;
#770 = EDGE_CURVE ( 'NONE', #6893, #1727, #1990, .T. ) ;
#771 = EDGE_CURVE ( 'NONE', #2277, #4916, #2299, .T. ) ;
#772 = CARTESIAN_POINT ( 'NONE',  ( 5.997222222222226229, 4.500000000000000888, 21.36253596907241104 ) ) ;
#773 = CARTESIAN_POINT ( 'NONE',  ( -3.827059444057271165, 4.499999999999999112, 23.10293854767047961 ) ) ;
#774 = CARTESIAN_POINT ( 'NONE',  ( -0.4613247863247799674, 4.000000000000000000, 24.23139948402967292 ) ) ;
#775 = VECTOR ( 'NONE', #6101, 1000.000000000000000 ) ;
#776 = CARTESIAN_POINT ( 'NONE',  ( -2.368447822588824803, 4.000000000000000000, 24.65265133203052983 ) ) ;
#777 = CARTESIAN_POINT ( 'NONE',  ( -8.154920200517061346, 4.499999999999999112, 24.88334043075938951 ) ) ;
#778 = CARTESIAN_POINT ( 'NONE',  ( -1.245482345234934618, 4.000000000000000000, 24.46845394324974521 ) ) ;
#779 = DIRECTION ( 'NONE',  ( 0.000000000000000000, 0.000000000000000000, 1.000000000000000000 ) ) ;
#780 = CARTESIAN_POINT ( 'NONE',  ( 4.649350574209166531, 4.000000000000000000, 24.94344628544025610 ) ) ;
#781 = CARTESIAN_POINT ( 'NONE',  ( 5.821445639270007355, 4.500000000000000888, 25.05531327948592590 ) ) ;
#782 = VERTEX_POINT ( 'NONE', #4056 ) ;
#783 = DIRECTION ( 'NONE',  ( 0.000000000000000000, -1.000000000000000000, 0.000000000000000000 ) ) ;
#784 = CARTESIAN_POINT ( 'NONE',  ( 7.513614785691350662, 4.500000000000000888, 22.27016922149068279 ) ) ;
#785 = CARTESIAN_POINT ( 'NONE',  ( 7.701933900997722127, 4.000000000000000000, 22.08521827370373813 ) ) ;
#786 = FACE_OUTER_BOUND ( 'NONE', #6886, .T. ) ;
#787 = CIRCLE ( 'NONE', #2244, 18.00000000000000000 ) ;
#788 = VERTEX_POINT ( 'NONE', #790 ) ;
#789 = LINE ( 'NONE', #715, #4797 ) ;
#790 = CARTESIAN_POINT ( 'NONE',  ( -20.49999999999999645, 4.499999999999999112, 19.49999999999999645 ) ) ;
#791 = CARTESIAN_POINT ( 'NONE',  ( 7.372092576130247821, 4.500000000000002665, 24.33468368483586985 ) ) ;
#792 = CARTESIAN_POINT ( 'NONE',  ( 1.892425666041676724, 4.500000000000000888, 24.72110495530780483 ) ) ;
#793 = ORIENTED_EDGE ( 'NONE', *, *, #5516, .F. ) ;
#794 = VERTEX_POINT ( 'NONE', #5097 ) ;
#795 = CARTESIAN_POINT ( 'NONE',  ( 1.438072367256990836, 3.999999999999998224, 22.01539392901172221 ) ) ;
#796 = DIRECTION ( 'NONE',  ( 0.000000000000000000, 0.000000000000000000, 1.000000000000000000 ) ) ;
#797 = DIRECTION ( 'NONE',  ( -0.000000000000000000, -1.000000000000000000, -0.000000000000000000 ) ) ;
#798 = EDGE_LOOP ( 'NONE', ( #1811, #5557, #4970, #5018 ) ) ;
#799 = CARTESIAN_POINT ( 'NONE',  ( 8.433467987779701858, 4.500000000000000888, 24.67663151021648460 ) ) ;
#800 = CARTESIAN_POINT ( 'NONE',  ( 18.50000000000000355, 4.000000000000000000, 0.000000000000000000 ) ) ;
#801 = LINE ( 'NONE', #1885, #3204 ) ;
#802 = ADVANCED_FACE ( 'NONE', ( #3428 ), #2647, .T. ) ;
#803 = CARTESIAN_POINT ( 'NONE',  ( -1.802049946581189888, 4.500000000000000888, 23.58774964428608101 ) ) ;
#804 = B_SPLINE_SURFACE_WITH_KNOTS ( 'NONE', 3, 1, ( 
 ( #3350, #4983 ),
 ( #5523, #673 ),
 ( #141, #2290 ),
 ( #3383, #707 ),
 ( #1799, #2473 ),
 ( #6880, #6265 ),
 ( #4630, #2966 ),
 ( #321, #4664 ),
 ( #2400, #5662 ),
 ( #6808, #357 ),
 ( #6304, #1930 ),
 ( #5090, #5126 ),
 ( #6846, #4085 ),
 ( #1413, #3035 ),
 ( #1345, #3557 ),
 ( #1965, #4596 ),
 ( #5733, #6196 ),
 ( #4127, #3491 ),
 ( #2004, #252 ) ),
 .UNSPECIFIED., .F., .F., .F.,
 ( 4, 1, 1, 1, 1, 1, 1, 1, 1, 1, 1, 1, 1, 1, 1, 1, 4 ),
 ( 2, 2 ),
 ( 0.000000000000000000, 0.06340052940042852081, 0.1249764099331408945, 0.1844921876584960652, 0.2434736282965415388, 0.3022637321141441458, 0.3613835718304164724, 0.4214817654110648015, 0.4834545367577938180, 0.5459360688045382659, 0.6081426980855856312, 0.6698202920949499761, 0.7323322942692649384, 0.7960922343214101859, 0.8616426668792314114, 0.9294352318828833504, 1.000000000000000000 ),
 ( 0.000000000000000000, 1.000000000000000000 ),
 .UNSPECIFIED. ) ;
#805 = CARTESIAN_POINT ( 'NONE',  ( 6.731797230391325826, 4.500000000000000888, 22.13656570366598686 ) ) ;
#806 = B_SPLINE_CURVE_WITH_KNOTS ( 'NONE', 3,
 ( #6400, #5357, #518, #976, #3686, #5832, #6437 ),
 .UNSPECIFIED., .F., .F.,
 ( 4, 1, 1, 1, 4 ),
 ( 0.000000000000000000, 0.2636542475285987841, 0.5199803460206637862, 0.7671028029252664471, 1.000000000000000000 ),
 .UNSPECIFIED. ) ;
#807 = CARTESIAN_POINT ( 'NONE',  ( 7.300561317296817343, 4.500000000000000888, 23.59369124025282716 ) ) ;
#808 = LINE ( 'NONE', #2389, #6625 ) ;
#809 = EDGE_CURVE ( 'NONE', #4800, #6644, #2043, .T. ) ;
#810 = EDGE_CURVE ( 'NONE', #3614, #440, #4092, .T. ) ;
#811 = CARTESIAN_POINT ( 'NONE',  ( -8.059615384615382183, 4.500000000000000888, 24.34927475112370132 ) ) ;
#812 = CARTESIAN_POINT ( 'NONE',  ( 5.291192679048751124, 4.499999999999999112, 24.23364225553466866 ) ) ;
#813 = DIRECTION ( 'NONE',  ( 0.000000000000000000, 1.000000000000000000, -0.000000000000000000 ) ) ;
#814 = CARTESIAN_POINT ( 'NONE',  ( 1.474712873931625090, 4.500000000000000888, 25.70441631095275170 ) ) ;
#815 = CARTESIAN_POINT ( 'NONE',  ( 2.770308322612703211, 4.000000000000004441, 22.30282473879324812 ) ) ;
#816 = ORIENTED_EDGE ( 'NONE', *, *, #5607, .F. ) ;
#817 = DIRECTION ( 'NONE',  ( -0.000000000000000000, -1.000000000000000000, -0.000000000000000000 ) ) ;
#818 = CARTESIAN_POINT ( 'NONE',  ( 2.860618558483197127, 4.500000000000000888, 24.22769272903781257 ) ) ;
#819 = CARTESIAN_POINT ( 'NONE',  ( 7.361970285616806109, 4.000000000000001776, 22.68245178002527496 ) ) ;
#820 = CARTESIAN_POINT ( 'NONE',  ( 7.965484775641028747, 4.000000000000000000, 21.25398896052540465 ) ) ;
#821 = ORIENTED_EDGE ( 'NONE', *, *, #6355, .T. ) ;
#822 = LINE ( 'NONE', #3884, #3656 ) ;
#823 = CARTESIAN_POINT ( 'NONE',  ( -20.50000000000000000, 3.000000000000006217, 3.469446951953615767E-15 ) ) ;
#824 = CARTESIAN_POINT ( 'NONE',  ( 6.540357471959480584, 4.000000000000007994, 23.58832387262626895 ) ) ;
#825 = LINE ( 'NONE', #4710, #883 ) ;
#826 = ORIENTED_EDGE ( 'NONE', *, *, #2171, .T. ) ;
#827 = DIRECTION ( 'NONE',  ( 0.000000000000000000, 1.000000000000000000, -0.000000000000000000 ) ) ;
#828 = LINE ( 'NONE', #4507, #5474 ) ;
#829 = EDGE_LOOP ( 'NONE', ( #4977, #5727, #3888, #2189 ) ) ;
#830 = CARTESIAN_POINT ( 'NONE',  ( -1.357753802808809862, 3.999999999999999112, 24.70276902679636422 ) ) ;
#831 = FACE_OUTER_BOUND ( 'NONE', #2859, .T. ) ;
#832 = FACE_BOUND ( 'NONE', #2958, .T. ) ;
#833 = VECTOR ( 'NONE', #1035, 1000.000000000000000 ) ;
#834 = EDGE_LOOP ( 'NONE', ( #1281, #6, #6683, #4774, #6356 ) ) ;
#835 = CARTESIAN_POINT ( 'NONE',  ( -0.4613247863247799674, 4.500000000000000888, 24.23139948402967292 ) ) ;
#836 = EDGE_LOOP ( 'NONE', ( #4733, #5415, #3828, #2303 ) ) ;
#837 = VECTOR ( 'NONE', #6399, 1000.000000000000000 ) ;
#838 = CARTESIAN_POINT ( 'NONE',  ( -1.872500700577972133, 4.500000000000000888, 22.83755998255578135 ) ) ;
#839 = CARTESIAN_POINT ( 'NONE',  ( -4.236926361675049435, 4.499999999999999112, 23.54096074647945969 ) ) ;
#840 = CARTESIAN_POINT ( 'NONE',  ( 1.988211819131444624, 4.500000000000000888, 24.55673696896498370 ) ) ;
#841 = CARTESIAN_POINT ( 'NONE',  ( -3.718622689247617963, 4.000000000000000000, 22.47038570732156870 ) ) ;
#842 = EDGE_CURVE ( 'NONE', #1097, #5514, #4538, .T. ) ;
#843 = CARTESIAN_POINT ( 'NONE',  ( -3.210300124192261517, 4.000000000000001776, 24.81511901707376566 ) ) ;
#844 = EDGE_LOOP ( 'NONE', ( #6601, #2021, #6961, #3078, #2636, #6744, #2162, #2580, #468, #6818, #216, #5914 ) ) ;
#845 = ADVANCED_FACE ( 'NONE', ( #6888 ), #4175, .F. ) ;
#846 = CARTESIAN_POINT ( 'NONE',  ( -20.50000000000000000, 0.000000000000000000, 3.469446951953615767E-15 ) ) ;
#847 = VECTOR ( 'NONE', #2227, 1000.000000000000000 ) ;
#848 = CARTESIAN_POINT ( 'NONE',  ( 8.660254037844389075, 1.000000000000000000, 4.999999999999998224 ) ) ;
#849 = EDGE_CURVE ( 'NONE', #267, #2121, #6420, .T. ) ;
#850 = CARTESIAN_POINT ( 'NONE',  ( 0.2503611102139078337, 4.500000000000000888, 24.91738382328290058 ) ) ;
#851 = CARTESIAN_POINT ( 'NONE',  ( 1.668269731069631945, 4.500000000000002665, 21.26723613498713661 ) ) ;
#852 = CARTESIAN_POINT ( 'NONE',  ( -5.266454874585813961, 4.500000000000000888, 21.36314317590489154 ) ) ;
#853 = PRESENTATION_STYLE_ASSIGNMENT (( #3136 ) ) ;
#854 = CARTESIAN_POINT ( 'NONE',  ( 7.330756547514773125, 4.000000000000002665, 22.87908637419469926 ) ) ;
#855 = ADVANCED_FACE ( 'NONE', ( #3706 ), #3174, .F. ) ;
#856 = CARTESIAN_POINT ( 'NONE',  ( -1.221153846153839595, 4.000000000000000000, 24.25768821266215269 ) ) ;
#857 = DIRECTION ( 'NONE',  ( 1.000000000000000000, 0.000000000000000000, -1.982541115402065356E-16 ) ) ;
#858 = CARTESIAN_POINT ( 'NONE',  ( 0.000000000000000000, 1.000000000000000000, 0.000000000000000000 ) ) ;
#859 = CARTESIAN_POINT ( 'NONE',  ( -4.874438725583828180, 4.500000000000000888, 22.14669988225004715 ) ) ;
#860 = CARTESIAN_POINT ( 'NONE',  ( 2.041614997010106514, 4.500000000000000888, 22.52476926746560792 ) ) ;
#861 = CARTESIAN_POINT ( 'NONE',  ( 1.734459395693733308, 4.499999999999999112, 24.87281162062012285 ) ) ;
#862 = ORIENTED_EDGE ( 'NONE', *, *, #3550, .T. ) ;
#863 = ORIENTED_EDGE ( 'NONE', *, *, #6294, .F. ) ;
#864 = CARTESIAN_POINT ( 'NONE',  ( 1.734459395693733308, 4.499999999999999112, 24.87281162062012285 ) ) ;
#865 = CARTESIAN_POINT ( 'NONE',  ( 1.935189636752138176, 4.000000000000001776, 24.65371518915788229 ) ) ;
#866 = CARTESIAN_POINT ( 'NONE',  ( 4.802232859700101386, 3.999999999999999112, 24.93404887568187434 ) ) ;
#867 = ORIENTED_EDGE ( 'NONE', *, *, #5083, .T. ) ;
#868 = CARTESIAN_POINT ( 'NONE',  ( 0.8126118697063619001, 4.000000000000000000, 24.05678228920864825 ) ) ;
#869 = CARTESIAN_POINT ( 'NONE',  ( -19.50000000000000355, 4.499999999999999112, -20.49999999999998934 ) ) ;
#870 = CARTESIAN_POINT ( 'NONE',  ( 6.542080978922055756, 4.500000000000000888, 23.24573155039961136 ) ) ;
#871 = ORIENTED_EDGE ( 'NONE', *, *, #1105, .F. ) ;
#872 = CARTESIAN_POINT ( 'NONE',  ( -0.5614367761446011906, 4.499999999999999112, 24.80460897103012030 ) ) ;
#873 = CARTESIAN_POINT ( 'NONE',  ( -1.744384348290591635, 4.500000000000000888, 22.82792058445702210 ) ) ;
#874 = CARTESIAN_POINT ( 'NONE',  ( 6.624038948568843566, 3.999999999999999112, 22.52044728277162733 ) ) ;
#875 = DIRECTION ( 'NONE',  ( 0.000000000000000000, 0.000000000000000000, -1.000000000000000000 ) ) ;
#876 = VECTOR ( 'NONE', #4282, 1000.000000000000000 ) ;
#877 = CARTESIAN_POINT ( 'NONE',  ( 7.885708341946084055, 3.999999999999997335, 22.01848354652276285 ) ) ;
#878 = CARTESIAN_POINT ( 'NONE',  ( -8.200168772398839678, 4.500000000000000888, 24.91886595651153868 ) ) ;
#879 = CARTESIAN_POINT ( 'NONE',  ( -8.377066051540662528, 4.500000000000000888, 24.94101930843800474 ) ) ;
#880 = VECTOR ( 'NONE', #4543, 1000.000000000000000 ) ;
#881 = CARTESIAN_POINT ( 'NONE',  ( 0.07300453227173242521, 4.000000000000000000, 22.74213526837327848 ) ) ;
#882 = CARTESIAN_POINT ( 'NONE',  ( 0.4793194680529171414, 4.499999999999999112, 25.28427818816853545 ) ) ;
#883 = VECTOR ( 'NONE', #6929, 1000.000000000000000 ) ;
#884 = CARTESIAN_POINT ( 'NONE',  ( 1.770867811243734158, 4.499999999999999112, 21.28480221659676985 ) ) ;
#885 = ORIENTED_EDGE ( 'NONE', *, *, #502, .F. ) ;
#886 = CARTESIAN_POINT ( 'NONE',  ( 8.656623931623935064, 4.500000000000000888, 23.48089868274762537 ) ) ;
#887 = CARTESIAN_POINT ( 'NONE',  ( -8.314022435897433283, 4.000000000000001776, 25.70441631095276236 ) ) ;
#888 = B_SPLINE_CURVE_WITH_KNOTS ( 'NONE', 3,
 ( #763, #2914, #1330, #1818, #1294, #6721, #232, #3441, #1851, #5643, #2948 ),
 .UNSPECIFIED., .F., .F.,
 ( 4, 1, 1, 1, 1, 1, 1, 1, 4 ),
 ( 0.000000000000000000, 0.1103603399843291200, 0.2211857967812657644, 0.3343638213725833030, 0.4529765798274179578, 0.5772343082002699965, 0.7088043240432455594, 0.8493551270704522427, 1.000000000000000000 ),
 .UNSPECIFIED. ) ;
#889 = ADVANCED_FACE ( 'NONE', ( #4812 ), #6998, .F. ) ;
#890 = CARTESIAN_POINT ( 'NONE',  ( 5.892391671478820925, 4.000000000000000000, 24.93270762785291339 ) ) ;
#891 = CARTESIAN_POINT ( 'NONE',  ( 8.654510278436442050, 4.500000000000000888, 23.67433516274655148 ) ) ;
#892 = ORIENTED_EDGE ( 'NONE', *, *, #6033, .T. ) ;
#893 = CARTESIAN_POINT ( 'NONE',  ( -6.322863247863244496, 4.500000000000000888, 25.59586930240574532 ) ) ;
#894 = CARTESIAN_POINT ( 'NONE',  ( -5.057276160321483971, 4.500000000000002665, 22.12788971996575782 ) ) ;
#895 = CARTESIAN_POINT ( 'NONE',  ( 6.763181623034422607, 4.000000000000006217, 24.91738382328289703 ) ) ;
#896 = EDGE_CURVE ( 'NONE', #3073, #6564, #6535, .T. ) ;
#897 = CARTESIAN_POINT ( 'NONE',  ( 0.3748263888888903606, 4.500000000000000888, 21.82979691992711224 ) ) ;
#898 = ORIENTED_EDGE ( 'NONE', *, *, #2882, .F. ) ;
#899 = EDGE_CURVE ( 'NONE', #4624, #638, #4760, .T. ) ;
#900 = EDGE_CURVE ( 'NONE', #6243, #2377, #5736, .T. ) ;
#901 = PLANE ( 'NONE',  #3690 ) ;
#902 = CARTESIAN_POINT ( 'NONE',  ( -3.251791232998745951, 4.500000000000000888, 24.69268501625775869 ) ) ;
#903 = ORIENTED_EDGE ( 'NONE', *, *, #5686, .T. ) ;
#904 = CARTESIAN_POINT ( 'NONE',  ( 0.7892269100753469546, 4.000000000000000000, 23.71728889920657579 ) ) ;
#905 = DIRECTION ( 'NONE',  ( 1.000000000000000000, 0.000000000000000000, -8.462065736472229849E-17 ) ) ;
#906 = CARTESIAN_POINT ( 'NONE',  ( 7.839179992852208123, 4.000000000000000888, 24.92680676981121479 ) ) ;
#907 = ORIENTED_EDGE ( 'NONE', *, *, #2316, .F. ) ;
#908 = CARTESIAN_POINT ( 'NONE',  ( 4.097649572649576299, 4.500000000000000888, 24.56467272120915979 ) ) ;
#909 = CARTESIAN_POINT ( 'NONE',  ( -20.49999999999999645, 4.499999999999999112, 19.49999999999999645 ) ) ;
#910 = CARTESIAN_POINT ( 'NONE',  ( 0.7780760969636926205, 4.000000000000000000, 25.53617284564468903 ) ) ;
#911 = LINE ( 'NONE', #5685, #5826 ) ;
#912 = EDGE_LOOP ( 'NONE', ( #4716, #6419, #378, #166 ) ) ;
#913 = DIRECTION ( 'NONE',  ( 0.000000000000000000, 0.000000000000000000, -1.000000000000000000 ) ) ;
#914 = CARTESIAN_POINT ( 'NONE',  ( -2.252260139241921255, 4.000000000000000000, 25.66401143289565567 ) ) ;
#915 = EDGE_LOOP ( 'NONE', ( #3517, #221 ) ) ;
#916 = CARTESIAN_POINT ( 'NONE',  ( -8.442029428734612040, 4.499999999999999112, 24.92718493407655700 ) ) ;
#917 = CARTESIAN_POINT ( 'NONE',  ( 0.5843372240370551252, 4.000000000000000888, 21.57693643308525466 ) ) ;
#918 = CARTESIAN_POINT ( 'NONE',  ( 0.07052621856814957069, 4.500000000000002665, 24.25671652367478259 ) ) ;
#919 = CARTESIAN_POINT ( 'NONE',  ( 2.903632478632479863, 4.000000000000004441, 23.48089868274762182 ) ) ;
#920 = VERTEX_POINT ( 'NONE', #6911 ) ;
#921 = DIRECTION ( 'NONE',  ( 3.097469458992887787E-14, 1.000000000000000000, 2.223428604534435451E-14 ) ) ;
#922 = FACE_BOUND ( 'NONE', #5430, .T. ) ;
#923 = CARTESIAN_POINT ( 'NONE',  ( 5.640918460270616386, 4.000000000000000000, 25.28012416077510593 ) ) ;
#924 = CARTESIAN_POINT ( 'NONE',  ( -1.243836427076489892, 4.000000000000000888, 24.05289772092728739 ) ) ;
#925 = ADVANCED_FACE ( 'NONE', ( #6872 ), #4100, .T. ) ;
#926 = DIRECTION ( 'NONE',  ( 0.000000000000000000, -0.000000000000000000, -1.000000000000000000 ) ) ;
#927 = CARTESIAN_POINT ( 'NONE',  ( -19.49999999999999645, 5.500000000000000000, 19.50000000000000711 ) ) ;
#928 = B_SPLINE_CURVE_WITH_KNOTS ( 'NONE', 3,
 ( #6849, #4051, #323, #6269, #5129, #1968, #3070, #6742, #3524, #5093, #6346, #4087, #5232, #256, #396, #5630, #4131, #2440, #6308 ),
 .UNSPECIFIED., .F., .F.,
 ( 4, 1, 1, 1, 1, 1, 1, 1, 1, 1, 1, 1, 1, 1, 1, 1, 4 ),
 ( 0.000000000000000000, 0.1121147956622123021, 0.2158018426882335750, 0.3102026923156540050, 0.3959929252987136605, 0.4734102307422347611, 0.5427784203605526825, 0.6045480222829334727, 0.6593572656120954001, 0.7087643617117432848, 0.7553555059484812206, 0.7986869938006714298, 0.8400168391480740127, 0.8802034470065464022, 0.9197333482458335263, 0.9590486059010160380, 1.000000000000000000 ),
 .UNSPECIFIED. ) ;
#929 = CARTESIAN_POINT ( 'NONE',  ( -1.597033698311979721, 4.500000000000000888, 24.89701004282005670 ) ) ;
#930 = CARTESIAN_POINT ( 'NONE',  ( 2.142986767265704362, 4.500000000000000888, 23.28573696152648509 ) ) ;
#931 = CARTESIAN_POINT ( 'NONE',  ( 0.000000000000000000, 4.000000000000000000, -10.00000000000000000 ) ) ;
#932 = VERTEX_POINT ( 'NONE', #3619 ) ;
#933 = CARTESIAN_POINT ( 'NONE',  ( 7.965484775641028747, 4.500000000000000888, 21.25398896052540465 ) ) ;
#934 = CARTESIAN_POINT ( 'NONE',  ( -8.059615384615382183, 4.000000000000000000, 24.34927475112370132 ) ) ;
#935 = ADVANCED_FACE ( 'NONE', ( #452, #5324, #6801, #1922 ), #1576, .T. ) ;
#936 = CARTESIAN_POINT ( 'NONE',  ( -17.49999999999999645, 40.67424164178449786, 21.00000000000000355 ) ) ;
#937 = EDGE_CURVE ( 'NONE', #2674, #613, #991, .T. ) ;
#938 = ORIENTED_EDGE ( 'NONE', *, *, #1838, .F. ) ;
#939 = CARTESIAN_POINT ( 'NONE',  ( 0.7877408044763025696, 3.999999999999999112, 23.59369124025282716 ) ) ;
#940 = EDGE_CURVE ( 'NONE', #182, #2947, #5458, .T. ) ;
#941 = DIRECTION ( 'NONE',  ( -0.000000000000000000, -1.000000000000000000, 0.000000000000000000 ) ) ;
#942 = CARTESIAN_POINT ( 'NONE',  ( 1.964820646499129797, 4.000000000000000000, 21.34172374452541732 ) ) ;
#943 = DIRECTION ( 'NONE',  ( 0.000000000000000000, -1.000000000000000000, 0.000000000000000000 ) ) ;
#944 = CARTESIAN_POINT ( 'NONE',  ( 2.119394926610989049, 4.000000000000000000, 22.93294724487373060 ) ) ;
#945 = CARTESIAN_POINT ( 'NONE',  ( 5.291666666666670515, 4.500000000000000888, 24.25768821266215625 ) ) ;
#946 = CARTESIAN_POINT ( 'NONE',  ( 6.030949217144281782, 3.999999999999999112, 23.93920038580247578 ) ) ;
#947 = CARTESIAN_POINT ( 'NONE',  ( 7.404108324205996183, 4.500000000000002665, 22.51995230601107778 ) ) ;
#948 = CARTESIAN_POINT ( 'NONE',  ( 0.8326643293403178658, 4.499999999999999112, 22.77618656897202953 ) ) ;
#949 = CARTESIAN_POINT ( 'NONE',  ( 8.660254037844389075, 17.01076477383247720, 4.999999999999998224 ) ) ;
#950 = CARTESIAN_POINT ( 'NONE',  ( 0.5843372240370551252, 4.499999999999999112, 21.57693643308525466 ) ) ;
#951 = CARTESIAN_POINT ( 'NONE',  ( 0.6204694095416509736, 4.000000000000001776, 25.42445497820362732 ) ) ;
#952 = VECTOR ( 'NONE', #5935, 1000.000000000000000 ) ;
#953 = ORIENTED_EDGE ( 'NONE', *, *, #3087, .F. ) ;
#954 = VECTOR ( 'NONE', #6851, 1000.000000000000000 ) ;
#955 = CARTESIAN_POINT ( 'NONE',  ( -9.470726495726493610, 4.000000000000001776, 25.10486369343139401 ) ) ;
#956 = CARTESIAN_POINT ( 'NONE',  ( -1.807617462000884467, 4.000000000000002665, 22.82951443598259544 ) ) ;
#957 = CARTESIAN_POINT ( 'NONE',  ( -8.660254037844389075, 4.000000000000000000, 3.399999999999996803 ) ) ;
#958 = ORIENTED_EDGE ( 'NONE', *, *, #4168, .F. ) ;
#959 = DIRECTION ( 'NONE',  ( 0.000000000000000000, 0.000000000000000000, 1.000000000000000000 ) ) ;
#960 = CARTESIAN_POINT ( 'NONE',  ( 9.374137500024623648, 4.500000000000000888, 22.74061880374978628 ) ) ;
#961 = CARTESIAN_POINT ( 'NONE',  ( 4.635977680670491097, 4.500000000000000888, 22.83891904992801258 ) ) ;
#962 = CARTESIAN_POINT ( 'NONE',  ( -2.368447822588824803, 4.500000000000000888, 24.65265133203052983 ) ) ;
#963 = CIRCLE ( 'NONE', #2548, 1.600000000000001643 ) ;
#964 = ORIENTED_EDGE ( 'NONE', *, *, #4739, .T. ) ;
#965 =( LENGTH_UNIT ( ) NAMED_UNIT ( * ) SI_UNIT ( .MILLI., .METRE. ) );
#966 = CARTESIAN_POINT ( 'NONE',  ( 4.069664797008551105, 4.500000000000000888, 21.36253596907241104 ) ) ;
#967 = CARTESIAN_POINT ( 'NONE',  ( 5.247687853813317815, 4.000000000000001776, 24.53223885853340391 ) ) ;
#968 = ORIENTED_EDGE ( 'NONE', *, *, #5419, .T. ) ;
#969 = CARTESIAN_POINT ( 'NONE',  ( 0.9293562530278191014, 3.999999999999999112, 24.55146669599631082 ) ) ;
#970 = CARTESIAN_POINT ( 'NONE',  ( -2.443155715811959006, 4.500000000000000888, 21.36253596907240748 ) ) ;
#971 = CARTESIAN_POINT ( 'NONE',  ( 2.056152601190217588, 4.000000000000000888, 21.38053348321519564 ) ) ;
#972 = ORIENTED_EDGE ( 'NONE', *, *, #4171, .T. ) ;
#973 = CARTESIAN_POINT ( 'NONE',  ( -0.4655903979337716048, 4.500000000000000888, 24.38199101118976131 ) ) ;
#974 = B_SPLINE_CURVE_WITH_KNOTS ( 'NONE', 3,
 ( #5591, #3915, #3492, #2898, #6633, #818, #2329, #709, #5664, #2968, #1900, #1243, #5524, #6060, #288, #4597, #2291, #6740, #6097, #4494, #6672, #5628, #4984, #3458, #1205, #2366, #674 ),
 .UNSPECIFIED., .F., .F.,
 ( 4, 1, 1, 1, 1, 1, 1, 1, 1, 1, 1, 1, 1, 1, 1, 1, 1, 1, 1, 1, 1, 1, 1, 1, 4 ),
 ( 0.000000000000000000, 0.06849087449695479002, 0.1330765404908783589, 0.1938289871915775953, 0.2510828574460501894, 0.3044008371534415724, 0.3544083437255273195, 0.4012947817777444692, 0.4447006845454786750, 0.4856924920892441988, 0.5246764844274044437, 0.5623067591777589636, 0.5979465846525345851, 0.6324735490267264781, 0.6657520428969365689, 0.6979852995504446378, 0.7295862241486809063, 0.7608251968744894622, 0.7923550795612065434, 0.8243126039626631485, 0.8571562719790691842, 0.8909268871454045780, 0.9259604429162998640, 0.9620613229943376643, 1.000000000000000000 ),
 .UNSPECIFIED. ) ;
#975 = LINE ( 'NONE', #6905, #494 ) ;
#976 = CARTESIAN_POINT ( 'NONE',  ( -1.872500700577972133, 4.000000000000000000, 22.83755998255578135 ) ) ;
#977 = CARTESIAN_POINT ( 'NONE',  ( 1.561760248015180652, 4.499999999999999112, 21.25560852118048416 ) ) ;
#978 = EDGE_CURVE ( 'NONE', #2375, #6521, #5968, .T. ) ;
#979 = EDGE_LOOP ( 'NONE', ( #1198, #4371, #5696, #5345, #3148, #5250 ) ) ;
#980 = ORIENTED_EDGE ( 'NONE', *, *, #4479, .F. ) ;
#981 = EDGE_CURVE ( 'NONE', #2607, #5755, #3863, .T. ) ;
#982 = ADVANCED_FACE ( 'NONE', ( #6584 ), #3334, .T. ) ;
#983 = CARTESIAN_POINT ( 'NONE',  ( 7.345484842160829864, 4.499999999999997335, 22.77618656897202243 ) ) ;
#984 = PRODUCT_DEFINITION ( 'UNKNOWN', '', #3217, #2510 ) ;
#985 = CARTESIAN_POINT ( 'NONE',  ( -5.563034188034184702, 4.500000000000000888, 22.12236502890147349 ) ) ;
#986 = ORIENTED_EDGE ( 'NONE', *, *, #5949, .F. ) ;
#987 = DIRECTION ( 'NONE',  ( 1.000000000000000000, 0.000000000000000000, -1.692413147294445723E-16 ) ) ;
#988 = CARTESIAN_POINT ( 'NONE',  ( -4.255000882991284428, 4.000000000000001776, 21.55584355954141884 ) ) ;
#989 = CARTESIAN_POINT ( 'NONE',  ( 19.50000000000000355, 4.000000000000000000, 0.000000000000000000 ) ) ;
#990 = CARTESIAN_POINT ( 'NONE',  ( -9.431024902839880042, 4.500000000000000888, 25.15271437432333101 ) ) ;
#991 = B_SPLINE_CURVE_WITH_KNOTS ( 'NONE', 3,
 ( #3231, #3296, #4298, #2638, #521, #1190, #3725, #624, #2134, #2165, #5897, #4897, #2202, #586, #2776, #4868, #4934, #6985, #2704 ),
 .UNSPECIFIED., .F., .F.,
 ( 4, 1, 1, 1, 1, 1, 1, 1, 1, 1, 1, 1, 1, 1, 1, 1, 4 ),
 ( 0.000000000000000000, 0.1121147956622123021, 0.2158018426882335750, 0.3102026923156540050, 0.3959929252987136605, 0.4734102307422347611, 0.5427784203605526825, 0.6045480222829334727, 0.6593572656120954001, 0.7087643617117432848, 0.7553555059484812206, 0.7986869938006714298, 0.8400168391480740127, 0.8802034470065464022, 0.9197333482458335263, 0.9590486059010160380, 1.000000000000000000 ),
 .UNSPECIFIED. ) ;
#992 = VECTOR ( 'NONE', #2315, 1000.000000000000000 ) ;
#993 = CARTESIAN_POINT ( 'NONE',  ( -1.983890319464387098, 4.000000000000000888, 22.86234990646688914 ) ) ;
#994 = AXIS2_PLACEMENT_3D ( 'NONE', #5859, #5215, #4827 ) ;
#995 = CARTESIAN_POINT ( 'NONE',  ( -1.743160343733724194, 4.000000000000000000, 23.58865915018472137 ) ) ;
#996 = CARTESIAN_POINT ( 'NONE',  ( 2.768944276768670498, 4.000000000000002665, 24.66871562668636031 ) ) ;
#997 = CARTESIAN_POINT ( 'NONE',  ( -1.876842832150019014, 4.500000000000000888, 22.83891904992801258 ) ) ;
#998 = CARTESIAN_POINT ( 'NONE',  ( -1.493111252683502199, 4.500000000000000888, 24.83632663176656052 ) ) ;
#999 = CARTESIAN_POINT ( 'NONE',  ( 2.627997597338169733, 4.500000000000000888, 25.01263307362559374 ) ) ;
#1000 = CARTESIAN_POINT ( 'NONE',  ( -19.49999999999999645, 4.000000000000000000, 19.49999999999999645 ) ) ;
#1001 = EDGE_LOOP ( 'NONE', ( #6163, #2604, #3477, #2937 ) ) ;
#1002 = CARTESIAN_POINT ( 'NONE',  ( 1.000794272870835666, 3.999999999999999112, 22.27016922149066858 ) ) ;
#1003 = CARTESIAN_POINT ( 'NONE',  ( 9.028354149493514669, 3.999999999999999112, 25.20157656953222869 ) ) ;
#1004 = CARTESIAN_POINT ( 'NONE',  ( -2.786912131727332209, 4.500000000000000888, 25.40141974075248754 ) ) ;
#1005 = ORIENTED_EDGE ( 'NONE', *, *, #1953, .T. ) ;
#1006 = CARTESIAN_POINT ( 'NONE',  ( 1.077486608273948265, 4.000000000000000888, 24.77208857361744165 ) ) ;
#1007 = CARTESIAN_POINT ( 'NONE',  ( 2.004064173141347993, 4.000000000000000000, 22.42046165344465436 ) ) ;
#1008 = CARTESIAN_POINT ( 'NONE',  ( 7.300561317296817343, 4.000000000000000000, 23.59369124025282716 ) ) ;
#1009 = CARTESIAN_POINT ( 'NONE',  ( -7.356838662160980036, 4.500000000000000888, 24.95012657293889902 ) ) ;
#1010 = FACE_OUTER_BOUND ( 'NONE', #6531, .T. ) ;
#1011 = DIRECTION ( 'NONE',  ( -1.000000000000000000, 0.000000000000000000, 0.000000000000000000 ) ) ;
#1012 = CARTESIAN_POINT ( 'NONE',  ( 2.449991284226548327, 4.500000000000000888, 21.68611330603198439 ) ) ;
#1013 = ORIENTED_EDGE ( 'NONE', *, *, #5373, .T. ) ;
#1014 = ORIENTED_EDGE ( 'NONE', *, *, #6663, .F. ) ;
#1015 = DIRECTION ( 'NONE',  ( 0.000000000000000000, 0.000000000000000000, 1.000000000000000000 ) ) ;
#1016 = CARTESIAN_POINT ( 'NONE',  ( 0.9141490123881197416, 4.500000000000000888, 22.44835367751238664 ) ) ;
#1017 = ORIENTED_EDGE ( 'NONE', *, *, #380, .F. ) ;
#1018 = CARTESIAN_POINT ( 'NONE',  ( 8.660254037844389075, 1.000000000000000888, 4.999999999999998224 ) ) ;
#1019 = FACE_OUTER_BOUND ( 'NONE', #912, .T. ) ;
#1020 = CARTESIAN_POINT ( 'NONE',  ( -0.5155982905982841036, 4.500000000000000888, 21.36253596907240748 ) ) ;
#1021 = EDGE_CURVE ( 'NONE', #5568, #5289, #6545, .T. ) ;
#1022 = EDGE_CURVE ( 'NONE', #6502, #4745, #5622, .T. ) ;
#1023 =( LENGTH_UNIT ( ) NAMED_UNIT ( * ) SI_UNIT ( .MILLI., .METRE. ) );
#1024 = CARTESIAN_POINT ( 'NONE',  ( -1.765041476711193491, 4.000000000000000888, 22.82844126727200873 ) ) ;
#1025 = DIRECTION ( 'NONE',  ( -0.000000000000000000, -1.000000000000000000, -0.000000000000000000 ) ) ;
#1026 = FACE_OUTER_BOUND ( 'NONE', #3773, .T. ) ;
#1027 = CARTESIAN_POINT ( 'NONE',  ( -0.4840598771013469581, 4.000000000000000000, 24.52894324076778432 ) ) ;
#1028 = VERTEX_POINT ( 'NONE', #2886 ) ;
#1029 = CARTESIAN_POINT ( 'NONE',  ( -0.5155982905982841036, 4.500000000000000888, 21.36253596907240748 ) ) ;
#1030 = CARTESIAN_POINT ( 'NONE',  ( 2.903228176751811329, 4.000000000000000000, 23.54931416868776139 ) ) ;
#1031 = CARTESIAN_POINT ( 'NONE',  ( -19.50000000000001066, 5.500000000000000000, -19.49999999999998934 ) ) ;
#1032 = ORIENTED_EDGE ( 'NONE', *, *, #334, .F. ) ;
#1033 = CARTESIAN_POINT ( 'NONE',  ( -18.49999999999999645, 4.000000000000000000, 0.000000000000000000 ) ) ;
#1034 = CARTESIAN_POINT ( 'NONE',  ( 8.410280440461072260, 3.999999999999997335, 25.65119496330757798 ) ) ;
#1035 = DIRECTION ( 'NONE',  ( -0.000000000000000000, 1.000000000000000000, -0.000000000000000000 ) ) ;
#1036 = ORIENTED_EDGE ( 'NONE', *, *, #1787, .T. ) ;
#1037 = CARTESIAN_POINT ( 'NONE',  ( -5.061967362637805223, 4.500000000000000888, 22.98593380103035955 ) ) ;
#1038 = CARTESIAN_POINT ( 'NONE',  ( 2.143803418803420069, 4.000000000000000000, 23.48089868274762182 ) ) ;
#1039 = CARTESIAN_POINT ( 'NONE',  ( 1.869955865010228147, 4.000000000000000000, 21.30930077504978470 ) ) ;
#1040 = CARTESIAN_POINT ( 'NONE',  ( 5.737346134112216944, 4.500000000000000888, 25.17151586295906185 ) ) ;
#1041 = CARTESIAN_POINT ( 'NONE',  ( 6.920516947292291832, 4.000000000000000000, 21.78400549577207101 ) ) ;
#1042 = CARTESIAN_POINT ( 'NONE',  ( -4.477564102564099535, 4.500000000000000888, 22.55485701608095894 ) ) ;
#1043 = CARTESIAN_POINT ( 'NONE',  ( 1.474712873931625090, 4.000000000000000000, 25.70441631095275170 ) ) ;
#1044 = VERTEX_POINT ( 'NONE', #1857 ) ;
#1045 = CARTESIAN_POINT ( 'NONE',  ( 2.893607963690523643, 4.499999999999999112, 23.09008042439635489 ) ) ;
#1046 = CARTESIAN_POINT ( 'NONE',  ( 2.770308322612703211, 4.500000000000000888, 22.30282473879324812 ) ) ;
#1047 = ORIENTED_EDGE ( 'NONE', *, *, #1364, .F. ) ;
#1048 = CARTESIAN_POINT ( 'NONE',  ( 7.662685454848221944, 4.000000000000001776, 25.67411815091727334 ) ) ;
#1049 = CARTESIAN_POINT ( 'NONE',  ( 18.00000000000000355, 4.000000000000003553, 27.50000000000000355 ) ) ;
#1050 = CARTESIAN_POINT ( 'NONE',  ( 0.7050677830286968817, 4.499999999999999112, 21.47641234637067242 ) ) ;
#1051 = FACE_OUTER_BOUND ( 'NONE', #6034, .T. ) ;
#1052 = CARTESIAN_POINT ( 'NONE',  ( -4.488540887684353109, 4.499999999999999112, 21.45411248845567442 ) ) ;
#1053 = CARTESIAN_POINT ( 'NONE',  ( 5.493622356653113492, 4.500000000000000888, 23.04874113982839035 ) ) ;
#1054 = EDGE_CURVE ( 'NONE', #6389, #5568, #5615, .T. ) ;
#1055 = ADVANCED_FACE ( 'NONE', ( #1263 ), #4323, .T. ) ;
#1056 = CARTESIAN_POINT ( 'NONE',  ( -1.939450038690327505, 4.000000000000000888, 22.84997272723476058 ) ) ;
#1057 = EDGE_CURVE ( 'NONE', #4250, #6817, #6694, .T. ) ;
#1058 = CARTESIAN_POINT ( 'NONE',  ( -8.660254037844389075, 17.01076477383247720, 0.3999999999999966915 ) ) ;
#1059 = CONICAL_SURFACE ( 'NONE', #3985, 0.9999999999999940048, 0.7853981633974447263 ) ;
#1060 = CARTESIAN_POINT ( 'NONE',  ( 1.586570213949403119, 4.000000000000000000, 25.70252418140290729 ) ) ;
#1061 = DIRECTION ( 'NONE',  ( -0.9746736483397872020, 0.000000000000000000, -0.2236320174572703767 ) ) ;
#1062 = ORIENTED_EDGE ( 'NONE', *, *, #4652, .T. ) ;
#1063 = CARTESIAN_POINT ( 'NONE',  ( 2.386614281907655233, 3.999999999999998224, 25.35888116901129763 ) ) ;
#1064 = DIRECTION ( 'NONE',  ( -1.692413147294446463E-16, 0.000000000000000000, -1.000000000000000000 ) ) ;
#1065 = VERTEX_POINT ( 'NONE', #6150 ) ;
#1066 = AXIS2_PLACEMENT_3D ( 'NONE', #5510, #2319, #2813 ) ;
#1067 = EDGE_CURVE ( 'NONE', #4434, #2817, #3445, .T. ) ;
#1068 = EDGE_LOOP ( 'NONE', ( #1287, #484, #3606 ) ) ;
#1069 = CARTESIAN_POINT ( 'NONE',  ( 0.9141490123881197416, 4.000000000000000000, 22.44835367751238664 ) ) ;
#1070 = LINE ( 'NONE', #5347, #4608 ) ;
#1071 = CARTESIAN_POINT ( 'NONE',  ( 5.122833391172495254, 4.499999999999999112, 23.77570635847972014 ) ) ;
#1072 = ORIENTED_EDGE ( 'NONE', *, *, #2093, .T. ) ;
#1073 = VECTOR ( 'NONE', #4055, 1000.000000000000000 ) ;
#1074 = FACE_OUTER_BOUND ( 'NONE', #1275, .T. ) ;
#1075 = CARTESIAN_POINT ( 'NONE',  ( -1.802049946581190110, 4.500000000000000888, 23.58774964428608456 ) ) ;
#1076 = CARTESIAN_POINT ( 'NONE',  ( 5.281809453598279802, 4.500000000000000888, 24.40125525715174248 ) ) ;
#1077 = CONICAL_SURFACE ( 'NONE', #2190, 0.9999999999999940048, 0.7853981633974447263 ) ;
#1078 = CARTESIAN_POINT ( 'NONE',  ( 5.306846502861407799, 4.500000000000000888, 25.54020816372400660 ) ) ;
#1079 = DIRECTION ( 'NONE',  ( 1.000000000000000000, 0.000000000000000000, -9.912705577010329247E-17 ) ) ;
#1080 = CARTESIAN_POINT ( 'NONE',  ( 2.073466730052570206, 4.499999999999999112, 22.64483590567936133 ) ) ;
#1081 = CARTESIAN_POINT ( 'NONE',  ( -4.816330800719718752, 4.000000000000000000, 22.95347117891797950 ) ) ;
#1082 = ORIENTED_EDGE ( 'NONE', *, *, #461, .F. ) ;
#1083 = CARTESIAN_POINT ( 'NONE',  ( -8.067197608383461116, 4.000000000000003553, 24.59052965377700417 ) ) ;
#1084 = DIRECTION ( 'NONE',  ( 1.000000000000000000, 0.000000000000000000, -8.462065736472229849E-17 ) ) ;
#1085 = CARTESIAN_POINT ( 'NONE',  ( 3.476780808044046545, 3.999999999999999112, 25.14046628565723651 ) ) ;
#1086 = DIRECTION ( 'NONE',  ( 0.000000000000000000, -1.000000000000000000, 0.000000000000000000 ) ) ;
#1087 = CARTESIAN_POINT ( 'NONE',  ( 9.406799376758126385, 3.999999999999999112, 23.87572366836100102 ) ) ;
#1088 = CARTESIAN_POINT ( 'NONE',  ( 4.768436164529918031, 4.500000000000000888, 22.82792058445702565 ) ) ;
#1089 = VECTOR ( 'NONE', #2126, 1000.000000000000000 ) ;
#1090 = PLANE ( 'NONE',  #3916 ) ;
#1091 = CARTESIAN_POINT ( 'NONE',  ( 7.965484775641028747, 4.000000000000000000, 21.25398896052540465 ) ) ;
#1092 = CARTESIAN_POINT ( 'NONE',  ( 2.903632478632479863, 4.000000000000000000, 23.48089868274762182 ) ) ;
#1093 = CARTESIAN_POINT ( 'NONE',  ( 9.194470792384679569, 4.000000000000000888, 22.06520476112832441 ) ) ;
#1094 = VERTEX_POINT ( 'NONE', #5077 ) ;
#1095 = CARTESIAN_POINT ( 'NONE',  ( 1.586570213949403119, 4.500000000000000888, 25.70252418140290729 ) ) ;
#1096 = DIRECTION ( 'NONE',  ( -0.000000000000000000, -1.000000000000000000, -0.000000000000000000 ) ) ;
#1097 = VERTEX_POINT ( 'NONE', #5111 ) ;
#1098 = DIRECTION ( 'NONE',  ( -0.000000000000000000, -1.000000000000000000, -0.000000000000000000 ) ) ;
#1099 = CARTESIAN_POINT ( 'NONE',  ( 8.675701966170302981, 4.500000000000000888, 25.53692061748268571 ) ) ;
#1100 = CARTESIAN_POINT ( 'NONE',  ( 4.882187295140573369, 4.000000000000004441, 23.61291665337054724 ) ) ;
#1101 = ORIENTED_EDGE ( 'NONE', *, *, #6780, .T. ) ;
#1102 = VECTOR ( 'NONE', #6143, 1000.000000000000000 ) ;
#1103 = PLANE ( 'NONE',  #49 ) ;
#1104 = CARTESIAN_POINT ( 'NONE',  ( 7.302047422895862283, 3.999999999999999112, 23.71728889920657224 ) ) ;
#1105 = EDGE_CURVE ( 'NONE', #85, #5582, #767, .T. ) ;
#1106 = DIRECTION ( 'NONE',  ( 0.000000000000000000, -1.000000000000000000, 0.000000000000000000 ) ) ;
#1107 = VECTOR ( 'NONE', #189, 1000.000000000000000 ) ;
#1108 = EDGE_CURVE ( 'NONE', #5781, #5359, #4583, .T. ) ;
#1109 = CARTESIAN_POINT ( 'NONE',  ( 4.920017003495218866, 4.500000000000000888, 25.68078935812841124 ) ) ;
#1110 = CARTESIAN_POINT ( 'NONE',  ( 19.50000000000000355, 4.499999999999999112, -20.49999999999999645 ) ) ;
#1111 = CARTESIAN_POINT ( 'NONE',  ( -1.699370301544755879, 4.500000000000000888, 22.82895205524460636 ) ) ;
#1112 = DIRECTION ( 'NONE',  ( -0.000000000000000000, -1.000000000000000000, -0.000000000000000000 ) ) ;
#1113 = EDGE_LOOP ( 'NONE', ( #5445, #756, #5522, #3179, #3118 ) ) ;
#1114 = CARTESIAN_POINT ( 'NONE',  ( 4.741532470392928467, 4.500000000000002665, 24.94224930271069240 ) ) ;
#1115 = CARTESIAN_POINT ( 'NONE',  ( 7.987533386752140530, 4.000000000000000000, 25.70441631095275525 ) ) ;
#1116 =( BOUNDED_CURVE ( )  B_SPLINE_CURVE ( 3, ( #2125, #3752, #6497, #2196 ),
 .UNSPECIFIED., .F., .T. ) 
 B_SPLINE_CURVE_WITH_KNOTS ( ( 4, 4 ),
 ( 3.141592653589793116, 4.712388980384689674 ),
 .UNSPECIFIED. ) 
 CURVE ( )  GEOMETRIC_REPRESENTATION_ITEM ( )  RATIONAL_B_SPLINE_CURVE ( ( 1.000000000000000000, 0.8047378541243649375, 0.8047378541243649375, 1.000000000000000000 ) ) 
 REPRESENTATION_ITEM ( '' )  );
#1117 = VERTEX_POINT ( 'NONE', #2811 ) ;
#1118 = CARTESIAN_POINT ( 'NONE',  ( 0.000000000000000000, 4.000000000000000000, 28.50000000000000355 ) ) ;
#1119 = DIRECTION ( 'NONE',  ( 0.000000000000000000, -1.000000000000000000, 0.000000000000000000 ) ) ;
#1120 = PLANE ( 'NONE',  #172 ) ;
#1121 = CARTESIAN_POINT ( 'NONE',  ( -4.159898733768201851, 4.500000000000002665, 23.49062138318024395 ) ) ;
#1122 = EDGE_LOOP ( 'NONE', ( #4173, #7009, #1391, #2416 ) ) ;
#1123 = CARTESIAN_POINT ( 'NONE',  ( 7.984141292735046136, 4.000000000000000000, 24.94458725112369635 ) ) ;
#1124 = CARTESIAN_POINT ( 'NONE',  ( -1.782215568791053251, 4.000000000000000000, 23.58805597142574584 ) ) ;
#1125 = CARTESIAN_POINT ( 'NONE',  ( -18.49999999999999645, 4.000000000000000000, 0.000000000000000000 ) ) ;
#1126 = AXIS2_PLACEMENT_3D ( 'NONE', #2474, #5161, #1379 ) ;
#1127 = ADVANCED_FACE ( 'NONE', ( #4971 ), #1187, .T. ) ;
#1128 = CARTESIAN_POINT ( 'NONE',  ( 8.074580760835694093, 4.000000000000000000, 21.25560852118049837 ) ) ;
#1129 = ORIENTED_EDGE ( 'NONE', *, *, #5906, .F. ) ;
#1130 = CARTESIAN_POINT ( 'NONE',  ( 1.495704446163244716, 4.500000000000000888, 22.01481373781809481 ) ) ;
#1131 = B_SPLINE_SURFACE_WITH_KNOTS ( 'NONE', 3, 1, ( 
 ( #5369, #4344 ),
 ( #1586, #6956 ),
 ( #5302, #1550 ),
 ( #2142, #2077 ),
 ( #3273, #6375 ),
 ( #528, #6515 ),
 ( #3702, #4275 ),
 ( #3736, #3168 ),
 ( #5905, #6416 ),
 ( #3241, #5876 ),
 ( #493, #1091 ) ),
 .UNSPECIFIED., .F., .F., .F.,
 ( 4, 1, 1, 1, 1, 1, 1, 1, 4 ),
 ( 2, 2 ),
 ( 0.000000000000000000, 0.1323140339085640826, 0.2587000085531552251, 0.3809118214856542228, 0.5005348689728940093, 0.6209226176484483606, 0.7423757653984724980, 0.8682808341788561535, 1.000000000000000000 ),
 ( 0.000000000000000000, 1.000000000000000000 ),
 .UNSPECIFIED. ) ;
#1132 = CARTESIAN_POINT ( 'NONE',  ( -19.50000000000000355, 1.000000000000000000, -20.49999999999998934 ) ) ;
#1133 = LINE ( 'NONE', #3279, #6836 ) ;
#1134 = FACE_OUTER_BOUND ( 'NONE', #2113, .T. ) ;
#1135 = CARTESIAN_POINT ( 'NONE',  ( 9.140818110158685172, 4.500000000000000888, 25.01263307362559019 ) ) ;
#1136 = CARTESIAN_POINT ( 'NONE',  ( -17.49999999999999645, 40.67424164178449786, 27.50000000000000355 ) ) ;
#1137 = ORIENTED_EDGE ( 'NONE', *, *, #2485, .T. ) ;
#1138 = CYLINDRICAL_SURFACE ( 'NONE', #4330, 1.600000000000000755 ) ;
#1139 = CARTESIAN_POINT ( 'NONE',  ( -2.281471416371272376, 4.500000000000000888, 23.83678998874535182 ) ) ;
#1140 = CARTESIAN_POINT ( 'NONE',  ( 5.191297234081080347, 4.000000000000000888, 24.64919375333170493 ) ) ;
#1141 = EDGE_CURVE ( 'NONE', #3864, #1562, #1949, .T. ) ;
#1142 = DIRECTION ( 'NONE',  ( 0.000000000000000000, -1.000000000000000000, 0.000000000000000000 ) ) ;
#1143 = EDGE_CURVE ( 'NONE', #3382, #2064, #308, .T. ) ;
#1144 = CARTESIAN_POINT ( 'NONE',  ( 0.8688272874791486133, 4.500000000000000888, 22.59727244140973212 ) ) ;
#1145 = EDGE_CURVE ( 'NONE', #5048, #3574, #6904, .T. ) ;
#1146 = CARTESIAN_POINT ( 'NONE',  ( 17.50000000000000000, 4.000000000000003553, 27.50000000000000355 ) ) ;
#1147 = CARTESIAN_POINT ( 'NONE',  ( -5.274140823067634543, 4.000000000000003553, 22.12259953864820261 ) ) ;
#1148 = CARTESIAN_POINT ( 'NONE',  ( -2.006423611111104677, 4.500000000000000888, 22.86862571266215127 ) ) ;
#1149 = ORIENTED_EDGE ( 'NONE', *, *, #1289, .F. ) ;
#1150 = CARTESIAN_POINT ( 'NONE',  ( 5.113749670485161047, 4.500000000000000888, 24.75262651814961856 ) ) ;
#1151 = ORIENTED_EDGE ( 'NONE', *, *, #461, .T. ) ;
#1152 = CARTESIAN_POINT ( 'NONE',  ( -8.059615384615382183, 4.500000000000000888, 21.36253596907242169 ) ) ;
#1153 = CARTESIAN_POINT ( 'NONE',  ( -3.766077287812867880, 3.999999999999999112, 22.93944690098338768 ) ) ;
#1154 = CARTESIAN_POINT ( 'NONE',  ( -8.059615384615382183, 4.500000000000000888, 21.36253596907242169 ) ) ;
#1155 = DIRECTION ( 'NONE',  ( -0.000000000000000000, -1.000000000000000000, -0.000000000000000000 ) ) ;
#1156 = CARTESIAN_POINT ( 'NONE',  ( -3.912997219341781463, 4.500000000000000888, 23.24925229474108690 ) ) ;
#1157 = ORIENTED_EDGE ( 'NONE', *, *, #5516, .T. ) ;
#1158 = CARTESIAN_POINT ( 'NONE',  ( 8.007955913473105980, 4.000000000000000000, 24.94388321381370588 ) ) ;
#1159 = CARTESIAN_POINT ( 'NONE',  ( -1.222362833827695061, 4.500000000000000888, 24.33056431776325468 ) ) ;
#1160 = CARTESIAN_POINT ( 'NONE',  ( 4.097649572649576299, 4.000000000000000000, 24.56467272120915979 ) ) ;
#1161 = CARTESIAN_POINT ( 'NONE',  ( 0.000000000000000000, 4.000000000000000000, 0.000000000000000000 ) ) ;
#1162 = VECTOR ( 'NONE', #2220, 1000.000000000000000 ) ;
#1163 = EDGE_LOOP ( 'NONE', ( #4285, #5762, #3882, #4574, #2997, #1221, #1387, #6807 ) ) ;
#1164 = CARTESIAN_POINT ( 'NONE',  ( -20.49999999999999645, 3.000000000000006217, 29.50000000000000000 ) ) ;
#1165 = LINE ( 'NONE', #1132, #2464 ) ;
#1166 = ORIENTED_EDGE ( 'NONE', *, *, #1616, .F. ) ;
#1167 = PLANE ( 'NONE',  #2060 ) ;
#1168 = PLANE ( 'NONE',  #87 ) ;
#1169 = VECTOR ( 'NONE', #1348, 1000.000000000000000 ) ;
#1170 = CARTESIAN_POINT ( 'NONE',  ( -1.802049946581189888, 4.000000000000000000, 23.58774964428608101 ) ) ;
#1171 = EDGE_LOOP ( 'NONE', ( #958, #5767, #3183, #5803 ) ) ;
#1172 = CARTESIAN_POINT ( 'NONE',  ( -5.563034188034184702, 4.500000000000000888, 23.75057015710660124 ) ) ;
#1173 = CARTESIAN_POINT ( 'NONE',  ( -1.841059027777771195, 4.500000000000000888, 22.06809152462796320 ) ) ;
#1174 = CARTESIAN_POINT ( 'NONE',  ( 9.406799376758126385, 4.499999999999999112, 23.87572366836100102 ) ) ;
#1175 = CARTESIAN_POINT ( 'NONE',  ( 4.969220548925322944, 4.000000000000002665, 24.87018787320162261 ) ) ;
#1176 = AXIS2_PLACEMENT_3D ( 'NONE', #3330, #1112, #1605 ) ;
#1177 = ORIENTED_EDGE ( 'NONE', *, *, #4692, .F. ) ;
#1178 = ORIENTED_EDGE ( 'NONE', *, *, #1572, .F. ) ;
#1179 = CARTESIAN_POINT ( 'NONE',  ( 0.8688272874791486133, 4.000000000000000000, 22.59727244140973212 ) ) ;
#1180 = CARTESIAN_POINT ( 'NONE',  ( 0.9769588736027901010, 4.499999999999999112, 21.33111467115394433 ) ) ;
#1181 = VECTOR ( 'NONE', #6760, 1000.000000000000000 ) ;
#1182 = VECTOR ( 'NONE', #2828, 1000.000000000000000 ) ;
#1183 = CARTESIAN_POINT ( 'NONE',  ( -5.563034188034184702, 4.000000000000000000, 22.12236502890147349 ) ) ;
#1184 = CARTESIAN_POINT ( 'NONE',  ( -0.7394418775869643357, 4.500000000000000888, 23.32244997179786594 ) ) ;
#1185 = CARTESIAN_POINT ( 'NONE',  ( -4.518751229425275184, 4.500000000000000888, 22.75589270529710006 ) ) ;
#1186 = CARTESIAN_POINT ( 'NONE',  ( 5.281809453598279802, 4.500000000000000888, 24.40125525715174248 ) ) ;
#1187 = B_SPLINE_SURFACE_WITH_KNOTS ( 'NONE', 3, 1, ( 
 ( #835, #6796 ),
 ( #4723, #3056 ),
 ( #973, #376 ),
 ( #3119, #3615 ),
 ( #2529, #6941 ),
 ( #872, #2985 ),
 ( #5285, #2599 ),
 ( #4221, #3020 ),
 ( #6830, #1395 ),
 ( #3509, #1915 ),
 ( #6867, #1986 ),
 ( #4618, #5792 ),
 ( #5720, #4153 ),
 ( #5682, #6397 ),
 ( #4685, #4650 ),
 ( #6287, #6364 ),
 ( #5149, #3541 ),
 ( #4071, #3648 ),
 ( #5216, #6248 ) ),
 .UNSPECIFIED., .F., .F., .F.,
 ( 4, 1, 1, 1, 1, 1, 1, 1, 1, 1, 1, 1, 1, 1, 1, 1, 4 ),
 ( 2, 2 ),
 ( 0.000000000000000000, 0.06675541313745035621, 0.1317279436681999261, 0.1948100844364495376, 0.2568986387839161667, 0.3187508905638004597, 0.3803512888945377868, 0.4433244176166944439, 0.5074626919635748523, 0.5715056738698077732, 0.6333612917281036259, 0.6939415159323155669, 0.7539288461040347666, 0.8138015296774558927, 0.8745236442162156454, 0.9362219827335217515, 1.000000000000000000 ),
 ( 0.000000000000000000, 1.000000000000000000 ),
 .UNSPECIFIED. ) ;
#1188 = ADVANCED_FACE ( 'NONE', ( #2058 ), #4109, .T. ) ;
#1189 = VECTOR ( 'NONE', #6990, 1000.000000000000000 ) ;
#1190 = CARTESIAN_POINT ( 'NONE',  ( 8.612130354839548474, 4.000000000000000888, 22.78089819634744373 ) ) ;
#1191 = LINE ( 'NONE', #4444, #1507 ) ;
#1192 = CARTESIAN_POINT ( 'NONE',  ( 18.00000000000000355, 1.500000000000000000, 27.50000000000000355 ) ) ;
#1193 = FACE_OUTER_BOUND ( 'NONE', #6858, .T. ) ;
#1194 = EDGE_CURVE ( 'NONE', #1924, #6471, #6537, .T. ) ;
#1195 = CARTESIAN_POINT ( 'NONE',  ( -1.863469938611343579, 4.000000000000000888, 24.94344628544025610 ) ) ;
#1196 = EDGE_CURVE ( 'NONE', #3574, #5979, #3580, .T. ) ;
#1197 = ADVANCED_FACE ( 'NONE', ( #1468 ), #413, .T. ) ;
#1198 = ORIENTED_EDGE ( 'NONE', *, *, #6253, .T. ) ;
#1199 = CARTESIAN_POINT ( 'NONE',  ( 5.997222222222226229, 4.000000000000000000, 22.06809152462796320 ) ) ;
#1200 = DIRECTION ( 'NONE',  ( 0.000000000000000000, 0.000000000000000000, -1.000000000000000000 ) ) ;
#1201 = CARTESIAN_POINT ( 'NONE',  ( 8.433467987779701858, 4.500000000000000888, 24.67663151021648460 ) ) ;
#1202 = CARTESIAN_POINT ( 'NONE',  ( 5.536088929701338479, 4.500000000000000888, 25.37939423007210138 ) ) ;
#1203 = ORIENTED_EDGE ( 'NONE', *, *, #4128, .T. ) ;
#1204 = DIRECTION ( 'NONE',  ( 0.000000000000000000, -1.000000000000000000, -0.000000000000000000 ) ) ;
#1205 = CARTESIAN_POINT ( 'NONE',  ( 1.586570213949403119, 4.500000000000000888, 25.70252418140290729 ) ) ;
#1206 = CARTESIAN_POINT ( 'NONE',  ( 4.381776958088689611, 4.500000000000002665, 25.68771921875660524 ) ) ;
#1207 = CARTESIAN_POINT ( 'NONE',  ( -7.536717393514101637, 4.000000000000003553, 25.35932655220385001 ) ) ;
#1208 = CARTESIAN_POINT ( 'NONE',  ( -17.49999999999999645, 4.000000000000000000, 21.50000000000000000 ) ) ;
#1209 = ORIENTED_EDGE ( 'NONE', *, *, #202, .F. ) ;
#1210 = CARTESIAN_POINT ( 'NONE',  ( -1.315357468324981571, 4.500000000000000888, 23.87615795581167433 ) ) ;
#1211 = CARTESIAN_POINT ( 'NONE',  ( 8.181090243890142943, 4.499999999999999112, 21.26723613498711885 ) ) ;
#1212 = CARTESIAN_POINT ( 'NONE',  ( 9.415263138270949739, 4.500000000000000888, 23.68224423056514283 ) ) ;
#1213 = CARTESIAN_POINT ( 'NONE',  ( 17.50000000000000000, 4.000000000000000000, 21.50000000000000000 ) ) ;
#1214 = VECTOR ( 'NONE', #3743, 1000.000000000000000 ) ;
#1215 = ORIENTED_EDGE ( 'NONE', *, *, #3643, .F. ) ;
#1216 = ORIENTED_EDGE ( 'NONE', *, *, #3820, .F. ) ;
#1217 = CARTESIAN_POINT ( 'NONE',  ( 0.7869658119658132778, 4.000000000000000000, 23.52923602249121160 ) ) ;
#1218 = AXIS2_PLACEMENT_3D ( 'NONE', #1208, #6676, #1763 ) ;
#1219 = CARTESIAN_POINT ( 'NONE',  ( 1.194082024401377451, 4.500000000000000888, 24.86936163699443725 ) ) ;
#1220 = CARTESIAN_POINT ( 'NONE',  ( 8.656344718221593126, 4.500000000000000888, 23.41417283252587467 ) ) ;
#1221 = ORIENTED_EDGE ( 'NONE', *, *, #6522, .F. ) ;
#1222 = CARTESIAN_POINT ( 'NONE',  ( -4.828119129735470416, 4.000000000000001776, 22.15635640767704828 ) ) ;
#1223 = FACE_OUTER_BOUND ( 'NONE', #714, .T. ) ;
#1224 = DIRECTION ( 'NONE',  ( 1.000000000000000000, 0.000000000000000000, 0.000000000000000000 ) ) ;
#1225 = VERTEX_POINT ( 'NONE', #5827 ) ;
#1226 = CARTESIAN_POINT ( 'NONE',  ( -1.432764131650448469, 4.500000000000000888, 23.73165337577945166 ) ) ;
#1227 = EDGE_CURVE ( 'NONE', #371, #1315, #515, .T. ) ;
#1228 = LINE ( 'NONE', #3865, #1297 ) ;
#1229 = B_SPLINE_CURVE_WITH_KNOTS ( 'NONE', 3,
 ( #1981, #4147, #4679, #2629, #2092, #5212, #4255, #6326, #1464, #4787, #1945 ),
 .UNSPECIFIED., .F., .F.,
 ( 4, 1, 1, 1, 1, 1, 1, 1, 4 ),
 ( 0.000000000000000000, 0.1103603399843294947, 0.2211857967812668746, 0.3343638213725836916, 0.4529765798274176802, 0.5772343082002703296, 0.7088043240432465586, 0.8493551270704527978, 1.000000000000000000 ),
 .UNSPECIFIED. ) ;
#1230 = CARTESIAN_POINT ( 'NONE',  ( -3.861101257835901190, 4.000000000000000000, 21.96477478277622453 ) ) ;
#1231 = CARTESIAN_POINT ( 'NONE',  ( 19.50000000000000355, 4.499999999999999112, -19.49999999999999645 ) ) ;
#1232 = CARTESIAN_POINT ( 'NONE',  ( -2.244075124487366235, 4.000000000000000888, 24.79553779862992613 ) ) ;
#1233 = EDGE_CURVE ( 'NONE', #1867, #5813, #6081, .T. ) ;
#1234 = ORIENTED_EDGE ( 'NONE', *, *, #3169, .F. ) ;
#1235 = CARTESIAN_POINT ( 'NONE',  ( 5.997222222222226229, 4.000000000000000000, 21.36253596907241104 ) ) ;
#1236 = EDGE_CURVE ( 'NONE', #2064, #766, #1116, .T. ) ;
#1237 = CARTESIAN_POINT ( 'NONE',  ( -1.222362833827695061, 4.000000000000000000, 24.33056431776325468 ) ) ;
#1238 = EDGE_CURVE ( 'NONE', #2566, #1225, #344, .T. ) ;
#1239 = FACE_OUTER_BOUND ( 'NONE', #3979, .T. ) ;
#1240 = PLANE ( 'NONE',  #2754 ) ;
#1241 = ORIENTED_EDGE ( 'NONE', *, *, #5422, .F. ) ;
#1242 = CARTESIAN_POINT ( 'NONE',  ( -0.5155982905982841036, 4.000000000000000000, 22.06809152462796320 ) ) ;
#1243 = CARTESIAN_POINT ( 'NONE',  ( 2.627997597338169733, 4.500000000000000888, 25.01263307362559374 ) ) ;
#1244 = ORIENTED_EDGE ( 'NONE', *, *, #1233, .F. ) ;
#1245 = CARTESIAN_POINT ( 'NONE',  ( 4.507505819704952899, 3.999999999999998224, 25.70112852877602450 ) ) ;
#1246 = CARTESIAN_POINT ( 'NONE',  ( -7.459919022479732931, 4.500000000000000888, 25.24270701364580560 ) ) ;
#1247 = CARTESIAN_POINT ( 'NONE',  ( -2.119186603980141470, 4.000000000000000888, 23.69383538854215487 ) ) ;
#1248 = ORIENTED_EDGE ( 'NONE', *, *, #5296, .F. ) ;
#1249 = CARTESIAN_POINT ( 'NONE',  ( -1.349873259352533550, 4.500000000000000888, 23.82373472412801263 ) ) ;
#1250 = CARTESIAN_POINT ( 'NONE',  ( 9.087542533547619428, 4.500000000000000888, 21.86088100955444347 ) ) ;
#1251 = CARTESIAN_POINT ( 'NONE',  ( 7.910583798131278321, 3.999999999999999112, 24.94151834665947476 ) ) ;
#1252 = CARTESIAN_POINT ( 'NONE',  ( -6.322863247863244496, 4.500000000000000888, 21.36253596907241459 ) ) ;
#1253 = EDGE_LOOP ( 'NONE', ( #1781, #2864, #6634, #2129 ) ) ;
#1254 = B_SPLINE_SURFACE_WITH_KNOTS ( 'NONE', 3, 1, ( 
 ( #5078, #481 ),
 ( #2633, #2059 ),
 ( #4262, #5389 ),
 ( #4291, #5893 ),
 ( #5286, #944 ),
 ( #5926, #5319 ),
 ( #1080, #3189 ),
 ( #2568, #446 ),
 ( #6365, #4793 ),
 ( #5861, #3120 ),
 ( #5356, #2601 ),
 ( #6980, #414 ),
 ( #2097, #1503 ),
 ( #2127, #4724 ),
 ( #3650, #6436 ),
 ( #517, #4755 ),
 ( #1568, #5831 ),
 ( #6466, #3091 ),
 ( #1469, #2701 ) ),
 .UNSPECIFIED., .F., .F., .F.,
 ( 4, 1, 1, 1, 1, 1, 1, 1, 1, 1, 1, 1, 1, 1, 1, 1, 4 ),
 ( 2, 2 ),
 ( 0.000000000000000000, 0.1121147956622123021, 0.2158018426882335472, 0.3102026923156540050, 0.3959929252987136605, 0.4734102307422347611, 0.5427784203605525715, 0.6045480222829334727, 0.6593572656120957332, 0.7087643617117433958, 0.7553555059484816647, 0.7986869938006728731, 0.8400168391480730135, 0.8802034470065457361, 0.9197333482458336373, 0.9590486059010157049, 0.9999999999999998890 ),
 ( 0.000000000000000000, 1.000000000000000000 ),
 .UNSPECIFIED. ) ;
#1255 = ORIENTED_EDGE ( 'NONE', *, *, #278, .T. ) ;
#1256 = CARTESIAN_POINT ( 'NONE',  ( 0.7883490895425910860, 4.499999999999999112, 23.38308087929095080 ) ) ;
#1257 = CARTESIAN_POINT ( 'NONE',  ( -8.314022435897433283, 4.500000000000000888, 25.70441631095276236 ) ) ;
#1258 = CARTESIAN_POINT ( 'NONE',  ( 3.353211410255020120, 4.500000000000000888, 24.93017364992047646 ) ) ;
#1259 = VERTEX_POINT ( 'NONE', #1566 ) ;
#1260 = CARTESIAN_POINT ( 'NONE',  ( 7.965484775641028747, 4.500000000000000888, 21.25398896052540465 ) ) ;
#1261 = DIRECTION ( 'NONE',  ( 0.000000000000000000, -1.000000000000000000, 0.000000000000000000 ) ) ;
#1262 = DIRECTION ( 'NONE',  ( 0.000000000000000000, -0.000000000000000000, 1.000000000000000000 ) ) ;
#1263 = FACE_OUTER_BOUND ( 'NONE', #2870, .T. ) ;
#1264 = DIRECTION ( 'NONE',  ( 0.000000000000000000, 0.000000000000000000, 1.000000000000000000 ) ) ;
#1265 = CARTESIAN_POINT ( 'NONE',  ( 7.442176765848332209, 4.499999999999999112, 24.55146669599630727 ) ) ;
#1266 = CARTESIAN_POINT ( 'NONE',  ( 1.286933748758791518, 4.000000000000000000, 21.25950552977899122 ) ) ;
#1267 = DIRECTION ( 'NONE',  ( 0.000000000000000000, -1.000000000000000000, 0.000000000000000000 ) ) ;
#1268 = ORIENTED_EDGE ( 'NONE', *, *, #4123, .T. ) ;
#1269 = CARTESIAN_POINT ( 'NONE',  ( 4.747779036109316841, 4.000000000000000000, 22.82844126727201228 ) ) ;
#1270 = CARTESIAN_POINT ( 'NONE',  ( 1.194082024401377451, 4.000000000000002665, 24.86936163699443725 ) ) ;
#1271 = CARTESIAN_POINT ( 'NONE',  ( 5.282637884323846400, 4.500000000000002665, 24.11810818465132655 ) ) ;
#1272 = VECTOR ( 'NONE', #4383, 1000.000000000000000 ) ;
#1273 = CARTESIAN_POINT ( 'NONE',  ( 4.649350574209166531, 4.500000000000000888, 24.94344628544025610 ) ) ;
#1274 = CARTESIAN_POINT ( 'NONE',  ( 5.306846502861407799, 4.000000000000000000, 25.54020816372400660 ) ) ;
#1275 = EDGE_LOOP ( 'NONE', ( #509, #4649, #6177, #1400 ) ) ;
#1276 = CARTESIAN_POINT ( 'NONE',  ( -1.922964672498543637, 4.500000000000000888, 24.94118681823606920 ) ) ;
#1277 = DIRECTION ( 'NONE',  ( -0.000000000000000000, -1.000000000000000000, -0.000000000000000000 ) ) ;
#1278 = ADVANCED_FACE ( 'NONE', ( #5959 ), #3718, .T. ) ;
#1279 = FACE_BOUND ( 'NONE', #750, .T. ) ;
#1280 = DIRECTION ( 'NONE',  ( -0.000000000000000000, 1.000000000000000000, -0.000000000000000000 ) ) ;
#1281 = ORIENTED_EDGE ( 'NONE', *, *, #5950, .F. ) ;
#1282 = CARTESIAN_POINT ( 'NONE',  ( 17.49999999999999645, 1.500000000000000000, 28.00000000000000000 ) ) ;
#1283 = CARTESIAN_POINT ( 'NONE',  ( -4.751929956822238843, 4.000000000000000000, 22.93523868856282988 ) ) ;
#1284 = CARTESIAN_POINT ( 'NONE',  ( 8.828217715257695275, 4.500000000000000888, 25.42492174664016247 ) ) ;
#1285 = CARTESIAN_POINT ( 'NONE',  ( -0.6204288413416895187, 4.500000000000002665, 24.93270762785292405 ) ) ;
#1286 = EDGE_CURVE ( 'NONE', #6521, #105, #5420, .T. ) ;
#1287 = ORIENTED_EDGE ( 'NONE', *, *, #4832, .F. ) ;
#1288 = EDGE_CURVE ( 'NONE', #4848, #588, #6536, .T. ) ;
#1289 = EDGE_CURVE ( 'NONE', #5066, #1665, #1439, .T. ) ;
#1290 = CARTESIAN_POINT ( 'NONE',  ( 1.471320779914531363, 4.500000000000000888, 22.01381802035446356 ) ) ;
#1291 = CARTESIAN_POINT ( 'NONE',  ( 8.660254037844389075, 1.000000000000000000, 0.3999999999999966915 ) ) ;
#1292 = CARTESIAN_POINT ( 'NONE',  ( 3.823226384757564489, 3.999999999999998224, 25.47225833935340233 ) ) ;
#1293 = ORIENTED_EDGE ( 'NONE', *, *, #5735, .F. ) ;
#1294 = CARTESIAN_POINT ( 'NONE',  ( 4.518508860510882741, 3.999999999999999112, 23.62511285261427574 ) ) ;
#1295 = VECTOR ( 'NONE', #5752, 1000.000000000000000 ) ;
#1296 = CARTESIAN_POINT ( 'NONE',  ( 7.562883642440488607, 4.500000000000000888, 25.65101840851537318 ) ) ;
#1297 = VECTOR ( 'NONE', #6080, 1000.000000000000000 ) ;
#1298 = CARTESIAN_POINT ( 'NONE',  ( -2.877715046036715574, 3.999999999999998224, 25.32162280697504642 ) ) ;
#1299 = AXIS2_PLACEMENT_3D ( 'NONE', #411, #2981, #6938 ) ;
#1300 = CARTESIAN_POINT ( 'NONE',  ( -1.630633217679936076, 3.999999999999999112, 23.61291665337054368 ) ) ;
#1301 = CARTESIAN_POINT ( 'NONE',  ( -1.765041476711193491, 4.500000000000000888, 22.82844126727200873 ) ) ;
#1302 = CARTESIAN_POINT ( 'NONE',  ( 7.344837415256100677, 4.499999999999999112, 24.20365213543260552 ) ) ;
#1303 = DIRECTION ( 'NONE',  ( -0.000000000000000000, -1.000000000000000000, 0.000000000000000000 ) ) ;
#1304 = CLOSED_SHELL ( 'NONE', ( #6313, #889, #4219, #1573, #4651, #290, #5865, #2135, #3514, #3731, #935, #5335, #5948, #6514, #1188, #111, #7017, #982, #379, #855, #2535, #845, #5121, #4022, #4529, #3002, #3214, #1582, #5421, #539, #67, #3513, #2959, #2581, #5116, #2218, #5508, #3561, #6829, #6044, #4992, #2490, #2170, #5649, #3391, #2223, #2526, #417, #2579, #2333, #2222, #2967, #30, #2393, #5993, #377, #4531, #6610, #769 ) ) ;
#1305 = DIRECTION ( 'NONE',  ( 0.000000000000000000, 0.000000000000000000, 1.000000000000000000 ) ) ;
#1306 = VECTOR ( 'NONE', #6234, 1000.000000000000114 ) ;
#1307 = CARTESIAN_POINT ( 'NONE',  ( -2.587342314474696980, 4.000000000000001776, 25.53465492042105822 ) ) ;
#1308 = DIRECTION ( 'NONE',  ( 0.000000000000000000, -1.000000000000000000, 0.000000000000000000 ) ) ;
#1309 = LINE ( 'NONE', #2894, #6957 ) ;
#1310 = CARTESIAN_POINT ( 'NONE',  ( 4.589855840321966696, 4.000000000000000000, 24.94118681823607631 ) ) ;
#1311 = CARTESIAN_POINT ( 'NONE',  ( -1.876676014957258110, 4.000000000000000000, 25.70441631095274815 ) ) ;
#1312 = CARTESIAN_POINT ( 'NONE',  ( 7.350065011930331238, 4.500000000000000888, 21.39847536900828828 ) ) ;
#1313 = CARTESIAN_POINT ( 'NONE',  ( -17.99999999999999645, 1.500000000000000000, 21.50000000000000000 ) ) ;
#1314 = VECTOR ( 'NONE', #5775, 1000.000000000000000 ) ;
#1315 = VERTEX_POINT ( 'NONE', #5457 ) ;
#1316 = DIRECTION ( 'NONE',  ( 1.000000000000000000, 0.000000000000000000, 0.000000000000000000 ) ) ;
#1317 = CARTESIAN_POINT ( 'NONE',  ( 0.000000000000000000, 4.000000000000000000, 0.000000000000000000 ) ) ;
#1318 = VERTEX_POINT ( 'NONE', #614 ) ;
#1319 = CARTESIAN_POINT ( 'NONE',  ( -1.389987121648015300, 4.500000000000002665, 23.77570635847973435 ) ) ;
#1320 = CARTESIAN_POINT ( 'NONE',  ( -4.889729441805251042, 4.000000000000000888, 22.96619394088737920 ) ) ;
#1321 = CARTESIAN_POINT ( 'NONE',  ( 7.766473962068278780, 4.500000000000000888, 25.69251450514730095 ) ) ;
#1322 = CARTESIAN_POINT ( 'NONE',  ( -0.4840598771013469581, 4.500000000000000888, 24.52894324076778432 ) ) ;
#1323 = EDGE_LOOP ( 'NONE', ( #1501, #1382, #6460, #152, #472, #4225, #4125, #1472 ) ) ;
#1324 = ORIENTED_EDGE ( 'NONE', *, *, #4905, .T. ) ;
#1325 = CARTESIAN_POINT ( 'NONE',  ( 17.50000000000000000, 1.000000000000000000, 27.50000000000000355 ) ) ;
#1326 = CARTESIAN_POINT ( 'NONE',  ( 1.452664262820513974, 4.500000000000000888, 21.25398896052540465 ) ) ;
#1327 = DIRECTION ( 'NONE',  ( 0.000000000000000000, 0.000000000000000000, 1.000000000000000000 ) ) ;
#1328 = EDGE_CURVE ( 'NONE', #2412, #2340, #4927, .T. ) ;
#1329 = ORIENTED_EDGE ( 'NONE', *, *, #6528, .T. ) ;
#1330 = CARTESIAN_POINT ( 'NONE',  ( 4.646045532985278115, 4.000000000000000000, 23.59020559982077359 ) ) ;
#1331 = CARTESIAN_POINT ( 'NONE',  ( 17.50000000000000000, 1.000000000000000000, 21.50000000000000000 ) ) ;
#1332 = ADVANCED_FACE ( 'NONE', ( #6142 ), #3375, .T. ) ;
#1333 = CARTESIAN_POINT ( 'NONE',  ( 6.540682202532630996, 4.500000000000000888, 23.42687525227378842 ) ) ;
#1334 = ORIENTED_EDGE ( 'NONE', *, *, #2739, .T. ) ;
#1335 = VECTOR ( 'NONE', #6045, 1000.000000000000000 ) ;
#1336 = CARTESIAN_POINT ( 'NONE',  ( -1.743160343733724194, 4.500000000000000888, 23.58865915018472137 ) ) ;
#1337 = CARTESIAN_POINT ( 'NONE',  ( 6.585825045092249752, 4.000000000000002665, 22.74213526837327493 ) ) ;
#1338 = CARTESIAN_POINT ( 'NONE',  ( -3.827059444057271165, 3.999999999999998224, 23.10293854767047961 ) ) ;
#1339 = CARTESIAN_POINT ( 'NONE',  ( 5.687682251719667015, 4.000000000000000000, 23.22118538994499204 ) ) ;
#1340 = CARTESIAN_POINT ( 'NONE',  ( -1.919956506438118771, 4.000000000000000000, 25.70331013642943674 ) ) ;
#1341 = CARTESIAN_POINT ( 'NONE',  ( 5.282637884323846400, 4.500000000000002665, 24.11810818465132655 ) ) ;
#1342 = CARTESIAN_POINT ( 'NONE',  ( -2.443155715811959006, 4.500000000000000888, 21.36253596907240748 ) ) ;
#1343 = CARTESIAN_POINT ( 'NONE',  ( 0.5479254232804762204, 4.000000000000001776, 25.35778078400519675 ) ) ;
#1344 = CARTESIAN_POINT ( 'NONE',  ( 6.050061083965369235, 4.500000000000000888, 24.28204755736115317 ) ) ;
#1345 = CARTESIAN_POINT ( 'NONE',  ( 6.002081976458100598, 4.500000000000000888, 23.80216629655949490 ) ) ;
#1346 = CARTESIAN_POINT ( 'NONE',  ( 7.345484842160829864, 4.499999999999997335, 22.77618656897202243 ) ) ;
#1347 = CARTESIAN_POINT ( 'NONE',  ( 7.299786324786328606, 4.000000000000000000, 23.52923602249121515 ) ) ;
#1348 = DIRECTION ( 'NONE',  ( -0.000000000000000000, 1.000000000000000000, -0.000000000000000000 ) ) ;
#1349 = VERTEX_POINT ( 'NONE', #3998 ) ;
#1350 = CARTESIAN_POINT ( 'NONE',  ( -1.222550462178103814, 4.500000000000000888, 24.18683621616803947 ) ) ;
#1351 = DIRECTION ( 'NONE',  ( 0.000000000000000000, 0.7071067811865512365, -0.7071067811865439090 ) ) ;
#1352 = CARTESIAN_POINT ( 'NONE',  ( 7.766473962068278780, 4.000000000000007994, 25.69251450514730095 ) ) ;
#1353 = CARTESIAN_POINT ( 'NONE',  ( -2.496309392259307732E-15, 4.000000000000000000, 29.50000000000000000 ) ) ;
#1354 = VERTEX_POINT ( 'NONE', #4542 ) ;
#1355 = CARTESIAN_POINT ( 'NONE',  ( 1.935189636752138176, 4.500000000000000888, 24.65371518915788229 ) ) ;
#1356 = LINE ( 'NONE', #5570, #4152 ) ;
#1357 = CARTESIAN_POINT ( 'NONE',  ( 8.632215439431504933, 4.000000000000005329, 22.93294724487373415 ) ) ;
#1358 = ORIENTED_EDGE ( 'NONE', *, *, #3601, .F. ) ;
#1359 = CARTESIAN_POINT ( 'NONE',  ( -1.771288042427583642, 4.000000000000000000, 24.94224930271068175 ) ) ;
#1360 = LINE ( 'NONE', #5718, #1984 ) ;
#1361 = CARTESIAN_POINT ( 'NONE',  ( 0.3748263888888903606, 4.000000000000000000, 21.82979691992711224 ) ) ;
#1362 = EDGE_CURVE ( 'NONE', #1980, #2773, #3910, .T. ) ;
#1363 = EDGE_CURVE ( 'NONE', #1097, #1727, #724, .T. ) ;
#1364 = EDGE_CURVE ( 'NONE', #3050, #744, #6766, .T. ) ;
#1365 = CARTESIAN_POINT ( 'NONE',  ( -1.315357468324981571, 4.500000000000000888, 23.87615795581167433 ) ) ;
#1366 = B_SPLINE_SURFACE_WITH_KNOTS ( 'NONE', 3, 1, ( 
 ( #2425, #6727 ),
 ( #347, #4653 ),
 ( #4110, #3446 ),
 ( #6868, #273 ),
 ( #3582, #1337 ),
 ( #3482, #381 ),
 ( #1368, #3510 ),
 ( #805, #2531 ),
 ( #2986, #5616 ),
 ( #5151, #4686 ),
 ( #5112, #3970 ) ),
 .UNSPECIFIED., .F., .F., .F.,
 ( 4, 1, 1, 1, 1, 1, 1, 1, 4 ),
 ( 2, 2 ),
 ( 0.000000000000000000, 0.1610711239484208246, 0.3107888083803549417, 0.4499038238309455706, 0.5783763165061863720, 0.6966172119048404943, 0.8059873227104099591, 0.9065617032890805893, 1.000000000000000000 ),
 ( 0.000000000000000000, 1.000000000000000000 ),
 .UNSPECIFIED. ) ;
#1367 = MANIFOLD_SOLID_BREP ( 'Boss-Extrude6', #4802 ) ;
#1368 = CARTESIAN_POINT ( 'NONE',  ( 6.671289911711045129, 4.500000000000000888, 22.31814654408258036 ) ) ;
#1369 = CARTESIAN_POINT ( 'NONE',  ( 7.372092576130247821, 4.500000000000002665, 24.33468368483586985 ) ) ;
#1370 = CARTESIAN_POINT ( 'NONE',  ( 1.952310583101810604, 4.500000000000000888, 24.62240076884354423 ) ) ;
#1371 = CARTESIAN_POINT ( 'NONE',  ( 4.260560373578587523, 4.499999999999999112, 25.66401143289566633 ) ) ;
#1372 = CARTESIAN_POINT ( 'NONE',  ( -3.717735042735039741, 4.000000000000000000, 22.56503329813224212 ) ) ;
#1373 = CARTESIAN_POINT ( 'NONE',  ( 4.826919321159948595, 4.500000000000000888, 23.59892538212781332 ) ) ;
#1374 = CARTESIAN_POINT ( 'NONE',  ( 0.02713675213675360159, 4.500000000000000888, 23.52075578744847917 ) ) ;
#1375 = CARTESIAN_POINT ( 'NONE',  ( 0.5479254232804762204, 4.499999999999999112, 25.35778078400519675 ) ) ;
#1376 = CARTESIAN_POINT ( 'NONE',  ( 2.574722020727105321, 4.499999999999999112, 21.86088100955442926 ) ) ;
#1377 = EDGE_LOOP ( 'NONE', ( #1710, #5918, #7022, #2517 ) ) ;
#1378 = CARTESIAN_POINT ( 'NONE',  ( -1.841059027777771195, 4.000000000000000000, 22.06809152462796320 ) ) ;
#1379 = DIRECTION ( 'NONE',  ( 0.000000000000000000, 7.113121577167513288E-13, 1.000000000000000000 ) ) ;
#1380 = CARTESIAN_POINT ( 'NONE',  ( 7.885708341946084055, 3.999999999999999112, 22.01848354652276285 ) ) ;
#1381 = LINE ( 'NONE', #2008, #3532 ) ;
#1382 = ORIENTED_EDGE ( 'NONE', *, *, #708, .F. ) ;
#1383 = LINE ( 'NONE', #3630, #3992 ) ;
#1384 = CARTESIAN_POINT ( 'NONE',  ( 9.416078890647964883, 4.000000000000000000, 23.41332857484017538 ) ) ;
#1385 = CARTESIAN_POINT ( 'NONE',  ( 2.143803418803420069, 4.500000000000000888, 23.48089868274762182 ) ) ;
#1386 = CARTESIAN_POINT ( 'NONE',  ( -1.733061505679499348, 4.500000000000000888, 25.70040383717250165 ) ) ;
#1387 = ORIENTED_EDGE ( 'NONE', *, *, #4735, .T. ) ;
#1388 = CARTESIAN_POINT ( 'NONE',  ( 9.087542533547619428, 4.500000000000000888, 21.86088100955444347 ) ) ;
#1389 = LINE ( 'NONE', #3112, #2682 ) ;
#1390 = CARTESIAN_POINT ( 'NONE',  ( -1.919956506438118771, 4.499999999999999112, 25.70331013642943674 ) ) ;
#1391 = ORIENTED_EDGE ( 'NONE', *, *, #4864, .T. ) ;
#1392 = CARTESIAN_POINT ( 'NONE',  ( 7.467763129734193761, 4.499999999999999112, 25.61923162930313325 ) ) ;
#1393 = PLANE ( 'NONE',  #4107 ) ;
#1394 = CARTESIAN_POINT ( 'NONE',  ( 20.50000000000000355, 0.000000000000000000, 0.000000000000000000 ) ) ;
#1395 = CARTESIAN_POINT ( 'NONE',  ( -0.7754743787082943873, 4.000000000000000000, 25.17151586295906185 ) ) ;
#1396 = AXIS2_PLACEMENT_3D ( 'NONE', #4188, #2671, #3685 ) ;
#1397 = CARTESIAN_POINT ( 'NONE',  ( -8.895766559829057840, 4.000000000000000000, 24.57315295625190998 ) ) ;
#1398 = CARTESIAN_POINT ( 'NONE',  ( 7.646523356052705722, 4.499999999999999112, 24.82576275824146350 ) ) ;
#1399 = CARTESIAN_POINT ( 'NONE',  ( 2.115410862888346788, 4.000000000000000888, 24.02681053684288770 ) ) ;
#1400 = ORIENTED_EDGE ( 'NONE', *, *, #2827, .T. ) ;
#1401 = VECTOR ( 'NONE', #590, 1000.000000000000000 ) ;
#1402 = CARTESIAN_POINT ( 'NONE',  ( 7.950892880077506497, 4.500000000000000888, 22.01539392901172931 ) ) ;
#1403 = CARTESIAN_POINT ( 'NONE',  ( -2.005314693115555436, 4.000000000000000000, 25.70112852877601384 ) ) ;
#1404 = ORIENTED_EDGE ( 'NONE', *, *, #5698, .T. ) ;
#1405 = CARTESIAN_POINT ( 'NONE',  ( 1.471320779914531585, 4.500000000000000888, 24.94458725112369635 ) ) ;
#1406 = AXIS2_PLACEMENT_3D ( 'NONE', #1161, #2751, #6517 ) ;
#1407 = CARTESIAN_POINT ( 'NONE',  ( 4.528930193356122125, 4.500000000000000888, 22.86234990646688914 ) ) ;
#1408 = DIRECTION ( 'NONE',  ( 1.000000000000000000, 0.000000000000000000, 0.000000000000000000 ) ) ;
#1409 = EDGE_CURVE ( 'NONE', #2796, #6003, #1595, .T. ) ;
#1410 = CARTESIAN_POINT ( 'NONE',  ( -8.292873090962421756, 4.000000000000001776, 24.94352856990443712 ) ) ;
#1411 = ORIENTED_EDGE ( 'NONE', *, *, #5780, .T. ) ;
#1412 = EDGE_CURVE ( 'NONE', #1488, #3103, #2173, .T. ) ;
#1413 = CARTESIAN_POINT ( 'NONE',  ( 5.962134081911279360, 4.500000000000000888, 23.67186356956158022 ) ) ;
#1414 = CARTESIAN_POINT ( 'NONE',  ( 1.935189636752138176, 4.500000000000000888, 24.65371518915788229 ) ) ;
#1415 = AXIS2_PLACEMENT_3D ( 'NONE', #1173, #82, #416 ) ;
#1416 = CARTESIAN_POINT ( 'NONE',  ( 6.047230114886738228, 4.000000000000000000, 24.38199101118976131 ) ) ;
#1417 = CARTESIAN_POINT ( 'NONE',  ( -1.685901191660562182, 4.000000000000000000, 23.59892538212780977 ) ) ;
#1418 = ORIENTED_EDGE ( 'NONE', *, *, #3213, .T. ) ;
#1419 = FACE_OUTER_BOUND ( 'NONE', #5661, .T. ) ;
#1420 = CARTESIAN_POINT ( 'NONE',  ( -1.710587653120408502, 4.500000000000000888, 24.93404887568188499 ) ) ;
#1421 = CARTESIAN_POINT ( 'NONE',  ( 6.607551834483458286, 4.499999999999999112, 24.41217644627272421 ) ) ;
#1422 = CARTESIAN_POINT ( 'NONE',  ( -2.399297004679660450, 4.000000000000000000, 24.59456299534028290 ) ) ;
#1423 = ORIENTED_EDGE ( 'NONE', *, *, #3090, .T. ) ;
#1424 = CARTESIAN_POINT ( 'NONE',  ( 9.348616859797923340, 4.499999999999999112, 22.58334324113544156 ) ) ;
#1425 = CARTESIAN_POINT ( 'NONE',  ( 2.133139030060189789, 4.000000000000001776, 23.85805946265852029 ) ) ;
#1426 = VECTOR ( 'NONE', #2248, 1000.000000000000000 ) ;
#1427 = CARTESIAN_POINT ( 'NONE',  ( 7.984141292735046136, 4.500000000000000888, 22.01381802035446711 ) ) ;
#1428 = VERTEX_POINT ( 'NONE', #1977 ) ;
#1429 = CARTESIAN_POINT ( 'NONE',  ( 1.326359480031691573, 4.000000000000000888, 24.92680676981120769 ) ) ;
#1430 = CARTESIAN_POINT ( 'NONE',  ( -19.49999999999999645, 4.000000000000000000, 20.49999999999999645 ) ) ;
#1431 = CARTESIAN_POINT ( 'NONE',  ( -8.059634484809009791, 4.000000000000000888, 24.37924521819747170 ) ) ;
#1432 = ORIENTED_EDGE ( 'NONE', *, *, #1450, .T. ) ;
#1433 = DIRECTION ( 'NONE',  ( 0.000000000000000000, 0.000000000000000000, -1.000000000000000000 ) ) ;
#1434 = CARTESIAN_POINT ( 'NONE',  ( 8.501032331951957843, 3.999999999999999112, 24.55673696896498726 ) ) ;
#1435 = CARTESIAN_POINT ( 'NONE',  ( 0.02713675213675360159, 4.000000000000000000, 23.52075578744847917 ) ) ;
#1436 = AXIS2_PLACEMENT_3D ( 'NONE', #1826, #1718, #3868 ) ;
#1437 = CARTESIAN_POINT ( 'NONE',  ( 5.773378635233544998, 3.999999999999999112, 23.32244997179786594 ) ) ;
#1438 = VERTEX_POINT ( 'NONE', #4143 ) ;
#1439 = CIRCLE ( 'NONE', #5850, 18.00000000000000000 ) ;
#1440 = CARTESIAN_POINT ( 'NONE',  ( 7.310905717206375165, 4.500000000000000888, 23.11246591404397677 ) ) ;
#1441 = CARTESIAN_POINT ( 'NONE',  ( -3.283547008547001766, 4.000000000000001776, 24.56467272120915624 ) ) ;
#1442 = CARTESIAN_POINT ( 'NONE',  ( 4.882187295140573369, 4.500000000000000888, 23.61291665337054724 ) ) ;
#1443 = AXIS2_PLACEMENT_3D ( 'NONE', #6755, #1492, #5178 ) ;
#1444 = CARTESIAN_POINT ( 'NONE',  ( 4.769660169086785473, 4.499999999999999112, 23.58865915018472137 ) ) ;
#1445 = CARTESIAN_POINT ( 'NONE',  ( 0.3560106695214931838, 4.000000000000003553, 25.11540116222560215 ) ) ;
#1446 = CARTESIAN_POINT ( 'NONE',  ( -8.253840323937728485, 4.500000000000000888, 24.94149307396267190 ) ) ;
#1447 = VERTEX_POINT ( 'NONE', #6322 ) ;
#1448 = CARTESIAN_POINT ( 'NONE',  ( 19.50000000000001066, 5.500000000000000000, -19.49999999999999645 ) ) ;
#1449 = FACE_OUTER_BOUND ( 'NONE', #5339, .T. ) ;
#1450 = EDGE_CURVE ( 'NONE', #3144, #5534, #4713, .T. ) ;
#1451 = CARTESIAN_POINT ( 'NONE',  ( 5.996161673248896484, 3.999999999999999112, 24.66969030177808975 ) ) ;
#1452 = EDGE_CURVE ( 'NONE', #3158, #5343, #2558, .T. ) ;
#1453 = DIRECTION ( 'NONE',  ( -0.000000000000000000, -1.000000000000000000, -0.000000000000000000 ) ) ;
#1454 = CARTESIAN_POINT ( 'NONE',  ( 0.000000000000000000, 4.000000000000000000, 0.000000000000000000 ) ) ;
#1455 = LINE ( 'NONE', #3208, #4458 ) ;
#1456 = CARTESIAN_POINT ( 'NONE',  ( 9.415350719379370403, 4.000000000000000000, 23.28180624039692148 ) ) ;
#1457 = CARTESIAN_POINT ( 'NONE',  ( 6.564021390952202495, 4.000000000000006217, 24.08951470073433754 ) ) ;
#1458 = CARTESIAN_POINT ( 'NONE',  ( 4.393633908840368640, 4.500000000000000888, 23.69383538854215132 ) ) ;
#1459 = VERTEX_POINT ( 'NONE', #6357 ) ;
#1460 = CARTESIAN_POINT ( 'NONE',  ( 8.892726131727574312, 4.500000000000000888, 21.61037818605251459 ) ) ;
#1461 = CARTESIAN_POINT ( 'NONE',  ( 19.50000000000000355, 1.000000000000000000, -19.49999999999999645 ) ) ;
#1462 = CARTESIAN_POINT ( 'NONE',  ( 8.008524958983759490, 4.500000000000000888, 22.01481373781809481 ) ) ;
#1463 = EDGE_LOOP ( 'NONE', ( #5410, #3843, #6674, #2640 ) ) ;
#1464 = CARTESIAN_POINT ( 'NONE',  ( -2.242687095988750379, 4.500000000000000888, 23.79527090832252156 ) ) ;
#1465 = CARTESIAN_POINT ( 'NONE',  ( -17.49999999999999645, 4.000000000000000000, 28.50000000000000355 ) ) ;
#1466 = CARTESIAN_POINT ( 'NONE',  ( 7.646523356052705722, 3.999999999999998224, 24.82576275824146350 ) ) ;
#1467 = ORIENTED_EDGE ( 'NONE', *, *, #940, .T. ) ;
#1468 = FACE_OUTER_BOUND ( 'NONE', #5228, .T. ) ;
#1469 = CARTESIAN_POINT ( 'NONE',  ( 1.471320779914531363, 4.500000000000000888, 22.01381802035446356 ) ) ;
#1470 = CARTESIAN_POINT ( 'NONE',  ( 0.2028487204837488567, 4.000000000000000000, 24.80708477985027116 ) ) ;
#1471 = LINE ( 'NONE', #275, #289 ) ;
#1472 = ORIENTED_EDGE ( 'NONE', *, *, #6443, .F. ) ;
#1473 = CARTESIAN_POINT ( 'NONE',  ( 7.300257193343811402, 4.500000000000000888, 23.47948471978611096 ) ) ;
#1474 = CARTESIAN_POINT ( 'NONE',  ( 1.452664262820513974, 4.500000000000000888, 21.25398896052540465 ) ) ;
#1475 = CARTESIAN_POINT ( 'NONE',  ( 5.122833391172495254, 4.499999999999999112, 23.77570635847972014 ) ) ;
#1476 = CARTESIAN_POINT ( 'NONE',  ( 0.9769588736027901010, 4.000000000000000888, 21.33111467115394433 ) ) ;
#1477 = CARTESIAN_POINT ( 'NONE',  ( 0.6967909553093095676, 4.500000000000000888, 25.48413176882079156 ) ) ;
#1478 = ORIENTED_EDGE ( 'NONE', *, *, #541, .F. ) ;
#1479 = CARTESIAN_POINT ( 'NONE',  ( -4.187030399917572865, 4.500000000000000888, 21.59891609194279027 ) ) ;
#1480 = DIRECTION ( 'NONE',  ( 0.000000000000000000, 0.000000000000000000, -1.000000000000000000 ) ) ;
#1481 = CARTESIAN_POINT ( 'NONE',  ( 5.306846502861407799, 4.000000000000000000, 25.54020816372400660 ) ) ;
#1482 = FACE_OUTER_BOUND ( 'NONE', #1253, .T. ) ;
#1483 = ORIENTED_EDGE ( 'NONE', *, *, #5033, .T. ) ;
#1484 = DIRECTION ( 'NONE',  ( 1.918341125816309252E-13, 1.000000000000000000, 8.269878933636750379E-13 ) ) ;
#1485 = DIRECTION ( 'NONE',  ( 1.692413147294445723E-16, -0.000000000000000000, 1.000000000000000000 ) ) ;
#1486 = CARTESIAN_POINT ( 'NONE',  ( 7.562883642440488607, 4.500000000000000888, 25.65101840851537318 ) ) ;
#1487 = FACE_OUTER_BOUND ( 'NONE', #2370, .T. ) ;
#1488 = VERTEX_POINT ( 'NONE', #1491 ) ;
#1489 = EDGE_CURVE ( 'NONE', #4745, #4388, #3636, .T. ) ;
#1490 = EDGE_LOOP ( 'NONE', ( #5966, #430, #4711, #5284 ) ) ;
#1491 = CARTESIAN_POINT ( 'NONE',  ( 7.965484775641028747, 4.500000000000000888, 21.25398896052540465 ) ) ;
#1492 = DIRECTION ( 'NONE',  ( -5.983584065105871249E-17, -0.7071067811865451302, -0.7071067811865500152 ) ) ;
#1493 = CARTESIAN_POINT ( 'NONE',  ( 5.155066710011700692, 4.000000000000000000, 24.70276902679637132 ) ) ;
#1494 = ORIENTED_EDGE ( 'NONE', *, *, #3087, .T. ) ;
#1495 = CARTESIAN_POINT ( 'NONE',  ( 6.992139980873431249, 4.500000000000000888, 25.28427818816854256 ) ) ;
#1496 = DIRECTION ( 'NONE',  ( 0.000000000000000000, 0.000000000000000000, 1.000000000000000000 ) ) ;
#1497 = EDGE_CURVE ( 'NONE', #3894, #6822, #5447, .T. ) ;
#1498 = CARTESIAN_POINT ( 'NONE',  ( 2.805561149248379849, 3.999999999999999112, 22.43753286758763466 ) ) ;
#1499 = EDGE_CURVE ( 'NONE', #3921, #6263, #1846, .T. ) ;
#1500 = EDGE_CURVE ( 'NONE', #5048, #2540, #1526, .T. ) ;
#1501 = ORIENTED_EDGE ( 'NONE', *, *, #4825, .F. ) ;
#1502 = DIRECTION ( 'NONE',  ( -1.000000000000000000, 0.000000000000000000, -0.000000000000000000 ) ) ;
#1503 = CARTESIAN_POINT ( 'NONE',  ( 1.802245928222258486, 4.000000000000000000, 22.13730806386319827 ) ) ;
#1504 = CARTESIAN_POINT ( 'NONE',  ( 0.4156952105309008605, 4.000000000000000000, 25.20312390072007958 ) ) ;
#1505 = CARTESIAN_POINT ( 'NONE',  ( 2.115410862888346788, 4.500000000000000888, 24.02681053684288770 ) ) ;
#1506 = AXIS2_PLACEMENT_3D ( 'NONE', #246, #813, #1864 ) ;
#1507 = VECTOR ( 'NONE', #1264, 1000.000000000000000 ) ;
#1508 = CARTESIAN_POINT ( 'NONE',  ( -19.50000000000000355, 4.499999999999999112, -19.49999999999998934 ) ) ;
#1509 = B_SPLINE_CURVE_WITH_KNOTS ( 'NONE', 3,
 ( #1705, #3856, #422, #3823, #5798, #4159, #4193, #2639, #2606, #5869, #5835, #1016, #5998, #1144, #3288, #948, #6986, #3096, #4762, #5325, #6369, #4928, #3327 ),
 .UNSPECIFIED., .F., .F.,
 ( 4, 1, 1, 1, 1, 1, 1, 1, 1, 1, 1, 1, 1, 1, 1, 1, 1, 1, 1, 1, 4 ),
 ( 0.000000000000000000, 0.05383370089591506258, 0.1055426304091384992, 0.1580541720958378860, 0.2119873357804053504, 0.2402068903290464630, 0.2697935103595447970, 0.3013430987966762564, 0.3346080613711933105, 0.3702844416648597980, 0.4080888380149468309, 0.4486813458099817020, 0.4920692965602029845, 0.5386641566662656588, 0.5903710538753824677, 0.6463877841547206460, 0.7071953757631240789, 0.7729467746818401430, 0.8436426012467380664, 0.9193083570571428664, 1.000000000000000000 ),
 .UNSPECIFIED. ) ;
#1510 = CARTESIAN_POINT ( 'NONE',  ( 0.8366352643923593568, 4.500000000000000888, 21.39517692837829799 ) ) ;
#1511 = ORIENTED_EDGE ( 'NONE', *, *, #4477, .T. ) ;
#1512 = DIRECTION ( 'NONE',  ( 0.000000000000000000, 1.000000000000000000, 0.000000000000000000 ) ) ;
#1513 = CARTESIAN_POINT ( 'NONE',  ( 0.4719638505745318846, 4.000000000000002665, 21.69447423842444067 ) ) ;
#1514 = FACE_OUTER_BOUND ( 'NONE', #4478, .T. ) ;
#1515 = AXIS2_PLACEMENT_3D ( 'NONE', #1716, #1119, #4936 ) ;
#1516 = CARTESIAN_POINT ( 'NONE',  ( -8.479913307064528283, 4.499999999999999112, 25.69928052040242505 ) ) ;
#1517 = CARTESIAN_POINT ( 'NONE',  ( 4.649350574209166531, 4.500000000000000888, 24.94344628544025610 ) ) ;
#1518 = VECTOR ( 'NONE', #5986, 1000.000000000000000 ) ;
#1519 = CARTESIAN_POINT ( 'NONE',  ( -1.812487163008474456, 4.000000000000000000, 24.94379940440517629 ) ) ;
#1520 = ORIENTED_EDGE ( 'NONE', *, *, #5118, .F. ) ;
#1521 = DIRECTION ( 'NONE',  ( -0.000000000000000000, -1.000000000000000000, -0.000000000000000000 ) ) ;
#1522 = CARTESIAN_POINT ( 'NONE',  ( 9.241275720704980046, 3.999999999999998224, 22.17918809198779684 ) ) ;
#1523 = CARTESIAN_POINT ( 'NONE',  ( 2.725712533873065002, 4.499999999999999112, 24.79261773730350882 ) ) ;
#1524 = CARTESIAN_POINT ( 'NONE',  ( 1.734723475976806897E-15, 4.499999999999999112, 20.49999999999999645 ) ) ;
#1525 = ORIENTED_EDGE ( 'NONE', *, *, #4387, .F. ) ;
#1526 = LINE ( 'NONE', #2659, #6654 ) ;
#1527 = CARTESIAN_POINT ( 'NONE',  ( 2.064727033629965458, 4.500000000000000888, 24.32096178734914815 ) ) ;
#1528 = CARTESIAN_POINT ( 'NONE',  ( 8.256291878879897794, 4.000000000000005329, 22.09147355775840893 ) ) ;
#1529 = ORIENTED_EDGE ( 'NONE', *, *, #3995, .F. ) ;
#1530 = CARTESIAN_POINT ( 'NONE',  ( 6.583346731388667550, 4.500000000000000888, 24.25671652367478970 ) ) ;
#1531 = CARTESIAN_POINT ( 'NONE',  ( -1.930930082298089268, 4.500000000000002665, 23.60353724680468801 ) ) ;
#1532 = CARTESIAN_POINT ( 'NONE',  ( -8.059615384615382183, 4.000000000000000000, 24.34927475112370132 ) ) ;
#1533 = EDGE_CURVE ( 'NONE', #2718, #706, #1662, .T. ) ;
#1534 = EDGE_CURVE ( 'NONE', #5808, #454, #4938, .T. ) ;
#1535 = CARTESIAN_POINT ( 'NONE',  ( 5.997222222222226229, 4.500000000000000888, 22.06809152462796320 ) ) ;
#1536 = CARTESIAN_POINT ( 'NONE',  ( -17.49999999999999645, 4.000000000000000000, 20.49999999999999645 ) ) ;
#1537 = CARTESIAN_POINT ( 'NONE',  ( 2.141689765615927055, 4.500000000000000888, 23.67433516274654437 ) ) ;
#1538 = ORIENTED_EDGE ( 'NONE', *, *, #6294, .T. ) ;
#1539 = VERTEX_POINT ( 'NONE', #3779 ) ;
#1540 = CARTESIAN_POINT ( 'NONE',  ( 7.381647800299662165, 4.499999999999999112, 22.59727244140972502 ) ) ;
#1541 = CARTESIAN_POINT ( 'NONE',  ( -17.49999999999999645, 1.500000000000000000, 28.00000000000000355 ) ) ;
#1542 = EDGE_LOOP ( 'NONE', ( #3440, #92, #5184, #6318, #701 ) ) ;
#1543 = DIRECTION ( 'NONE',  ( 0.000000000000000000, -0.000000000000000000, 1.000000000000000000 ) ) ;
#1544 = CARTESIAN_POINT ( 'NONE',  ( 0.8366352643923593568, 4.500000000000000888, 21.39517692837829799 ) ) ;
#1545 = CARTESIAN_POINT ( 'NONE',  ( 9.347708337492090180, 4.000000000000000000, 24.38607368956219545 ) ) ;
#1546 = AXIS2_PLACEMENT_3D ( 'NONE', #4693, #6256, #6948 ) ;
#1547 = CARTESIAN_POINT ( 'NONE',  ( 5.687682251719667015, 4.500000000000000888, 23.22118538994499204 ) ) ;
#1548 = VECTOR ( 'NONE', #1, 1000.000000000000000 ) ;
#1549 = CARTESIAN_POINT ( 'NONE',  ( 5.080056381170061641, 4.000000000000000888, 23.73165337577945877 ) ) ;
#1550 = CARTESIAN_POINT ( 'NONE',  ( 6.984784363395047713, 4.000000000000000000, 21.69447423842444422 ) ) ;
#1551 = CARTESIAN_POINT ( 'NONE',  ( 2.162881453349786209, 3.999999999999999112, 25.53692061748267861 ) ) ;
#1552 = CARTESIAN_POINT ( 'NONE',  ( -0.4613247863247799674, 4.000000000000000000, 24.23139948402967292 ) ) ;
#1553 = ORIENTED_EDGE ( 'NONE', *, *, #1054, .F. ) ;
#1554 = DIRECTION ( 'NONE',  ( -0.000000000000000000, -1.000000000000000000, -0.000000000000000000 ) ) ;
#1555 = FACE_OUTER_BOUND ( 'NONE', #4182, .T. ) ;
#1556 = DIRECTION ( 'NONE',  ( -0.000000000000000000, 1.000000000000000000, -0.000000000000000000 ) ) ;
#1557 = CIRCLE ( 'NONE', #5517, 4.600000000000002309 ) ;
#1558 = ORIENTED_EDGE ( 'NONE', *, *, #6476, .T. ) ;
#1559 = CARTESIAN_POINT ( 'NONE',  ( 0.8688272874791486133, 4.000000000000000888, 22.59727244140973212 ) ) ;
#1560 = CARTESIAN_POINT ( 'NONE',  ( 8.899434794728170672, 4.500000000000000888, 25.35888116901130829 ) ) ;
#1561 = DIRECTION ( 'NONE',  ( -0.000000000000000000, 1.000000000000000000, -0.000000000000000000 ) ) ;
#1562 = VERTEX_POINT ( 'NONE', #2719 ) ;
#1563 = CARTESIAN_POINT ( 'NONE',  ( 6.607551834483458286, 4.499999999999999112, 24.41217644627272421 ) ) ;
#1564 = LINE ( 'NONE', #3150, #1932 ) ;
#1565 = CARTESIAN_POINT ( 'NONE',  ( 2.142864614512655752, 4.000000000000000888, 21.42776564186328159 ) ) ;
#1566 = CARTESIAN_POINT ( 'NONE',  ( 8.660254037844389075, 4.000000000000000000, 9.600000000000001421 ) ) ;
#1567 = CARTESIAN_POINT ( 'NONE',  ( 17.50000000000000000, 40.67424164178449786, 27.50000000000000355 ) ) ;
#1568 = CARTESIAN_POINT ( 'NONE',  ( 1.543497574830476893, 4.499999999999999112, 22.01676539071434391 ) ) ;
#1569 = CARTESIAN_POINT ( 'NONE',  ( 0.3560106695214931838, 4.500000000000000888, 25.11540116222560215 ) ) ;
#1570 = CARTESIAN_POINT ( 'NONE',  ( 2.880606466394853626, 4.500000000000000888, 22.90956861210009876 ) ) ;
#1571 = CARTESIAN_POINT ( 'NONE',  ( 1.452664262820513974, 4.000000000000004441, 21.25398896052540465 ) ) ;
#1572 = EDGE_CURVE ( 'NONE', #5808, #2003, #42, .T. ) ;
#1573 = ADVANCED_FACE ( 'NONE', ( #4881 ), #5376, .F. ) ;
#1574 = ORIENTED_EDGE ( 'NONE', *, *, #5646, .F. ) ;
#1575 = EDGE_CURVE ( 'NONE', #3926, #3795, #5346, .T. ) ;
#1576 = PLANE ( 'NONE',  #1659 ) ;
#1577 = ORIENTED_EDGE ( 'NONE', *, *, #553, .F. ) ;
#1578 = CARTESIAN_POINT ( 'NONE',  ( 17.50000000000000000, 1.500000000000000000, 21.50000000000000000 ) ) ;
#1579 = CARTESIAN_POINT ( 'NONE',  ( 0.4719638505745318846, 4.500000000000000888, 21.69447423842444067 ) ) ;
#1580 = CARTESIAN_POINT ( 'NONE',  ( 9.028354149493514669, 4.000000000000000000, 25.20157656953222869 ) ) ;
#1581 = CARTESIAN_POINT ( 'NONE',  ( -4.255000882991284428, 4.500000000000000888, 21.55584355954141884 ) ) ;
#1582 = ADVANCED_FACE ( 'NONE', ( #1134 ), #537, .T. ) ;
#1583 = CARTESIAN_POINT ( 'NONE',  ( 5.962134081911279360, 4.500000000000000888, 23.67186356956158022 ) ) ;
#1584 = B_SPLINE_CURVE_WITH_KNOTS ( 'NONE', 3,
 ( #6115, #4066, #6693, #6184, #343, #5575, #234, #200, #3967, #5110, #1298, #3508, #5147, #2384, #4548, #1820, #4617, #3933, #270 ),
 .UNSPECIFIED., .F., .F.,
 ( 4, 1, 1, 1, 1, 1, 1, 1, 1, 1, 1, 1, 1, 1, 1, 1, 4 ),
 ( 0.000000000000000000, 0.06593481762567719728, 0.1300372587941655000, 0.1923620702496510460, 0.2538195214289185042, 0.3141994357375421099, 0.3746698781567771586, 0.4351541180379870366, 0.4964786684939709316, 0.5578092661396401031, 0.6190309229821125969, 0.6796911875192902519, 0.7409612864102638197, 0.8033752905051755322, 0.8668176884999604370, 0.9323179771745049305, 1.000000000000000000 ),
 .UNSPECIFIED. ) ;
#1585 = CARTESIAN_POINT ( 'NONE',  ( -4.477564102564099535, 4.000000000000000000, 22.55485701608095894 ) ) ;
#1586 = CARTESIAN_POINT ( 'NONE',  ( 6.920516947292291832, 4.500000000000000888, 21.78400549577207101 ) ) ;
#1587 = CARTESIAN_POINT ( 'NONE',  ( -8.575671988675468427, 4.500000000000000888, 24.86881617764603547 ) ) ;
#1588 = CARTESIAN_POINT ( 'NONE',  ( -0.9767315831191729636, 4.000000000000000000, 25.37939423007210138 ) ) ;
#1589 = VERTEX_POINT ( 'NONE', #10 ) ;
#1590 = CARTESIAN_POINT ( 'NONE',  ( 2.679190916812371093, 4.500000000000000888, 24.90680124781274074 ) ) ;
#1591 = CARTESIAN_POINT ( 'NONE',  ( -1.744384348290591635, 4.000000000000001776, 22.82792058445702210 ) ) ;
#1592 = EDGE_LOOP ( 'NONE', ( #2477, #4950, #3232, #4392 ) ) ;
#1593 = CARTESIAN_POINT ( 'NONE',  ( -2.580930049624029981E-15, 0.000000000000000000, 30.50000000000000000 ) ) ;
#1594 = CARTESIAN_POINT ( 'NONE',  ( 8.208020643077487577, 3.999999999999999112, 25.69243952143810716 ) ) ;
#1595 = B_SPLINE_CURVE_WITH_KNOTS ( 'NONE', 3,
 ( #5639, #4030, #437, #4060, #3111, #864, #2450, #405, #6207, #5140, #1355 ),
 .UNSPECIFIED., .F., .F.,
 ( 4, 1, 1, 1, 1, 1, 1, 1, 4 ),
 ( 0.000000000000000000, 0.1240354330026178092, 0.2428459548115296518, 0.3603416824496171178, 0.4790424316556551876, 0.5993341100427890256, 0.7254884757708247589, 0.8585494285274611892, 1.000000000000000000 ),
 .UNSPECIFIED. ) ;
#1596 = CYLINDRICAL_SURFACE ( 'NONE', #6606, 16.99999999999999645 ) ;
#1597 = VERTEX_POINT ( 'NONE', #2150 ) ;
#1598 = PLANE ( 'NONE',  #3983 ) ;
#1599 = CARTESIAN_POINT ( 'NONE',  ( 18.50000000000000355, 1.000000000000000000, 21.50000000000000000 ) ) ;
#1600 = CYLINDRICAL_SURFACE ( 'NONE', #2346, 1.000000000000000888 ) ;
#1601 = B_SPLINE_SURFACE_WITH_KNOTS ( 'NONE', 3, 1, ( 
 ( #495, #5303 ),
 ( #4846, #4809 ),
 ( #464, #5404 ),
 ( #4276, #564 ),
 ( #2618, #3242 ),
 ( #1587, #3207 ),
 ( #1620, #3737 ),
 ( #2143, #3771 ),
 ( #3805, #2210 ),
 ( #4876, #4772 ),
 ( #36, #2178 ) ),
 .UNSPECIFIED., .F., .F., .F.,
 ( 4, 1, 1, 1, 1, 1, 1, 1, 4 ),
 ( 2, 2 ),
 ( 0.000000000000000000, 0.1911887346761167450, 0.3577655216016464301, 0.4995860740624386565, 0.6180446728394953793, 0.7217955418599318884, 0.8192721609263383664, 0.9116723373204964620, 1.000000000000000000 ),
 ( 0.000000000000000000, 1.000000000000000000 ),
 .UNSPECIFIED. ) ;
#1602 = CARTESIAN_POINT ( 'NONE',  ( 6.047230114886738228, 4.500000000000000888, 24.38199101118976131 ) ) ;
#1603 = CARTESIAN_POINT ( 'NONE',  ( -2.940945512820506202, 4.500000000000000888, 23.71156107591001216 ) ) ;
#1604 = CARTESIAN_POINT ( 'NONE',  ( -4.480118892985714751, 4.500000000000000888, 22.48835086244425341 ) ) ;
#1605 = DIRECTION ( 'NONE',  ( 0.000000000000000000, 0.000000000000000000, -1.000000000000000000 ) ) ;
#1606 = ORIENTED_EDGE ( 'NONE', *, *, #937, .F. ) ;
#1607 = CARTESIAN_POINT ( 'NONE',  ( 2.893607963690523643, 4.000000000000002665, 23.09008042439635489 ) ) ;
#1608 = ORIENTED_EDGE ( 'NONE', *, *, #329, .T. ) ;
#1609 = CARTESIAN_POINT ( 'NONE',  ( 6.549645558919965360, 4.000000000000000888, 23.91049027396239168 ) ) ;
#1610 = ORIENTED_EDGE ( 'NONE', *, *, #6468, .F. ) ;
#1611 = CARTESIAN_POINT ( 'NONE',  ( 3.552230188223165719, 4.000000000000000888, 25.23427131430506165 ) ) ;
#1612 = CARTESIAN_POINT ( 'NONE',  ( -3.953155134449183539, 4.500000000000000888, 21.82358596573951814 ) ) ;
#1613 = CARTESIAN_POINT ( 'NONE',  ( 8.592517210925340265, 4.000000000000000000, 25.58232908777731041 ) ) ;
#1614 = CARTESIAN_POINT ( 'NONE',  ( 4.646045532985278115, 4.500000000000000888, 23.59020559982077359 ) ) ;
#1615 = CARTESIAN_POINT ( 'NONE',  ( 5.122833391172495254, 3.999999999999999112, 23.77570635847972014 ) ) ;
#1616 = EDGE_CURVE ( 'NONE', #5813, #5048, #6686, .T. ) ;
#1617 = ORIENTED_EDGE ( 'NONE', *, *, #2965, .T. ) ;
#1618 = CARTESIAN_POINT ( 'NONE',  ( -1.771288042427583642, 4.500000000000000888, 24.94224930271068175 ) ) ;
#1619 = ADVANCED_FACE ( 'NONE', ( #6709, #3845, #1279, #6599, #1729, #113, #4918 ), #1168, .F. ) ;
#1620 = CARTESIAN_POINT ( 'NONE',  ( -8.507550611286077924, 4.500000000000000888, 24.90274502873120710 ) ) ;
#1621 = EDGE_CURVE ( 'NONE', #638, #448, #145, .T. ) ;
#1622 = DIRECTION ( 'NONE',  ( -1.000000000000000000, 0.000000000000000000, 9.912705577010330480E-17 ) ) ;
#1623 = VERTEX_POINT ( 'NONE', #2331 ) ;
#1624 = CARTESIAN_POINT ( 'NONE',  ( 2.162881453349786209, 3.999999999999998224, 25.53692061748267861 ) ) ;
#1625 = LINE ( 'NONE', #1031, #3026 ) ;
#1626 = VECTOR ( 'NONE', #3932, 1000.000000000000000 ) ;
#1627 = VERTEX_POINT ( 'NONE', #6636 ) ;
#1628 = CARTESIAN_POINT ( 'NONE',  ( 4.592864006382390230, 4.500000000000000888, 25.70331013642944029 ) ) ;
#1629 = CARTESIAN_POINT ( 'NONE',  ( 9.085845380545876537, 4.499999999999999112, 25.11039986585088002 ) ) ;
#1630 = CARTESIAN_POINT ( 'NONE',  ( 5.226566072372622607, 4.000000000000004441, 23.93190876832493430 ) ) ;
#1631 = ORIENTED_EDGE ( 'NONE', *, *, #1362, .F. ) ;
#1632 = CIRCLE ( 'NONE', #395, 1.600000000000000755 ) ;
#1633 = CARTESIAN_POINT ( 'NONE',  ( -2.580930049624029981E-15, 3.000000000000006217, 30.50000000000000000 ) ) ;
#1634 = FACE_OUTER_BOUND ( 'NONE', #2164, .T. ) ;
#1635 = CARTESIAN_POINT ( 'NONE',  ( 5.247687853813317815, 4.000000000000002665, 24.53223885853340391 ) ) ;
#1636 = VECTOR ( 'NONE', #70, 1000.000000000000000 ) ;
#1637 = CARTESIAN_POINT ( 'NONE',  ( -7.742499969873281707, 4.500000000000000888, 25.54865936785757796 ) ) ;
#1638 = CARTESIAN_POINT ( 'NONE',  ( 7.217888295849212987, 3.999999999999999112, 21.47641234637067598 ) ) ;
#1639 = CARTESIAN_POINT ( 'NONE',  ( 6.887646901709405967, 4.500000000000000888, 21.82979691992711579 ) ) ;
#1640 = CARTESIAN_POINT ( 'NONE',  ( -4.647812991653619719, 4.499999999999999112, 22.89142321875509722 ) ) ;
#1641 = ORIENTED_EDGE ( 'NONE', *, *, #3480, .T. ) ;
#1642 = ADVANCED_FACE ( 'NONE', ( #1762 ), #5448, .T. ) ;
#1643 = CARTESIAN_POINT ( 'NONE',  ( 4.915786814508530611, 4.500000000000000888, 24.89701004282006025 ) ) ;
#1644 = CARTESIAN_POINT ( 'NONE',  ( 6.539957264957268812, 4.000000000000000000, 23.52075578744848272 ) ) ;
#1645 = ORIENTED_EDGE ( 'NONE', *, *, #3481, .F. ) ;
#1646 = CARTESIAN_POINT ( 'NONE',  ( -20.50000000000000355, 4.499999999999999112, -19.49999999999998934 ) ) ;
#1647 = CARTESIAN_POINT ( 'NONE',  ( -3.283547008547001766, 4.000000000000000000, 24.56467272120915624 ) ) ;
#1648 = CARTESIAN_POINT ( 'NONE',  ( 8.965192536301767490, 4.000000000000000000, 25.28347534174717737 ) ) ;
#1649 = CARTESIAN_POINT ( 'NONE',  ( 6.051495726495730310, 4.500000000000000888, 24.23139948402967292 ) ) ;
#1650 = CARTESIAN_POINT ( 'NONE',  ( 0.1112184357483290004, 4.499999999999999112, 22.52044728277162022 ) ) ;
#1651 = CARTESIAN_POINT ( 'NONE',  ( -1.444689151932550208, 3.999999999999998224, 24.79735108731710369 ) ) ;
#1652 = FACE_OUTER_BOUND ( 'NONE', #3177, .T. ) ;
#1653 = CARTESIAN_POINT ( 'NONE',  ( 9.406428476511042192, 4.000000000000000888, 23.09008042439636910 ) ) ;
#1654 = ORIENTED_EDGE ( 'NONE', *, *, #1788, .F. ) ;
#1655 = VECTOR ( 'NONE', #579, 1000.000000000000000 ) ;
#1656 = CARTESIAN_POINT ( 'NONE',  ( 1.857857386691965207, 4.500000000000000888, 22.19236491893299501 ) ) ;
#1657 = CARTESIAN_POINT ( 'NONE',  ( -0.4818712956762268296, 4.499999999999999112, 23.93920038580247578 ) ) ;
#1658 = EDGE_CURVE ( 'NONE', #6902, #4299, #928, .T. ) ;
#1659 = AXIS2_PLACEMENT_3D ( 'NONE', #3197, #5467, #4370 ) ;
#1660 = EDGE_CURVE ( 'NONE', #3103, #5601, #5199, .T. ) ;
#1661 = CARTESIAN_POINT ( 'NONE',  ( -3.762886930008058961, 4.000000000000000000, 22.20298248379252470 ) ) ;
#1662 = LINE ( 'NONE', #1593, #1214 ) ;
#1663 = CARTESIAN_POINT ( 'NONE',  ( 7.987533386752140530, 4.500000000000000888, 25.70441631095275525 ) ) ;
#1664 = FACE_OUTER_BOUND ( 'NONE', #5913, .T. ) ;
#1665 = VERTEX_POINT ( 'NONE', #4599 ) ;
#1666 = VECTOR ( 'NONE', #2271, 1000.000000000000000 ) ;
#1667 = DIRECTION ( 'NONE',  ( 0.9793242484501297751, -0.000000000000000000, 0.2022968521692527777 ) ) ;
#1668 = CARTESIAN_POINT ( 'NONE',  ( 2.041614997010106514, 4.000000000000000888, 22.52476926746560792 ) ) ;
#1669 = CARTESIAN_POINT ( 'NONE',  ( 1.471320779914531363, 4.000000000000001776, 24.94458725112369279 ) ) ;
#1670 = CARTESIAN_POINT ( 'NONE',  ( 0.000000000000000000, 17.01076477383247720, -14.60000000000000142 ) ) ;
#1671 = DIRECTION ( 'NONE',  ( -1.000000000000000000, 0.000000000000000000, 0.000000000000000000 ) ) ;
#1672 = CYLINDRICAL_SURFACE ( 'NONE', #4818, 4.600000000000001421 ) ;
#1673 = CARTESIAN_POINT ( 'NONE',  ( 7.909416315151855059, 4.500000000000000888, 21.25585527673749198 ) ) ;
#1674 = DIRECTION ( 'NONE',  ( 0.000000000000000000, 0.000000000000000000, 1.000000000000000000 ) ) ;
#1675 = DIRECTION ( 'NONE',  ( -1.000000000000000000, 0.000000000000000000, -0.000000000000000000 ) ) ;
#1676 = CARTESIAN_POINT ( 'NONE',  ( 6.715669233304264019, 4.000000000000000000, 24.80708477985027116 ) ) ;
#1677 = CARTESIAN_POINT ( 'NONE',  ( -4.236926361675049435, 3.999999999999999112, 23.54096074647945969 ) ) ;
#1678 = CARTESIAN_POINT ( 'NONE',  ( -3.720041186919390785, 4.500000000000002665, 22.66383896806978271 ) ) ;
#1679 = CARTESIAN_POINT ( 'NONE',  ( -0.8251382611008443169, 4.000000000000000888, 23.22118538994498849 ) ) ;
#1680 = CARTESIAN_POINT ( 'NONE',  ( -3.718513930321499128, 4.500000000000000888, 22.59840437280676184 ) ) ;
#1681 = VERTEX_POINT ( 'NONE', #5666 ) ;
#1682 = CARTESIAN_POINT ( 'NONE',  ( 4.640319812242537090, 3.999999999999999112, 22.83755998255578135 ) ) ;
#1683 = CARTESIAN_POINT ( 'NONE',  ( 0.8126118697063619001, 4.000000000000002665, 24.05678228920864825 ) ) ;
#1684 = CARTESIAN_POINT ( 'NONE',  ( 20.50000000000000355, 3.000000000000006217, 19.49999999999999645 ) ) ;
#1685 = VECTOR ( 'NONE', #5973, 1000.000000000000000 ) ;
#1686 = CARTESIAN_POINT ( 'NONE',  ( 9.241275720704980046, 3.999999999999998224, 22.17918809198779684 ) ) ;
#1687 = VERTEX_POINT ( 'NONE', #2934 ) ;
#1688 = DIRECTION ( 'NONE',  ( 0.000000000000000000, 0.000000000000000000, -1.000000000000000000 ) ) ;
#1689 = B_SPLINE_SURFACE_WITH_KNOTS ( 'NONE', 3, 1, ( 
 ( #3381, #6194 ),
 ( #1344, #1797 ),
 ( #249, #3948 ),
 ( #5625, #4945 ),
 ( #6126, #104 ),
 ( #4454, #2253 ),
 ( #6593, #3874 ),
 ( #781, #4981 ),
 ( #4527, #2363 ),
 ( #5054, #6057 ),
 ( #1202, #6093 ),
 ( #3348, #5521 ),
 ( #6630, #1274 ),
 ( #3418, #2855 ),
 ( #215, #671 ),
 ( #5088, #1832 ),
 ( #177, #743 ),
 ( #1758, #2896 ),
 ( #2930, #3912 ) ),
 .UNSPECIFIED., .F., .F., .F.,
 ( 4, 1, 1, 1, 1, 1, 1, 1, 1, 1, 1, 1, 1, 1, 1, 1, 4 ),
 ( 2, 2 ),
 ( 0.000000000000000000, 0.06675541313745037009, 0.1317279436681999816, 0.1948100844364495376, 0.2568986387839161667, 0.3187508905638004042, 0.3803512888945379533, 0.4433244176166943329, 0.5074626919635747413, 0.5715056738698076622, 0.6333612917281037369, 0.6939415159323156779, 0.7539288461040348777, 0.8138015296774558927, 0.8745236442162157564, 0.9362219827335219735, 1.000000000000000000 ),
 ( 0.000000000000000000, 1.000000000000000000 ),
 .UNSPECIFIED. ) ;
#1690 = B_SPLINE_CURVE_WITH_KNOTS ( 'NONE', 3,
 ( #4197, #2105, #491, #1087, #6411, #2643, #1545, #3764, #3133, #3698, #29, #3236, #6372, #1580, #1648, #5873, #5399, #2610, #591, #1613, #560, #3798, #3164, #2710, #2169, #5972, #2139 ),
 .UNSPECIFIED., .F., .F.,
 ( 4, 1, 1, 1, 1, 1, 1, 1, 1, 1, 1, 1, 1, 1, 1, 1, 1, 1, 1, 1, 1, 1, 1, 1, 4 ),
 ( 0.000000000000000000, 0.06849087449695479002, 0.1330765404908783034, 0.1938289871915775953, 0.2510828574460501894, 0.3044008371534414614, 0.3544083437255271529, 0.4012947817777443582, 0.4447006845454786750, 0.4856924920892441988, 0.5246764844274043327, 0.5623067591777589636, 0.5979465846525344741, 0.6324735490267265892, 0.6657520428969365689, 0.6979852995504445268, 0.7295862241486809063, 0.7608251968744894622, 0.7923550795612065434, 0.8243126039626632595, 0.8571562719790694063, 0.8909268871454050220, 0.9259604429162998640, 0.9620613229943381084, 1.000000000000000000 ),
 .UNSPECIFIED. ) ;
#1691 = CARTESIAN_POINT ( 'NONE',  ( 0.000000000000000000, 5.500000000000000000, 0.000000000000000000 ) ) ;
#1692 = ORIENTED_EDGE ( 'NONE', *, *, #2825, .T. ) ;
#1693 = DIRECTION ( 'NONE',  ( 0.000000000000000000, 1.000000000000000000, -0.000000000000000000 ) ) ;
#1694 = CARTESIAN_POINT ( 'NONE',  ( -8.156412559604085288, 4.000000000000005329, 25.69880878744128339 ) ) ;
#1695 = CARTESIAN_POINT ( 'NONE',  ( 9.373439071303716119, 4.500000000000002665, 24.22769272903782323 ) ) ;
#1696 = ORIENTED_EDGE ( 'NONE', *, *, #1704, .F. ) ;
#1697 = CARTESIAN_POINT ( 'NONE',  ( -5.161606580539765510, 4.500000000000000888, 22.98955325248301307 ) ) ;
#1698 = CARTESIAN_POINT ( 'NONE',  ( 2.681650279564162354, 4.500000000000000888, 22.06520476112831375 ) ) ;
#1699 = CARTESIAN_POINT ( 'NONE',  ( 7.771300618009923333, 4.000000000000000888, 24.90277380790520212 ) ) ;
#1700 = CARTESIAN_POINT ( 'NONE',  ( 4.741532470392928467, 4.500000000000002665, 24.94224930271069240 ) ) ;
#1701 = ORIENTED_EDGE ( 'NONE', *, *, #6092, .F. ) ;
#1702 = EDGE_LOOP ( 'NONE', ( #5362, #4884, #304, #6088 ) ) ;
#1703 = CARTESIAN_POINT ( 'NONE',  ( 1.372887829125569059, 3.999999999999998224, 22.01848354652275930 ) ) ;
#1704 = EDGE_CURVE ( 'NONE', #613, #6597, #4966, .T. ) ;
#1705 = CARTESIAN_POINT ( 'NONE',  ( 1.471320779914531363, 4.500000000000000888, 22.01381802035446356 ) ) ;
#1706 = FACE_OUTER_BOUND ( 'NONE', #108, .T. ) ;
#1707 = EDGE_CURVE ( 'NONE', #5391, #2909, #5988, .T. ) ;
#1708 = CARTESIAN_POINT ( 'NONE',  ( 7.349455777212874352, 4.500000000000002665, 21.39517692837830154 ) ) ;
#1709 = LINE ( 'NONE', #4862, #503 ) ;
#1710 = ORIENTED_EDGE ( 'NONE', *, *, #3640, .F. ) ;
#1711 = EDGE_CURVE ( 'NONE', #3614, #2449, #4874, .T. ) ;
#1712 = EDGE_CURVE ( 'NONE', #3574, #3758, #3022, .T. ) ;
#1713 = CARTESIAN_POINT ( 'NONE',  ( -8.059634484809009791, 4.500000000000000888, 24.37924521819747170 ) ) ;
#1714 = CARTESIAN_POINT ( 'NONE',  ( 3.571875000000003908, 4.500000000000000888, 23.71156107591001572 ) ) ;
#1715 = CARTESIAN_POINT ( 'NONE',  ( -4.606474447046756460, 3.999999999999999112, 22.26533619971979050 ) ) ;
#1716 = CARTESIAN_POINT ( 'NONE',  ( -8.660254037844389075, 4.000000000000000000, 4.999999999999998224 ) ) ;
#1717 = CARTESIAN_POINT ( 'NONE',  ( -1.699370301544755879, 4.000000000000000888, 22.82895205524460636 ) ) ;
#1718 = DIRECTION ( 'NONE',  ( 0.000000000000000000, -0.000000000000000000, 1.000000000000000000 ) ) ;
#1719 = ORIENTED_EDGE ( 'NONE', *, *, #1785, .F. ) ;
#1720 = CARTESIAN_POINT ( 'NONE',  ( -8.006195546983262190, 4.000000000000000000, 25.66871720740712348 ) ) ;
#1721 = CARTESIAN_POINT ( 'NONE',  ( 0.7877408044763025696, 4.499999999999999112, 23.59369124025282716 ) ) ;
#1722 = CARTESIAN_POINT ( 'NONE',  ( 4.144372690231684864, 4.500000000000000888, 24.65265133203053338 ) ) ;
#1723 = CARTESIAN_POINT ( 'NONE',  ( 20.50000000000000355, 1.000000000000000000, 0.000000000000000000 ) ) ;
#1724 = AXIS2_PLACEMENT_3D ( 'NONE', #3260, #6540, #5573 ) ;
#1725 = CARTESIAN_POINT ( 'NONE',  ( 17.50000000000000000, 1.500000000000000000, 20.99999999999999645 ) ) ;
#1726 = CARTESIAN_POINT ( 'NONE',  ( -1.019198156167397062, 4.500000000000000888, 23.04874113982839035 ) ) ;
#1727 = VERTEX_POINT ( 'NONE', #1585 ) ;
#1728 = CARTESIAN_POINT ( 'NONE',  ( 4.636144497863251779, 4.000000000000000000, 25.70441631095275170 ) ) ;
#1729 = FACE_BOUND ( 'NONE', #3311, .T. ) ;
#1730 = CIRCLE ( 'NONE', #2862, 1.600000000000001643 ) ;
#1731 = DIRECTION ( 'NONE',  ( 0.000000000000000000, -0.000000000000000000, -1.000000000000000000 ) ) ;
#1732 = ORIENTED_EDGE ( 'NONE', *, *, #842, .T. ) ;
#1733 = CARTESIAN_POINT ( 'NONE',  ( -1.802049946581189888, 4.500000000000000888, 23.58774964428608101 ) ) ;
#1734 = CARTESIAN_POINT ( 'NONE',  ( -2.415170940170933811, 4.500000000000000888, 24.56467272120915624 ) ) ;
#1735 = CARTESIAN_POINT ( 'NONE',  ( 8.965192536301767490, 4.500000000000000888, 25.28347534174717737 ) ) ;
#1736 = CARTESIAN_POINT ( 'NONE',  ( 4.679393696581200857, 4.000000000000000888, 24.94458725112369635 ) ) ;
#1737 = AXIS2_PLACEMENT_3D ( 'NONE', #5684, #6119, #4620 ) ;
#1738 = ORIENTED_EDGE ( 'NONE', *, *, #6568, .T. ) ;
#1739 = ORIENTED_EDGE ( 'NONE', *, *, #2615, .T. ) ;
#1740 = CARTESIAN_POINT ( 'NONE',  ( 0.9705736310306316561, 4.500000000000000888, 22.32439080759634109 ) ) ;
#1741 = DIRECTION ( 'NONE',  ( -0.000000000000000000, -1.000000000000000000, -0.000000000000000000 ) ) ;
#1742 = CARTESIAN_POINT ( 'NONE',  ( 3.476780808044046545, 3.999999999999998224, 25.14046628565723651 ) ) ;
#1743 = CARTESIAN_POINT ( 'NONE',  ( -0.4613247863247799674, 4.500000000000000888, 24.23139948402967292 ) ) ;
#1744 = CARTESIAN_POINT ( 'NONE',  ( 0.2028487204837488567, 4.500000000000000888, 24.80708477985027116 ) ) ;
#1745 = CARTESIAN_POINT ( 'NONE',  ( 5.019709260137008577, 4.500000000000000888, 24.83632663176656052 ) ) ;
#1746 = AXIS2_PLACEMENT_3D ( 'NONE', #2491, #5282, #442 ) ;
#1747 = VECTOR ( 'NONE', #5046, 1000.000000000000000 ) ;
#1748 = ADVANCED_FACE ( 'NONE', ( #6374 ), #1090, .T. ) ;
#1749 = ADVANCED_FACE ( 'NONE', ( #3666 ), #255, .T. ) ;
#1750 = CARTESIAN_POINT ( 'NONE',  ( -1.286254440447888614, 4.000000000000000888, 23.93190876832493075 ) ) ;
#1751 = CARTESIAN_POINT ( 'NONE',  ( 3.229273504273508344, 4.000000000000000000, 24.56467272120915979 ) ) ;
#1752 = LINE ( 'NONE', #3900, #952 ) ;
#1753 = CARTESIAN_POINT ( 'NONE',  ( 1.396595802331339620, 4.000000000000000888, 21.25585527673749198 ) ) ;
#1754 = CARTESIAN_POINT ( 'NONE',  ( 4.393633908840368640, 4.500000000000000888, 23.69383538854215132 ) ) ;
#1755 = CARTESIAN_POINT ( 'NONE',  ( 8.054581979683451465, 4.000000000000000000, 24.94250479630325756 ) ) ;
#1756 = CARTESIAN_POINT ( 'NONE',  ( 1.133702843232194724, 4.000000000000002665, 24.82576275824146350 ) ) ;
#1757 = FACE_OUTER_BOUND ( 'NONE', #485, .T. ) ;
#1758 = CARTESIAN_POINT ( 'NONE',  ( 4.684542051403539631, 4.500000000000000888, 25.70306412226662829 ) ) ;
#1759 = CARTESIAN_POINT ( 'NONE',  ( -2.171968187771859959, 4.499999999999999112, 24.85059028920127489 ) ) ;
#1760 = LINE ( 'NONE', #3351, #3485 ) ;
#1761 = CARTESIAN_POINT ( 'NONE',  ( 4.636144497863251779, 4.500000000000000888, 25.70441631095275170 ) ) ;
#1762 = FACE_OUTER_BOUND ( 'NONE', #5292, .T. ) ;
#1763 = DIRECTION ( 'NONE',  ( 0.000000000000000000, 0.000000000000000000, -1.000000000000000000 ) ) ;
#1764 = ORIENTED_EDGE ( 'NONE', *, *, #2133, .T. ) ;
#1765 = CARTESIAN_POINT ( 'NONE',  ( -1.876676014957258110, 4.500000000000000888, 25.70441631095274815 ) ) ;
#1766 = CARTESIAN_POINT ( 'NONE',  ( 8.962811797047061546, 4.499999999999999112, 21.68611330603197374 ) ) ;
#1767 = CARTESIAN_POINT ( 'NONE',  ( 7.987533386752140530, 4.500000000000000888, 25.70441631095275525 ) ) ;
#1768 = DIRECTION ( 'NONE',  ( 0.000000000000000000, 0.000000000000000000, 1.000000000000000000 ) ) ;
#1769 = VECTOR ( 'NONE', #2920, 1000.000000000000000 ) ;
#1770 = ORIENTED_EDGE ( 'NONE', *, *, #6134, .T. ) ;
#1771 = ORIENTED_EDGE ( 'NONE', *, *, #3605, .T. ) ;
#1772 = CARTESIAN_POINT ( 'NONE',  ( 0.7980852043858596145, 4.500000000000000888, 23.11246591404397321 ) ) ;
#1773 = AXIS2_PLACEMENT_3D ( 'NONE', #2520, #827, #5783 ) ;
#1774 = CARTESIAN_POINT ( 'NONE',  ( 8.660254037844389075, 17.01076477383247720, 3.399999999999996803 ) ) ;
#1775 = CARTESIAN_POINT ( 'NONE',  ( 8.586287242873085646, 4.000000000000003553, 22.64483590567937554 ) ) ;
#1776 = VERTEX_POINT ( 'NONE', #6480 ) ;
#1777 = AXIS2_PLACEMENT_3D ( 'NONE', #931, #6816, #2045 ) ;
#1778 = CARTESIAN_POINT ( 'NONE',  ( 7.217888295849212987, 4.499999999999999112, 21.47641234637067598 ) ) ;
#1779 = CARTESIAN_POINT ( 'NONE',  ( -1.710587653120408502, 4.000000000000000888, 24.93404887568188499 ) ) ;
#1780 = CARTESIAN_POINT ( 'NONE',  ( 0.000000000000000000, 1.000000000000000888, -10.00000000000000000 ) ) ;
#1781 = ORIENTED_EDGE ( 'NONE', *, *, #584, .F. ) ;
#1782 = CARTESIAN_POINT ( 'NONE',  ( -1.802049946581189888, 4.000000000000000888, 23.58774964428608101 ) ) ;
#1783 = CARTESIAN_POINT ( 'NONE',  ( -2.301535790598284059, 4.000000000000000000, 23.85826914214932870 ) ) ;
#1784 = CARTESIAN_POINT ( 'NONE',  ( -4.320391971705170420, 4.500000000000000888, 23.58658161551173293 ) ) ;
#1785 = EDGE_CURVE ( 'NONE', #4740, #2992, #4632, .T. ) ;
#1786 = CARTESIAN_POINT ( 'NONE',  ( 1.452664262820513974, 4.000000000000000000, 21.25398896052540465 ) ) ;
#1787 = EDGE_CURVE ( 'NONE', #3125, #2136, #6685, .T. ) ;
#1788 = EDGE_CURVE ( 'NONE', #3641, #3955, #6336, .T. ) ;
#1789 = CARTESIAN_POINT ( 'NONE',  ( 4.270133416831760620, 4.500000000000000888, 23.79527090832252156 ) ) ;
#1790 = VECTOR ( 'NONE', #3952, 1000.000000000000000 ) ;
#1791 = VERTEX_POINT ( 'NONE', #2284 ) ;
#1792 = CARTESIAN_POINT ( 'NONE',  ( 4.506396901709405434, 4.000000000000000000, 22.86862571266215483 ) ) ;
#1793 = CARTESIAN_POINT ( 'NONE',  ( 0.8906308901659707455, 4.500000000000000888, 24.45111661742941678 ) ) ;
#1794 = CARTESIAN_POINT ( 'NONE',  ( 5.290270050642405408, 4.000000000000004441, 24.18683621616803592 ) ) ;
#1795 = CARTESIAN_POINT ( 'NONE',  ( 4.268745388333143431, 4.499999999999999112, 24.79553779862992258 ) ) ;
#1796 = EDGE_CURVE ( 'NONE', #5746, #3591, #6054, .T. ) ;
#1797 = CARTESIAN_POINT ( 'NONE',  ( 6.050061083965369235, 4.000000000000000000, 24.28204755736115317 ) ) ;
#1798 = VERTEX_POINT ( 'NONE', #2818 ) ;
#1799 = CARTESIAN_POINT ( 'NONE',  ( 5.156282863529484395, 4.499999999999999112, 22.88068797650580777 ) ) ;
#1800 = DIRECTION ( 'NONE',  ( -0.000000000000000000, -1.000000000000000000, -0.000000000000000000 ) ) ;
#1801 = ORIENTED_EDGE ( 'NONE', *, *, #5788, .T. ) ;
#1802 = CARTESIAN_POINT ( 'NONE',  ( 3.302520388628247261, 4.499999999999999112, 24.81511901707376566 ) ) ;
#1803 = AXIS2_PLACEMENT_3D ( 'NONE', #2390, #3941, #1305 ) ;
#1804 = DIRECTION ( 'NONE',  ( 0.7071067811865500152, 0.7071067811865451302, 0.000000000000000000 ) ) ;
#1805 = ORIENTED_EDGE ( 'NONE', *, *, #2088, .T. ) ;
#1806 = PLANE ( 'NONE',  #5473 ) ;
#1807 = CARTESIAN_POINT ( 'NONE',  ( 8.892726131727574312, 4.000000000000000000, 21.61037818605251459 ) ) ;
#1808 = CARTESIAN_POINT ( 'NONE',  ( 8.592517210925340265, 4.500000000000000888, 25.58232908777731041 ) ) ;
#1809 = CARTESIAN_POINT ( 'NONE',  ( 1.920647474959185752, 4.500000000000000888, 24.67663151021647749 ) ) ;
#1810 = B_SPLINE_CURVE_WITH_KNOTS ( 'NONE', 3,
 ( #2264, #5564, #1212, #1174, #188, #5531, #2337, #684, #5495, #4501, #753, #3430, #4431, #6604, #1735, #6681, #1284, #2834, #224, #1808, #4991, #150, #2300, #3958, #4467, #6641, #1767 ),
 .UNSPECIFIED., .F., .F.,
 ( 4, 1, 1, 1, 1, 1, 1, 1, 1, 1, 1, 1, 1, 1, 1, 1, 1, 1, 1, 1, 1, 1, 1, 1, 4 ),
 ( 0.000000000000000000, 0.06849087449695479002, 0.1330765404908783034, 0.1938289871915775953, 0.2510828574460501894, 0.3044008371534414614, 0.3544083437255271529, 0.4012947817777443582, 0.4447006845454786750, 0.4856924920892441988, 0.5246764844274043327, 0.5623067591777589636, 0.5979465846525344741, 0.6324735490267265892, 0.6657520428969365689, 0.6979852995504445268, 0.7295862241486809063, 0.7608251968744894622, 0.7923550795612065434, 0.8243126039626632595, 0.8571562719790694063, 0.8909268871454050220, 0.9259604429162998640, 0.9620613229943381084, 1.000000000000000000 ),
 .UNSPECIFIED. ) ;
#1811 = ORIENTED_EDGE ( 'NONE', *, *, #6440, .F. ) ;
#1812 = ORIENTED_EDGE ( 'NONE', *, *, #3820, .T. ) ;
#1813 = B_SPLINE_CURVE_WITH_KNOTS ( 'NONE', 3,
 ( #3015, #939, #904, #6361, #868, #5823, #5786, #3083, #969, #340, #3115, #1006, #4750, #6391, #5247, #1429, #5281, #2054, #3576 ),
 .UNSPECIFIED., .F., .F.,
 ( 4, 1, 1, 1, 1, 1, 1, 1, 1, 1, 1, 1, 1, 1, 1, 1, 4 ),
 ( 0.000000000000000000, 0.1107342804863387237, 0.2123411929916478313, 0.3055021255634835509, 0.3898348410859879820, 0.4666904579461289004, 0.5352618542933006429, 0.5967629138889611884, 0.6510657189836195347, 0.7010355511102168702, 0.7478602709077568633, 0.7918333971357288670, 0.8342840069087867905, 0.8753338897746161251, 0.9160347492783125212, 0.9576522807232378254, 1.000000000000000000 ),
 .UNSPECIFIED. ) ;
#1814 = CARTESIAN_POINT ( 'NONE',  ( 1.000794272870835666, 3.999999999999998224, 22.27016922149066858 ) ) ;
#1815 = CARTESIAN_POINT ( 'NONE',  ( 0.8320169024355890119, 4.500000000000000888, 24.20365213543260552 ) ) ;
#1816 = CARTESIAN_POINT ( 'NONE',  ( 8.645946846550984333, 4.000000000000003553, 23.10135215983902413 ) ) ;
#1817 = VERTEX_POINT ( 'NONE', #1235 ) ;
#1818 = CARTESIAN_POINT ( 'NONE',  ( 4.581890430522422619, 4.000000000000000000, 23.60353724680469512 ) ) ;
#1819 = CARTESIAN_POINT ( 'NONE',  ( 8.542577304279159733, 4.500000000000000888, 24.44593175506041050 ) ) ;
#1820 = CARTESIAN_POINT ( 'NONE',  ( -3.210300124192261517, 4.000000000000000000, 24.81511901707376566 ) ) ;
#1821 = ORIENTED_EDGE ( 'NONE', *, *, #5519, .T. ) ;
#1822 = DIRECTION ( 'NONE',  ( 0.000000000000000000, 0.000000000000000000, -1.000000000000000000 ) ) ;
#1823 = CARTESIAN_POINT ( 'NONE',  ( 4.671761485042738471, 4.500000000000000888, 22.06809152462796320 ) ) ;
#1824 = CARTESIAN_POINT ( 'NONE',  ( 6.671289911711045129, 4.000000000000000000, 22.31814654408258036 ) ) ;
#1825 = LINE ( 'NONE', #4374, #6978 ) ;
#1826 = CARTESIAN_POINT ( 'NONE',  ( -5.563034188034184702, 4.500000000000000888, 25.59586930240574532 ) ) ;
#1827 = ORIENTED_EDGE ( 'NONE', *, *, #5567, .T. ) ;
#1828 = CARTESIAN_POINT ( 'NONE',  ( -8.067197608383461116, 4.500000000000000888, 24.59052965377700417 ) ) ;
#1829 = CARTESIAN_POINT ( 'NONE',  ( 1.471320779914531585, 4.500000000000000888, 24.94458725112369635 ) ) ;
#1830 = CARTESIAN_POINT ( 'NONE',  ( 19.50000000000001066, 5.500000000000000000, -19.49999999999999645 ) ) ;
#1831 = CARTESIAN_POINT ( 'NONE',  ( 4.419842672959629404, 4.000000000000000000, 24.89183467825880314 ) ) ;
#1832 = CARTESIAN_POINT ( 'NONE',  ( 4.920017003495218866, 4.000000000000000000, 25.68078935812841124 ) ) ;
#1833 = VERTEX_POINT ( 'NONE', #4978 ) ;
#1834 = CARTESIAN_POINT ( 'NONE',  ( 0.3748263888888903606, 4.000000000000000000, 21.82979691992711224 ) ) ;
#1835 = CARTESIAN_POINT ( 'NONE',  ( 7.885708341946084055, 4.499999999999999112, 22.01848354652276285 ) ) ;
#1836 = EDGE_CURVE ( 'NONE', #2269, #5781, #582, .T. ) ;
#1837 = CARTESIAN_POINT ( 'NONE',  ( 3.635105466783792316, 4.499999999999999112, 25.32162280697504997 ) ) ;
#1838 = EDGE_CURVE ( 'NONE', #2015, #4352, #3104, .T. ) ;
#1839 = LINE ( 'NONE', #2260, #775 ) ;
#1840 = ORIENTED_EDGE ( 'NONE', *, *, #6827, .F. ) ;
#1841 = CARTESIAN_POINT ( 'NONE',  ( -1.221153846153839595, 4.500000000000000888, 24.25768821266215269 ) ) ;
#1842 = CARTESIAN_POINT ( 'NONE',  ( -4.607040753350594819, 4.000000000000001776, 22.86381284943820802 ) ) ;
#1843 = CARTESIAN_POINT ( 'NONE',  ( 7.949636692046631481, 4.000000000000007994, 25.70376288419778632 ) ) ;
#1844 = CARTESIAN_POINT ( 'NONE',  ( 1.609752713673869184, 3.999999999999998224, 24.92835552584215719 ) ) ;
#1845 = ORIENTED_EDGE ( 'NONE', *, *, #5385, .T. ) ;
#1846 = B_SPLINE_CURVE_WITH_KNOTS ( 'NONE', 3,
 ( #2591, #3280, #6967, #5987, #5884, #473, #3248, #4746, #1002, #2050, #5915, #1069, #2086, #1559, #3676, #4852, #4817, #4783, #3216, #3812, #6933, #4210, #3145 ),
 .UNSPECIFIED., .F., .F.,
 ( 4, 1, 1, 1, 1, 1, 1, 1, 1, 1, 1, 1, 1, 1, 1, 1, 1, 1, 1, 1, 4 ),
 ( 0.000000000000000000, 0.05383370089591506258, 0.1055426304091384992, 0.1580541720958378860, 0.2119873357804053504, 0.2402068903290464630, 0.2697935103595447970, 0.3013430987966762564, 0.3346080613711933105, 0.3702844416648597980, 0.4080888380149468309, 0.4486813458099817020, 0.4920692965602029845, 0.5386641566662656588, 0.5903710538753824677, 0.6463877841547206460, 0.7071953757631240789, 0.7729467746818401430, 0.8436426012467380664, 0.9193083570571428664, 1.000000000000000000 ),
 .UNSPECIFIED. ) ;
#1847 = DIRECTION ( 'NONE',  ( 0.000000000000000000, 0.000000000000000000, -1.000000000000000000 ) ) ;
#1848 = DIRECTION ( 'NONE',  ( -0.000000000000000000, -1.000000000000000000, -0.000000000000000000 ) ) ;
#1849 = CYLINDRICAL_SURFACE ( 'NONE', #4888, 1.000000000000000888 ) ;
#1850 = ORIENTED_EDGE ( 'NONE', *, *, #899, .F. ) ;
#1851 = CARTESIAN_POINT ( 'NONE',  ( 4.270133416831760620, 4.000000000000000000, 23.79527090832252156 ) ) ;
#1852 = CARTESIAN_POINT ( 'NONE',  ( -1.833426816239309698, 4.000000000000000000, 24.94458725112368924 ) ) ;
#1853 = AXIS2_PLACEMENT_3D ( 'NONE', #5898, #4840, #489 ) ;
#1854 = CARTESIAN_POINT ( 'NONE',  ( 6.624038948568843566, 4.499999999999999112, 22.52044728277162733 ) ) ;
#1855 = EDGE_LOOP ( 'NONE', ( #1654, #1525, #6348, #1812 ) ) ;
#1856 = AXIS2_PLACEMENT_3D ( 'NONE', #4243, #3772, #565 ) ;
#1857 = CARTESIAN_POINT ( 'NONE',  ( 8.660254037844389075, 4.000000000000000000, 0.3999999999999966915 ) ) ;
#1858 = CARTESIAN_POINT ( 'NONE',  ( 8.607645922524465476, 4.000000000000000888, 24.18143814742564501 ) ) ;
#1859 = CARTESIAN_POINT ( 'NONE',  ( -3.866342217292234817, 4.500000000000002665, 23.17849930960185389 ) ) ;
#1860 = CARTESIAN_POINT ( 'NONE',  ( 5.387090073654102973, 4.000000000000000000, 22.98047589546434466 ) ) ;
#1861 = VECTOR ( 'NONE', #3544, 1000.000000000000000 ) ;
#1862 = CARTESIAN_POINT ( 'NONE',  ( -8.094286512140349998, 4.500000000000000888, 24.76039005290255446 ) ) ;
#1863 = CARTESIAN_POINT ( 'NONE',  ( 5.034100126992726132, 4.499999999999999112, 23.69312498802048950 ) ) ;
#1864 = DIRECTION ( 'NONE',  ( 0.000000000000000000, 0.000000000000000000, 1.000000000000000000 ) ) ;
#1865 = CARTESIAN_POINT ( 'NONE',  ( -5.563034188034184702, 4.000000000000000000, 25.59586930240574532 ) ) ;
#1866 = LINE ( 'NONE', #6705, #4341 ) ;
#1867 = VERTEX_POINT ( 'NONE', #101 ) ;
#1868 = CARTESIAN_POINT ( 'NONE',  ( -5.563034188034184702, 4.000000000000000000, 25.59586930240574532 ) ) ;
#1869 = CARTESIAN_POINT ( 'NONE',  ( 7.361970285616806109, 4.500000000000002665, 22.68245178002527496 ) ) ;
#1870 = CARTESIAN_POINT ( 'NONE',  ( -8.260456729904410267, 4.000000000000005329, 25.70251052330271690 ) ) ;
#1871 = DIRECTION ( 'NONE',  ( -0.000000000000000000, -1.000000000000000000, -0.000000000000000000 ) ) ;
#1872 = VERTEX_POINT ( 'NONE', #1199 ) ;
#1873 = CARTESIAN_POINT ( 'NONE',  ( -4.477564102564099535, 4.500000000000000888, 22.55485701608095894 ) ) ;
#1874 = CARTESIAN_POINT ( 'NONE',  ( -4.477564102564099535, 4.000000000000000000, 22.55485701608095894 ) ) ;
#1875 = EDGE_CURVE ( 'NONE', #794, #5276, #1997, .T. ) ;
#1876 = CARTESIAN_POINT ( 'NONE',  ( 2.143524205401078575, 4.500000000000000888, 23.41417283252586401 ) ) ;
#1877 = CARTESIAN_POINT ( 'NONE',  ( 1.674050067874246039, 4.000000000000001776, 24.90535188523759302 ) ) ;
#1878 = ADVANCED_FACE ( 'NONE', ( #5436, #2323 ), #4417, .T. ) ;
#1879 = ORIENTED_EDGE ( 'NONE', *, *, #6920, .F. ) ;
#1880 = SURFACE_SIDE_STYLE ('',( #6575 ) ) ;
#1881 = CARTESIAN_POINT ( 'NONE',  ( -20.49999999999999645, 3.000000000000006217, 19.49999999999999645 ) ) ;
#1882 = CARTESIAN_POINT ( 'NONE',  ( 8.656623931623935064, 4.500000000000000888, 23.48089868274762537 ) ) ;
#1883 = ORIENTED_EDGE ( 'NONE', *, *, #6355, .F. ) ;
#1884 = CARTESIAN_POINT ( 'NONE',  ( -4.478894937752077254, 4.000000000000000000, 22.61021968417840355 ) ) ;
#1885 = CARTESIAN_POINT ( 'NONE',  ( -7.299786324786322389, 4.500000000000000888, 21.36253596907242169 ) ) ;
#1886 = EDGE_LOOP ( 'NONE', ( #5910, #6321, #3653, #6206, #4165, #1209, #2522, #1701, #6984, #4115 ) ) ;
#1887 = VECTOR ( 'NONE', #1316, 1000.000000000000000 ) ;
#1888 = DIRECTION ( 'NONE',  ( -0.000000000000000000, -1.000000000000000000, -0.000000000000000000 ) ) ;
#1889 = CARTESIAN_POINT ( 'NONE',  ( -8.724436757380617635, 4.000000000000000888, 24.75395155299368355 ) ) ;
#1890 = CARTESIAN_POINT ( 'NONE',  ( 7.325432382526878783, 4.500000000000000888, 24.05678228920865180 ) ) ;
#1891 = CARTESIAN_POINT ( 'NONE',  ( 5.911521335283087986, 3.999999999999999112, 23.54820870292009971 ) ) ;
#1892 = CARTESIAN_POINT ( 'NONE',  ( -3.728846186962818443, 4.000000000000000888, 22.37812780176863114 ) ) ;
#1893 = CARTESIAN_POINT ( 'NONE',  ( -3.159609102565489103, 4.500000000000000888, 24.93017364992046936 ) ) ;
#1894 = CARTESIAN_POINT ( 'NONE',  ( 5.268984085744019552, 4.499999999999999112, 24.05289772092727674 ) ) ;
#1895 = LINE ( 'NONE', #6771, #4103 ) ;
#1896 = CARTESIAN_POINT ( 'NONE',  ( 0.03682504609944922680, 4.500000000000000888, 23.91049027396239879 ) ) ;
#1897 = CARTESIAN_POINT ( 'NONE',  ( 2.902530206558854520, 4.000000000000004441, 23.28180624039691793 ) ) ;
#1898 = VERTEX_POINT ( 'NONE', #5583 ) ;
#1899 = DIRECTION ( 'NONE',  ( 0.2073096204707153001, 0.000000000000000000, -0.9782753810969015973 ) ) ;
#1900 = CARTESIAN_POINT ( 'NONE',  ( 2.679190916812371093, 4.500000000000000888, 24.90680124781274074 ) ) ;
#1901 = CARTESIAN_POINT ( 'NONE',  ( 7.950892880077506497, 4.000000000000000000, 22.01539392901172931 ) ) ;
#1902 = CARTESIAN_POINT ( 'NONE',  ( 8.655901102159701210, 4.000000000000001776, 23.54705030498526241 ) ) ;
#1903 = DIRECTION ( 'NONE',  ( -0.000000000000000000, -1.000000000000000000, -0.000000000000000000 ) ) ;
#1904 = DIRECTION ( 'NONE',  ( 0.000000000000000000, 0.000000000000000000, -1.000000000000000000 ) ) ;
#1905 = CARTESIAN_POINT ( 'NONE',  ( -5.061967362637805223, 4.000000000000000000, 22.98593380103035955 ) ) ;
#1906 = CARTESIAN_POINT ( 'NONE',  ( 6.583346731388667550, 4.500000000000000888, 24.25671652367478970 ) ) ;
#1907 = CARTESIAN_POINT ( 'NONE',  ( -0.5614367761446011906, 4.499999999999999112, 24.80460897103012030 ) ) ;
#1908 = ORIENTED_EDGE ( 'NONE', *, *, #6528, .F. ) ;
#1909 = DIRECTION ( 'NONE',  ( -0.000000000000000000, -1.000000000000000000, -0.000000000000000000 ) ) ;
#1910 = CARTESIAN_POINT ( 'NONE',  ( -1.876676014957258110, 4.500000000000000888, 25.70441631095274815 ) ) ;
#1911 = EDGE_LOOP ( 'NONE', ( #1032, #6738, #6022, #4757 ) ) ;
#1912 = CARTESIAN_POINT ( 'NONE',  ( 7.875397624444611999, 4.500000000000000888, 25.70248283079440554 ) ) ;
#1913 = CARTESIAN_POINT ( 'NONE',  ( -8.660254037844389075, 4.000000000000000000, 0.3999999999999966915 ) ) ;
#1914 = CARTESIAN_POINT ( 'NONE',  ( 8.660254037844389075, 4.000000000000000000, 4.999999999999998224 ) ) ;
#1915 = CARTESIAN_POINT ( 'NONE',  ( -0.8719020525498933916, 4.000000000000000000, 25.28012416077510949 ) ) ;
#1916 = ADVANCED_FACE ( 'NONE', ( #6839 ), #6189, .T. ) ;
#1917 = EDGE_CURVE ( 'NONE', #1627, #6389, #5057, .T. ) ;
#1918 = CARTESIAN_POINT ( 'NONE',  ( -2.006423611111104677, 4.500000000000000888, 22.86862571266215127 ) ) ;
#1919 = CARTESIAN_POINT ( 'NONE',  ( 6.585825045092249752, 4.000000000000000000, 22.74213526837327493 ) ) ;
#1920 = DIRECTION ( 'NONE',  ( -0.000000000000000000, -1.000000000000000000, -0.000000000000000000 ) ) ;
#1921 = VERTEX_POINT ( 'NONE', #1372 ) ;
#1922 = FACE_OUTER_BOUND ( 'NONE', #178, .T. ) ;
#1923 = CARTESIAN_POINT ( 'NONE',  ( -8.660254037844389075, 4.000000000000000000, 9.600000000000001421 ) ) ;
#1924 = VERTEX_POINT ( 'NONE', #1923 ) ;
#1925 = CARTESIAN_POINT ( 'NONE',  ( -8.647859240081359644, 4.500000000000000888, 24.82068252594727653 ) ) ;
#1926 = CARTESIAN_POINT ( 'NONE',  ( 4.730604944029455972, 4.000000000000002665, 23.58805597142574229 ) ) ;
#1927 = CARTESIAN_POINT ( 'NONE',  ( 0.9549426169136789877, 4.499999999999999112, 25.61923162930312969 ) ) ;
#1928 = CARTESIAN_POINT ( 'NONE',  ( 2.861316987204110429, 4.000000000000004441, 22.74061880374977562 ) ) ;
#1929 = ORIENTED_EDGE ( 'NONE', *, *, #3429, .T. ) ;
#1930 = CARTESIAN_POINT ( 'NONE',  ( 5.773378635233544998, 4.000000000000000888, 23.32244997179786594 ) ) ;
#1931 = CARTESIAN_POINT ( 'NONE',  ( 7.300257193343811402, 4.500000000000000888, 23.47948471978611096 ) ) ;
#1932 = VECTOR ( 'NONE', #6431, 1000.000000000000000 ) ;
#1933 = CARTESIAN_POINT ( 'NONE',  ( 6.050061083965369235, 4.000000000000000000, 24.28204755736115317 ) ) ;
#1934 = CARTESIAN_POINT ( 'NONE',  ( -1.221627833771758098, 4.000000000000000000, 24.23364225553467222 ) ) ;
#1935 = CARTESIAN_POINT ( 'NONE',  ( 1.734723475976806897E-15, 4.000000000000000000, 20.49999999999999645 ) ) ;
#1936 = DIRECTION ( 'NONE',  ( 0.000000000000000000, -0.000000000000000000, 1.000000000000000000 ) ) ;
#1937 = CARTESIAN_POINT ( 'NONE',  ( 9.406428476511042192, 4.500000000000000888, 23.09008042439636910 ) ) ;
#1938 = CARTESIAN_POINT ( 'NONE',  ( 6.992139980873431249, 4.500000000000000888, 25.28427818816854256 ) ) ;
#1939 = DIRECTION ( 'NONE',  ( 0.000000000000000000, 1.000000000000000000, 0.000000000000000000 ) ) ;
#1940 = ORIENTED_EDGE ( 'NONE', *, *, #2447, .F. ) ;
#1941 = CARTESIAN_POINT ( 'NONE',  ( 8.382776377830740699, 4.499999999999999112, 21.30930077504977760 ) ) ;
#1942 = CARTESIAN_POINT ( 'NONE',  ( 1.988211819131444624, 4.500000000000000888, 24.55673696896498370 ) ) ;
#1943 = CARTESIAN_POINT ( 'NONE',  ( 5.113749670485161047, 4.000000000000000000, 24.75262651814961856 ) ) ;
#1944 = ORIENTED_EDGE ( 'NONE', *, *, #418, .T. ) ;
#1945 = CARTESIAN_POINT ( 'NONE',  ( -2.301535790598284059, 4.500000000000000888, 23.85826914214932870 ) ) ;
#1946 = CARTESIAN_POINT ( 'NONE',  ( -4.504700854700851131, 4.500000000000000888, 23.66407175967070486 ) ) ;
#1947 = CARTESIAN_POINT ( 'NONE',  ( -8.094286512140349998, 4.000000000000000888, 24.76039005290255446 ) ) ;
#1948 = ADVANCED_FACE ( 'NONE', ( #314 ), #4584, .T. ) ;
#1949 = LINE ( 'NONE', #5185, #5856 ) ;
#1950 = CARTESIAN_POINT ( 'NONE',  ( -8.809329155408457623, 3.999999999999999112, 24.67088925034040514 ) ) ;
#1951 = CARTESIAN_POINT ( 'NONE',  ( 0.4793194680529171414, 3.999999999999999112, 25.28427818816853545 ) ) ;
#1952 = LINE ( 'NONE', #240, #3883 ) ;
#1953 = EDGE_CURVE ( 'NONE', #5932, #2566, #3586, .T. ) ;
#1954 = EDGE_CURVE ( 'NONE', #4624, #6377, #487, .T. ) ;
#1955 = EDGE_LOOP ( 'NONE', ( #356, #1944, #662, #2049, #5785 ) ) ;
#1956 = CIRCLE ( 'NONE', #5128, 1.000000000000000888 ) ;
#1957 = ADVANCED_FACE ( 'NONE', ( #2033 ), #6337, .F. ) ;
#1958 = CARTESIAN_POINT ( 'NONE',  ( 7.547830047039920665, 3.999999999999997335, 22.22297937712744442 ) ) ;
#1959 = CARTESIAN_POINT ( 'NONE',  ( -2.131043554731823164, 4.500000000000000888, 25.68771921875660169 ) ) ;
#1960 = DIRECTION ( 'NONE',  ( 1.000000000000000000, 0.000000000000000000, 0.000000000000000000 ) ) ;
#1961 = DIRECTION ( 'NONE',  ( -1.000000000000000000, 0.000000000000000000, 0.000000000000000000 ) ) ;
#1962 = CARTESIAN_POINT ( 'NONE',  ( 0.02713675213675360159, 4.500000000000000888, 23.52075578744847917 ) ) ;
#1963 = CARTESIAN_POINT ( 'NONE',  ( 2.728455207884469491, 4.000000000000002665, 22.17918809198780039 ) ) ;
#1964 = ORIENTED_EDGE ( 'NONE', *, *, #3123, .T. ) ;
#1965 = CARTESIAN_POINT ( 'NONE',  ( 6.030949217144281782, 4.499999999999999112, 23.93920038580247578 ) ) ;
#1966 = CARTESIAN_POINT ( 'NONE',  ( -9.087653346913318941, 4.000000000000001776, 25.47213462129150230 ) ) ;
#1967 = VECTOR ( 'NONE', #5520, 1000.000000000000000 ) ;
#1968 = CARTESIAN_POINT ( 'NONE',  ( 8.612130354839548474, 4.500000000000000888, 22.78089819634744373 ) ) ;
#1969 = CYLINDRICAL_SURFACE ( 'NONE', #4790, 4.600000000000001421 ) ;
#1970 = ORIENTED_EDGE ( 'NONE', *, *, #1917, .T. ) ;
#1971 = CARTESIAN_POINT ( 'NONE',  ( -3.527777777777774570, 4.500000000000000888, 25.59586930240574532 ) ) ;
#1972 = CARTESIAN_POINT ( 'NONE',  ( -4.478425951149513473, 4.499999999999999112, 22.53242142451610519 ) ) ;
#1973 = CARTESIAN_POINT ( 'NONE',  ( 7.133289922362165747, 4.499999999999999112, 25.42445497820363443 ) ) ;
#1974 = CARTESIAN_POINT ( 'NONE',  ( 4.689225822134932109, 4.500000000000000888, 23.58856714766718099 ) ) ;
#1975 = ORIENTED_EDGE ( 'NONE', *, *, #1534, .T. ) ;
#1976 = ORIENTED_EDGE ( 'NONE', *, *, #6975, .T. ) ;
#1977 = CARTESIAN_POINT ( 'NONE',  ( -8.660254037844389075, 4.000000000000000000, 6.599999999999999645 ) ) ;
#1978 = CARTESIAN_POINT ( 'NONE',  ( 1.952310583101810604, 4.500000000000000888, 24.62240076884354423 ) ) ;
#1979 = CARTESIAN_POINT ( 'NONE',  ( -8.944614340585321344, 4.000000000000000000, 25.55642439221706042 ) ) ;
#1980 = VERTEX_POINT ( 'NONE', #6873 ) ;
#1981 = CARTESIAN_POINT ( 'NONE',  ( -1.802049946581189888, 4.500000000000000888, 23.58774964428608101 ) ) ;
#1982 = DIRECTION ( 'NONE',  ( 0.000000000000000000, 0.000000000000000000, -1.000000000000000000 ) ) ;
#1983 = CARTESIAN_POINT ( 'NONE',  ( 2.574722020727105321, 3.999999999999999112, 21.86088100955442926 ) ) ;
#1984 = VECTOR ( 'NONE', #2055, 1000.000000000000000 ) ;
#1985 = VERTEX_POINT ( 'NONE', #1541 ) ;
#1986 = CARTESIAN_POINT ( 'NONE',  ( -0.9767315831191729636, 4.000000000000000000, 25.37939423007210138 ) ) ;
#1987 = CARTESIAN_POINT ( 'NONE',  ( 19.50000000000000355, 0.000000000000000000, -20.49999999999999645 ) ) ;
#1988 = DIRECTION ( 'NONE',  ( -0.000000000000000000, -1.000000000000000000, -0.000000000000000000 ) ) ;
#1989 = CARTESIAN_POINT ( 'NONE',  ( 2.094825409703946928, 4.000000000000000000, 24.18143814742563436 ) ) ;
#1990 = B_SPLINE_CURVE_WITH_KNOTS ( 'NONE', 3,
 ( #4569, #6713, #187, #1905, #6171, #1320, #5134, #1283, #2336, #149, #1842, #2974, #6746, #5063, #2939, #4537, #5634, #4025, #1874 ),
 .UNSPECIFIED., .F., .F.,
 ( 4, 1, 1, 1, 1, 1, 1, 1, 1, 1, 1, 1, 1, 1, 1, 1, 4 ),
 ( 0.000000000000000000, 0.1055399964402578133, 0.2020864154635871601, 0.2906848989424215546, 0.3705526096211913534, 0.4426702615663767326, 0.5076749275738732248, 0.5655732034810453390, 0.6164546657486220660, 0.6633313570051054819, 0.7088620244966136186, 0.7534118003496272920, 0.7985150107871095138, 0.8450643214401197811, 0.8938731190084068245, 0.9447078060036532277, 0.9999999999999998890 ),
 .UNSPECIFIED. ) ;
#1991 = ORIENTED_EDGE ( 'NONE', *, *, #6252, .F. ) ;
#1992 = AXIS2_PLACEMENT_3D ( 'NONE', #3401, #6717, #1847 ) ;
#1993 = CARTESIAN_POINT ( 'NONE',  ( 7.381647800299662165, 3.999999999999997335, 22.59727244140972502 ) ) ;
#1994 = FACE_OUTER_BOUND ( 'NONE', #3388, .T. ) ;
#1995 = EDGE_CURVE ( 'NONE', #2458, #5106, #1509, .T. ) ;
#1996 = DIRECTION ( 'NONE',  ( -0.000000000000000000, -1.000000000000000000, -0.000000000000000000 ) ) ;
#1997 = CIRCLE ( 'NONE', #653, 16.99999999999999645 ) ;
#1998 = CARTESIAN_POINT ( 'NONE',  ( -4.187030399917572865, 4.000000000000001776, 21.59891609194279027 ) ) ;
#1999 = ADVANCED_FACE ( 'NONE', ( #1994 ), #5261, .T. ) ;
#2000 = CARTESIAN_POINT ( 'NONE',  ( 1.050063129619973612, 4.000000000000003553, 25.65101840851537318 ) ) ;
#2001 = AXIS2_PLACEMENT_3D ( 'NONE', #1000, #1939, #3143 ) ;
#2002 = CARTESIAN_POINT ( 'NONE',  ( 2.880606466394853626, 4.500000000000000888, 22.90956861210009876 ) ) ;
#2003 = VERTEX_POINT ( 'NONE', #3160 ) ;
#2004 = CARTESIAN_POINT ( 'NONE',  ( 6.051495726495730310, 4.500000000000000888, 24.23139948402967292 ) ) ;
#2005 = CYLINDRICAL_SURFACE ( 'NONE', #5996, 1.000000000000000888 ) ;
#2006 = CARTESIAN_POINT ( 'NONE',  ( 5.424470225569994142, 3.999999999999999112, 25.46672230019053274 ) ) ;
#2007 = EDGE_CURVE ( 'NONE', #5781, #598, #6940, .T. ) ;
#2008 = CARTESIAN_POINT ( 'NONE',  ( 1.471320779914531585, 4.500000000000000888, 24.94458725112369635 ) ) ;
#2009 = EDGE_CURVE ( 'NONE', #6452, #6936, #3620, .T. ) ;
#2010 = ORIENTED_EDGE ( 'NONE', *, *, #6216, .T. ) ;
#2011 = LINE ( 'NONE', #4669, #2648 ) ;
#2012 = CARTESIAN_POINT ( 'NONE',  ( -1.321523278739431762, 4.500000000000000888, 24.64919375333169427 ) ) ;
#2013 = CARTESIAN_POINT ( 'NONE',  ( 2.073466730052570206, 4.499999999999999112, 22.64483590567936133 ) ) ;
#2014 = CARTESIAN_POINT ( 'NONE',  ( -9.470726495726493610, 4.000000000000000000, 25.10486369343139401 ) ) ;
#2015 = VERTEX_POINT ( 'NONE', #6538 ) ;
#2016 = EDGE_LOOP ( 'NONE', ( #5270, #1645, #40, #65 ) ) ;
#2017 = AXIS2_PLACEMENT_3D ( 'NONE', #3420, #1204, #1688 ) ;
#2018 = CARTESIAN_POINT ( 'NONE',  ( -0.4613247863247799674, 4.500000000000000888, 24.23139948402967292 ) ) ;
#2019 = DIRECTION ( 'NONE',  ( 0.000000000000000000, -1.000000000000000000, 0.000000000000000000 ) ) ;
#2020 = CARTESIAN_POINT ( 'NONE',  ( 4.860174048168102168, 4.000000000000000000, 24.91851745285151409 ) ) ;
#2021 = ORIENTED_EDGE ( 'NONE', *, *, #4941, .T. ) ;
#2022 = LINE ( 'NONE', #410, #4452 ) ;
#2023 = DIRECTION ( 'NONE',  ( -0.000000000000000000, -1.000000000000000000, -0.000000000000000000 ) ) ;
#2024 = CARTESIAN_POINT ( 'NONE',  ( 7.403451402986486407, 4.000000000000000000, 24.45111661742942388 ) ) ;
#2025 = VERTEX_POINT ( 'NONE', #2067 ) ;
#2026 = DIRECTION ( 'NONE',  ( 0.000000000000000000, 0.000000000000000000, 1.000000000000000000 ) ) ;
#2027 = CARTESIAN_POINT ( 'NONE',  ( 7.987533386752140530, 4.500000000000000888, 25.70441631095275525 ) ) ;
#2028 = CARTESIAN_POINT ( 'NONE',  ( 0.5479254232804762204, 4.499999999999999112, 25.35778078400519675 ) ) ;
#2029 = DIRECTION ( 'NONE',  ( -0.000000000000000000, -1.000000000000000000, -0.000000000000000000 ) ) ;
#2030 = B_SPLINE_CURVE_WITH_KNOTS ( 'NONE', 3,
 ( #5511, #1717, #3834, #4446, #207, #629, #6120, #699, #3867, #1679, #5618, #5579, #2206, #6622, #2780, #2849, #734, #665, #774 ),
 .UNSPECIFIED., .F., .F.,
 ( 4, 1, 1, 1, 1, 1, 1, 1, 1, 1, 1, 1, 1, 1, 1, 1, 4 ),
 ( 0.000000000000000000, 0.06340052940042835428, 0.1249764099331408668, 0.1844921876584960097, 0.2434736282965414833, 0.3022637321141442568, 0.3613835718304164168, 0.4214817654110649126, 0.4834545367577937069, 0.5459360688045384880, 0.6081426980855858533, 0.6698202920949500871, 0.7323322942692651605, 0.7960922343214104080, 0.8616426668792315224, 0.9294352318828833504, 1.000000000000000000 ),
 .UNSPECIFIED. ) ;
#2031 = EDGE_LOOP ( 'NONE', ( #1606, #2505, #4069, #4641 ) ) ;
#2032 = CARTESIAN_POINT ( 'NONE',  ( 7.984141292735046136, 4.500000000000000888, 22.01381802035446711 ) ) ;
#2033 = FACE_OUTER_BOUND ( 'NONE', #6484, .T. ) ;
#2034 = LINE ( 'NONE', #5838, #3301 ) ;
#2035 = CARTESIAN_POINT ( 'NONE',  ( -5.104161962192351965, 4.499999999999999112, 21.36944611298124741 ) ) ;
#2036 = LINE ( 'NONE', #4872, #407 ) ;
#2037 = ORIENTED_EDGE ( 'NONE', *, *, #202, .T. ) ;
#2038 = SURFACE_SIDE_STYLE ('',( #6918 ) ) ;
#2039 = CARTESIAN_POINT ( 'NONE',  ( 4.636144497863251779, 4.000000000000000000, 25.70441631095275170 ) ) ;
#2040 = LINE ( 'NONE', #6994, #5697 ) ;
#2041 = ORIENTED_EDGE ( 'NONE', *, *, #4441, .F. ) ;
#2042 = LINE ( 'NONE', #4090, #3540 ) ;
#2043 = LINE ( 'NONE', #4091, #1314 ) ;
#2044 = CARTESIAN_POINT ( 'NONE',  ( 1.613560932256739910, 4.500000000000000888, 22.03172483408597060 ) ) ;
#2045 = DIRECTION ( 'NONE',  ( 0.000000000000000000, 0.000000000000000000, -1.000000000000000000 ) ) ;
#2046 = ORIENTED_EDGE ( 'NONE', *, *, #1196, .F. ) ;
#2047 = ADVANCED_FACE ( 'NONE', ( #6407 ), #5500, .F. ) ;
#2048 = EDGE_CURVE ( 'NONE', #4254, #5166, #6770, .T. ) ;
#2049 = ORIENTED_EDGE ( 'NONE', *, *, #109, .T. ) ;
#2050 = CARTESIAN_POINT ( 'NONE',  ( 0.9705736310306316561, 4.000000000000000888, 22.32439080759634109 ) ) ;
#2051 = CARTESIAN_POINT ( 'NONE',  ( 2.143080589339188435, 4.000000000000000000, 23.54705030498525176 ) ) ;
#2052 = CARTESIAN_POINT ( 'NONE',  ( -2.131043554731823164, 4.500000000000000888, 25.68771921875660169 ) ) ;
#2053 = ORIENTED_EDGE ( 'NONE', *, *, #809, .F. ) ;
#2054 = CARTESIAN_POINT ( 'NONE',  ( 1.446659875082505264, 4.000000000000000000, 24.94355836941234372 ) ) ;
#2055 = DIRECTION ( 'NONE',  ( -0.000000000000000000, -1.000000000000000000, -0.000000000000000000 ) ) ;
#2056 = CARTESIAN_POINT ( 'NONE',  ( 2.449991284226548327, 4.000000000000000888, 21.68611330603198439 ) ) ;
#2057 = VERTEX_POINT ( 'NONE', #654 ) ;
#2058 = FACE_OUTER_BOUND ( 'NONE', #4614, .T. ) ;
#2059 = CARTESIAN_POINT ( 'NONE',  ( 2.143524205401078575, 4.000000000000000000, 23.41417283252586401 ) ) ;
#2060 = AXIS2_PLACEMENT_3D ( 'NONE', #2293, #4460, #3314 ) ;
#2061 = DIRECTION ( 'NONE',  ( -0.000000000000000000, -1.000000000000000000, -0.000000000000000000 ) ) ;
#2062 = ORIENTED_EDGE ( 'NONE', *, *, #6253, .F. ) ;
#2063 = CARTESIAN_POINT ( 'NONE',  ( 2.226062541732349409, 4.499999999999999112, 21.48111679084876258 ) ) ;
#2064 = VERTEX_POINT ( 'NONE', #1881 ) ;
#2065 = VECTOR ( 'NONE', #2166, 1000.000000000000000 ) ;
#2066 = CARTESIAN_POINT ( 'NONE',  ( 7.950892880077506497, 3.999999999999999112, 22.01539392901172931 ) ) ;
#2067 = CARTESIAN_POINT ( 'NONE',  ( -8.660254037844389075, 1.000000000000000888, 3.399999999999996358 ) ) ;
#2068 = ORIENTED_EDGE ( 'NONE', *, *, #162, .F. ) ;
#2069 = FACE_OUTER_BOUND ( 'NONE', #1592, .T. ) ;
#2070 = CARTESIAN_POINT ( 'NONE',  ( -4.504700854700851131, 4.500000000000000888, 23.66407175967070486 ) ) ;
#2071 = DIRECTION ( 'NONE',  ( -0.000000000000000000, -1.000000000000000000, -0.000000000000000000 ) ) ;
#2072 = CARTESIAN_POINT ( 'NONE',  ( -4.585762760151823159, 4.500000000000002665, 21.43026917015547284 ) ) ;
#2073 = CARTESIAN_POINT ( 'NONE',  ( 5.387090073654102973, 4.500000000000000888, 22.98047589546434466 ) ) ;
#2074 = CIRCLE ( 'NONE', #1746, 1.000000000000000888 ) ;
#2075 = AXIS2_PLACEMENT_3D ( 'NONE', #3565, #4136, #6314 ) ;
#2076 = CARTESIAN_POINT ( 'NONE',  ( 5.226566072372622607, 4.000000000000000000, 23.93190876832493430 ) ) ;
#2077 = CARTESIAN_POINT ( 'NONE',  ( 7.097157736857568011, 3.999999999999998224, 21.57693643308526177 ) ) ;
#2078 = CARTESIAN_POINT ( 'NONE',  ( 1.474712873931625090, 4.000000000000000000, 25.70441631095275170 ) ) ;
#2079 = DIRECTION ( 'NONE',  ( -0.000000000000000000, -1.000000000000000000, -0.000000000000000000 ) ) ;
#2080 = ORIENTED_EDGE ( 'NONE', *, *, #1409, .T. ) ;
#2081 = CARTESIAN_POINT ( 'NONE',  ( 9.416452991452995747, 4.000000000000000000, 23.48089868274762537 ) ) ;
#2082 = CARTESIAN_POINT ( 'NONE',  ( 2.241719299435720458, 4.000000000000000000, 25.48500050962670116 ) ) ;
#2083 = CARTESIAN_POINT ( 'NONE',  ( 4.710770566239319557, 4.500000000000000888, 23.58774964428608456 ) ) ;
#2084 = ORIENTED_EDGE ( 'NONE', *, *, #770, .T. ) ;
#2085 = EDGE_LOOP ( 'NONE', ( #2185, #3847, #4960, #3906, #6074, #5711, #4034, #1738 ) ) ;
#2086 = CARTESIAN_POINT ( 'NONE',  ( 0.8912878113854776352, 4.000000000000000000, 22.51995230601106002 ) ) ;
#2087 = CARTESIAN_POINT ( 'NONE',  ( 9.238533046693577333, 4.500000000000000888, 24.79261773730352658 ) ) ;
#2088 = EDGE_CURVE ( 'NONE', #2690, #6521, #6072, .T. ) ;
#2089 = CARTESIAN_POINT ( 'NONE',  ( 5.282637884323846400, 4.000000000000006217, 24.11810818465132655 ) ) ;
#2090 = EDGE_CURVE ( 'NONE', #5066, #5148, #1356, .T. ) ;
#2091 = EDGE_LOOP ( 'NONE', ( #6626, #6787, #3624, #3209 ) ) ;
#2092 = CARTESIAN_POINT ( 'NONE',  ( -1.994311652309626703, 4.500000000000000888, 23.62511285261429350 ) ) ;
#2093 = EDGE_CURVE ( 'NONE', #2340, #5314, #4506, .T. ) ;
#2094 = CARTESIAN_POINT ( 'NONE',  ( -2.119186603980141470, 4.500000000000000888, 23.69383538854215487 ) ) ;
#2095 = CARTESIAN_POINT ( 'NONE',  ( 7.771300618009923333, 4.000000000000000000, 24.90277380790520212 ) ) ;
#2096 = CARTESIAN_POINT ( 'NONE',  ( 5.054284800770857622, 4.500000000000000888, 25.64658468593414398 ) ) ;
#2097 = CARTESIAN_POINT ( 'NONE',  ( 1.802245928222258486, 4.500000000000000888, 22.13730806386319827 ) ) ;
#2098 = CARTESIAN_POINT ( 'NONE',  ( 0.05120087813169067054, 3.999999999999998224, 24.08951470073433043 ) ) ;
#2099 = CARTESIAN_POINT ( 'NONE',  ( 2.770308322612703211, 4.500000000000000888, 22.30282473879324812 ) ) ;
#2100 = VERTEX_POINT ( 'NONE', #1291 ) ;
#2101 = CARTESIAN_POINT ( 'NONE',  ( 6.887646901709405967, 4.500000000000000888, 21.82979691992711579 ) ) ;
#2102 = ORIENTED_EDGE ( 'NONE', *, *, #5904, .F. ) ;
#2103 = CARTESIAN_POINT ( 'NONE',  ( 4.032373465482356423, 3.999999999999998224, 25.58747074483705575 ) ) ;
#2104 = LINE ( 'NONE', #6410, #3088 ) ;
#2105 = CARTESIAN_POINT ( 'NONE',  ( 9.416048689572326325, 4.000000000000000000, 23.54931416868776850 ) ) ;
#2106 = VECTOR ( 'NONE', #4267, 1000.000000000000000 ) ;
#2107 = CARTESIAN_POINT ( 'NONE',  ( -4.504700854700851131, 4.500000000000000888, 23.66407175967070486 ) ) ;
#2108 = VECTOR ( 'NONE', #3061, 1000.000000000000000 ) ;
#2109 = CARTESIAN_POINT ( 'NONE',  ( -1.833426816239309698, 4.500000000000000888, 24.94458725112368924 ) ) ;
#2110 = CARTESIAN_POINT ( 'NONE',  ( -17.49999999999999645, 1.500000000000000000, 21.00000000000000355 ) ) ;
#2111 = CARTESIAN_POINT ( 'NONE',  ( 1.512610591538606108, 4.000000000000000000, 25.70377524983558359 ) ) ;
#2112 = CARTESIAN_POINT ( 'NONE',  ( 4.211284722222226051, 4.500000000000000888, 23.85826914214933225 ) ) ;
#2113 = EDGE_LOOP ( 'NONE', ( #6094, #2801 ) ) ;
#2114 = CARTESIAN_POINT ( 'NONE',  ( 2.768944276768670498, 4.000000000000001776, 24.66871562668636031 ) ) ;
#2115 = CARTESIAN_POINT ( 'NONE',  ( -1.744384348290591635, 4.500000000000000888, 22.82792058445702210 ) ) ;
#2116 = VECTOR ( 'NONE', #1064, 1000.000000000000000 ) ;
#2117 = ORIENTED_EDGE ( 'NONE', *, *, #3045, .F. ) ;
#2118 = CARTESIAN_POINT ( 'NONE',  ( 0.000000000000000000, 1.000000000000000000, 0.000000000000000000 ) ) ;
#2119 = CARTESIAN_POINT ( 'NONE',  ( 8.675701966170302981, 3.999999999999999112, 25.53692061748268571 ) ) ;
#2120 = CARTESIAN_POINT ( 'NONE',  ( 5.226566072372622607, 4.500000000000000888, 23.93190876832493430 ) ) ;
#2121 = VERTEX_POINT ( 'NONE', #154 ) ;
#2122 = CARTESIAN_POINT ( 'NONE',  ( -4.889729441805251042, 4.500000000000000888, 22.96619394088737920 ) ) ;
#2123 = CARTESIAN_POINT ( 'NONE',  ( -2.057272157006996949, 3.999999999999999112, 23.65487982036388104 ) ) ;
#2124 = CARTESIAN_POINT ( 'NONE',  ( 5.113749670485161047, 4.000000000000000888, 24.75262651814961856 ) ) ;
#2125 = CARTESIAN_POINT ( 'NONE',  ( -20.49999999999999645, 3.000000000000006217, 19.49999999999999645 ) ) ;
#2126 = DIRECTION ( 'NONE',  ( 0.000000000000000000, 0.000000000000000000, 1.000000000000000000 ) ) ;
#2127 = CARTESIAN_POINT ( 'NONE',  ( 1.743471366059381245, 4.499999999999999112, 22.09147355775840182 ) ) ;
#2128 = CARTESIAN_POINT ( 'NONE',  ( -5.061967362637805223, 4.500000000000000888, 22.98593380103035955 ) ) ;
#2129 = ORIENTED_EDGE ( 'NONE', *, *, #3818, .T. ) ;
#2130 = CARTESIAN_POINT ( 'NONE',  ( 2.449991284226548327, 4.000000000000004441, 21.68611330603198439 ) ) ;
#2131 = ORIENTED_EDGE ( 'NONE', *, *, #4780, .F. ) ;
#2132 = EDGE_CURVE ( 'NONE', #3050, #762, #3892, .T. ) ;
#2133 = EDGE_CURVE ( 'NONE', #5106, #2796, #3354, .T. ) ;
#2134 = CARTESIAN_POINT ( 'NONE',  ( 8.516884685961862544, 4.000000000000000000, 22.42046165344466502 ) ) ;
#2135 = ADVANCED_FACE ( 'NONE', ( #3502 ), #2804, .F. ) ;
#2136 = VERTEX_POINT ( 'NONE', #3962 ) ;
#2137 = CARTESIAN_POINT ( 'NONE',  ( -17.49999999999999645, 40.67424164178449786, 21.50000000000000000 ) ) ;
#2138 = CARTESIAN_POINT ( 'NONE',  ( -5.104161962192351965, 4.000000000000000000, 21.36944611298124741 ) ) ;
#2139 = CARTESIAN_POINT ( 'NONE',  ( 7.987533386752140530, 4.000000000000000000, 25.70441631095275525 ) ) ;
#2140 = CARTESIAN_POINT ( 'NONE',  ( 4.710770566239319557, 4.000000000000000888, 23.58774964428608456 ) ) ;
#2141 = CARTESIAN_POINT ( 'NONE',  ( 4.502497724547864344, 4.500000000000000888, 24.92311251492417412 ) ) ;
#2142 = CARTESIAN_POINT ( 'NONE',  ( 7.097157736857568011, 4.499999999999999112, 21.57693643308526177 ) ) ;
#2143 = CARTESIAN_POINT ( 'NONE',  ( -8.442029428734612040, 4.499999999999999112, 24.92718493407655700 ) ) ;
#2144 = CARTESIAN_POINT ( 'NONE',  ( -0.8719020525498933916, 4.000000000000000888, 25.28012416077510949 ) ) ;
#2145 = EDGE_LOOP ( 'NONE', ( #4424, #3191, #6910, #3435, #1268, #6136, #3292, #4178, #867, #4382, #4541, #1770, #5964, #5196, #3890 ) ) ;
#2146 = CARTESIAN_POINT ( 'NONE',  ( 1.897459927640558375, 4.500000000000000888, 25.65119496330757087 ) ) ;
#2147 = CARTESIAN_POINT ( 'NONE',  ( -1.699370301544755879, 4.500000000000000888, 22.82895205524460636 ) ) ;
#2148 = VERTEX_POINT ( 'NONE', #5068 ) ;
#2149 = ORIENTED_EDGE ( 'NONE', *, *, #2881, .T. ) ;
#2150 = CARTESIAN_POINT ( 'NONE',  ( -6.322863247863244496, 4.500000000000000888, 21.36253596907241459 ) ) ;
#2151 = CARTESIAN_POINT ( 'NONE',  ( 9.317574071434668426, 4.500000000000000888, 24.53309908644800075 ) ) ;
#2152 = CARTESIAN_POINT ( 'NONE',  ( 4.935405969486967415, 4.000000000000004441, 23.63323322194409926 ) ) ;
#2153 = ORIENTED_EDGE ( 'NONE', *, *, #5382, .T. ) ;
#2154 = CARTESIAN_POINT ( 'NONE',  ( 1.495135400652591429, 4.000000000000000888, 24.94388321381370588 ) ) ;
#2155 = PLANE ( 'NONE',  #2158 ) ;
#2156 = CARTESIAN_POINT ( 'NONE',  ( 4.860174048168102168, 4.500000000000000888, 24.91851745285151409 ) ) ;
#2157 = CARTESIAN_POINT ( 'NONE',  ( 6.028760635719165428, 4.500000000000000888, 24.52894324076779853 ) ) ;
#2158 = AXIS2_PLACEMENT_3D ( 'NONE', #4320, #6494, #6974 ) ;
#2159 = CARTESIAN_POINT ( 'NONE',  ( 7.097157736857568011, 3.999999999999999112, 21.57693643308526177 ) ) ;
#2160 = CARTESIAN_POINT ( 'NONE',  ( -5.216187945022367600, 4.000000000000003553, 22.12304886836487228 ) ) ;
#2161 = CARTESIAN_POINT ( 'NONE',  ( -4.889729441805251042, 4.500000000000000888, 22.96619394088737920 ) ) ;
#2162 = ORIENTED_EDGE ( 'NONE', *, *, #4295, .T. ) ;
#2163 = CARTESIAN_POINT ( 'NONE',  ( -8.125131211544763588, 4.000000000000003553, 24.84249922909548047 ) ) ;
#2164 = EDGE_LOOP ( 'NONE', ( #1241, #3067, #4408, #444 ) ) ;
#2165 = CARTESIAN_POINT ( 'NONE',  ( 8.472353883941110553, 4.000000000000000000, 22.33201707265316571 ) ) ;
#2166 = DIRECTION ( 'NONE',  ( -0.000000000000000000, -1.000000000000000000, -0.000000000000000000 ) ) ;
#2167 = CARTESIAN_POINT ( 'NONE',  ( -3.762886930008058961, 4.500000000000000888, 22.20298248379252470 ) ) ;
#2168 = EDGE_CURVE ( 'NONE', #598, #3739, #4436, .T. ) ;
#2169 = CARTESIAN_POINT ( 'NONE',  ( 8.099390726769916782, 4.000000000000000000, 25.70252418140291439 ) ) ;
#2170 = ADVANCED_FACE ( 'NONE', ( #725 ), #2874, .T. ) ;
#2171 = EDGE_CURVE ( 'NONE', #1225, #2136, #2343, .T. ) ;
#2172 = CARTESIAN_POINT ( 'NONE',  ( -3.866342217292234817, 4.500000000000002665, 23.17849930960185389 ) ) ;
#2173 = B_SPLINE_CURVE_WITH_KNOTS ( 'NONE', 3,
 ( #933, #368, #6819, #5674, #5177, #1941, #301, #6894, #4611, #4098, #3010, #1460, #6240, #336, #1388, #3571, #5712, #2483, #3079, #6278, #1424, #5816, #5748, #2519, #3047, #5207, #4675 ),
 .UNSPECIFIED., .F., .F.,
 ( 4, 1, 1, 1, 1, 1, 1, 1, 1, 1, 1, 1, 1, 1, 1, 1, 1, 1, 1, 1, 1, 1, 1, 1, 4 ),
 ( 0.000000000000000000, 0.03663489025512759595, 0.07203398234778954357, 0.1066259706074962482, 0.1403056939382975876, 0.1736194704926827537, 0.2064256725696818062, 0.2390670061327426488, 0.2718828805625945200, 0.3048398888131209628, 0.3385290337045879783, 0.3726161878593847732, 0.4075482500265394381, 0.4437189059571701177, 0.4813115090919060646, 0.5201129981462017104, 0.5609129028334484124, 0.6040246006136036350, 0.6500745638656778569, 0.6995722277770578534, 0.7523625390892975107, 0.8087887173463874646, 0.8689542125204791079, 0.9326747199379391562, 1.000000000000000000 ),
 .UNSPECIFIED. ) ;
#2174 = CARTESIAN_POINT ( 'NONE',  ( -7.299786324786322389, 4.000000000000000000, 24.17288586223481417 ) ) ;
#2175 = CARTESIAN_POINT ( 'NONE',  ( -1.493111252683502199, 4.500000000000000888, 24.83632663176656052 ) ) ;
#2176 = VECTOR ( 'NONE', #2061, 1000.000000000000000 ) ;
#2177 = AXIS2_PLACEMENT_3D ( 'NONE', #4554, #5156, #4625 ) ;
#2178 = CARTESIAN_POINT ( 'NONE',  ( -8.313174412393163237, 3.999999999999999112, 24.94458725112370701 ) ) ;
#2179 = CARTESIAN_POINT ( 'NONE',  ( 2.204364238465235428E-15, 5.500000000000000000, 18.00000000000000000 ) ) ;
#2180 = B_SPLINE_CURVE_WITH_KNOTS ( 'NONE', 3,
 ( #2797, #6493, #1697, #1037, #4393, #2122, #6565, #3848, #3319, #5350, #511, #2663, #4824, #7011, #682, #6103, #2832, #2973, #1873 ),
 .UNSPECIFIED., .F., .F.,
 ( 4, 1, 1, 1, 1, 1, 1, 1, 1, 1, 1, 1, 1, 1, 1, 1, 4 ),
 ( 0.000000000000000000, 0.1055399964402578133, 0.2020864154635871601, 0.2906848989424215546, 0.3705526096211913534, 0.4426702615663767326, 0.5076749275738732248, 0.5655732034810453390, 0.6164546657486220660, 0.6633313570051054819, 0.7088620244966136186, 0.7534118003496272920, 0.7985150107871095138, 0.8450643214401197811, 0.8938731190084068245, 0.9447078060036532277, 0.9999999999999998890 ),
 .UNSPECIFIED. ) ;
#2181 = CARTESIAN_POINT ( 'NONE',  ( 1.695200130256970361, 4.500000000000000888, 25.69243952143810006 ) ) ;
#2182 = CARTESIAN_POINT ( 'NONE',  ( -1.238131519372779321, 4.500000000000002665, 22.92404526484314076 ) ) ;
#2183 = ORIENTED_EDGE ( 'NONE', *, *, #3781, .T. ) ;
#2184 = VECTOR ( 'NONE', #2552, 1000.000000000000000 ) ;
#2185 = ORIENTED_EDGE ( 'NONE', *, *, #5373, .F. ) ;
#2186 = CARTESIAN_POINT ( 'NONE',  ( 4.260560373578587523, 4.499999999999999112, 25.66401143289566633 ) ) ;
#2187 = CARTESIAN_POINT ( 'NONE',  ( 9.281764789589185938, 3.999999999999999112, 24.66871562668634610 ) ) ;
#2188 = CARTESIAN_POINT ( 'NONE',  ( 5.291666666666670515, 4.500000000000000888, 24.25768821266215625 ) ) ;
#2189 = ORIENTED_EDGE ( 'NONE', *, *, #1363, .T. ) ;
#2190 = AXIS2_PLACEMENT_3D ( 'NONE', #4668, #1903, #6312 ) ;
#2191 = CARTESIAN_POINT ( 'NONE',  ( 1.609752713673869184, 3.999999999999997335, 24.92835552584215719 ) ) ;
#2192 = CARTESIAN_POINT ( 'NONE',  ( 1.613560932256739910, 4.000000000000000000, 22.03172483408597060 ) ) ;
#2193 = CARTESIAN_POINT ( 'NONE',  ( 4.679393696581200857, 4.500000000000000888, 24.94458725112369635 ) ) ;
#2194 = B_SPLINE_SURFACE_WITH_KNOTS ( 'NONE', 3, 1, ( 
 ( #2115, #1591 ),
 ( #2147, #2716 ),
 ( #3245, #2790 ),
 ( #4814, #6486 ),
 ( #5408, #3310 ),
 ( #2182, #5982 ),
 ( #2256, #533 ),
 ( #1726, #4423 ),
 ( #6520, #3211 ),
 ( #107, #3741 ),
 ( #3842, #7000 ),
 ( #6596, #5486 ),
 ( #5342, #4879 ),
 ( #5374, #4350 ),
 ( #3877, #3278 ),
 ( #1657, #2688 ),
 ( #3809, #4384 ),
 ( #4280, #4850 ),
 ( #5443, #74 ) ),
 .UNSPECIFIED., .F., .F., .F.,
 ( 4, 1, 1, 1, 1, 1, 1, 1, 1, 1, 1, 1, 1, 1, 1, 1, 4 ),
 ( 2, 2 ),
 ( 0.000000000000000000, 0.06340052940042835428, 0.1249764099331408668, 0.1844921876584960097, 0.2434736282965414833, 0.3022637321141442568, 0.3613835718304164168, 0.4214817654110649126, 0.4834545367577937069, 0.5459360688045384880, 0.6081426980855858533, 0.6698202920949500871, 0.7323322942692651605, 0.7960922343214104080, 0.8616426668792315224, 0.9294352318828833504, 1.000000000000000000 ),
 ( 0.000000000000000000, 1.000000000000000000 ),
 .UNSPECIFIED. ) ;
#2195 = VECTOR ( 'NONE', #1351, 1000.000000000000000 ) ;
#2196 = CARTESIAN_POINT ( 'NONE',  ( -19.49999999999999645, 4.000000000000000000, 20.49999999999999645 ) ) ;
#2197 = CARTESIAN_POINT ( 'NONE',  ( 0.4719638505745318846, 4.500000000000000888, 21.69447423842444067 ) ) ;
#2198 = CARTESIAN_POINT ( 'NONE',  ( 1.650102818612085042E-15, 5.500000000000000000, 19.50000000000000355 ) ) ;
#2199 = CARTESIAN_POINT ( 'NONE',  ( -5.057276160321483971, 4.500000000000002665, 22.12788971996575782 ) ) ;
#2200 = CARTESIAN_POINT ( 'NONE',  ( -4.647812991653619719, 3.999999999999998224, 22.89142321875509722 ) ) ;
#2201 = CARTESIAN_POINT ( 'NONE',  ( -8.125131211544763588, 4.500000000000000888, 24.84249922909548047 ) ) ;
#2202 = CARTESIAN_POINT ( 'NONE',  ( 8.315066441042771928, 4.000000000000000888, 22.13730806386320182 ) ) ;
#2203 = ORIENTED_EDGE ( 'NONE', *, *, #760, .T. ) ;
#2204 = CARTESIAN_POINT ( 'NONE',  ( -3.912997219341781463, 4.000000000000000000, 23.24925229474108690 ) ) ;
#2205 = LINE ( 'NONE', #1647, #6382 ) ;
#2206 = CARTESIAN_POINT ( 'NONE',  ( -0.6012991775374215697, 4.000000000000001776, 23.54820870292010682 ) ) ;
#2207 = CARTESIAN_POINT ( 'NONE',  ( 5.847886753005496097, 4.500000000000000888, 23.43197833215149117 ) ) ;
#2208 = CARTESIAN_POINT ( 'NONE',  ( -7.742499969873281707, 4.000000000000000888, 25.54865936785757796 ) ) ;
#2209 = CARTESIAN_POINT ( 'NONE',  ( -1.265132659007193627, 3.999999999999998224, 24.53223885853339681 ) ) ;
#2210 = CARTESIAN_POINT ( 'NONE',  ( -8.377066051540662528, 3.999999999999999112, 24.94101930843800474 ) ) ;
#2211 = CARTESIAN_POINT ( 'NONE',  ( -1.592803509325293909, 4.000000000000000888, 25.68078935812840768 ) ) ;
#2212 = ORIENTED_EDGE ( 'NONE', *, *, #6086, .T. ) ;
#2213 = CARTESIAN_POINT ( 'NONE',  ( 0.02926046610154170793, 3.999999999999999112, 23.24573155039960426 ) ) ;
#2214 = CARTESIAN_POINT ( 'NONE',  ( 20.50000000000000355, 3.000000000000006217, 29.50000000000000000 ) ) ;
#2215 = VERTEX_POINT ( 'NONE', #6647 ) ;
#2216 = EDGE_CURVE ( 'NONE', #3875, #3634, #229, .T. ) ;
#2217 = PRESENTATION_LAYER_ASSIGNMENT (  '', '', ( #427 ) ) ;
#2218 = ADVANCED_FACE ( 'NONE', ( #2414 ), #6718, .T. ) ;
#2219 = EDGE_LOOP ( 'NONE', ( #3840, #6069, #6201, #3046 ) ) ;
#2220 = DIRECTION ( 'NONE',  ( -0.000000000000000000, -1.000000000000000000, -0.000000000000000000 ) ) ;
#2221 = CARTESIAN_POINT ( 'NONE',  ( -7.339249161200984695, 4.000000000000005329, 24.85107779866617861 ) ) ;
#2222 = ADVANCED_FACE ( 'NONE', ( #2945 ), #4576, .F. ) ;
#2223 = ADVANCED_FACE ( 'NONE', ( #2977 ), #5749, .T. ) ;
#2224 = CARTESIAN_POINT ( 'NONE',  ( 8.592517210925340265, 4.500000000000000888, 25.58232908777731041 ) ) ;
#2225 = CARTESIAN_POINT ( 'NONE',  ( 1.452664262820513974, 4.000000000000000000, 21.25398896052540465 ) ) ;
#2226 = ORIENTED_EDGE ( 'NONE', *, *, #463, .T. ) ;
#2227 = DIRECTION ( 'NONE',  ( -0.000000000000000000, -1.000000000000000000, -0.000000000000000000 ) ) ;
#2228 = CARTESIAN_POINT ( 'NONE',  ( -17.49999999999999645, 4.000000000000003553, 27.50000000000000355 ) ) ;
#2229 = CARTESIAN_POINT ( 'NONE',  ( 7.536499140886969705, 4.500000000000000888, 24.71010576883795196 ) ) ;
#2230 = CARTESIAN_POINT ( 'NONE',  ( 5.291666666666670515, 4.500000000000000888, 24.25768821266215625 ) ) ;
#2231 = VECTOR ( 'NONE', #6352, 1000.000000000000000 ) ;
#2232 = ORIENTED_EDGE ( 'NONE', *, *, #3937, .T. ) ;
#2233 = EDGE_LOOP ( 'NONE', ( #4186, #4134, #5310, #6505 ) ) ;
#2234 = CARTESIAN_POINT ( 'NONE',  ( 3.571875000000003908, 4.000000000000000000, 23.71156107591001572 ) ) ;
#2235 = CARTESIAN_POINT ( 'NONE',  ( 18.00000000000000355, 40.67424164178449786, 27.50000000000000355 ) ) ;
#2236 = DIRECTION ( 'NONE',  ( -0.9782753810969015973, 0.000000000000000000, -0.2073096204707153001 ) ) ;
#2237 = CARTESIAN_POINT ( 'NONE',  ( -5.133053106808287858, 4.000000000000003553, 22.12445441882625019 ) ) ;
#2238 = CARTESIAN_POINT ( 'NONE',  ( -5.230890390055166428, 4.000000000000000000, 22.99033357331166627 ) ) ;
#2239 = ORIENTED_EDGE ( 'NONE', *, *, #3000, .F. ) ;
#2240 =( GEOMETRIC_REPRESENTATION_CONTEXT ( 3 ) GLOBAL_UNCERTAINTY_ASSIGNED_CONTEXT ( ( #3071 ) ) GLOBAL_UNIT_ASSIGNED_CONTEXT ( ( #1023, #128, #3135 ) ) REPRESENTATION_CONTEXT ( 'NONE', 'WORKASPACE' ) );
#2241 = DIRECTION ( 'NONE',  ( 0.000000000000000000, 1.000000000000000000, -0.000000000000000000 ) ) ;
#2242 = CARTESIAN_POINT ( 'NONE',  ( -4.818969058932524696, 4.500000000000000888, 21.39160202885770801 ) ) ;
#2243 = CARTESIAN_POINT ( 'NONE',  ( 7.060745936100991216, 4.000000000000000000, 25.35778078400520386 ) ) ;
#2244 = AXIS2_PLACEMENT_3D ( 'NONE', #2437, #783, #2506 ) ;
#2245 = CARTESIAN_POINT ( 'NONE',  ( -4.409750838662545469, 4.000000000000000888, 23.62863079388061749 ) ) ;
#2246 = CARTESIAN_POINT ( 'NONE',  ( -3.718034887005424505, 4.500000000000000888, 22.53306163215013669 ) ) ;
#2247 = CARTESIAN_POINT ( 'NONE',  ( 1.935189636752137954, 4.500000000000000888, 24.65371518915787874 ) ) ;
#2248 = DIRECTION ( 'NONE',  ( -0.2022968521692538602, 0.000000000000000000, 0.9793242484501295531 ) ) ;
#2249 = ORIENTED_EDGE ( 'NONE', *, *, #4604, .T. ) ;
#2250 = CARTESIAN_POINT ( 'NONE',  ( 0.000000000000000000, 4.000000000000000000, 0.000000000000000000 ) ) ;
#2251 = CARTESIAN_POINT ( 'NONE',  ( 0.7892269100753469546, 4.500000000000000888, 23.71728889920657579 ) ) ;
#2252 = CARTESIAN_POINT ( 'NONE',  ( 4.211284722222226051, 4.500000000000000888, 23.85826914214933225 ) ) ;
#2253 = CARTESIAN_POINT ( 'NONE',  ( 5.951383736675908587, 4.000000000000000000, 24.80460897103013096 ) ) ;
#2254 = ORIENTED_EDGE ( 'NONE', *, *, #5686, .F. ) ;
#2255 = CARTESIAN_POINT ( 'NONE',  ( 0.3465572178531227121, 4.000000000000000888, 21.87640872641539147 ) ) ;
#2256 = CARTESIAN_POINT ( 'NONE',  ( -1.125730439166407582, 4.499999999999999112, 22.98047589546433755 ) ) ;
#2257 = ORIENTED_EDGE ( 'NONE', *, *, #501, .T. ) ;
#2258 = CARTESIAN_POINT ( 'NONE',  ( -3.861101257835901190, 3.999999999999999112, 21.96477478277622453 ) ) ;
#2259 = CARTESIAN_POINT ( 'NONE',  ( -7.356838662160980036, 4.500000000000000888, 24.95012657293889902 ) ) ;
#2260 = CARTESIAN_POINT ( 'NONE',  ( -5.304387019230766498, 4.500000000000000888, 22.12236502890147349 ) ) ;
#2261 = ORIENTED_EDGE ( 'NONE', *, *, #4953, .F. ) ;
#2262 = LINE ( 'NONE', #2723, #3649 ) ;
#2263 = CARTESIAN_POINT ( 'NONE',  ( 2.142864614512655752, 4.500000000000000888, 21.42776564186328159 ) ) ;
#2264 = CARTESIAN_POINT ( 'NONE',  ( 9.416452991452995747, 4.500000000000000888, 23.48089868274762537 ) ) ;
#2265 = ADVANCED_FACE ( 'NONE', ( #2484 ), #6323, .F. ) ;
#2266 = FACE_OUTER_BOUND ( 'NONE', #6932, .T. ) ;
#2267 = ADVANCED_FACE ( 'NONE', ( #6859 ), #901, .T. ) ;
#2268 = EDGE_LOOP ( 'NONE', ( #1553, #72, #2297, #2791, #3852, #3215, #2913, #3233 ) ) ;
#2269 = VERTEX_POINT ( 'NONE', #6820 ) ;
#2270 = CARTESIAN_POINT ( 'NONE',  ( 0.8179360346942544657, 4.500000000000002665, 22.87908637419468505 ) ) ;
#2271 = DIRECTION ( 'NONE',  ( -1.000000000000000000, 0.000000000000000000, 0.000000000000000000 ) ) ;
#2272 = CARTESIAN_POINT ( 'NONE',  ( 7.349455777212874352, 4.000000000000001776, 21.39517692837830154 ) ) ;
#2273 = CARTESIAN_POINT ( 'NONE',  ( -4.928077096455375283, 4.000000000000003553, 22.13985602551106879 ) ) ;
#2274 = CARTESIAN_POINT ( 'NONE',  ( 18.50000000000000355, 4.000000000000000000, 27.50000000000000355 ) ) ;
#2275 = CARTESIAN_POINT ( 'NONE',  ( -8.083030184645101812, 4.500000000000000888, 24.71201118224543336 ) ) ;
#2276 = CARTESIAN_POINT ( 'NONE',  ( -4.062796678612436097, 4.500000000000000888, 21.70127969922982203 ) ) ;
#2277 = VERTEX_POINT ( 'NONE', #6241 ) ;
#2278 = CARTESIAN_POINT ( 'NONE',  ( -1.221627833771758098, 4.000000000000000888, 24.23364225553467222 ) ) ;
#2279 = DIRECTION ( 'NONE',  ( 0.000000000000000000, -1.000000000000000000, 0.000000000000000000 ) ) ;
#2280 = CARTESIAN_POINT ( 'NONE',  ( -3.904995179837944974, 4.000000000000001776, 21.89239220105062955 ) ) ;
#2281 = CARTESIAN_POINT ( 'NONE',  ( 0.5843372240370551252, 3.999999999999999112, 21.57693643308525466 ) ) ;
#2282 = CARTESIAN_POINT ( 'NONE',  ( 4.581890430522422619, 4.000000000000000888, 23.60353724680469512 ) ) ;
#2283 = EDGE_LOOP ( 'NONE', ( #2851, #13, #1047, #2239 ) ) ;
#2284 = CARTESIAN_POINT ( 'NONE',  ( 1.474712873931625090, 4.000000000000000000, 25.70441631095275170 ) ) ;
#2285 = B_SPLINE_CURVE_WITH_KNOTS ( 'NONE', 3,
 ( #6803, #812, #5691, #1341, #1894, #4696, #5192, #5119, #6224, #1475, #6733, #1863, #2501, #2541, #1442, #1373, #5657, #315, #2960 ),
 .UNSPECIFIED., .F., .F.,
 ( 4, 1, 1, 1, 1, 1, 1, 1, 1, 1, 1, 1, 1, 1, 1, 1, 4 ),
 ( 0.000000000000000000, 0.07289060658065193987, 0.1418833354390787727, 0.2092821354239204346, 0.2746226384553188682, 0.3384391539790456704, 0.4013048615705233635, 0.4650061847340456467, 0.5283200864625126059, 0.5907402649620382418, 0.6509809274188453898, 0.7096903202894515594, 0.7672117550042963918, 0.8241879505444245080, 0.8817668141839331009, 0.9399547263812980669, 1.000000000000000000 ),
 .UNSPECIFIED. ) ;
#2286 = CARTESIAN_POINT ( 'NONE',  ( 1.133702843232194724, 4.500000000000000888, 24.82576275824146350 ) ) ;
#2287 = CARTESIAN_POINT ( 'NONE',  ( 4.203054654719477590, 4.000000000000000000, 24.72977232712458218 ) ) ;
#2288 = DIRECTION ( 'NONE',  ( 1.000000000000000000, 0.000000000000000000, 0.000000000000000000 ) ) ;
#2289 = ORIENTED_EDGE ( 'NONE', *, *, #3124, .T. ) ;
#2290 = CARTESIAN_POINT ( 'NONE',  ( 4.902182813543569218, 4.000000000000002665, 22.83098531138936949 ) ) ;
#2291 = CARTESIAN_POINT ( 'NONE',  ( 2.315397202437178503, 4.500000000000000888, 25.42492174664015536 ) ) ;
#2292 = EDGE_LOOP ( 'NONE', ( #4558, #451, #4314, #4823, #1467 ) ) ;
#2293 = CARTESIAN_POINT ( 'NONE',  ( 0.000000000000000000, 4.000000000000000000, 0.000000000000000000 ) ) ;
#2294 = CARTESIAN_POINT ( 'NONE',  ( -7.300064900924507327, 4.499999999999999112, 24.22659924872204229 ) ) ;
#2295 = CIRCLE ( 'NONE', #2177, 1.600000000000000755 ) ;
#2296 = FACE_OUTER_BOUND ( 'NONE', #5201, .T. ) ;
#2297 = ORIENTED_EDGE ( 'NONE', *, *, #2825, .F. ) ;
#2298 = CARTESIAN_POINT ( 'NONE',  ( -1.685901191660562182, 4.500000000000000888, 23.59892538212780977 ) ) ;
#2299 = LINE ( 'NONE', #6203, #2195 ) ;
#2300 = CARTESIAN_POINT ( 'NONE',  ( 8.311262022861775733, 4.499999999999999112, 25.67419207169984574 ) ) ;
#2301 = CARTESIAN_POINT ( 'NONE',  ( 1.843984902202996823, 4.000000000000001776, 24.78103026854617852 ) ) ;
#2302 = ORIENTED_EDGE ( 'NONE', *, *, #4609, .T. ) ;
#2303 = ORIENTED_EDGE ( 'NONE', *, *, #6000, .F. ) ;
#2304 = ADVANCED_FACE ( 'NONE', ( #5713 ), #3500, .T. ) ;
#2305 = CARTESIAN_POINT ( 'NONE',  ( 0.8912878113854776352, 4.000000000000000000, 22.51995230601106002 ) ) ;
#2306 = EDGE_CURVE ( 'NONE', #3784, #588, #5629, .T. ) ;
#2307 = CARTESIAN_POINT ( 'NONE',  ( 0.000000000000000000, 4.000000000000000000, 0.000000000000000000 ) ) ;
#2308 = AXIS2_PLACEMENT_3D ( 'NONE', #56, #2241, #2845 ) ;
#2309 = EDGE_CURVE ( 'NONE', #1665, #2585, #4676, .T. ) ;
#2310 = CARTESIAN_POINT ( 'NONE',  ( 8.645946846550984333, 4.499999999999999112, 23.10135215983902413 ) ) ;
#2311 = ORIENTED_EDGE ( 'NONE', *, *, #5867, .F. ) ;
#2312 = CARTESIAN_POINT ( 'NONE',  ( -4.659448159459882888, 4.500000000000000888, 22.22380949188115196 ) ) ;
#2313 = CARTESIAN_POINT ( 'NONE',  ( -1.597033698311979721, 4.000000000000000888, 24.89701004282005670 ) ) ;
#2314 = CARTESIAN_POINT ( 'NONE',  ( -8.154920200517061346, 4.000000000000001776, 24.88334043075938951 ) ) ;
#2315 = DIRECTION ( 'NONE',  ( 0.000000000000000000, 0.000000000000000000, -1.000000000000000000 ) ) ;
#2316 = EDGE_CURVE ( 'NONE', #4473, #5289, #4612, .T. ) ;
#2317 = B_SPLINE_SURFACE_WITH_KNOTS ( 'NONE', 3, 1, ( 
 ( #6518, #4776 ),
 ( #3707, #1030 ),
 ( #6380, #5848 ),
 ( #6421, #6999 ),
 ( #2655, #38 ),
 ( #4206, #5881 ),
 ( #4813, #5407 ),
 ( #4279, #3210 ),
 ( #3808, #2114 ),
 ( #1523, #6453 ),
 ( #1590, #6485 ),
 ( #999, #3740 ),
 ( #3671, #2622 ),
 ( #5981, #2715 ),
 ( #2588, #5911 ),
 ( #6963, #1063 ),
 ( #5274, #5372 ),
 ( #532, #2082 ),
 ( #2687, #1624 ),
 ( #4246, #3175 ),
 ( #4849, #4309 ),
 ( #2146, #433 ),
 ( #3774, #5341 ),
 ( #2181, #5945 ),
 ( #1095, #4348 ),
 ( #4743, #6928 ),
 ( #3950, #6595 ) ),
 .UNSPECIFIED., .F., .F., .F.,
 ( 4, 1, 1, 1, 1, 1, 1, 1, 1, 1, 1, 1, 1, 1, 1, 1, 1, 1, 1, 1, 1, 1, 1, 1, 4 ),
 ( 2, 2 ),
 ( 0.000000000000000000, 0.06849087449695479002, 0.1330765404908783589, 0.1938289871915775953, 0.2510828574460501894, 0.3044008371534415724, 0.3544083437255273195, 0.4012947817777444692, 0.4447006845454786750, 0.4856924920892441988, 0.5246764844274044437, 0.5623067591777589636, 0.5979465846525345851, 0.6324735490267264781, 0.6657520428969365689, 0.6979852995504446378, 0.7295862241486809063, 0.7608251968744894622, 0.7923550795612065434, 0.8243126039626631485, 0.8571562719790691842, 0.8909268871454045780, 0.9259604429162998640, 0.9620613229943376643, 1.000000000000000000 ),
 ( 0.000000000000000000, 1.000000000000000000 ),
 .UNSPECIFIED. ) ;
#2318 = DIRECTION ( 'NONE',  ( 0.000000000000000000, -0.000000000000000000, -1.000000000000000000 ) ) ;
#2319 = DIRECTION ( 'NONE',  ( 1.000000000000000000, 0.000000000000000000, -1.692413147294446463E-16 ) ) ;
#2320 = CARTESIAN_POINT ( 'NONE',  ( -1.841059027777771195, 4.500000000000000888, 22.06809152462796320 ) ) ;
#2321 = DIRECTION ( 'NONE',  ( 0.000000000000000000, 0.000000000000000000, -1.000000000000000000 ) ) ;
#2322 = ORIENTED_EDGE ( 'NONE', *, *, #1575, .T. ) ;
#2323 = FACE_BOUND ( 'NONE', #2472, .T. ) ;
#2324 = CARTESIAN_POINT ( 'NONE',  ( 0.9741108715306160404, 4.500000000000000888, 24.63718520842033399 ) ) ;
#2325 = CARTESIAN_POINT ( 'NONE',  ( 4.113523508140849216, 4.000000000000000000, 24.59456299534029000 ) ) ;
#2326 = DIRECTION ( 'NONE',  ( 0.000000000000000000, 0.000000000000000000, 1.000000000000000000 ) ) ;
#2327 = ORIENTED_EDGE ( 'NONE', *, *, #3550, .F. ) ;
#2328 = CARTESIAN_POINT ( 'NONE',  ( -2.092977839860882039, 4.500000000000002665, 24.89183467825881024 ) ) ;
#2329 = CARTESIAN_POINT ( 'NONE',  ( 2.834887824671574741, 4.500000000000002665, 24.38607368956219901 ) ) ;
#2330 = VERTEX_POINT ( 'NONE', #5243 ) ;
#2331 = CARTESIAN_POINT ( 'NONE',  ( 8.448010149572652949, 4.500000000000000888, 24.65371518915788229 ) ) ;
#2332 = DIRECTION ( 'NONE',  ( 0.000000000000000000, -1.000000000000000000, 0.000000000000000000 ) ) ;
#2333 = ADVANCED_FACE ( 'NONE', ( #2592 ), #6895, .T. ) ;
#2334 = ORIENTED_EDGE ( 'NONE', *, *, #1328, .F. ) ;
#2335 = LINE ( 'NONE', #5529, #5246 ) ;
#2336 = CARTESIAN_POINT ( 'NONE',  ( -4.695534591402932278, 4.000000000000000888, 22.91570211360405551 ) ) ;
#2337 = CARTESIAN_POINT ( 'NONE',  ( 9.347708337492090180, 4.500000000000000888, 24.38607368956219545 ) ) ;
#2338 = CARTESIAN_POINT ( 'NONE',  ( 1.791196772924444680, 4.000000000000000000, 24.83143169536590023 ) ) ;
#2339 = ORIENTED_EDGE ( 'NONE', *, *, #1534, .F. ) ;
#2340 = VERTEX_POINT ( 'NONE', #5819 ) ;
#2341 = CARTESIAN_POINT ( 'NONE',  ( 1.372887829125569059, 4.499999999999999112, 22.01848354652275930 ) ) ;
#2342 = VECTOR ( 'NONE', #88, 1000.000000000000000 ) ;
#2343 = LINE ( 'NONE', #1257, #3579 ) ;
#2344 = CARTESIAN_POINT ( 'NONE',  ( 3.925478198345814906, 4.000000000000001776, 25.53465492042107243 ) ) ;
#2345 = ORIENTED_EDGE ( 'NONE', *, *, #6297, .F. ) ;
#2346 = AXIS2_PLACEMENT_3D ( 'NONE', #6569, #3223, #3256 ) ;
#2347 = CARTESIAN_POINT ( 'NONE',  ( 8.448010149572652949, 4.500000000000000888, 24.65371518915788229 ) ) ;
#2348 = CARTESIAN_POINT ( 'NONE',  ( -4.486499869853000533, 4.500000000000000888, 22.66296122014890813 ) ) ;
#2349 = FACE_OUTER_BOUND ( 'NONE', #409, .T. ) ;
#2350 = VERTEX_POINT ( 'NONE', #966 ) ;
#2351 = CARTESIAN_POINT ( 'NONE',  ( -1.315357468324981571, 4.000000000000000888, 23.87615795581167433 ) ) ;
#2352 = CARTESIAN_POINT ( 'NONE',  ( -4.874438725583828180, 4.000000000000000888, 22.14669988225004715 ) ) ;
#2353 = CARTESIAN_POINT ( 'NONE',  ( -4.236926361675049435, 3.999999999999998224, 23.54096074647945969 ) ) ;
#2354 = DIRECTION ( 'NONE',  ( -0.000000000000000000, -1.000000000000000000, -0.000000000000000000 ) ) ;
#2355 = EDGE_CURVE ( 'NONE', #4865, #6893, #1389, .T. ) ;
#2356 = EDGE_CURVE ( 'NONE', #3333, #1817, #6385, .T. ) ;
#2357 = CARTESIAN_POINT ( 'NONE',  ( 4.455548355813514050, 4.500000000000002665, 23.65487982036390591 ) ) ;
#2358 = EDGE_CURVE ( 'NONE', #1562, #6564, #1070, .T. ) ;
#2359 = CARTESIAN_POINT ( 'NONE',  ( 0.02926046610154170793, 4.499999999999999112, 23.24573155039960426 ) ) ;
#2360 = CARTESIAN_POINT ( 'NONE',  ( 1.446659875082505264, 4.500000000000000888, 24.94355836941234372 ) ) ;
#2361 = CARTESIAN_POINT ( 'NONE',  ( 4.747779036109316841, 4.000000000000000000, 22.82844126727201228 ) ) ;
#2362 = CARTESIAN_POINT ( 'NONE',  ( 4.340852325048649263, 4.000000000000000000, 24.85059028920128910 ) ) ;
#2363 = CARTESIAN_POINT ( 'NONE',  ( 5.737346134112216944, 4.000000000000000000, 25.17151586295906185 ) ) ;
#2364 = EDGE_LOOP ( 'NONE', ( #1520, #4095, #1976, #4969 ) ) ;
#2365 = CARTESIAN_POINT ( 'NONE',  ( 4.502497724547864344, 4.000000000000000000, 24.92311251492417412 ) ) ;
#2366 = CARTESIAN_POINT ( 'NONE',  ( 1.512610591538606108, 4.500000000000000888, 25.70377524983558359 ) ) ;
#2367 = CARTESIAN_POINT ( 'NONE',  ( -7.868077506907421359, 4.500000000000000888, 25.61834688409381044 ) ) ;
#2368 =( GEOMETRIC_REPRESENTATION_CONTEXT ( 3 ) GLOBAL_UNCERTAINTY_ASSIGNED_CONTEXT ( ( #6850 ) ) GLOBAL_UNIT_ASSIGNED_CONTEXT ( ( #4272, #5937, #3765 ) ) REPRESENTATION_CONTEXT ( 'NONE', 'WORKASPACE' ) );
#2369 = CARTESIAN_POINT ( 'NONE',  ( -1.994311652309626703, 4.000000000000000888, 23.62511285261429350 ) ) ;
#2370 = EDGE_LOOP ( 'NONE', ( #1610, #335, #2062, #4318 ) ) ;
#2371 = DIRECTION ( 'NONE',  ( -0.000000000000000000, -1.000000000000000000, -0.000000000000000000 ) ) ;
#2372 = CARTESIAN_POINT ( 'NONE',  ( 8.181090243890142943, 3.999999999999998224, 21.26723613498711885 ) ) ;
#2373 = CARTESIAN_POINT ( 'NONE',  ( 7.987533386752140530, 4.000000000000007994, 25.70441631095275525 ) ) ;
#2374 = CARTESIAN_POINT ( 'NONE',  ( -1.876676014957258110, 4.500000000000000888, 25.70441631095274815 ) ) ;
#2375 = VERTEX_POINT ( 'NONE', #5312 ) ;
#2376 = PRODUCT_DEFINITION_SHAPE ( 'NONE', 'NONE',  #984 ) ;
#2377 = VERTEX_POINT ( 'NONE', #5449 ) ;
#2378 = CARTESIAN_POINT ( 'NONE',  ( 1.278301958519337145, 4.500000000000000888, 22.04471004017557689 ) ) ;
#2379 = CARTESIAN_POINT ( 'NONE',  ( 1.258480105189411002, 4.500000000000000888, 24.90277380790519857 ) ) ;
#2380 = CARTESIAN_POINT ( 'NONE',  ( 3.635105466783792316, 4.499999999999999112, 25.32162280697504997 ) ) ;
#2381 = EDGE_LOOP ( 'NONE', ( #4248, #2871, #6724, #587 ) ) ;
#2382 = CARTESIAN_POINT ( 'NONE',  ( -9.087653346913318941, 4.500000000000000888, 25.47213462129150230 ) ) ;
#2383 = CARTESIAN_POINT ( 'NONE',  ( 7.133289922362165747, 4.499999999999999112, 25.42445497820363443 ) ) ;
#2384 = CARTESIAN_POINT ( 'NONE',  ( -3.102448688268205412, 4.000000000000001776, 25.03905045217857861 ) ) ;
#2385 = ORIENTED_EDGE ( 'NONE', *, *, #5698, .F. ) ;
#2386 = CARTESIAN_POINT ( 'NONE',  ( -8.059615384615382183, 4.500000000000000888, 24.34927475112370132 ) ) ;
#2387 = CARTESIAN_POINT ( 'NONE',  ( 8.645959542880707005, 4.000000000000000888, 23.85805946265852384 ) ) ;
#2388 = CARTESIAN_POINT ( 'NONE',  ( -3.766077287812867880, 3.999999999999998224, 22.93944690098338768 ) ) ;
#2389 = CARTESIAN_POINT ( 'NONE',  ( 19.50000000000000355, 1.000000000000000000, 30.50000000000000000 ) ) ;
#2390 = CARTESIAN_POINT ( 'NONE',  ( 17.50000000000000000, 1.500000000000000000, 27.50000000000000355 ) ) ;
#2391 = ADVANCED_FACE ( 'NONE', ( #4784 ), #5485, .T. ) ;
#2392 = CARTESIAN_POINT ( 'NONE',  ( -2.252260139241921255, 4.499999999999999112, 25.66401143289565567 ) ) ;
#2393 = ADVANCED_FACE ( 'NONE', ( #605 ), #2757, .T. ) ;
#2394 = PLANE ( 'NONE',  #3089 ) ;
#2395 = CARTESIAN_POINT ( 'NONE',  ( 0.02926046610154170793, 4.499999999999999112, 23.24573155039960426 ) ) ;
#2396 = EDGE_CURVE ( 'NONE', #5514, #3714, #1839, .T. ) ;
#2397 = CARTESIAN_POINT ( 'NONE',  ( -3.527777777777774570, 4.500000000000000888, 25.59586930240574532 ) ) ;
#2398 = CARTESIAN_POINT ( 'NONE',  ( -1.733061505679499348, 4.000000000000000888, 25.70040383717250165 ) ) ;
#2399 = ORIENTED_EDGE ( 'NONE', *, *, #5118, .T. ) ;
#2400 = CARTESIAN_POINT ( 'NONE',  ( 5.594416592554375178, 4.500000000000000888, 23.12896089656211274 ) ) ;
#2401 = CARTESIAN_POINT ( 'NONE',  ( 7.404108324205996183, 4.500000000000002665, 22.51995230601107778 ) ) ;
#2402 = B_SPLINE_CURVE_WITH_KNOTS ( 'NONE', 3,
 ( #5109, #305, #5145, #1819, #3406, #5610, #729, #6244, #269, #6792, #3966 ),
 .UNSPECIFIED., .F., .F.,
 ( 4, 1, 1, 1, 1, 1, 1, 1, 4 ),
 ( 0.000000000000000000, 0.08887073112253490725, 0.1863547159714914747, 0.2940776543961752254, 0.4122365279576105102, 0.5417781444209648356, 0.6827026066315641240, 0.8350963526041684792, 1.000000000000000000 ),
 .UNSPECIFIED. ) ;
#2403 = ORIENTED_EDGE ( 'NONE', *, *, #6977, .T. ) ;
#2404 = CARTESIAN_POINT ( 'NONE',  ( 7.381647800299662165, 3.999999999999999112, 22.59727244140972502 ) ) ;
#2405 = CARTESIAN_POINT ( 'NONE',  ( 19.50000000000001066, 5.500000000000000000, 0.000000000000000000 ) ) ;
#2406 = EDGE_LOOP ( 'NONE', ( #3815, #574, #4855, #1014, #3362 ) ) ;
#2407 = FACE_OUTER_BOUND ( 'NONE', #2907, .T. ) ;
#2408 = DIRECTION ( 'NONE',  ( 0.7071067811865451302, -0.7071067811865500152, -1.196716813021166361E-16 ) ) ;
#2409 = CARTESIAN_POINT ( 'NONE',  ( 6.715669233304264019, 4.500000000000000888, 24.80708477985027116 ) ) ;
#2410 = CARTESIAN_POINT ( 'NONE',  ( -1.592803509325293909, 4.500000000000000888, 25.68078935812840768 ) ) ;
#2411 = VECTOR ( 'NONE', #238, 1000.000000000000000 ) ;
#2412 = VERTEX_POINT ( 'NONE', #5060 ) ;
#2413 = CARTESIAN_POINT ( 'NONE',  ( 0.7980852043858596145, 4.000000000000000000, 23.11246591404397321 ) ) ;
#2414 = FACE_OUTER_BOUND ( 'NONE', #3399, .T. ) ;
#2415 = CARTESIAN_POINT ( 'NONE',  ( 8.370677899512482867, 4.000000000000005329, 22.19236491893300567 ) ) ;
#2416 = ORIENTED_EDGE ( 'NONE', *, *, #278, .F. ) ;
#2417 = CARTESIAN_POINT ( 'NONE',  ( 1.474712873931625090, 4.500000000000000888, 25.70441631095275170 ) ) ;
#2418 = VECTOR ( 'NONE', #5315, 1000.000000000000000 ) ;
#2419 = CARTESIAN_POINT ( 'NONE',  ( -1.245482345234934618, 4.000000000000000000, 24.46845394324974521 ) ) ;
#2420 = CARTESIAN_POINT ( 'NONE',  ( 6.671289911711045129, 4.500000000000000888, 22.31814654408258036 ) ) ;
#2421 = ORIENTED_EDGE ( 'NONE', *, *, #758, .T. ) ;
#2422 = CIRCLE ( 'NONE', #6623, 16.99999999999999645 ) ;
#2423 = VECTOR ( 'NONE', #3416, 1000.000000000000000 ) ;
#2424 = CARTESIAN_POINT ( 'NONE',  ( -1.262439844859612803, 4.500000000000000888, 23.99070536142652443 ) ) ;
#2425 = CARTESIAN_POINT ( 'NONE',  ( 6.539957264957268812, 4.500000000000000888, 23.52075578744848272 ) ) ;
#2426 = CARTESIAN_POINT ( 'NONE',  ( -4.087778630059877294, 4.000000000000000000, 23.43764933128071704 ) ) ;
#2427 = CARTESIAN_POINT ( 'NONE',  ( -5.563034188034184702, 4.500000000000000888, 22.99074109727754234 ) ) ;
#2428 = VECTOR ( 'NONE', #857, 1000.000000000000000 ) ;
#2429 = CARTESIAN_POINT ( 'NONE',  ( -3.904995179837944974, 4.000000000000000000, 21.89239220105062955 ) ) ;
#2430 = CARTESIAN_POINT ( 'NONE',  ( -2.960590324597346612, 4.000000000000003553, 25.23427131430506165 ) ) ;
#2431 = ORIENTED_EDGE ( 'NONE', *, *, #2575, .T. ) ;
#2432 = FACE_OUTER_BOUND ( 'NONE', #6487, .T. ) ;
#2433 = CARTESIAN_POINT ( 'NONE',  ( 0.1584693988905294948, 4.500000000000000888, 22.31814654408258392 ) ) ;
#2434 = DIRECTION ( 'NONE',  ( 0.000000000000000000, 0.000000000000000000, -1.000000000000000000 ) ) ;
#2435 = CARTESIAN_POINT ( 'NONE',  ( 2.630596613776511106, 4.000000000000004441, 21.95916618532767828 ) ) ;
#2436 = EDGE_LOOP ( 'NONE', ( #5709, #6862, #1970, #542 ) ) ;
#2437 = CARTESIAN_POINT ( 'NONE',  ( 0.000000000000000000, 5.500000000000000000, 0.000000000000000000 ) ) ;
#2438 = B_SPLINE_SURFACE_WITH_KNOTS ( 'NONE', 3, 1, ( 
 ( #4164, #5695 ),
 ( #4594, #1410 ),
 ( #1446, #5227 ),
 ( #4699, #5358 ),
 ( #519, #2314 ),
 ( #2201, #2163 ),
 ( #4933, #3264 ),
 ( #583, #5928 ),
 ( #2275, #127 ),
 ( #5426, #5392 ),
 ( #4967, #1083 ),
 ( #4368, #622 ),
 ( #2730, #6582 ),
 ( #1713, #4863 ),
 ( #5541, #4442 ) ),
 .UNSPECIFIED., .F., .F., .F.,
 ( 4, 1, 1, 1, 1, 1, 1, 1, 1, 1, 1, 1, 4 ),
 ( 2, 2 ),
 ( 0.000000000000000000, 0.08366061062487509248, 0.1608518506938313164, 0.2367444622459997094, 0.3196477987119609177, 0.3673255122564317299, 0.4262095485298184050, 0.4935240895296868491, 0.5730252777384100549, 0.6625060205028093785, 0.7645432018599205293, 0.8758781193258839970, 1.000000000000000000 ),
 ( 0.000000000000000000, 1.000000000000000000 ),
 .UNSPECIFIED. ) ;
#2439 = DIRECTION ( 'NONE',  ( 0.7341804028261459392, 0.000000000000000000, -0.6789544433215221053 ) ) ;
#2440 = CARTESIAN_POINT ( 'NONE',  ( 8.008524958983759490, 4.500000000000000888, 22.01481373781809481 ) ) ;
#2441 = CARTESIAN_POINT ( 'NONE',  ( -1.432764131650448469, 4.000000000000000888, 23.73165337577945166 ) ) ;
#2442 = LINE ( 'NONE', #4705, #3545 ) ;
#2443 = LINE ( 'NONE', #259, #5930 ) ;
#2444 = CARTESIAN_POINT ( 'NONE',  ( 8.002263655822165589, 4.500000000000000888, 21.25453495336990528 ) ) ;
#2445 = CARTESIAN_POINT ( 'NONE',  ( 7.662685454848221944, 4.000000000000009770, 25.67411815091727334 ) ) ;
#2446 = DIRECTION ( 'NONE',  ( 1.000000000000000000, 0.000000000000000000, 8.462065736472229849E-17 ) ) ;
#2447 = EDGE_CURVE ( 'NONE', #440, #2775, #6710, .T. ) ;
#2448 = EDGE_CURVE ( 'NONE', #744, #4254, #5560, .T. ) ;
#2449 = VERTEX_POINT ( 'NONE', #6025 ) ;
#2450 = CARTESIAN_POINT ( 'NONE',  ( 1.791196772924444680, 4.499999999999999112, 24.83143169536590023 ) ) ;
#2451 = CARTESIAN_POINT ( 'NONE',  ( 2.115410862888346788, 4.000000000000001776, 24.02681053684288770 ) ) ;
#2452 = CARTESIAN_POINT ( 'NONE',  ( 8.056318087650993220, 4.500000000000002665, 22.01676539071435457 ) ) ;
#2453 = VERTEX_POINT ( 'NONE', #2863 ) ;
#2454 = VECTOR ( 'NONE', #578, 999.9999999999998863 ) ;
#2455 = CARTESIAN_POINT ( 'NONE',  ( 7.949636692046631481, 4.500000000000000888, 25.70376288419778632 ) ) ;
#2456 = CARTESIAN_POINT ( 'NONE',  ( 5.633375276077825098E-16, 17.01076477383247720, -5.399999999999999467 ) ) ;
#2457 = LINE ( 'NONE', #1394, #6049 ) ;
#2458 = VERTEX_POINT ( 'NONE', #4497 ) ;
#2459 = VECTOR ( 'NONE', #759, 1000.000000000000000 ) ;
#2460 = CARTESIAN_POINT ( 'NONE',  ( 3.229273504273508344, 4.500000000000000888, 24.56467272120915979 ) ) ;
#2461 = CARTESIAN_POINT ( 'NONE',  ( 8.465131095922323823, 3.999999999999999112, 24.62240076884354067 ) ) ;
#2462 = CARTESIAN_POINT ( 'NONE',  ( 6.559807300671367081, 4.000000000000000000, 22.98403156852398510 ) ) ;
#2463 = CARTESIAN_POINT ( 'NONE',  ( -2.443155715811959006, 4.500000000000000888, 21.36253596907240748 ) ) ;
#2464 = VECTOR ( 'NONE', #39, 1000.000000000000000 ) ;
#2465 = DIRECTION ( 'NONE',  ( 0.000000000000000000, 0.000000000000000000, 1.000000000000000000 ) ) ;
#2466 = CARTESIAN_POINT ( 'NONE',  ( -1.919956506438118771, 4.499999999999999112, 25.70331013642943674 ) ) ;
#2467 = ORIENTED_EDGE ( 'NONE', *, *, #5828, .T. ) ;
#2468 = CARTESIAN_POINT ( 'NONE',  ( 20.50000000000000355, 1.000000000000000000, 29.50000000000000000 ) ) ;
#2469 = CARTESIAN_POINT ( 'NONE',  ( 4.506396901709405434, 4.000000000000000000, 22.86862571266215483 ) ) ;
#2470 = CARTESIAN_POINT ( 'NONE',  ( -0.5155982905982841036, 4.500000000000000888, 21.36253596907240748 ) ) ;
#2471 = CARTESIAN_POINT ( 'NONE',  ( 1.561760248015180652, 4.000000000000002665, 21.25560852118048416 ) ) ;
#2472 = EDGE_LOOP ( 'NONE', ( #4727, #23, #6008, #3913, #6828 ) ) ;
#2473 = CARTESIAN_POINT ( 'NONE',  ( 5.156282863529484395, 4.000000000000000888, 22.88068797650580777 ) ) ;
#2474 = CARTESIAN_POINT ( 'NONE',  ( -4.261225917984623024, 4.500000000000000888, 21.55333904691082836 ) ) ;
#2475 = CARTESIAN_POINT ( 'NONE',  ( 7.320483386350923105, 4.000000000000000000, 22.99121859519941680 ) ) ;
#2476 = CARTESIAN_POINT ( 'NONE',  ( -17.49999999999999645, 4.000000000000000000, 21.50000000000000000 ) ) ;
#2477 = ORIENTED_EDGE ( 'NONE', *, *, #6478, .F. ) ;
#2478 = CARTESIAN_POINT ( 'NONE',  ( -19.50000000000000000, 4.000000000000000000, 3.300205637224170479E-15 ) ) ;
#2479 = CARTESIAN_POINT ( 'NONE',  ( -4.659448159459882888, 4.500000000000000888, 22.22380949188115196 ) ) ;
#2480 = CARTESIAN_POINT ( 'NONE',  ( 7.662685454848221944, 4.500000000000002665, 25.67411815091727334 ) ) ;
#2481 = DIRECTION ( 'NONE',  ( 0.000000000000000000, 0.000000000000000000, 1.000000000000000000 ) ) ;
#2482 = ORIENTED_EDGE ( 'NONE', *, *, #1286, .T. ) ;
#2483 = CARTESIAN_POINT ( 'NONE',  ( 9.241275720704980046, 4.499999999999999112, 22.17918809198779684 ) ) ;
#2484 = FACE_OUTER_BOUND ( 'NONE', #1542, .T. ) ;
#2485 = EDGE_CURVE ( 'NONE', #2518, #6936, #3846, .T. ) ;
#2486 = CARTESIAN_POINT ( 'NONE',  ( -2.689594128062942513, 4.500000000000000888, 25.47225833935340944 ) ) ;
#2487 = ADVANCED_FACE ( 'NONE', ( #786 ), #749, .T. ) ;
#2488 = ORIENTED_EDGE ( 'NONE', *, *, #3995, .T. ) ;
#2489 = CARTESIAN_POINT ( 'NONE',  ( 7.984141292735046136, 4.500000000000000888, 24.94458725112369635 ) ) ;
#2490 = ADVANCED_FACE ( 'NONE', ( #2296 ), #3986, .F. ) ;
#2491 = CARTESIAN_POINT ( 'NONE',  ( -19.49999999999999645, 3.000000000000006217, 29.50000000000000000 ) ) ;
#2492 = CARTESIAN_POINT ( 'NONE',  ( -20.49999999999999645, 1.000000000000000000, 29.50000000000000000 ) ) ;
#2493 = EDGE_LOOP ( 'NONE', ( #4141, #6631, #5441, #536 ) ) ;
#2494 = DIRECTION ( 'NONE',  ( -1.692413147294446463E-16, 0.000000000000000000, -1.000000000000000000 ) ) ;
#2495 = CARTESIAN_POINT ( 'NONE',  ( -8.377066051540662528, 4.000000000000000000, 24.94101930843800474 ) ) ;
#2496 = CARTESIAN_POINT ( 'NONE',  ( -3.720041186919390785, 4.000000000000001776, 22.66383896806978271 ) ) ;
#2497 = CARTESIAN_POINT ( 'NONE',  ( 2.133139030060189789, 4.000000000000000888, 23.85805946265852029 ) ) ;
#2498 = ORIENTED_EDGE ( 'NONE', *, *, #2919, .T. ) ;
#2499 = CARTESIAN_POINT ( 'NONE',  ( 7.320483386350923105, 4.500000000000000888, 22.99121859519941680 ) ) ;
#2500 = CARTESIAN_POINT ( 'NONE',  ( -3.272846775811732112, 4.500000000000000888, 24.60780696455064387 ) ) ;
#2501 = CARTESIAN_POINT ( 'NONE',  ( 4.985378670017100333, 4.500000000000000888, 23.66114910138864857 ) ) ;
#2502 = CARTESIAN_POINT ( 'NONE',  ( 4.710770566239319557, 4.500000000000000888, 23.58774964428608456 ) ) ;
#2503 = CARTESIAN_POINT ( 'NONE',  ( 0.05120087813169067054, 4.499999999999999112, 24.08951470073433043 ) ) ;
#2504 = CARTESIAN_POINT ( 'NONE',  ( 2.630596613776511106, 4.500000000000000888, 21.95916618532767828 ) ) ;
#2505 = ORIENTED_EDGE ( 'NONE', *, *, #4438, .F. ) ;
#2506 = DIRECTION ( 'NONE',  ( 0.000000000000000000, 0.000000000000000000, -1.000000000000000000 ) ) ;
#2507 = DIRECTION ( 'NONE',  ( -0.7071067811865451302, -0.7071067811865500152, 0.000000000000000000 ) ) ;
#2508 = AXIS2_PLACEMENT_3D ( 'NONE', #961, #5776, #3107 ) ;
#2509 = CARTESIAN_POINT ( 'NONE',  ( 7.483394143851148428, 4.000000000000000888, 22.32439080759634109 ) ) ;
#2510 = PRODUCT_DEFINITION_CONTEXT ( 'detailed design', #2617, 'design' ) ;
#2511 = DIRECTION ( 'NONE',  ( 0.000000000000000000, 0.000000000000000000, -1.000000000000000000 ) ) ;
#2512 = DIRECTION ( 'NONE',  ( 1.000000000000000000, 0.000000000000000000, -8.462065736472229849E-17 ) ) ;
#2513 = CARTESIAN_POINT ( 'NONE',  ( 18.50000000000000355, 4.000000000000000000, 21.50000000000000000 ) ) ;
#2514 = CARTESIAN_POINT ( 'NONE',  ( -5.274140823067634543, 4.500000000000000888, 22.12259953864820261 ) ) ;
#2515 = CARTESIAN_POINT ( 'NONE',  ( 7.467763129734193761, 4.000000000000006217, 25.61923162930313325 ) ) ;
#2516 = CARTESIAN_POINT ( 'NONE',  ( -2.010322788272644878, 4.499999999999999112, 24.92311251492415991 ) ) ;
#2517 = ORIENTED_EDGE ( 'NONE', *, *, #4119, .T. ) ;
#2518 = VERTEX_POINT ( 'NONE', #5021 ) ;
#2519 = CARTESIAN_POINT ( 'NONE',  ( 9.406428476511042192, 4.500000000000000888, 23.09008042439636910 ) ) ;
#2520 = CARTESIAN_POINT ( 'NONE',  ( 0.000000000000000000, 1.000000000000000000, -10.00000000000000000 ) ) ;
#2521 = CARTESIAN_POINT ( 'NONE',  ( 5.291258273381883370, 3.999999999999999112, 24.28230559511219866 ) ) ;
#2522 = ORIENTED_EDGE ( 'NONE', *, *, #3937, .F. ) ;
#2523 = CARTESIAN_POINT ( 'NONE',  ( -8.895766559829057840, 4.500000000000000888, 24.57315295625190998 ) ) ;
#2524 = CARTESIAN_POINT ( 'NONE',  ( -17.49999999999999645, 4.000000000000003553, 21.50000000000000000 ) ) ;
#2525 = CARTESIAN_POINT ( 'NONE',  ( 2.903258377827452552, 4.000000000000000888, 23.41332857484017183 ) ) ;
#2526 = ADVANCED_FACE ( 'NONE', ( #114 ), #6600, .T. ) ;
#2527 = ORIENTED_EDGE ( 'NONE', *, *, #6826, .F. ) ;
#2528 = EDGE_CURVE ( 'NONE', #2891, #5478, #4829, .T. ) ;
#2529 = CARTESIAN_POINT ( 'NONE',  ( -0.5166588395716115167, 4.500000000000000888, 24.66969030177810396 ) ) ;
#2530 = CIRCLE ( 'NONE', #2637, 1.000000000000000888 ) ;
#2531 = CARTESIAN_POINT ( 'NONE',  ( 6.731797230391325826, 4.000000000000002665, 22.13656570366598686 ) ) ;
#2532 = CARTESIAN_POINT ( 'NONE',  ( 0.3008882603672361489, 3.999999999999999112, 25.02010822166568005 ) ) ;
#2533 = CARTESIAN_POINT ( 'NONE',  ( 4.902182813543569218, 4.000000000000000000, 22.83098531138936949 ) ) ;
#2534 = ORIENTED_EDGE ( 'NONE', *, *, #4345, .F. ) ;
#2535 = ADVANCED_FACE ( 'NONE', ( #4534 ), #4462, .F. ) ;
#2536 = ADVANCED_FACE ( 'NONE', ( #4427 ), #6573, .T. ) ;
#2537 = CARTESIAN_POINT ( 'NONE',  ( 7.483394143851148428, 4.500000000000000888, 22.32439080759634109 ) ) ;
#2538 = EDGE_CURVE ( 'NONE', #3926, #1438, #6347, .T. ) ;
#2539 = CARTESIAN_POINT ( 'NONE',  ( -2.480447047338151023, 4.000000000000001776, 25.58747074483706285 ) ) ;
#2540 = VERTEX_POINT ( 'NONE', #4021 ) ;
#2541 = CARTESIAN_POINT ( 'NONE',  ( 4.935405969486967415, 4.500000000000000888, 23.63323322194409926 ) ) ;
#2542 = AXIS2_PLACEMENT_3D ( 'NONE', #1971, #1936, #5235 ) ;
#2543 = CARTESIAN_POINT ( 'NONE',  ( -4.403421007407252397, 4.000000000000001776, 21.48382314423678352 ) ) ;
#2544 = CARTESIAN_POINT ( 'NONE',  ( 0.1615664679435668827, 4.000000000000001776, 24.68683647939790760 ) ) ;
#2545 = CARTESIAN_POINT ( 'NONE',  ( 2.142864614512655752, 4.000000000000004441, 21.42776564186328159 ) ) ;
#2546 = CARTESIAN_POINT ( 'NONE',  ( 19.50000000000000355, 4.000000000000000000, 20.49999999999999645 ) ) ;
#2547 = LINE ( 'NONE', #5299, #4520 ) ;
#2548 = AXIS2_PLACEMENT_3D ( 'NONE', #6587, #1303, #3448 ) ;
#2549 = CARTESIAN_POINT ( 'NONE',  ( 5.536088929701338479, 4.000000000000000888, 25.37939423007210138 ) ) ;
#2550 = CARTESIAN_POINT ( 'NONE',  ( -1.286254440447888614, 4.000000000000000888, 23.93190876832493075 ) ) ;
#2551 = ORIENTED_EDGE ( 'NONE', *, *, #6172, .T. ) ;
#2552 = DIRECTION ( 'NONE',  ( 0.000000000000000000, 0.000000000000000000, -1.000000000000000000 ) ) ;
#2553 = CARTESIAN_POINT ( 'NONE',  ( -4.928077096455375283, 4.500000000000000888, 22.13985602551106879 ) ) ;
#2554 = CARTESIAN_POINT ( 'NONE',  ( 7.376867816740871220, 4.000000000000007994, 25.58129798973394031 ) ) ;
#2555 = CARTESIAN_POINT ( 'NONE',  ( -1.833426816239309698, 4.000000000000001776, 24.94458725112368924 ) ) ;
#2556 = ORIENTED_EDGE ( 'NONE', *, *, #6297, .T. ) ;
#2557 = VERTEX_POINT ( 'NONE', #820 ) ;
#2558 = LINE ( 'NONE', #2018, #6882 ) ;
#2559 = CARTESIAN_POINT ( 'NONE',  ( 2.094825409703946928, 4.500000000000000888, 24.18143814742563436 ) ) ;
#2560 = CARTESIAN_POINT ( 'NONE',  ( -3.102448688268205412, 4.500000000000002665, 25.03905045217857861 ) ) ;
#2561 = ORIENTED_EDGE ( 'NONE', *, *, #5950, .T. ) ;
#2562 = CARTESIAN_POINT ( 'NONE',  ( 6.868831182342009178, 4.500000000000000888, 25.11540116222560215 ) ) ;
#2563 = DIRECTION ( 'NONE',  ( -0.000000000000000000, -1.000000000000000000, -0.000000000000000000 ) ) ;
#2564 = CARTESIAN_POINT ( 'NONE',  ( 2.630596613776511106, 4.000000000000000888, 21.95916618532767828 ) ) ;
#2565 = VECTOR ( 'NONE', #5679, 1000.000000000000000 ) ;
#2566 = VERTEX_POINT ( 'NONE', #3525 ) ;
#2567 = CARTESIAN_POINT ( 'NONE',  ( -3.283547008547001766, 4.500000000000000888, 24.56467272120915624 ) ) ;
#2568 = CARTESIAN_POINT ( 'NONE',  ( 2.041614997010106514, 4.500000000000000888, 22.52476926746560792 ) ) ;
#2569 = CARTESIAN_POINT ( 'NONE',  ( 0.02831427227701991886, 3.999999999999998224, 23.71955985808309819 ) ) ;
#2570 = DIRECTION ( 'NONE',  ( -0.000000000000000000, -1.000000000000000000, -0.000000000000000000 ) ) ;
#2571 = VERTEX_POINT ( 'NONE', #429 ) ;
#2572 = VECTOR ( 'NONE', #1888, 1000.000000000000000 ) ;
#2573 = CARTESIAN_POINT ( 'NONE',  ( 7.547830047039920665, 4.499999999999999112, 22.22297937712744442 ) ) ;
#2574 = CARTESIAN_POINT ( 'NONE',  ( 0.5843372240370551252, 4.499999999999999112, 21.57693643308525466 ) ) ;
#2575 = EDGE_CURVE ( 'NONE', #5305, #5883, #2584, .T. ) ;
#2576 = DIRECTION ( 'NONE',  ( 0.000000000000000000, 0.000000000000000000, 1.000000000000000000 ) ) ;
#2577 = CARTESIAN_POINT ( 'NONE',  ( -5.266454874585813961, 4.500000000000000888, 21.36314317590489154 ) ) ;
#2578 = CARTESIAN_POINT ( 'NONE',  ( 0.2028487204837488567, 4.000000000000003553, 24.80708477985027116 ) ) ;
#2579 = ADVANCED_FACE ( 'NONE', ( #324 ), #1059, .T. ) ;
#2580 = ORIENTED_EDGE ( 'NONE', *, *, #2048, .T. ) ;
#2581 = ADVANCED_FACE ( 'NONE', ( #1482 ), #1969, .T. ) ;
#2582 = FILL_AREA_STYLE ('',( #426 ) ) ;
#2583 = CARTESIAN_POINT ( 'NONE',  ( 5.054284800770857622, 4.000000000000000000, 25.64658468593414398 ) ) ;
#2584 = LINE ( 'NONE', #4667, #954 ) ;
#2585 = VERTEX_POINT ( 'NONE', #6311 ) ;
#2586 = CARTESIAN_POINT ( 'NONE',  ( -17.99999999999999645, 40.67424164178449786, 21.50000000000000000 ) ) ;
#2587 = CARTESIAN_POINT ( 'NONE',  ( 9.393426979215364625, 3.999999999999998224, 22.90956861210009521 ) ) ;
#2588 = CARTESIAN_POINT ( 'NONE',  ( 2.452372023481253827, 4.500000000000000888, 25.28347534174718092 ) ) ;
#2589 = CARTESIAN_POINT ( 'NONE',  ( -1.922964672498543637, 4.000000000000001776, 24.94118681823606920 ) ) ;
#2590 = ORIENTED_EDGE ( 'NONE', *, *, #3481, .T. ) ;
#2591 = CARTESIAN_POINT ( 'NONE',  ( 1.471320779914531363, 4.000000000000000000, 22.01381802035446356 ) ) ;
#2592 = FACE_OUTER_BOUND ( 'NONE', #738, .T. ) ;
#2593 = CARTESIAN_POINT ( 'NONE',  ( -8.479913307064528283, 3.999999999999999112, 25.69928052040242505 ) ) ;
#2594 = ORIENTED_EDGE ( 'NONE', *, *, #2699, .F. ) ;
#2595 = CARTESIAN_POINT ( 'NONE',  ( 6.637647692806100785, 4.500000000000000888, 24.55556511987973067 ) ) ;
#2596 = FACE_OUTER_BOUND ( 'NONE', #3501, .T. ) ;
#2597 = CARTESIAN_POINT ( 'NONE',  ( -8.125131211544763588, 4.000000000000000888, 24.84249922909548047 ) ) ;
#2598 = ORIENTED_EDGE ( 'NONE', *, *, #4067, .F. ) ;
#2599 = CARTESIAN_POINT ( 'NONE',  ( -0.6204288413416895187, 4.000000000000001776, 24.93270762785292405 ) ) ;
#2600 = ORIENTED_EDGE ( 'NONE', *, *, #3993, .T. ) ;
#2601 = CARTESIAN_POINT ( 'NONE',  ( 1.910212741064262421, 3.999999999999998224, 22.25685131155952945 ) ) ;
#2602 = CARTESIAN_POINT ( 'NONE',  ( 0.3560106695214931838, 4.000000000000000888, 25.11540116222560215 ) ) ;
#2603 = CARTESIAN_POINT ( 'NONE',  ( 18.50000000000000355, 1.000000000000000000, 27.50000000000000355 ) ) ;
#2604 = ORIENTED_EDGE ( 'NONE', *, *, #3340, .F. ) ;
#2605 = CARTESIAN_POINT ( 'NONE',  ( 7.701933900997722127, 4.500000000000000888, 22.08521827370373813 ) ) ;
#2606 = CARTESIAN_POINT ( 'NONE',  ( 1.000794272870835666, 4.499999999999999112, 22.27016922149066858 ) ) ;
#2607 = VERTEX_POINT ( 'NONE', #3072 ) ;
#2608 = FACE_OUTER_BOUND ( 'NONE', #6546, .T. ) ;
#2609 = CARTESIAN_POINT ( 'NONE',  ( 1.286933748758791518, 4.500000000000000888, 21.25950552977899122 ) ) ;
#2610 = CARTESIAN_POINT ( 'NONE',  ( 8.754539812256235010, 4.000000000000000000, 25.48500050962670116 ) ) ;
#2611 = CARTESIAN_POINT ( 'NONE',  ( -4.005864426733152683, 4.499999999999999112, 21.75974733876264722 ) ) ;
#2612 = CARTESIAN_POINT ( 'NONE',  ( -18.49999999999999645, 1.000000000000000000, 27.50000000000000355 ) ) ;
#2613 = EDGE_CURVE ( 'NONE', #1798, #4388, #361, .T. ) ;
#2614 = CARTESIAN_POINT ( 'NONE',  ( 4.268745388333143431, 4.499999999999999112, 24.79553779862992258 ) ) ;
#2615 = EDGE_CURVE ( 'NONE', #2658, #2025, #397, .T. ) ;
#2616 = CARTESIAN_POINT ( 'NONE',  ( -1.321523278739431762, 4.500000000000000888, 24.64919375333169427 ) ) ;
#2617 = APPLICATION_CONTEXT ( 'automotive_design' ) ;
#2618 = CARTESIAN_POINT ( 'NONE',  ( -8.647859240081359644, 4.500000000000000888, 24.82068252594727653 ) ) ;
#2619 = LINE ( 'NONE', #6783, #2875 ) ;
#2620 = ORIENTED_EDGE ( 'NONE', *, *, #6309, .F. ) ;
#2621 = CARTESIAN_POINT ( 'NONE',  ( -4.989074736387925313, 4.499999999999999112, 22.13259689721729728 ) ) ;
#2622 = CARTESIAN_POINT ( 'NONE',  ( 2.573024867725361986, 4.000000000000000000, 25.11039986585088002 ) ) ;
#2623 = CARTESIAN_POINT ( 'NONE',  ( 4.581890430522422619, 4.500000000000000888, 23.60353724680469512 ) ) ;
#2624 = ORIENTED_EDGE ( 'NONE', *, *, #3640, .T. ) ;
#2625 = DIRECTION ( 'NONE',  ( 0.000000000000000000, -1.000000000000000000, 0.000000000000000000 ) ) ;
#2626 = CARTESIAN_POINT ( 'NONE',  ( 8.965192536301767490, 4.500000000000000888, 25.28347534174717737 ) ) ;
#2627 = CARTESIAN_POINT ( 'NONE',  ( 0.000000000000000000, 4.000000000000000000, 0.000000000000000000 ) ) ;
#2628 = ORIENTED_EDGE ( 'NONE', *, *, #6134, .F. ) ;
#2629 = CARTESIAN_POINT ( 'NONE',  ( -1.930930082298089268, 4.500000000000002665, 23.60353724680468801 ) ) ;
#2630 = CARTESIAN_POINT ( 'NONE',  ( 1.959533371120593337, 3.999999999999999112, 22.33201707265315861 ) ) ;
#2631 = CARTESIAN_POINT ( 'NONE',  ( 2.893607963690523643, 3.999999999999999112, 23.09008042439635489 ) ) ;
#2632 = CARTESIAN_POINT ( 'NONE',  ( -8.156412559604085288, 4.500000000000000888, 25.69880878744128339 ) ) ;
#2633 = CARTESIAN_POINT ( 'NONE',  ( 2.143524205401078575, 4.500000000000000888, 23.41417283252586401 ) ) ;
#2634 = LINE ( 'NONE', #3058, #4222 ) ;
#2635 = CARTESIAN_POINT ( 'NONE',  ( 2.056152601190217588, 4.500000000000000888, 21.38053348321519564 ) ) ;
#2636 = ORIENTED_EDGE ( 'NONE', *, *, #6512, .F. ) ;
#2637 = AXIS2_PLACEMENT_3D ( 'NONE', #2476, #3596, #5772 ) ;
#2638 = CARTESIAN_POINT ( 'NONE',  ( 8.645946846550984333, 3.999999999999999112, 23.10135215983902413 ) ) ;
#2639 = CARTESIAN_POINT ( 'NONE',  ( 1.035009534219407445, 4.500000000000002665, 22.22297937712745863 ) ) ;
#2640 = ORIENTED_EDGE ( 'NONE', *, *, #3000, .T. ) ;
#2641 = DIRECTION ( 'NONE',  ( 0.000000000000000000, -1.000000000000000000, -0.000000000000000000 ) ) ;
#2642 = CARTESIAN_POINT ( 'NONE',  ( 0.3748263888888903606, 4.500000000000000888, 21.82979691992711224 ) ) ;
#2643 = CARTESIAN_POINT ( 'NONE',  ( 9.373439071303716119, 4.000000000000001776, 24.22769272903782323 ) ) ;
#2644 = CIRCLE ( 'NONE', #3422, 4.600000000000002309 ) ;
#2645 = CARTESIAN_POINT ( 'NONE',  ( -4.123147384598865095, 4.500000000000000888, 21.64768726563876555 ) ) ;
#2646 = CARTESIAN_POINT ( 'NONE',  ( -5.437526709401705460, 4.000000000000000000, 21.36253596907241459 ) ) ;
#2647 = B_SPLINE_SURFACE_WITH_KNOTS ( 'NONE', 3, 1, ( 
 ( #4466, #5563 ),
 ( #2444, #3497 ),
 ( #5530, #223 ),
 ( #1211, #2372 ),
 ( #3358, #716 ),
 ( #3989, #2866 ),
 ( #3463, #5670 ),
 ( #4990, #296 ),
 ( #4603, #683 ),
 ( #260, #4500 ),
 ( #6784, #2833 ),
 ( #6640, #1807 ),
 ( #1766, #3923 ),
 ( #5598, #6680 ),
 ( #1250, #3957 ),
 ( #6104, #3396 ),
 ( #5025, #6138 ),
 ( #752, #1522 ),
 ( #432, #6814 ),
 ( #5810, #5273 ),
 ( #4775, #3599 ),
 ( #960, #3631 ),
 ( #4205, #2587 ),
 ( #1937, #3106 ),
 ( #4742, #1456 ),
 ( #6927, #1384 ),
 ( #3528, #2081 ) ),
 .UNSPECIFIED., .F., .F., .F.,
 ( 4, 1, 1, 1, 1, 1, 1, 1, 1, 1, 1, 1, 1, 1, 1, 1, 1, 1, 1, 1, 1, 1, 1, 1, 4 ),
 ( 2, 2 ),
 ( 0.000000000000000000, 0.03663489025512759595, 0.07203398234778954357, 0.1066259706074962482, 0.1403056939382975876, 0.1736194704926827537, 0.2064256725696818062, 0.2390670061327426488, 0.2718828805625945200, 0.3048398888131209628, 0.3385290337045879783, 0.3726161878593847732, 0.4075482500265394381, 0.4437189059571701177, 0.4813115090919060646, 0.5201129981462017104, 0.5609129028334484124, 0.6040246006136036350, 0.6500745638656778569, 0.6995722277770578534, 0.7523625390892975107, 0.8087887173463874646, 0.8689542125204791079, 0.9326747199379391562, 1.000000000000000000 ),
 ( 0.000000000000000000, 1.000000000000000000 ),
 .UNSPECIFIED. ) ;
#2648 = VECTOR ( 'NONE', #6887, 1000.000000000000227 ) ;
#2649 = CARTESIAN_POINT ( 'NONE',  ( 4.203054654719477590, 4.500000000000000888, 24.72977232712458218 ) ) ;
#2650 = CARTESIAN_POINT ( 'NONE',  ( -1.833426816239309698, 4.000000000000000000, 24.94458725112368924 ) ) ;
#2651 = CARTESIAN_POINT ( 'NONE',  ( 2.804753558614151654, 3.999999999999998224, 24.53309908644799009 ) ) ;
#2652 = CARTESIAN_POINT ( 'NONE',  ( -0.6204288413416895187, 4.000000000000001776, 24.93270762785292405 ) ) ;
#2653 = ORIENTED_EDGE ( 'NONE', *, *, #1452, .F. ) ;
#2654 = DIRECTION ( 'NONE',  ( -1.000000000000000000, 0.000000000000000000, -8.462065736472229849E-17 ) ) ;
#2655 = CARTESIAN_POINT ( 'NONE',  ( 2.879403866744851825, 4.500000000000000888, 24.05754610470029675 ) ) ;
#2656 = CYLINDRICAL_SURFACE ( 'NONE', #5984, 18.00000000000000000 ) ;
#2657 = VECTOR ( 'NONE', #5759, 1000.000000000000000 ) ;
#2658 = VERTEX_POINT ( 'NONE', #957 ) ;
#2659 = CARTESIAN_POINT ( 'NONE',  ( 3.229273504273508344, 4.500000000000000888, 24.56467272120915979 ) ) ;
#2660 = CARTESIAN_POINT ( 'NONE',  ( 9.317574071434668426, 3.999999999999999112, 24.53309908644800075 ) ) ;
#2661 = CARTESIAN_POINT ( 'NONE',  ( 5.268984085744019552, 4.000000000000002665, 24.05289772092727674 ) ) ;
#2662 = ORIENTED_EDGE ( 'NONE', *, *, #3123, .F. ) ;
#2663 = CARTESIAN_POINT ( 'NONE',  ( -4.571836535187949302, 4.499999999999999112, 22.83244678353840484 ) ) ;
#2664 = DIRECTION ( 'NONE',  ( 0.000000000000000000, 0.000000000000000000, -1.000000000000000000 ) ) ;
#2665 = EDGE_CURVE ( 'NONE', #2796, #5171, #1381, .T. ) ;
#2666 = CARTESIAN_POINT ( 'NONE',  ( -8.253840323937728485, 4.000000000000000000, 24.94149307396267190 ) ) ;
#2667 = EDGE_CURVE ( 'NONE', #371, #3875, #1730, .T. ) ;
#2668 = EDGE_CURVE ( 'NONE', #4388, #4160, #2530, .T. ) ;
#2669 = CARTESIAN_POINT ( 'NONE',  ( 6.050061083965369235, 4.500000000000000888, 24.28204755736115317 ) ) ;
#2670 = DIRECTION ( 'NONE',  ( -0.4511465413988250406, 0.000000000000000000, -0.8924498855307664291 ) ) ;
#2671 = DIRECTION ( 'NONE',  ( 0.000000000000000000, -1.000000000000000000, 0.000000000000000000 ) ) ;
#2672 = DIRECTION ( 'NONE',  ( -0.000000000000000000, -1.000000000000000000, -0.000000000000000000 ) ) ;
#2673 = CARTESIAN_POINT ( 'NONE',  ( 2.681650279564162354, 4.500000000000000888, 22.06520476112831375 ) ) ;
#2674 = VERTEX_POINT ( 'NONE', #3628 ) ;
#2675 = CARTESIAN_POINT ( 'NONE',  ( 7.949636692046631481, 4.000000000000000000, 25.70376288419778632 ) ) ;
#2676 = DIRECTION ( 'NONE',  ( 0.000000000000000000, 0.000000000000000000, -1.000000000000000000 ) ) ;
#2677 = CARTESIAN_POINT ( 'NONE',  ( 0.7050677830286968817, 4.000000000000000888, 21.47641234637067242 ) ) ;
#2678 = DIRECTION ( 'NONE',  ( 0.000000000000000000, 0.000000000000000000, -1.000000000000000000 ) ) ;
#2679 = VECTOR ( 'NONE', #3822, 1000.000000000000000 ) ;
#2680 = CARTESIAN_POINT ( 'NONE',  ( -4.320391971705170420, 4.500000000000000888, 23.58658161551173293 ) ) ;
#2681 = CIRCLE ( 'NONE', #7005, 4.600000000000001421 ) ;
#2682 = VECTOR ( 'NONE', #4747, 1000.000000000000000 ) ;
#2683 = CARTESIAN_POINT ( 'NONE',  ( 5.250380667960895309, 4.000000000000000000, 23.99070536142653154 ) ) ;
#2684 = DIRECTION ( 'NONE',  ( 0.000000000000000000, 0.000000000000000000, -1.000000000000000000 ) ) ;
#2685 = CARTESIAN_POINT ( 'NONE',  ( 4.679393696581199968, 4.000000000000000000, 24.94458725112369279 ) ) ;
#2686 = CARTESIAN_POINT ( 'NONE',  ( -1.088350287250515525, 3.999999999999999112, 25.46672230019053274 ) ) ;
#2687 = CARTESIAN_POINT ( 'NONE',  ( 2.162881453349786209, 4.499999999999999112, 25.53692061748267861 ) ) ;
#2688 = CARTESIAN_POINT ( 'NONE',  ( -0.4818712956762268296, 4.000000000000000000, 23.93920038580247578 ) ) ;
#2689 = VECTOR ( 'NONE', #1096, 1000.000000000000000 ) ;
#2690 = VERTEX_POINT ( 'NONE', #4634 ) ;
#2691 = DIRECTION ( 'NONE',  ( 0.000000000000000000, 0.000000000000000000, 1.000000000000000000 ) ) ;
#2692 = CARTESIAN_POINT ( 'NONE',  ( 9.416452991452995747, 4.500000000000000888, 23.48089868274762537 ) ) ;
#2693 = CARTESIAN_POINT ( 'NONE',  ( 4.985378670017100333, 4.500000000000000888, 23.66114910138864857 ) ) ;
#2694 = ORIENTED_EDGE ( 'NONE', *, *, #675, .T. ) ;
#2695 = CARTESIAN_POINT ( 'NONE',  ( -17.49999999999999645, 1.000000000000000000, 27.50000000000000355 ) ) ;
#2696 = CARTESIAN_POINT ( 'NONE',  ( 1.495704446163244716, 4.000000000000000000, 22.01481373781809481 ) ) ;
#2697 = CARTESIAN_POINT ( 'NONE',  ( 5.155066710011700692, 4.500000000000000888, 24.70276902679637132 ) ) ;
#2698 = CARTESIAN_POINT ( 'NONE',  ( -7.323706563806175573, 4.499999999999999112, 24.73969323719608226 ) ) ;
#2699 = EDGE_CURVE ( 'NONE', #2775, #2891, #3799, .T. ) ;
#2700 = FACE_OUTER_BOUND ( 'NONE', #3194, .T. ) ;
#2701 = CARTESIAN_POINT ( 'NONE',  ( 1.471320779914531363, 4.000000000000000000, 22.01381802035446356 ) ) ;
#2702 = CARTESIAN_POINT ( 'NONE',  ( 0.03682504609944922680, 4.500000000000000888, 23.91049027396239879 ) ) ;
#2703 = DIRECTION ( 'NONE',  ( 0.000000000000000000, 0.000000000000000000, -1.000000000000000000 ) ) ;
#2704 = CARTESIAN_POINT ( 'NONE',  ( 7.984141292735046136, 4.000000000000000000, 22.01381802035446711 ) ) ;
#2705 = CIRCLE ( 'NONE', #1803, 0.5000000000000004441 ) ;
#2706 = VERTEX_POINT ( 'NONE', #4240 ) ;
#2707 = PRODUCT ( 'pcb-mural-board-holder-led', 'pcb-mural-board-holder-led', '', ( #6917 ) ) ;
#2708 = CARTESIAN_POINT ( 'NONE',  ( 3.410371824552308251, 4.000000000000001776, 25.03905045217858216 ) ) ;
#2709 = CARTESIAN_POINT ( 'NONE',  ( -3.718513930321499128, 4.500000000000000888, 22.59840437280676184 ) ) ;
#2710 = CARTESIAN_POINT ( 'NONE',  ( 8.208020643077487577, 4.000000000000000000, 25.69243952143810716 ) ) ;
#2711 = CARTESIAN_POINT ( 'NONE',  ( 5.282637884323846400, 4.000000000000001776, 24.11810818465132655 ) ) ;
#2712 = CARTESIAN_POINT ( 'NONE',  ( -1.543599963895188720, 4.000000000000000000, 24.87018787320161195 ) ) ;
#2713 = CARTESIAN_POINT ( 'NONE',  ( -20.50000000000000355, 0.000000000000000000, -19.49999999999998934 ) ) ;
#2714 = CARTESIAN_POINT ( 'NONE',  ( 8.181090243890142943, 3.999999999999998224, 21.26723613498711885 ) ) ;
#2715 = CARTESIAN_POINT ( 'NONE',  ( 2.515533636672997897, 4.000000000000000000, 25.20157656953222158 ) ) ;
#2716 = CARTESIAN_POINT ( 'NONE',  ( -1.699370301544755879, 4.000000000000001776, 22.82895205524460636 ) ) ;
#2717 = EDGE_LOOP ( 'NONE', ( #3668, #5444, #5552, #892 ) ) ;
#2718 = VERTEX_POINT ( 'NONE', #4771 ) ;
#2719 = CARTESIAN_POINT ( 'NONE',  ( -19.50000000000000355, 5.500000000000000000, -19.49999999999999645 ) ) ;
#2720 = CARTESIAN_POINT ( 'NONE',  ( 9.028354149493514669, 4.500000000000000888, 25.20157656953222869 ) ) ;
#2721 = FACE_OUTER_BOUND ( 'NONE', #4915, .T. ) ;
#2722 = VERTEX_POINT ( 'NONE', #2110 ) ;
#2723 = CARTESIAN_POINT ( 'NONE',  ( 5.997222222222226229, 4.500000000000000888, 22.06809152462796320 ) ) ;
#2724 = CARTESIAN_POINT ( 'NONE',  ( 7.300561317296817343, 4.000000000000000888, 23.59369124025282716 ) ) ;
#2725 = CARTESIAN_POINT ( 'NONE',  ( 5.290457678992813939, 4.499999999999999112, 24.33056431776325823 ) ) ;
#2726 = CARTESIAN_POINT ( 'NONE',  ( -8.006195546983262190, 4.500000000000000888, 25.66871720740712348 ) ) ;
#2727 = CARTESIAN_POINT ( 'NONE',  ( 0.7869658119658132778, 4.000000000000000000, 23.52923602249121160 ) ) ;
#2728 = CARTESIAN_POINT ( 'NONE',  ( -1.480833162025863459, 4.500000000000000888, 22.85028754442216581 ) ) ;
#2729 = CARTESIAN_POINT ( 'NONE',  ( -4.571836535187949302, 4.499999999999999112, 22.83244678353840484 ) ) ;
#2730 = CARTESIAN_POINT ( 'NONE',  ( -8.059670717505541759, 4.499999999999999112, 24.43609861243887238 ) ) ;
#2731 = ADVANCED_FACE ( 'NONE', ( #6924 ), #1131, .T. ) ;
#2732 = ORIENTED_EDGE ( 'NONE', *, *, #545, .F. ) ;
#2733 = EDGE_CURVE ( 'NONE', #920, #5665, #2040, .T. ) ;
#2734 = CARTESIAN_POINT ( 'NONE',  ( 6.607551834483458286, 3.999999999999999112, 24.41217644627272421 ) ) ;
#2735 = EDGE_LOOP ( 'NONE', ( #6064, #5211 ) ) ;
#2736 = CARTESIAN_POINT ( 'NONE',  ( -3.866342217292234817, 4.000000000000001776, 23.17849930960185389 ) ) ;
#2737 = CARTESIAN_POINT ( 'NONE',  ( -3.718622689247617963, 4.500000000000000888, 22.47038570732156870 ) ) ;
#2738 = CARTESIAN_POINT ( 'NONE',  ( 8.660254037844389075, 4.000000000000000000, 6.599999999999999645 ) ) ;
#2739 = EDGE_CURVE ( 'NONE', #6471, #1354, #3206, .T. ) ;
#2740 = ADVANCED_FACE ( 'NONE', ( #6481 ), #5940, .T. ) ;
#2741 = CARTESIAN_POINT ( 'NONE',  ( -3.728267821817226491, 4.499999999999999112, 22.75995705169386696 ) ) ;
#2742 = VECTOR ( 'NONE', #2576, 1000.000000000000000 ) ;
#2743 = ADVANCED_FACE ( 'NONE', ( #4202 ), #3384, .T. ) ;
#2744 = ADVANCED_FACE ( 'NONE', ( #6701 ), #212, .T. ) ;
#2745 = ORIENTED_EDGE ( 'NONE', *, *, #2919, .F. ) ;
#2746 = CARTESIAN_POINT ( 'NONE',  ( 8.405246178862194384, 4.000000000000000000, 24.72110495530781549 ) ) ;
#2747 = CARTESIAN_POINT ( 'NONE',  ( -1.357753802808809862, 4.499999999999999112, 24.70276902679636422 ) ) ;
#2748 = VECTOR ( 'NONE', #6841, 1000.000000000000000 ) ;
#2749 = AXIS2_PLACEMENT_3D ( 'NONE', #2137, #4764, #3660 ) ;
#2750 = CARTESIAN_POINT ( 'NONE',  ( -2.006423611111104677, 4.500000000000000888, 22.86862571266215127 ) ) ;
#2751 = DIRECTION ( 'NONE',  ( 0.000000000000000000, -1.000000000000000000, 0.000000000000000000 ) ) ;
#2752 = CARTESIAN_POINT ( 'NONE',  ( -2.244075124487366235, 4.500000000000000888, 24.79553779862992613 ) ) ;
#2753 = CARTESIAN_POINT ( 'NONE',  ( -5.267073985042731721, 4.500000000000000888, 22.99074109727754234 ) ) ;
#2754 = AXIS2_PLACEMENT_3D ( 'NONE', #1723, #5660, #6669 ) ;
#2755 = CARTESIAN_POINT ( 'NONE',  ( -4.955073603241452851, 4.000000000000000888, 21.37821716724777588 ) ) ;
#2756 = CARTESIAN_POINT ( 'NONE',  ( 3.410371824552308251, 4.500000000000002665, 25.03905045217858216 ) ) ;
#2757 = PLANE ( 'NONE',  #4495 ) ;
#2758 = CARTESIAN_POINT ( 'NONE',  ( -5.304387019230766498, 4.000000000000000000, 22.12236502890147349 ) ) ;
#2759 = ORIENTED_EDGE ( 'NONE', *, *, #5830, .F. ) ;
#2760 = AXIS2_PLACEMENT_3D ( 'NONE', #4236, #2071, #4902 ) ;
#2761 = CARTESIAN_POINT ( 'NONE',  ( 4.768436164529918031, 4.500000000000000888, 22.82792058445702565 ) ) ;
#2762 = CARTESIAN_POINT ( 'NONE',  ( 2.379905618907059761, 4.500000000000000888, 21.61037818605249328 ) ) ;
#2763 = CARTESIAN_POINT ( 'NONE',  ( 2.142986767265704362, 4.000000000000000000, 23.28573696152648509 ) ) ;
#2764 = DIRECTION ( 'NONE',  ( 0.000000000000000000, 0.000000000000000000, -1.000000000000000000 ) ) ;
#2765 = B_SPLINE_SURFACE_WITH_KNOTS ( 'NONE', 3, 1, ( 
 ( #3519, #2469 ),
 ( #1407, #317 ),
 ( #5729, #3031 ),
 ( #5193, #353 ),
 ( #5586, #5052 ),
 ( #213, #2361 ),
 ( #4524, #6702 ) ),
 .UNSPECIFIED., .F., .F., .F.,
 ( 4, 1, 1, 1, 4 ),
 ( 2, 2 ),
 ( 0.000000000000000000, 0.2636542475286026699, 0.5199803460206643413, 0.7671028029252651148, 1.000000000000000000 ),
 ( 0.000000000000000000, 1.000000000000000000 ),
 .UNSPECIFIED. ) ;
#2766 = ORIENTED_EDGE ( 'NONE', *, *, #1836, .F. ) ;
#2767 = AXIS2_PLACEMENT_3D ( 'NONE', #823, #2408, #2903 ) ;
#2768 = CARTESIAN_POINT ( 'NONE',  ( 5.640918460270616386, 4.500000000000000888, 25.28012416077510593 ) ) ;
#2769 = CARTESIAN_POINT ( 'NONE',  ( 17.50000000000000000, 4.000000000000000000, 27.50000000000000355 ) ) ;
#2770 = CARTESIAN_POINT ( 'NONE',  ( -17.49999999999999645, 1.500000000000000000, 28.00000000000000355 ) ) ;
#2771 = CARTESIAN_POINT ( 'NONE',  ( 7.640063872997786554, 4.500000000000002665, 21.28586822037969384 ) ) ;
#2772 = FACE_OUTER_BOUND ( 'NONE', #26, .T. ) ;
#2773 = VERTEX_POINT ( 'NONE', #4379 ) ;
#2774 = CARTESIAN_POINT ( 'NONE',  ( 4.802232859700101386, 4.499999999999999112, 24.93404887568187434 ) ) ;
#2775 = VERTEX_POINT ( 'NONE', #703 ) ;
#2776 = CARTESIAN_POINT ( 'NONE',  ( 8.192993855332510122, 4.000000000000000888, 22.05645255746070177 ) ) ;
#2777 = ORIENTED_EDGE ( 'NONE', *, *, #2093, .F. ) ;
#2778 = CARTESIAN_POINT ( 'NONE',  ( -3.720041186919390785, 4.000000000000001776, 22.66383896806978271 ) ) ;
#2779 = CARTESIAN_POINT ( 'NONE',  ( -3.953155134449183539, 4.000000000000001776, 21.82358596573951814 ) ) ;
#2780 = CARTESIAN_POINT ( 'NONE',  ( -0.5107385363624101782, 4.000000000000001776, 23.80216629655949845 ) ) ;
#2781 = CARTESIAN_POINT ( 'NONE',  ( 8.247279908514251190, 4.000000000000001776, 24.87281162062013706 ) ) ;
#2782 = EDGE_CURVE ( 'NONE', #3894, #6965, #6376, .T. ) ;
#2783 = DIRECTION ( 'NONE',  ( 0.000000000000000000, -0.000000000000000000, 1.000000000000000000 ) ) ;
#2784 = AXIS2_PLACEMENT_3D ( 'NONE', #1508, #4728, #1015 ) ;
#2785 = ADVANCED_FACE ( 'NONE', ( #2819 ), #5091, .T. ) ;
#2786 = FACE_OUTER_BOUND ( 'NONE', #4228, .T. ) ;
#2787 = CARTESIAN_POINT ( 'NONE',  ( 3.229273504273508344, 4.000000000000000000, 24.56467272120915979 ) ) ;
#2788 = ORIENTED_EDGE ( 'NONE', *, *, #4438, .T. ) ;
#2789 = CARTESIAN_POINT ( 'NONE',  ( 4.268745388333143431, 3.999999999999999112, 24.79553779862992258 ) ) ;
#2790 = CARTESIAN_POINT ( 'NONE',  ( -1.610637699276940893, 4.000000000000001776, 22.83098531138935527 ) ) ;
#2791 = ORIENTED_EDGE ( 'NONE', *, *, #32, .F. ) ;
#2792 = AXIS2_PLACEMENT_3D ( 'NONE', #204, #236, #1822 ) ;
#2793 = CARTESIAN_POINT ( 'NONE',  ( 0.000000000000000000, 1.000000000000000000, 0.000000000000000000 ) ) ;
#2794 = CARTESIAN_POINT ( 'NONE',  ( -7.632355947046624678, 4.500000000000000888, 25.46064905922703048 ) ) ;
#2795 = DIRECTION ( 'NONE',  ( 0.000000000000000000, 0.000000000000000000, -1.000000000000000000 ) ) ;
#2796 = VERTEX_POINT ( 'NONE', #1405 ) ;
#2797 = CARTESIAN_POINT ( 'NONE',  ( -5.267073985042731721, 4.500000000000000888, 22.99074109727754234 ) ) ;
#2798 = CARTESIAN_POINT ( 'NONE',  ( -17.49999999999999645, 1.000000000000000000, 28.50000000000000355 ) ) ;
#2799 = CARTESIAN_POINT ( 'NONE',  ( 7.486931384351131591, 4.499999999999999112, 24.63718520842033044 ) ) ;
#2800 = LINE ( 'NONE', #547, #6320 ) ;
#2801 = ORIENTED_EDGE ( 'NONE', *, *, #5260, .F. ) ;
#2802 = ORIENTED_EDGE ( 'NONE', *, *, #2168, .F. ) ;
#2803 = CARTESIAN_POINT ( 'NONE',  ( 1.189113388177206465, 4.000000000000000000, 22.08521827370373458 ) ) ;
#2804 = CYLINDRICAL_SURFACE ( 'NONE', #4837, 16.99999999999999645 ) ;
#2805 = DIRECTION ( 'NONE',  ( -0.000000000000000000, -1.000000000000000000, -0.000000000000000000 ) ) ;
#2806 = CARTESIAN_POINT ( 'NONE',  ( -4.989074736387925313, 4.499999999999999112, 22.13259689721729728 ) ) ;
#2807 = CARTESIAN_POINT ( 'NONE',  ( 0.02831427227701991886, 4.499999999999999112, 23.71955985808309819 ) ) ;
#2808 = CARTESIAN_POINT ( 'NONE',  ( -8.059615384615382183, 4.000000000000000000, 21.36253596907242169 ) ) ;
#2809 = CARTESIAN_POINT ( 'NONE',  ( -3.742809644988627671, 4.499999999999999112, 22.28909785887612927 ) ) ;
#2810 = ORIENTED_EDGE ( 'NONE', *, *, #1067, .F. ) ;
#2811 = CARTESIAN_POINT ( 'NONE',  ( 1.935189636752137954, 4.000000000000000000, 24.65371518915787874 ) ) ;
#2812 = CARTESIAN_POINT ( 'NONE',  ( -4.560313165648835820, 4.000000000000000888, 22.31244491517101025 ) ) ;
#2813 = DIRECTION ( 'NONE',  ( -1.692413147294446463E-16, 0.000000000000000000, -1.000000000000000000 ) ) ;
#2814 = FACE_OUTER_BOUND ( 'NONE', #3394, .T. ) ;
#2815 = B_SPLINE_SURFACE_WITH_KNOTS ( 'NONE', 3, 1, ( 
 ( #4453, #3380 ),
 ( #4556, #4490 ),
 ( #4419, #5013 ),
 ( #636, #3346 ),
 ( #2895, #176 ),
 ( #5053, #247 ),
 ( #6629, #3977 ),
 ( #6736, #5550 ),
 ( #4525, #6016 ),
 ( #1201, #6056 ),
 ( #704, #138 ) ),
 .UNSPECIFIED., .F., .F., .F.,
 ( 4, 1, 1, 1, 1, 1, 1, 1, 4 ),
 ( 2, 2 ),
 ( 0.000000000000000000, 0.1240354330026173374, 0.2428459548115301792, 0.3603416824496182835, 0.4790424316556542439, 0.5993341100427895807, 0.7254884757708245369, 0.8585494285274613002, 1.000000000000000000 ),
 ( 0.000000000000000000, 1.000000000000000000 ),
 .UNSPECIFIED. ) ;
#2816 = CARTESIAN_POINT ( 'NONE',  ( 8.660254037844389075, 4.000000000000000000, 4.999999999999998224 ) ) ;
#2817 = VERTEX_POINT ( 'NONE', #3551 ) ;
#2818 = CARTESIAN_POINT ( 'NONE',  ( -18.49999999999999645, 1.000000000000000000, 21.50000000000000000 ) ) ;
#2819 = FACE_OUTER_BOUND ( 'NONE', #2901, .T. ) ;
#2820 = DIRECTION ( 'NONE',  ( -0.2236320174572703767, 0.000000000000000000, 0.9746736483397872020 ) ) ;
#2821 = CARTESIAN_POINT ( 'NONE',  ( 17.50000000000000000, 4.000000000000000000, 28.50000000000000355 ) ) ;
#2822 = LINE ( 'NONE', #1164, #3408 ) ;
#2823 = B_SPLINE_SURFACE_WITH_KNOTS ( 'NONE', 3, 1, ( 
 ( #3077, #402 ),
 ( #3568, #1422 ),
 ( #962, #4639 ),
 ( #6964, #5238 ),
 ( #5778, #5275 ),
 ( #5308, #3008 ),
 ( #434, #4094 ),
 ( #2516, #5205 ),
 ( #6422, #2589 ),
 ( #366, #4744 ),
 ( #5744, #2555 ) ),
 .UNSPECIFIED., .F., .F., .F.,
 ( 4, 1, 1, 1, 1, 1, 1, 1, 4 ),
 ( 2, 2 ),
 ( 0.000000000000000000, 0.1381137870618414365, 0.2684083835837758891, 0.3941909055405347084, 0.5170923452347711002, 0.6374931640526640964, 0.7570041724766218838, 0.8772941249553335430, 1.000000000000000000 ),
 ( 0.000000000000000000, 1.000000000000000000 ),
 .UNSPECIFIED. ) ;
#2824 = CARTESIAN_POINT ( 'NONE',  ( -5.437526709401705460, 4.500000000000000888, 21.36253596907241459 ) ) ;
#2825 = EDGE_CURVE ( 'NONE', #4434, #1627, #601, .T. ) ;
#2826 = EDGE_CURVE ( 'NONE', #85, #5642, #4080, .T. ) ;
#2827 = EDGE_CURVE ( 'NONE', #1898, #6277, #2295, .T. ) ;
#2828 = DIRECTION ( 'NONE',  ( -0.000000000000000000, -1.000000000000000000, -0.000000000000000000 ) ) ;
#2829 = CARTESIAN_POINT ( 'NONE',  ( 3.823226384757564489, 4.499999999999999112, 25.47225833935340233 ) ) ;
#2830 = CARTESIAN_POINT ( 'NONE',  ( 8.607645922524465476, 4.500000000000000888, 24.18143814742564501 ) ) ;
#2831 = ORIENTED_EDGE ( 'NONE', *, *, #5333, .F. ) ;
#2832 = CARTESIAN_POINT ( 'NONE',  ( -4.478894937752077254, 4.500000000000000888, 22.61021968417840355 ) ) ;
#2833 = CARTESIAN_POINT ( 'NONE',  ( 8.818534847719268654, 4.000000000000000000, 21.54151785463561453 ) ) ;
#2834 = CARTESIAN_POINT ( 'NONE',  ( 8.754539812256235010, 4.500000000000000888, 25.48500050962670116 ) ) ;
#2835 = CARTESIAN_POINT ( 'NONE',  ( 5.019709260137008577, 4.000000000000000888, 24.83632663176656052 ) ) ;
#2836 = ADVANCED_FACE ( 'NONE', ( #6298 ), #2394, .F. ) ;
#2837 = ORIENTED_EDGE ( 'NONE', *, *, #1499, .F. ) ;
#2838 = ORIENTED_EDGE ( 'NONE', *, *, #4867, .F. ) ;
#2839 = CARTESIAN_POINT ( 'NONE',  ( 0.8326643293403178658, 3.999999999999998224, 22.77618656897202953 ) ) ;
#2840 = CARTESIAN_POINT ( 'NONE',  ( 0.8906308901659707455, 4.500000000000000888, 24.45111661742941678 ) ) ;
#2841 = CARTESIAN_POINT ( 'NONE',  ( 3.635105466783792316, 3.999999999999998224, 25.32162280697504997 ) ) ;
#2842 = ORIENTED_EDGE ( 'NONE', *, *, #5297, .F. ) ;
#2843 = CARTESIAN_POINT ( 'NONE',  ( -0.5506864309092318610, 4.499999999999999112, 23.67186356956156956 ) ) ;
#2844 = CARTESIAN_POINT ( 'NONE',  ( -4.477564102564099535, 4.000000000000000000, 22.55485701608095894 ) ) ;
#2845 = DIRECTION ( 'NONE',  ( 0.000000000000000000, 0.000000000000000000, 1.000000000000000000 ) ) ;
#2846 = CARTESIAN_POINT ( 'NONE',  ( -0.5155982905982841036, 4.500000000000000888, 22.06809152462796320 ) ) ;
#2847 = CARTESIAN_POINT ( 'NONE',  ( -4.478425951149513473, 3.999999999999999112, 22.53242142451610519 ) ) ;
#2848 = CARTESIAN_POINT ( 'NONE',  ( -3.790761687839095728, 4.500000000000000888, 22.12062002423089879 ) ) ;
#2849 = CARTESIAN_POINT ( 'NONE',  ( -0.4818712956762268296, 3.999999999999999112, 23.93920038580247578 ) ) ;
#2850 = LINE ( 'NONE', #5008, #1426 ) ;
#2851 = ORIENTED_EDGE ( 'NONE', *, *, #2048, .F. ) ;
#2852 = CARTESIAN_POINT ( 'NONE',  ( 8.356805415023512040, 4.000000000000000000, 24.78103026854617852 ) ) ;
#2853 = CARTESIAN_POINT ( 'NONE',  ( 0.8592720633097303828, 4.000000000000002665, 24.33468368483586630 ) ) ;
#2854 = CARTESIAN_POINT ( 'NONE',  ( 7.987533386752140530, 4.000000000000000000, 25.70441631095275525 ) ) ;
#2855 = CARTESIAN_POINT ( 'NONE',  ( 5.183214923410169206, 4.000000000000000000, 25.59959716518713435 ) ) ;
#2856 = ORIENTED_EDGE ( 'NONE', *, *, #3904, .F. ) ;
#2857 = CARTESIAN_POINT ( 'NONE',  ( 0.02786168971211661072, 4.000000000000000000, 23.42687525227378842 ) ) ;
#2858 = DIRECTION ( 'NONE',  ( 0.000000000000000000, 0.000000000000000000, 1.000000000000000000 ) ) ;
#2859 = EDGE_LOOP ( 'NONE', ( #5035, #3960, #6195, #9 ) ) ;
#2860 = CARTESIAN_POINT ( 'NONE',  ( 6.051495726495730310, 4.500000000000000888, 24.23139948402967292 ) ) ;
#2861 = CARTESIAN_POINT ( 'NONE',  ( -7.536717393514101637, 4.499999999999999112, 25.35932655220385001 ) ) ;
#2862 = AXIS2_PLACEMENT_3D ( 'NONE', #3038, #5667, #6270 ) ;
#2863 = CARTESIAN_POINT ( 'NONE',  ( -17.99999999999999645, 4.000000000000003553, 21.50000000000000000 ) ) ;
#2864 = ORIENTED_EDGE ( 'NONE', *, *, #6133, .T. ) ;
#2865 = FACE_OUTER_BOUND ( 'NONE', #5139, .T. ) ;
#2866 = CARTESIAN_POINT ( 'NONE',  ( 8.382776377830740699, 3.999999999999998224, 21.30930077504977760 ) ) ;
#2867 = CARTESIAN_POINT ( 'NONE',  ( 7.372092576130247821, 4.000000000000002665, 24.33468368483586985 ) ) ;
#2868 = CARTESIAN_POINT ( 'NONE',  ( -8.059615384615382183, 4.500000000000000888, 21.36253596907242169 ) ) ;
#2869 = VECTOR ( 'NONE', #1261, 1000.000000000000000 ) ;
#2870 = EDGE_LOOP ( 'NONE', ( #2594, #1940, #250, #6558 ) ) ;
#2871 = ORIENTED_EDGE ( 'NONE', *, *, #4941, .F. ) ;
#2872 = DIRECTION ( 'NONE',  ( -0.000000000000000000, -1.000000000000000000, -0.000000000000000000 ) ) ;
#2873 = B_SPLINE_SURFACE_WITH_KNOTS ( 'NONE', 3, 1, ( 
 ( #3453, #1160 ),
 ( #6592, #2325 ),
 ( #1722, #3947 ),
 ( #6668, #2287 ),
 ( #1795, #5624 ),
 ( #6125, #2362 ),
 ( #3417, #1831 ),
 ( #6704, #103 ),
 ( #6161, #1310 ),
 ( #1273, #780 ),
 ( #2929, #3873 ) ),
 .UNSPECIFIED., .F., .F., .F.,
 ( 4, 1, 1, 1, 1, 1, 1, 1, 4 ),
 ( 2, 2 ),
 ( 0.000000000000000000, 0.1381137870618414365, 0.2684083835837762222, 0.3941909055405345974, 0.5170923452347711002, 0.6374931640526640964, 0.7570041724766218838, 0.8772941249553332099, 1.000000000000000000 ),
 ( 0.000000000000000000, 1.000000000000000000 ),
 .UNSPECIFIED. ) ;
#2874 = CYLINDRICAL_SURFACE ( 'NONE', #5967, 1.000000000000000888 ) ;
#2875 = VECTOR ( 'NONE', #6813, 1000.000000000000000 ) ;
#2876 = CARTESIAN_POINT ( 'NONE',  ( 8.632215439431504933, 4.500000000000000888, 22.93294724487373415 ) ) ;
#2877 = EDGE_CURVE ( 'NONE', #932, #1833, #2285, .T. ) ;
#2878 = ORIENTED_EDGE ( 'NONE', *, *, #2881, .F. ) ;
#2879 = CARTESIAN_POINT ( 'NONE',  ( -4.874438725583828180, 4.500000000000000888, 22.14669988225004715 ) ) ;
#2880 = CARTESIAN_POINT ( 'NONE',  ( 7.987533386752140530, 4.500000000000000888, 25.70441631095275525 ) ) ;
#2881 = EDGE_CURVE ( 'NONE', #6471, #1924, #4673, .T. ) ;
#2882 = EDGE_CURVE ( 'NONE', #5808, #258, #3518, .T. ) ;
#2883 = DIRECTION ( 'NONE',  ( 0.000000000000000000, 0.000000000000000000, 1.000000000000000000 ) ) ;
#2884 = VECTOR ( 'NONE', #2512, 1000.000000000000000 ) ;
#2885 = ORIENTED_EDGE ( 'NONE', *, *, #4297, .T. ) ;
#2886 = CARTESIAN_POINT ( 'NONE',  ( -17.49999999999999645, 1.000000000000000000, 20.49999999999999645 ) ) ;
#2887 = CARTESIAN_POINT ( 'NONE',  ( -4.023745171716401003, 4.000000000000000888, 23.37846281204788923 ) ) ;
#2888 = CARTESIAN_POINT ( 'NONE',  ( 7.959480387903018261, 4.500000000000000888, 24.94355836941234728 ) ) ;
#2889 = DIRECTION ( 'NONE',  ( 0.000000000000000000, 0.000000000000000000, -1.000000000000000000 ) ) ;
#2890 = CARTESIAN_POINT ( 'NONE',  ( 4.211284722222226051, 4.000000000000000888, 23.85826914214933225 ) ) ;
#2891 = VERTEX_POINT ( 'NONE', #3063 ) ;
#2892 = CARTESIAN_POINT ( 'NONE',  ( 4.705203050819626753, 4.000000000000000888, 22.82951443598260255 ) ) ;
#2893 = CARTESIAN_POINT ( 'NONE',  ( 1.023678628066455154, 4.500000000000000888, 24.71010576883794130 ) ) ;
#2894 = CARTESIAN_POINT ( 'NONE',  ( -0.5155982905982841036, 4.500000000000000888, 22.06809152462796320 ) ) ;
#2895 = CARTESIAN_POINT ( 'NONE',  ( 8.186870580694764143, 4.500000000000000888, 24.90535188523760013 ) ) ;
#2896 = CARTESIAN_POINT ( 'NONE',  ( 4.684542051403539631, 4.000000000000000000, 25.70306412226662829 ) ) ;
#2897 = CARTESIAN_POINT ( 'NONE',  ( -2.415170940170933811, 4.500000000000000888, 24.56467272120915624 ) ) ;
#2898 = CARTESIAN_POINT ( 'NONE',  ( 2.893978863937610946, 4.500000000000000888, 23.87572366836100457 ) ) ;
#2899 = CARTESIAN_POINT ( 'NONE',  ( -7.742499969873281707, 4.500000000000000888, 25.54865936785757796 ) ) ;
#2900 = DIRECTION ( 'NONE',  ( -1.000000000000000000, 0.000000000000000000, -0.000000000000000000 ) ) ;
#2901 = EDGE_LOOP ( 'NONE', ( #5076, #3536, #1764, #3710 ) ) ;
#2902 = CARTESIAN_POINT ( 'NONE',  ( -1.577414543333541586, 4.500000000000000888, 23.63323322194408860 ) ) ;
#2903 = DIRECTION ( 'NONE',  ( -1.692413147294446463E-16, 0.000000000000000000, -1.000000000000000000 ) ) ;
#2904 = FACE_OUTER_BOUND ( 'NONE', #1001, .T. ) ;
#2905 = LINE ( 'NONE', #3959, #3918 ) ;
#2906 = VECTOR ( 'NONE', #4961, 1000.000000000000114 ) ;
#2907 = EDGE_LOOP ( 'NONE', ( #2041, #6581, #6711, #2556 ) ) ;
#2908 = EDGE_CURVE ( 'NONE', #794, #2706, #387, .T. ) ;
#2909 = VERTEX_POINT ( 'NONE', #3587 ) ;
#2910 = CARTESIAN_POINT ( 'NONE',  ( 0.8076628735304103301, 4.000000000000000000, 22.99121859519941680 ) ) ;
#2911 = DIRECTION ( 'NONE',  ( 0.000000000000000000, 0.000000000000000000, 1.000000000000000000 ) ) ;
#2912 = CARTESIAN_POINT ( 'NONE',  ( 3.229273504273508344, 4.000000000000000000, 24.56467272120915979 ) ) ;
#2913 = ORIENTED_EDGE ( 'NONE', *, *, #1953, .F. ) ;
#2914 = CARTESIAN_POINT ( 'NONE',  ( 4.689225822134932109, 4.000000000000000000, 23.58856714766718099 ) ) ;
#2915 = CARTESIAN_POINT ( 'NONE',  ( -1.321523278739431762, 4.000000000000000000, 24.64919375333169427 ) ) ;
#2916 = CARTESIAN_POINT ( 'NONE',  ( -6.322863247863244496, 4.500000000000000888, 25.59586930240574532 ) ) ;
#2917 = EDGE_CURVE ( 'NONE', #1044, #2100, #3487, .T. ) ;
#2918 = ORIENTED_EDGE ( 'NONE', *, *, #2316, .T. ) ;
#2919 = EDGE_CURVE ( 'NONE', #6452, #2518, #6731, .T. ) ;
#2920 = DIRECTION ( 'NONE',  ( -0.000000000000000000, -1.000000000000000000, -0.000000000000000000 ) ) ;
#2921 = FACE_OUTER_BOUND ( 'NONE', #4274, .T. ) ;
#2922 = CARTESIAN_POINT ( 'NONE',  ( -3.766077287812867880, 4.499999999999999112, 22.93944690098338768 ) ) ;
#2923 = CARTESIAN_POINT ( 'NONE',  ( -8.660254037844389075, 17.01076477383247720, 9.600000000000001421 ) ) ;
#2924 = CARTESIAN_POINT ( 'NONE',  ( -2.309765858101034297, 4.000000000000000888, 24.72977232712458218 ) ) ;
#2925 = VECTOR ( 'NONE', #817, 1000.000000000000000 ) ;
#2926 = CARTESIAN_POINT ( 'NONE',  ( -2.131043554731823164, 4.000000000000001776, 25.68771921875660169 ) ) ;
#2927 = CARTESIAN_POINT ( 'NONE',  ( -8.724436757380617635, 4.500000000000000888, 24.75395155299368355 ) ) ;
#2928 = LINE ( 'NONE', #6225, #2748 ) ;
#2929 = CARTESIAN_POINT ( 'NONE',  ( 4.679393696581199968, 4.500000000000000888, 24.94458725112369279 ) ) ;
#2930 = CARTESIAN_POINT ( 'NONE',  ( 4.636144497863251779, 4.500000000000000888, 25.70441631095275170 ) ) ;
#2931 = ORIENTED_EDGE ( 'NONE', *, *, #5904, .T. ) ;
#2932 = LINE ( 'NONE', #1868, #5300 ) ;
#2933 = CARTESIAN_POINT ( 'NONE',  ( 7.483394143851148428, 4.500000000000000888, 22.32439080759634109 ) ) ;
#2934 = CARTESIAN_POINT ( 'NONE',  ( -1.876676014957258110, 4.000000000000000000, 25.70441631095274815 ) ) ;
#2935 = VECTOR ( 'NONE', #700, 1000.000000000000000 ) ;
#2936 = CARTESIAN_POINT ( 'NONE',  ( -1.221153846153839595, 4.500000000000000888, 24.25768821266215269 ) ) ;
#2937 = ORIENTED_EDGE ( 'NONE', *, *, #4220, .T. ) ;
#2938 = CARTESIAN_POINT ( 'NONE',  ( -1.630633217679936076, 4.499999999999999112, 23.61291665337054368 ) ) ;
#2939 = CARTESIAN_POINT ( 'NONE',  ( -4.500107999474264986, 4.000000000000000000, 22.71133521318682469 ) ) ;
#2940 = CARTESIAN_POINT ( 'NONE',  ( 7.344837415256100677, 3.999999999999999112, 24.20365213543260552 ) ) ;
#2941 = CARTESIAN_POINT ( 'NONE',  ( -0.6913748735505019782, 4.499999999999999112, 25.05531327948590814 ) ) ;
#2942 = EDGE_LOOP ( 'NONE', ( #6812, #3647, #2117, #3252, #6325, #1883, #6042, #1234 ) ) ;
#2943 = VERTEX_POINT ( 'NONE', #4161 ) ;
#2944 = FILL_AREA_STYLE_COLOUR ( '', #3237 ) ;
#2945 = FACE_OUTER_BOUND ( 'NONE', #5969, .T. ) ;
#2946 = FACE_OUTER_BOUND ( 'NONE', #2031, .T. ) ;
#2947 = VERTEX_POINT ( 'NONE', #3621 ) ;
#2948 = CARTESIAN_POINT ( 'NONE',  ( 4.211284722222226051, 4.000000000000000000, 23.85826914214933225 ) ) ;
#2949 = CARTESIAN_POINT ( 'NONE',  ( 7.984141292735046136, 4.500000000000000888, 22.01381802035446711 ) ) ;
#2950 = DIRECTION ( 'NONE',  ( -0.000000000000000000, -1.000000000000000000, -0.000000000000000000 ) ) ;
#2951 = ORIENTED_EDGE ( 'NONE', *, *, #1621, .F. ) ;
#2952 = CARTESIAN_POINT ( 'NONE',  ( -1.222550462178103814, 4.000000000000000888, 24.18683621616803947 ) ) ;
#2953 = VERTEX_POINT ( 'NONE', #281 ) ;
#2954 = CARTESIAN_POINT ( 'NONE',  ( -17.49999999999999645, 1.500000000000000000, 27.50000000000000355 ) ) ;
#2955 = CARTESIAN_POINT ( 'NONE',  ( -3.964198804838588330, 4.000000000000000000, 23.31676906824563389 ) ) ;
#2956 = CARTESIAN_POINT ( 'NONE',  ( 1.935189636752137954, 4.000000000000000000, 24.65371518915787874 ) ) ;
#2957 = CARTESIAN_POINT ( 'NONE',  ( -2.960590324597346612, 4.500000000000002665, 25.23427131430506165 ) ) ;
#2958 = EDGE_LOOP ( 'NONE', ( #4635, #3154 ) ) ;
#2959 = ADVANCED_FACE ( 'NONE', ( #2432 ), #3162, .F. ) ;
#2960 = CARTESIAN_POINT ( 'NONE',  ( 4.710770566239319557, 4.500000000000000888, 23.58774964428608456 ) ) ;
#2961 = DIRECTION ( 'NONE',  ( 0.000000000000000000, 1.000000000000000000, -0.000000000000000000 ) ) ;
#2962 = CARTESIAN_POINT ( 'NONE',  ( 0.05120087813169067054, 4.000000000000001776, 24.08951470073433043 ) ) ;
#2963 = ADVANCED_FACE ( 'NONE', ( #2608 ), #4334, .T. ) ;
#2964 = CARTESIAN_POINT ( 'NONE',  ( 2.893607963690523643, 4.499999999999999112, 23.09008042439635489 ) ) ;
#2965 = EDGE_CURVE ( 'NONE', #5106, #6263, #4195, .T. ) ;
#2966 = CARTESIAN_POINT ( 'NONE',  ( 5.387090073654102973, 4.000000000000002665, 22.98047589546434466 ) ) ;
#2967 = ADVANCED_FACE ( 'NONE', ( #4268 ), #6845, .T. ) ;
#2968 = CARTESIAN_POINT ( 'NONE',  ( 2.725712533873065002, 4.499999999999999112, 24.79261773730350882 ) ) ;
#2969 = CARTESIAN_POINT ( 'NONE',  ( 7.345484842160829864, 3.999999999999997335, 22.77618656897202243 ) ) ;
#2970 = CARTESIAN_POINT ( 'NONE',  ( -1.230182628496664154, 3.999999999999999112, 24.11810818465131234 ) ) ;
#2971 = VECTOR ( 'NONE', #6387, 1000.000000000000000 ) ;
#2972 = ORIENTED_EDGE ( 'NONE', *, *, #6388, .T. ) ;
#2973 = CARTESIAN_POINT ( 'NONE',  ( -4.478019964409400089, 4.500000000000000888, 22.57382084290766855 ) ) ;
#2974 = CARTESIAN_POINT ( 'NONE',  ( -4.571836535187949302, 3.999999999999999112, 22.83244678353840484 ) ) ;
#2975 = CARTESIAN_POINT ( 'NONE',  ( 7.209611468129823564, 4.500000000000000888, 25.48413176882078801 ) ) ;
#2976 = CARTESIAN_POINT ( 'NONE',  ( 4.705203050819626753, 4.500000000000000888, 22.82951443598260255 ) ) ;
#2977 = FACE_OUTER_BOUND ( 'NONE', #6058, .T. ) ;
#2978 = CARTESIAN_POINT ( 'NONE',  ( 3.476780808044046545, 4.499999999999999112, 25.14046628565723651 ) ) ;
#2979 = ORIENTED_EDGE ( 'NONE', *, *, #631, .F. ) ;
#2980 = CARTESIAN_POINT ( 'NONE',  ( -20.50000000000000355, 1.000000000000000000, -19.49999999999998934 ) ) ;
#2981 = DIRECTION ( 'NONE',  ( -0.000000000000000000, -1.000000000000000000, 0.000000000000000000 ) ) ;
#2982 = DIRECTION ( 'NONE',  ( 0.000000000000000000, 0.000000000000000000, -1.000000000000000000 ) ) ;
#2983 = AXIS2_PLACEMENT_3D ( 'NONE', #893, #5741, #5846 ) ;
#2984 = VECTOR ( 'NONE', #1561, 1000.000000000000000 ) ;
#2985 = CARTESIAN_POINT ( 'NONE',  ( -0.5614367761446011906, 3.999999999999998224, 24.80460897103012030 ) ) ;
#2986 = CARTESIAN_POINT ( 'NONE',  ( 6.800680411154053751, 4.499999999999999112, 21.97319218339634972 ) ) ;
#2987 = CARTESIAN_POINT ( 'NONE',  ( 7.771300618009923333, 4.500000000000000888, 24.90277380790520212 ) ) ;
#2988 = CARTESIAN_POINT ( 'NONE',  ( 5.156282863529484395, 3.999999999999999112, 22.88068797650580777 ) ) ;
#2989 = AXIS2_PLACEMENT_3D ( 'NONE', #1454, #5773, #926 ) ;
#2990 = CARTESIAN_POINT ( 'NONE',  ( -5.305235042735039208, 4.500000000000000888, 23.75057015710660124 ) ) ;
#2991 = CARTESIAN_POINT ( 'NONE',  ( -3.251791232998745951, 4.500000000000000888, 24.69268501625775869 ) ) ;
#2992 = VERTEX_POINT ( 'NONE', #3762 ) ;
#2993 = CARTESIAN_POINT ( 'NONE',  ( -8.313174412393163237, 4.500000000000000888, 24.94458725112370701 ) ) ;
#2994 = CARTESIAN_POINT ( 'NONE',  ( 0.3748263888888903606, 4.500000000000000888, 21.82979691992711224 ) ) ;
#2995 = CARTESIAN_POINT ( 'NONE',  ( 0.7780760969636926205, 4.500000000000000888, 25.53617284564468903 ) ) ;
#2996 = CARTESIAN_POINT ( 'NONE',  ( 2.056152601190217588, 4.500000000000000888, 21.38053348321519564 ) ) ;
#2997 = ORIENTED_EDGE ( 'NONE', *, *, #5867, .T. ) ;
#2998 = CARTESIAN_POINT ( 'NONE',  ( -5.104161962192351965, 4.499999999999999112, 21.36944611298124741 ) ) ;
#2999 = CARTESIAN_POINT ( 'NONE',  ( -9.353620009120264811, 4.000000000000001776, 25.24600727769450259 ) ) ;
#3000 = EDGE_CURVE ( 'NONE', #5166, #3050, #2034, .T. ) ;
#3001 = CARTESIAN_POINT ( 'NONE',  ( 7.547830047039920665, 3.999999999999998224, 22.22297937712744442 ) ) ;
#3002 = ADVANCED_FACE ( 'NONE', ( #2069 ), #3796, .T. ) ;
#3003 = CARTESIAN_POINT ( 'NONE',  ( -1.577414543333541586, 4.000000000000000000, 23.63323322194408860 ) ) ;
#3004 = LINE ( 'NONE', #1935, #2884 ) ;
#3005 = CARTESIAN_POINT ( 'NONE',  ( -1.744384348290591635, 4.500000000000000888, 22.82792058445702210 ) ) ;
#3006 = CARTESIAN_POINT ( 'NONE',  ( -1.222362833827695061, 4.500000000000000888, 24.33056431776325468 ) ) ;
#3007 = CARTESIAN_POINT ( 'NONE',  ( 2.004064173141347993, 4.500000000000000888, 22.42046165344465436 ) ) ;
#3008 = CARTESIAN_POINT ( 'NONE',  ( -2.171968187771859959, 4.000000000000000000, 24.85059028920127489 ) ) ;
#3009 = ORIENTED_EDGE ( 'NONE', *, *, #2358, .F. ) ;
#3010 = CARTESIAN_POINT ( 'NONE',  ( 8.818534847719268654, 4.500000000000000888, 21.54151785463561453 ) ) ;
#3011 = DIRECTION ( 'NONE',  ( 1.000000000000000000, 0.000000000000000000, -0.000000000000000000 ) ) ;
#3012 = CARTESIAN_POINT ( 'NONE',  ( 5.281809453598279802, 4.000000000000000000, 24.40125525715174248 ) ) ;
#3013 = EDGE_LOOP ( 'NONE', ( #6706, #2802, #2421, #5648 ) ) ;
#3014 = VECTOR ( 'NONE', #2494, 1000.000000000000000 ) ;
#3015 = CARTESIAN_POINT ( 'NONE',  ( 0.7869658119658132778, 4.000000000000000000, 23.52923602249121160 ) ) ;
#3016 = LINE ( 'NONE', #970, #3312 ) ;
#3017 = CARTESIAN_POINT ( 'NONE',  ( 6.800680411154053751, 4.499999999999999112, 21.97319218339634972 ) ) ;
#3018 = ORIENTED_EDGE ( 'NONE', *, *, #3476, .F. ) ;
#3019 = AXIS2_PLACEMENT_3D ( 'NONE', #1461, #337, #5141 ) ;
#3020 = CARTESIAN_POINT ( 'NONE',  ( -0.6913748735505019782, 3.999999999999998224, 25.05531327948590814 ) ) ;
#3021 = VECTOR ( 'NONE', #6642, 1000.000000000000000 ) ;
#3022 = B_SPLINE_CURVE_WITH_KNOTS ( 'NONE', 3,
 ( #3205, #6922, #5903, #2649, #2614, #3701, #4273, #2141, #6448, #1517, #4201 ),
 .UNSPECIFIED., .F., .F.,
 ( 4, 1, 1, 1, 1, 1, 1, 1, 4 ),
 ( 0.000000000000000000, 0.1381137870618414365, 0.2684083835837762222, 0.3941909055405345974, 0.5170923452347711002, 0.6374931640526640964, 0.7570041724766218838, 0.8772941249553332099, 1.000000000000000000 ),
 .UNSPECIFIED. ) ;
#3023 = CARTESIAN_POINT ( 'NONE',  ( -8.313174412393163237, 4.000000000000000888, 24.94458725112370701 ) ) ;
#3024 = CARTESIAN_POINT ( 'NONE',  ( -4.504700854700851131, 4.000000000000000000, 23.66407175967070486 ) ) ;
#3025 = CARTESIAN_POINT ( 'NONE',  ( 1.952310583101810604, 4.000000000000000888, 24.62240076884354423 ) ) ;
#3026 = VECTOR ( 'NONE', #600, 1000.000000000000114 ) ;
#3027 = CARTESIAN_POINT ( 'NONE',  ( 7.361970285616806109, 4.500000000000002665, 22.68245178002527496 ) ) ;
#3028 = CARTESIAN_POINT ( 'NONE',  ( -8.253840323937728485, 4.500000000000000888, 24.94149307396267190 ) ) ;
#3029 = ORIENTED_EDGE ( 'NONE', *, *, #6300, .T. ) ;
#3030 = CARTESIAN_POINT ( 'NONE',  ( -17.99999999999999645, 40.67424164178449786, 21.50000000000000000 ) ) ;
#3031 = CARTESIAN_POINT ( 'NONE',  ( 4.573370474130181940, 4.000000000000000000, 22.84997272723475348 ) ) ;
#3032 = CARTESIAN_POINT ( 'NONE',  ( 0.2503611102139078337, 4.000000000000003553, 24.91738382328290058 ) ) ;
#3033 = CARTESIAN_POINT ( 'NONE',  ( 2.142864614512655752, 4.500000000000000888, 21.42776564186328159 ) ) ;
#3034 = ORIENTED_EDGE ( 'NONE', *, *, #1145, .F. ) ;
#3035 = CARTESIAN_POINT ( 'NONE',  ( 5.962134081911279360, 4.000000000000002665, 23.67186356956158022 ) ) ;
#3036 = CARTESIAN_POINT ( 'NONE',  ( -8.369833027142142612, 4.499999999999999112, 25.70268847924564426 ) ) ;
#3037 = CARTESIAN_POINT ( 'NONE',  ( 5.821445639270007355, 4.000000000000000000, 25.05531327948592590 ) ) ;
#3038 = CARTESIAN_POINT ( 'NONE',  ( 8.660254037844389075, 4.000000000000000000, 4.999999999999998224 ) ) ;
#3039 = ORIENTED_EDGE ( 'NONE', *, *, #465, .T. ) ;
#3040 = PLANE ( 'NONE',  #2983 ) ;
#3041 = CARTESIAN_POINT ( 'NONE',  ( -5.133053106808287858, 4.500000000000000888, 22.12445441882625019 ) ) ;
#3042 = ADVANCED_FACE ( 'NONE', ( #3234 ), #558, .T. ) ;
#3043 = CARTESIAN_POINT ( 'NONE',  ( 6.928515723351415190, 4.000000000000007994, 25.20312390072007958 ) ) ;
#3044 = CARTESIAN_POINT ( 'NONE',  ( 4.231349096449235958, 4.500000000000000888, 23.83678998874535537 ) ) ;
#3045 = EDGE_CURVE ( 'NONE', #6444, #6822, #3424, .T. ) ;
#3046 = ORIENTED_EDGE ( 'NONE', *, *, #6255, .T. ) ;
#3047 = CARTESIAN_POINT ( 'NONE',  ( 9.415350719379370403, 4.500000000000000888, 23.28180624039692148 ) ) ;
#3048 = CARTESIAN_POINT ( 'NONE',  ( 2.143080589339188435, 4.499999999999999112, 23.54705030498525176 ) ) ;
#3049 = CARTESIAN_POINT ( 'NONE',  ( 4.700333349812036765, 4.000000000000001776, 24.94379940440518695 ) ) ;
#3050 = VERTEX_POINT ( 'NONE', #6472 ) ;
#3051 = CARTESIAN_POINT ( 'NONE',  ( 6.549645558919965360, 4.500000000000000888, 23.91049027396239168 ) ) ;
#3052 = DIRECTION ( 'NONE',  ( -1.000000000000000000, 0.000000000000000000, 8.462065736472229849E-17 ) ) ;
#3053 = EDGE_CURVE ( 'NONE', #6965, #2943, #4233, .T. ) ;
#3054 = CARTESIAN_POINT ( 'NONE',  ( -8.063801193566726866, 3.999999999999999112, 24.51748205026041205 ) ) ;
#3055 = ORIENTED_EDGE ( 'NONE', *, *, #6793, .T. ) ;
#3056 = CARTESIAN_POINT ( 'NONE',  ( -0.4627594288551405421, 4.000000000000000000, 24.28204755736115317 ) ) ;
#3057 = LINE ( 'NONE', #6797, #2411 ) ;
#3058 = CARTESIAN_POINT ( 'NONE',  ( -4.372409188034183991, 4.500000000000000888, 25.59586930240574532 ) ) ;
#3059 = LINE ( 'NONE', #3512, #5477 ) ;
#3060 = CARTESIAN_POINT ( 'NONE',  ( 7.583310454953315904, 3.999999999999999112, 22.18069183943786271 ) ) ;
#3061 = DIRECTION ( 'NONE',  ( 0.000000000000000000, 0.000000000000000000, 1.000000000000000000 ) ) ;
#3062 = ORIENTED_EDGE ( 'NONE', *, *, #4477, .F. ) ;
#3063 = CARTESIAN_POINT ( 'NONE',  ( -1.802049946581189888, 4.000000000000000000, 23.58774964428608101 ) ) ;
#3064 = CARTESIAN_POINT ( 'NONE',  ( -5.437526709401705460, 4.000000000000001776, 21.36253596907241459 ) ) ;
#3065 = CARTESIAN_POINT ( 'NONE',  ( 1.253653449247761786, 4.000000000000005329, 25.69251450514730095 ) ) ;
#3066 = CARTESIAN_POINT ( 'NONE',  ( 2.226062541732349409, 4.000000000000002665, 21.48111679084876258 ) ) ;
#3067 = ORIENTED_EDGE ( 'NONE', *, *, #24, .F. ) ;
#3068 = CARTESIAN_POINT ( 'NONE',  ( 18.00000000000000355, 4.000000000000003553, 21.50000000000000000 ) ) ;
#3069 = CARTESIAN_POINT ( 'NONE',  ( 4.097649572649576299, 4.000000000000000000, 24.56467272120915979 ) ) ;
#3070 = CARTESIAN_POINT ( 'NONE',  ( 8.586287242873085646, 4.499999999999999112, 22.64483590567937554 ) ) ;
#3071 = UNCERTAINTY_MEASURE_WITH_UNIT (LENGTH_MEASURE( 1.000000000000000082E-05 ), #1023, 'distance_accuracy_value', 'NONE');
#3072 = CARTESIAN_POINT ( 'NONE',  ( 6.887646901709405967, 4.500000000000000888, 21.82979691992711579 ) ) ;
#3073 = VERTEX_POINT ( 'NONE', #1646 ) ;
#3074 = LINE ( 'NONE', #2586, #510 ) ;
#3075 = CARTESIAN_POINT ( 'NONE',  ( -1.289128193739596639, 4.500000000000000888, 24.59309115225482145 ) ) ;
#3076 = CARTESIAN_POINT ( 'NONE',  ( 2.133126333730472446, 4.500000000000000888, 23.10135215983902768 ) ) ;
#3077 = CARTESIAN_POINT ( 'NONE',  ( -2.415170940170933811, 4.500000000000000888, 24.56467272120915624 ) ) ;
#3078 = ORIENTED_EDGE ( 'NONE', *, *, #331, .T. ) ;
#3079 = CARTESIAN_POINT ( 'NONE',  ( 9.283128835433222648, 4.500000000000000888, 22.30282473879325877 ) ) ;
#3080 = CARTESIAN_POINT ( 'NONE',  ( 2.115410862888346788, 4.500000000000000888, 24.02681053684288770 ) ) ;
#3081 = CARTESIAN_POINT ( 'NONE',  ( 8.660254037844389075, 1.000000000000000888, 3.399999999999996358 ) ) ;
#3082 = ORIENTED_EDGE ( 'NONE', *, *, #6085, .F. ) ;
#3083 = CARTESIAN_POINT ( 'NONE',  ( 0.8906308901659707455, 4.000000000000000000, 24.45111661742941678 ) ) ;
#3084 = DIRECTION ( 'NONE',  ( 0.000000000000000000, 0.000000000000000000, 1.000000000000000000 ) ) ;
#3085 = CARTESIAN_POINT ( 'NONE',  ( 2.305714334898755880, 4.000000000000001776, 21.54151785463562874 ) ) ;
#3086 = DIRECTION ( 'NONE',  ( -0.000000000000000000, -1.000000000000000000, -0.000000000000000000 ) ) ;
#3087 = EDGE_CURVE ( 'NONE', #6564, #6243, #5397, .T. ) ;
#3088 = VECTOR ( 'NONE', #6875, 1000.000000000000000 ) ;
#3089 = AXIS2_PLACEMENT_3D ( 'NONE', #3030, #1960, #5085 ) ;
#3090 = EDGE_CURVE ( 'NONE', #3634, #1315, #3646, .T. ) ;
#3091 = CARTESIAN_POINT ( 'NONE',  ( 1.495704446163244716, 4.000000000000000000, 22.01481373781809481 ) ) ;
#3092 = CARTESIAN_POINT ( 'NONE',  ( 1.362577111624095227, 4.500000000000000888, 25.70248283079439844 ) ) ;
#3093 = CARTESIAN_POINT ( 'NONE',  ( 2.143803418803420069, 4.500000000000000888, 23.48089868274762182 ) ) ;
#3094 = CIRCLE ( 'NONE', #3313, 4.600000000000001421 ) ;
#3095 = CARTESIAN_POINT ( 'NONE',  ( 7.984141292735046136, 3.999999999999999112, 22.01381802035446711 ) ) ;
#3096 = CARTESIAN_POINT ( 'NONE',  ( 0.8076628735304103301, 4.500000000000000888, 22.99121859519941680 ) ) ;
#3097 = DIRECTION ( 'NONE',  ( 0.000000000000000000, 0.000000000000000000, 1.000000000000000000 ) ) ;
#3098 = CARTESIAN_POINT ( 'NONE',  ( 0.8366352643923593568, 4.000000000000002665, 21.39517692837829799 ) ) ;
#3099 = FACE_OUTER_BOUND ( 'NONE', #1113, .T. ) ;
#3100 = ORIENTED_EDGE ( 'NONE', *, *, #1572, .T. ) ;
#3101 = CARTESIAN_POINT ( 'NONE',  ( -2.006423611111104677, 4.000000000000000888, 22.86862571266215127 ) ) ;
#3102 = CARTESIAN_POINT ( 'NONE',  ( 8.656623931623935064, 4.500000000000000888, 23.48089868274762537 ) ) ;
#3103 = VERTEX_POINT ( 'NONE', #5871 ) ;
#3104 = B_SPLINE_CURVE_WITH_KNOTS ( 'NONE', 3,
 ( #1792, #4378, #634, #1682, #2892, #1269, #211 ),
 .UNSPECIFIED., .F., .F.,
 ( 4, 1, 1, 1, 4 ),
 ( 0.000000000000000000, 0.2636542475286026699, 0.5199803460206643413, 0.7671028029252651148, 1.000000000000000000 ),
 .UNSPECIFIED. ) ;
#3105 = DIRECTION ( 'NONE',  ( 0.000000000000000000, 0.7071067811865439090, -0.7071067811865512365 ) ) ;
#3106 = CARTESIAN_POINT ( 'NONE',  ( 9.406428476511042192, 4.000000000000000000, 23.09008042439636910 ) ) ;
#3107 = DIRECTION ( 'NONE',  ( 0.000000000000000000, -1.391454181755165757E-13, 1.000000000000000000 ) ) ;
#3108 = CARTESIAN_POINT ( 'NONE',  ( 4.331131566549276890, 4.500000000000000888, 23.73952580383563671 ) ) ;
#3109 = EDGE_LOOP ( 'NONE', ( #986, #687 ) ) ;
#3110 = B_SPLINE_CURVE_WITH_KNOTS ( 'NONE', 3,
 ( #3184, #2154, #6532, #2191, #4358, #4319, #5452, #4922, #4286, #608, #5888 ),
 .UNSPECIFIED., .F., .F.,
 ( 4, 1, 1, 1, 1, 1, 1, 1, 4 ),
 ( 0.000000000000000000, 0.1240354330026178092, 0.2428459548115296518, 0.3603416824496171178, 0.4790424316556551876, 0.5993341100427890256, 0.7254884757708247589, 0.8585494285274611892, 1.000000000000000000 ),
 .UNSPECIFIED. ) ;
#3111 = CARTESIAN_POINT ( 'NONE',  ( 1.674050067874246039, 4.500000000000000888, 24.90535188523759302 ) ) ;
#3112 = CARTESIAN_POINT ( 'NONE',  ( -5.563034188034184702, 4.000000000000000000, 22.99074109727754234 ) ) ;
#3113 = CARTESIAN_POINT ( 'NONE',  ( 8.008524958983759490, 4.000000000000005329, 22.01481373781809481 ) ) ;
#3114 = ORIENTED_EDGE ( 'NONE', *, *, #3476, .T. ) ;
#3115 = CARTESIAN_POINT ( 'NONE',  ( 1.023678628066455154, 4.000000000000000000, 24.71010576883794130 ) ) ;
#3116 = CARTESIAN_POINT ( 'NONE',  ( -8.313174412393163237, 4.000000000000000888, 24.94458725112370701 ) ) ;
#3117 = CARTESIAN_POINT ( 'NONE',  ( 2.903632478632479863, 4.000000000000000000, 23.48089868274762182 ) ) ;
#3118 = ORIENTED_EDGE ( 'NONE', *, *, #4565, .T. ) ;
#3119 = CARTESIAN_POINT ( 'NONE',  ( -0.4840598771013469581, 4.500000000000000888, 24.52894324076778432 ) ) ;
#3120 = CARTESIAN_POINT ( 'NONE',  ( 1.959533371120593337, 3.999999999999998224, 22.33201707265315861 ) ) ;
#3121 = CARTESIAN_POINT ( 'NONE',  ( 0.2503611102139078337, 4.000000000000000000, 24.91738382328290058 ) ) ;
#3122 = DIRECTION ( 'NONE',  ( 0.000000000000000000, 0.000000000000000000, 1.000000000000000000 ) ) ;
#3123 = EDGE_CURVE ( 'NONE', #2377, #6452, #423, .T. ) ;
#3124 = EDGE_CURVE ( 'NONE', #2909, #2540, #5115, .T. ) ;
#3125 = VERTEX_POINT ( 'NONE', #5469 ) ;
#3126 = VECTOR ( 'NONE', #506, 1000.000000000000114 ) ;
#3127 = EDGE_CURVE ( 'NONE', #1727, #3714, #5801, .T. ) ;
#3128 = CARTESIAN_POINT ( 'NONE',  ( 7.330756547514773125, 4.000000000000000888, 22.87908637419469926 ) ) ;
#3129 = CARTESIAN_POINT ( 'NONE',  ( 0.3748263888888903606, 4.500000000000000888, 21.82979691992711224 ) ) ;
#3130 = ORIENTED_EDGE ( 'NONE', *, *, #5780, .F. ) ;
#3131 = CARTESIAN_POINT ( 'NONE',  ( 4.592864006382390230, 4.000000000000000000, 25.70331013642944029 ) ) ;
#3132 = CARTESIAN_POINT ( 'NONE',  ( -4.187030399917572865, 4.500000000000000888, 21.59891609194279027 ) ) ;
#3133 = CARTESIAN_POINT ( 'NONE',  ( 9.281764789589185938, 4.000000000000000000, 24.66871562668634610 ) ) ;
#3134 = AXIS2_PLACEMENT_3D ( 'NONE', #5027, #3991, #4571 ) ;
#3135 =( NAMED_UNIT ( * ) SI_UNIT ( $, .STERADIAN. ) SOLID_ANGLE_UNIT ( ) );
#3136 = SURFACE_STYLE_USAGE ( .BOTH. , #2038 ) ;
#3137 = DIRECTION ( 'NONE',  ( 0.9746736483397872020, 0.000000000000000000, 0.2236320174572702657 ) ) ;
#3138 = CARTESIAN_POINT ( 'NONE',  ( -1.493111252683502199, 4.000000000000000000, 24.83632663176656052 ) ) ;
#3139 = CARTESIAN_POINT ( 'NONE',  ( 2.515533636672997897, 4.000000000000000000, 25.20157656953222158 ) ) ;
#3140 = DIRECTION ( 'NONE',  ( 1.000000000000000000, 0.000000000000000000, 0.000000000000000000 ) ) ;
#3141 = CARTESIAN_POINT ( 'NONE',  ( -4.606474447046756460, 4.499999999999999112, 22.26533619971979050 ) ) ;
#3142 = LINE ( 'NONE', #4878, #6477 ) ;
#3143 = DIRECTION ( 'NONE',  ( 0.000000000000000000, 0.000000000000000000, 1.000000000000000000 ) ) ;
#3144 = VERTEX_POINT ( 'NONE', #1823 ) ;
#3145 = CARTESIAN_POINT ( 'NONE',  ( 0.7869658119658132778, 4.000000000000000000, 23.52923602249121160 ) ) ;
#3146 = CARTESIAN_POINT ( 'NONE',  ( 9.392224379565366377, 4.500000000000000888, 24.05754610470030386 ) ) ;
#3147 = CARTESIAN_POINT ( 'NONE',  ( 8.192993855332510122, 4.500000000000000888, 22.05645255746070177 ) ) ;
#3148 = ORIENTED_EDGE ( 'NONE', *, *, #5297, .T. ) ;
#3149 = CARTESIAN_POINT ( 'NONE',  ( -5.563034188034184702, 4.000000000000000000, 22.12236502890147349 ) ) ;
#3150 = CARTESIAN_POINT ( 'NONE',  ( -5.563034188034184702, 4.500000000000000888, 23.75057015710660124 ) ) ;
#3151 = CARTESIAN_POINT ( 'NONE',  ( -8.067197608383461116, 4.000000000000000888, 24.59052965377700417 ) ) ;
#3152 = B_SPLINE_CURVE_WITH_KNOTS ( 'NONE', 3,
 ( #4644, #3049, #5820, #866, #2020, #6896, #4613, #4748, #5715, #1943, #1493, #6281, #4145, #967, #4181, #3012, #439, #2521, #6242 ),
 .UNSPECIFIED., .F., .F.,
 ( 4, 1, 1, 1, 1, 1, 1, 1, 1, 1, 1, 1, 1, 1, 1, 1, 4 ),
 ( 0.000000000000000000, 0.06117934308804648391, 0.1203713884446011018, 0.1784417313622631562, 0.2359341281810945767, 0.2942679362243746932, 0.3526542946283818813, 0.4131221280938585094, 0.4755857683820442494, 0.5389001041802273795, 0.6018690472303234174, 0.6643326875185113778, 0.7276470233166942858, 0.7924087308653694484, 0.8591195288732160762, 0.9281350966840269390, 1.000000000000000000 ),
 .UNSPECIFIED. ) ;
#3153 = CARTESIAN_POINT ( 'NONE',  ( -7.632355947046624678, 4.500000000000000888, 25.46064905922703048 ) ) ;
#3154 = ORIENTED_EDGE ( 'NONE', *, *, #1289, .T. ) ;
#3155 = CARTESIAN_POINT ( 'NONE',  ( -4.478425951149513473, 4.499999999999999112, 22.53242142451610519 ) ) ;
#3156 = CARTESIAN_POINT ( 'NONE',  ( 6.859377730673636542, 3.999999999999999112, 21.87640872641538792 ) ) ;
#3157 = CARTESIAN_POINT ( 'NONE',  ( 2.133139030060189789, 4.500000000000000888, 23.85805946265852029 ) ) ;
#3158 = VERTEX_POINT ( 'NONE', #3371 ) ;
#3159 = CARTESIAN_POINT ( 'NONE',  ( 7.301169602363106748, 4.499999999999999112, 23.38308087929095791 ) ) ;
#3160 = CARTESIAN_POINT ( 'NONE',  ( 19.50000000000000355, 4.000000000000000000, 29.50000000000000000 ) ) ;
#3161 = EDGE_LOOP ( 'NONE', ( #4955, #4921 ) ) ;
#3162 = CYLINDRICAL_SURFACE ( 'NONE', #50, 1.600000000000001643 ) ;
#3163 = CARTESIAN_POINT ( 'NONE',  ( -5.379006233702522621, 4.499999999999999112, 21.36274368317522132 ) ) ;
#3164 = CARTESIAN_POINT ( 'NONE',  ( 8.311262022861775733, 3.999999999999999112, 25.67419207169984574 ) ) ;
#3165 = CARTESIAN_POINT ( 'NONE',  ( -4.409750838662545469, 4.500000000000000888, 23.62863079388061749 ) ) ;
#3166 = CARTESIAN_POINT ( 'NONE',  ( -1.807617462000884467, 4.500000000000002665, 22.82951443598259544 ) ) ;
#3167 = EDGE_CURVE ( 'NONE', #2458, #3921, #1228, .T. ) ;
#3168 = CARTESIAN_POINT ( 'NONE',  ( 7.640063872997786554, 4.000000000000001776, 21.28586822037969384 ) ) ;
#3169 = EDGE_CURVE ( 'NONE', #5866, #5668, #1191, .T. ) ;
#3170 = CARTESIAN_POINT ( 'NONE',  ( 2.386614281907655233, 3.999999999999999112, 25.35888116901129763 ) ) ;
#3171 = EDGE_CURVE ( 'NONE', #5166, #6502, #205, .T. ) ;
#3172 = CARTESIAN_POINT ( 'NONE',  ( 9.393426979215364625, 3.999999999999998224, 22.90956861210009521 ) ) ;
#3173 = ORIENTED_EDGE ( 'NONE', *, *, #2132, .F. ) ;
#3174 = PLANE ( 'NONE',  #3324 ) ;
#3175 = CARTESIAN_POINT ( 'NONE',  ( 2.079696698104826158, 4.000000000000000000, 25.58232908777731041 ) ) ;
#3176 = LINE ( 'NONE', #2753, #7016 ) ;
#3177 = EDGE_LOOP ( 'NONE', ( #320, #6169, #723, #5220 ) ) ;
#3178 = ORIENTED_EDGE ( 'NONE', *, *, #6252, .T. ) ;
#3179 = ORIENTED_EDGE ( 'NONE', *, *, #4386, .T. ) ;
#3180 = DIRECTION ( 'NONE',  ( 0.2073096204707153001, 0.000000000000000000, -0.9782753810969015973 ) ) ;
#3181 = CARTESIAN_POINT ( 'NONE',  ( 9.415263138270949739, 3.999999999999999112, 23.68224423056514283 ) ) ;
#3182 = CARTESIAN_POINT ( 'NONE',  ( 5.291192679048751124, 4.000000000000002665, 24.23364225553466866 ) ) ;
#3183 = ORIENTED_EDGE ( 'NONE', *, *, #4169, .T. ) ;
#3184 = CARTESIAN_POINT ( 'NONE',  ( 1.471320779914531585, 4.000000000000000888, 24.94458725112369635 ) ) ;
#3185 = CARTESIAN_POINT ( 'NONE',  ( 1.857857386691965207, 4.000000000000000000, 22.19236491893299501 ) ) ;
#3186 = CARTESIAN_POINT ( 'NONE',  ( 2.681650279564162354, 4.000000000000000000, 22.06520476112831375 ) ) ;
#3187 = CARTESIAN_POINT ( 'NONE',  ( -7.305975594039679777, 4.500000000000000888, 24.47908906616329361 ) ) ;
#3188 = CARTESIAN_POINT ( 'NONE',  ( -8.660254037844389075, 1.000000000000000888, 4.999999999999998224 ) ) ;
#3189 = CARTESIAN_POINT ( 'NONE',  ( 2.073466730052570206, 3.999999999999998224, 22.64483590567936133 ) ) ;
#3190 = CARTESIAN_POINT ( 'NONE',  ( 0.5479254232804762204, 3.999999999999999112, 25.35778078400519675 ) ) ;
#3191 = ORIENTED_EDGE ( 'NONE', *, *, #6971, .T. ) ;
#3192 = CARTESIAN_POINT ( 'NONE',  ( -8.660254037844389075, 1.000000000000000000, 9.600000000000001421 ) ) ;
#3193 = CARTESIAN_POINT ( 'NONE',  ( 2.903258377827452552, 4.500000000000000888, 23.41332857484017183 ) ) ;
#3194 = EDGE_LOOP ( 'NONE', ( #3456, #6757, #2322, #140 ) ) ;
#3195 = AXIS2_PLACEMENT_3D ( 'NONE', #848, #2961, #779 ) ;
#3196 = VECTOR ( 'NONE', #6259, 1000.000000000000000 ) ;
#3197 = CARTESIAN_POINT ( 'NONE',  ( 0.000000000000000000, 1.000000000000000000, 0.000000000000000000 ) ) ;
#3198 = APPLICATION_CONTEXT ( 'automotive_design' ) ;
#3199 = ORIENTED_EDGE ( 'NONE', *, *, #5033, .F. ) ;
#3200 = CARTESIAN_POINT ( 'NONE',  ( 20.50000000000000355, 4.499999999999999112, 19.49999999999999645 ) ) ;
#3201 = CARTESIAN_POINT ( 'NONE',  ( 1.396595802331339620, 4.000000000000002665, 21.25585527673749198 ) ) ;
#3202 = DIRECTION ( 'NONE',  ( 0.000000000000000000, -1.000000000000000000, 0.000000000000000000 ) ) ;
#3203 = CARTESIAN_POINT ( 'NONE',  ( -3.964198804838588330, 4.500000000000000888, 23.31676906824563389 ) ) ;
#3204 = VECTOR ( 'NONE', #2950, 1000.000000000000000 ) ;
#3205 = CARTESIAN_POINT ( 'NONE',  ( 4.097649572649576299, 4.500000000000000888, 24.56467272120915979 ) ) ;
#3206 = LINE ( 'NONE', #1058, #5009 ) ;
#3207 = CARTESIAN_POINT ( 'NONE',  ( -8.575671988675468427, 3.999999999999999112, 24.86881617764603547 ) ) ;
#3208 = CARTESIAN_POINT ( 'NONE',  ( -3.283547008547001766, 4.500000000000000888, 24.56467272120915624 ) ) ;
#3209 = ORIENTED_EDGE ( 'NONE', *, *, #628, .T. ) ;
#3210 = CARTESIAN_POINT ( 'NONE',  ( 2.804753558614151654, 3.999999999999998224, 24.53309908644799009 ) ) ;
#3211 = CARTESIAN_POINT ( 'NONE',  ( -0.9184039202661343770, 4.000000000000000000, 23.12896089656210918 ) ) ;
#3212 = ORIENTED_EDGE ( 'NONE', *, *, #3259, .T. ) ;
#3213 = EDGE_CURVE ( 'NONE', #1921, #2412, #6396, .T. ) ;
#3214 = ADVANCED_FACE ( 'NONE', ( #4412, #663 ), #6585, .F. ) ;
#3215 = ORIENTED_EDGE ( 'NONE', *, *, #1238, .F. ) ;
#3216 = CARTESIAN_POINT ( 'NONE',  ( 0.7980852043858596145, 4.000000000000000000, 23.11246591404397321 ) ) ;
#3217 = PRODUCT_DEFINITION_FORMATION_WITH_SPECIFIED_SOURCE ( 'ANY', '', #2707, .NOT_KNOWN. ) ;
#3218 = CARTESIAN_POINT ( 'NONE',  ( 9.140818110158685172, 3.999999999999999112, 25.01263307362559019 ) ) ;
#3219 = CARTESIAN_POINT ( 'NONE',  ( 5.080056381170061641, 4.500000000000000888, 23.73165337577945877 ) ) ;
#3220 = EDGE_LOOP ( 'NONE', ( #2628, #727, #1101, #5101 ) ) ;
#3221 = DIRECTION ( 'NONE',  ( 5.983584065105829341E-17, -0.7071067811865500152, -0.7071067811865451302 ) ) ;
#3222 = CARTESIAN_POINT ( 'NONE',  ( 1.680173342511992907, 4.000000000000000888, 22.05645255746070177 ) ) ;
#3223 = DIRECTION ( 'NONE',  ( 0.000000000000000000, 1.000000000000000000, 0.000000000000000000 ) ) ;
#3224 = CARTESIAN_POINT ( 'NONE',  ( -8.260456729904410267, 4.500000000000000888, 25.70251052330271690 ) ) ;
#3225 = DIRECTION ( 'NONE',  ( -0.2073096204707153001, 0.000000000000000000, 0.9782753810969015973 ) ) ;
#3226 = CARTESIAN_POINT ( 'NONE',  ( -4.496918135428424002, 4.000000000000003553, 22.42490470610081132 ) ) ;
#3227 = CARTESIAN_POINT ( 'NONE',  ( -4.751929956822238843, 4.500000000000000888, 22.93523868856282988 ) ) ;
#3228 = VERTEX_POINT ( 'NONE', #4481 ) ;
#3229 = CARTESIAN_POINT ( 'NONE',  ( 5.267338167585575270, 4.499999999999999112, 24.46845394324974521 ) ) ;
#3230 = ORIENTED_EDGE ( 'NONE', *, *, #4169, .F. ) ;
#3231 = CARTESIAN_POINT ( 'NONE',  ( 8.656623931623935064, 4.000000000000000000, 23.48089868274762537 ) ) ;
#3232 = ORIENTED_EDGE ( 'NONE', *, *, #1288, .T. ) ;
#3233 = ORIENTED_EDGE ( 'NONE', *, *, #3993, .F. ) ;
#3234 = FACE_OUTER_BOUND ( 'NONE', #570, .T. ) ;
#3235 = CARTESIAN_POINT ( 'NONE',  ( -3.742809644988627671, 4.000000000000000000, 22.28909785887612927 ) ) ;
#3236 = CARTESIAN_POINT ( 'NONE',  ( 9.140818110158685172, 4.000000000000000888, 25.01263307362559019 ) ) ;
#3237 = COLOUR_RGB ( '',0.7921568627450980005, 0.8196078431372548767, 0.9333333333333333481 ) ;
#3238 = CARTESIAN_POINT ( 'NONE',  ( -1.744384348290591635, 4.500000000000000888, 22.82792058445702210 ) ) ;
#3239 = VECTOR ( 'NONE', #3658, 1000.000000000000114 ) ;
#3240 = CARTESIAN_POINT ( 'NONE',  ( 4.882187295140573369, 4.000000000000000000, 23.61291665337054724 ) ) ;
#3241 = CARTESIAN_POINT ( 'NONE',  ( 7.909416315151855059, 4.500000000000000888, 21.25585527673749198 ) ) ;
#3242 = CARTESIAN_POINT ( 'NONE',  ( -8.647859240081359644, 3.999999999999999112, 24.82068252594727653 ) ) ;
#3243 = CARTESIAN_POINT ( 'NONE',  ( 8.382776377830740699, 3.999999999999999112, 21.30930077504977760 ) ) ;
#3244 = CARTESIAN_POINT ( 'NONE',  ( 1.802245928222258486, 4.500000000000000888, 22.13730806386319827 ) ) ;
#3245 = CARTESIAN_POINT ( 'NONE',  ( -1.610637699276940893, 4.500000000000000888, 22.83098531138935527 ) ) ;
#3246 = EDGE_LOOP ( 'NONE', ( #5429, #2662, #3569, #1478 ) ) ;
#3247 = ORIENTED_EDGE ( 'NONE', *, *, #3638, .F. ) ;
#3248 = CARTESIAN_POINT ( 'NONE',  ( 1.070489942132801131, 4.000000000000000000, 22.18069183943785916 ) ) ;
#3249 = CARTESIAN_POINT ( 'NONE',  ( 8.311262022861775733, 3.999999999999997335, 25.67419207169984574 ) ) ;
#3250 = CARTESIAN_POINT ( 'NONE',  ( -9.353620009120264811, 4.000000000000000888, 25.24600727769450259 ) ) ;
#3251 = EDGE_CURVE ( 'NONE', #5478, #1438, #6656, .T. ) ;
#3252 = ORIENTED_EDGE ( 'NONE', *, *, #3982, .F. ) ;
#3253 = CARTESIAN_POINT ( 'NONE',  ( -4.504700854700851131, 4.500000000000000888, 23.66407175967070486 ) ) ;
#3254 = EDGE_CURVE ( 'NONE', #3955, #2674, #3503, .T. ) ;
#3255 = CARTESIAN_POINT ( 'NONE',  ( 7.309830949473435702, 4.499999999999999112, 23.89502663644489289 ) ) ;
#3256 = DIRECTION ( 'NONE',  ( 0.000000000000000000, 0.000000000000000000, 1.000000000000000000 ) ) ;
#3257 = CARTESIAN_POINT ( 'NONE',  ( 4.636144497863251779, 4.500000000000000888, 25.70441631095275170 ) ) ;
#3258 = DIRECTION ( 'NONE',  ( -0.000000000000000000, -1.000000000000000000, 0.000000000000000000 ) ) ;
#3259 = EDGE_CURVE ( 'NONE', #1681, #5305, #3057, .T. ) ;
#3260 = CARTESIAN_POINT ( 'NONE',  ( -19.50000000000000355, 1.000000000000000000, -19.49999999999998934 ) ) ;
#3261 = CARTESIAN_POINT ( 'NONE',  ( -4.607040753350594819, 4.500000000000002665, 22.86381284943820802 ) ) ;
#3262 = EDGE_CURVE ( 'NONE', #4227, #4795, #59, .T. ) ;
#3263 = EDGE_CURVE ( 'NONE', #788, #4916, #6219, .T. ) ;
#3264 = CARTESIAN_POINT ( 'NONE',  ( -8.106147741829008879, 4.000000000000001776, 24.80074852583870282 ) ) ;
#3265 = CARTESIAN_POINT ( 'NONE',  ( 7.290896609784208948, 4.000000000000000000, 25.53617284564469614 ) ) ;
#3266 = ORIENTED_EDGE ( 'NONE', *, *, #550, .T. ) ;
#3267 = B_SPLINE_CURVE_WITH_KNOTS ( 'NONE', 3,
 ( #730, #1333, #870, #4005, #4512, #1854, #2420, #3475, #3017, #3407, #6825 ),
 .UNSPECIFIED., .F., .F.,
 ( 4, 1, 1, 1, 1, 1, 1, 1, 4 ),
 ( 0.000000000000000000, 0.1610711239484208246, 0.3107888083803549417, 0.4499038238309455706, 0.5783763165061863720, 0.6966172119048404943, 0.8059873227104099591, 0.9065617032890805893, 1.000000000000000000 ),
 .UNSPECIFIED. ) ;
#3268 = CARTESIAN_POINT ( 'NONE',  ( -5.057276160321483971, 4.000000000000001776, 22.12788971996575782 ) ) ;
#3269 = CARTESIAN_POINT ( 'NONE',  ( -3.718034887005424505, 4.000000000000001776, 22.53306163215013669 ) ) ;
#3270 = CYLINDRICAL_SURFACE ( 'NONE', #2760, 1.600000000000000755 ) ;
#3271 = ORIENTED_EDGE ( 'NONE', *, *, #584, .T. ) ;
#3272 = CARTESIAN_POINT ( 'NONE',  ( 0.02786168971211661072, 4.500000000000000888, 23.42687525227378842 ) ) ;
#3273 = CARTESIAN_POINT ( 'NONE',  ( 7.217888295849212987, 4.499999999999999112, 21.47641234637067598 ) ) ;
#3274 = DIRECTION ( 'NONE',  ( -1.000000000000000000, 0.000000000000000000, -0.000000000000000000 ) ) ;
#3275 = CARTESIAN_POINT ( 'NONE',  ( 8.655685127333173412, 4.000000000000000888, 21.42776564186328159 ) ) ;
#3276 = ORIENTED_EDGE ( 'NONE', *, *, #3213, .F. ) ;
#3277 = CARTESIAN_POINT ( 'NONE',  ( 0.1584693988905294948, 4.000000000000000888, 22.31814654408258392 ) ) ;
#3278 = CARTESIAN_POINT ( 'NONE',  ( -0.5107385363624101782, 4.000000000000003553, 23.80216629655949845 ) ) ;
#3279 = CARTESIAN_POINT ( 'NONE',  ( -5.304387019230766498, 4.500000000000000888, 22.12236502890147349 ) ) ;
#3280 = CARTESIAN_POINT ( 'NONE',  ( 1.438072367256990836, 3.999999999999999112, 22.01539392901172221 ) ) ;
#3281 = CARTESIAN_POINT ( 'NONE',  ( 8.965192536301767490, 3.999999999999999112, 25.28347534174717737 ) ) ;
#3282 = CARTESIAN_POINT ( 'NONE',  ( 5.291192679048751124, 4.499999999999999112, 24.23364225553466866 ) ) ;
#3283 = VERTEX_POINT ( 'NONE', #4008 ) ;
#3284 = DIRECTION ( 'NONE',  ( -1.000000000000000000, 0.000000000000000000, -8.462065736472229849E-17 ) ) ;
#3285 = CARTESIAN_POINT ( 'NONE',  ( -1.994311652309626703, 4.500000000000000888, 23.62511285261429350 ) ) ;
#3286 = CARTESIAN_POINT ( 'NONE',  ( 5.247687853813317815, 4.500000000000002665, 24.53223885853340391 ) ) ;
#3287 = DIRECTION ( 'NONE',  ( 0.000000000000000000, 0.000000000000000000, -1.000000000000000000 ) ) ;
#3288 = CARTESIAN_POINT ( 'NONE',  ( 0.8491497727962877828, 4.500000000000000888, 22.68245178002526075 ) ) ;
#3289 = DIRECTION ( 'NONE',  ( 0.000000000000000000, -1.000000000000000000, 0.000000000000000000 ) ) ;
#3290 = CARTESIAN_POINT ( 'NONE',  ( -4.720377603461052729, 4.499999999999999112, 22.19097327852832180 ) ) ;
#3291 = CARTESIAN_POINT ( 'NONE',  ( -4.542717599097450432, 4.000000000000000000, 22.79614455617737079 ) ) ;
#3292 = ORIENTED_EDGE ( 'NONE', *, *, #4126, .T. ) ;
#3293 = CARTESIAN_POINT ( 'NONE',  ( 0.000000000000000000, 4.000000000000000000, -16.99999999999999645 ) ) ;
#3294 = EDGE_CURVE ( 'NONE', #2817, #6607, #6053, .T. ) ;
#3295 = ADVANCED_FACE ( 'NONE', ( #5186 ), #1366, .T. ) ;
#3296 = CARTESIAN_POINT ( 'NONE',  ( 8.656344718221593126, 4.000000000000000888, 23.41417283252587467 ) ) ;
#3297 = VECTOR ( 'NONE', #797, 1000.000000000000000 ) ;
#3298 = CARTESIAN_POINT ( 'NONE',  ( -4.989074736387925313, 3.999999999999998224, 22.13259689721729728 ) ) ;
#3299 = CARTESIAN_POINT ( 'NONE',  ( -3.742809644988627671, 4.499999999999999112, 22.28909785887612927 ) ) ;
#3300 = CARTESIAN_POINT ( 'NONE',  ( 0.8366352643923593568, 4.000000000000000888, 21.39517692837829799 ) ) ;
#3301 = VECTOR ( 'NONE', #2641, 1000.000000000000000 ) ;
#3302 = ORIENTED_EDGE ( 'NONE', *, *, #6827, .T. ) ;
#3303 = CARTESIAN_POINT ( 'NONE',  ( 0.02713675213675360159, 4.500000000000000888, 23.52075578744847917 ) ) ;
#3304 = CARTESIAN_POINT ( 'NONE',  ( -5.305235042735039208, 4.500000000000000888, 23.75057015710660124 ) ) ;
#3305 = VECTOR ( 'NONE', #5416, 1000.000000000000000 ) ;
#3306 = LINE ( 'NONE', #670, #6280 ) ;
#3307 = PLANE ( 'NONE',  #1856 ) ;
#3308 = ORIENTED_EDGE ( 'NONE', *, *, #3853, .T. ) ;
#3309 = CARTESIAN_POINT ( 'NONE',  ( -2.399297004679660450, 4.499999999999999112, 24.59456299534028290 ) ) ;
#3310 = CARTESIAN_POINT ( 'NONE',  ( -1.356537649291024161, 4.000000000000000000, 22.88068797650580777 ) ) ;
#3311 = EDGE_LOOP ( 'NONE', ( #968, #2918, #5740, #4880, #1036, #4629, #2931, #5061 ) ) ;
#3312 = VECTOR ( 'NONE', #2563, 1000.000000000000000 ) ;
#3313 = AXIS2_PLACEMENT_3D ( 'NONE', #6926, #327, #1904 ) ;
#3314 = DIRECTION ( 'NONE',  ( 0.000000000000000000, -0.000000000000000000, -1.000000000000000000 ) ) ;
#3315 = CARTESIAN_POINT ( 'NONE',  ( -8.260456729904410267, 4.500000000000000888, 25.70251052330271690 ) ) ;
#3316 = CARTESIAN_POINT ( 'NONE',  ( -2.057272157006996949, 3.999999999999999112, 23.65487982036388104 ) ) ;
#3317 = ORIENTED_EDGE ( 'NONE', *, *, #3262, .F. ) ;
#3318 = VECTOR ( 'NONE', #4414, 1000.000000000000000 ) ;
#3319 = CARTESIAN_POINT ( 'NONE',  ( -4.695534591402932278, 4.500000000000000888, 22.91570211360405551 ) ) ;
#3320 = CARTESIAN_POINT ( 'NONE',  ( 2.903632478632479863, 4.500000000000000888, 23.48089868274762182 ) ) ;
#3321 = CARTESIAN_POINT ( 'NONE',  ( 7.590307121094466147, 4.500000000000002665, 24.77208857361743810 ) ) ;
#3322 = CARTESIAN_POINT ( 'NONE',  ( 5.267338167585575270, 3.999999999999999112, 24.46845394324974521 ) ) ;
#3323 = ORIENTED_EDGE ( 'NONE', *, *, #2171, .F. ) ;
#3324 = AXIS2_PLACEMENT_3D ( 'NONE', #5340, #498, #2654 ) ;
#3325 = CARTESIAN_POINT ( 'NONE',  ( 0.8326643293403178658, 4.499999999999999112, 22.77618656897202953 ) ) ;
#3326 = EDGE_CURVE ( 'NONE', #5668, #1985, #5125, .T. ) ;
#3327 = CARTESIAN_POINT ( 'NONE',  ( 0.7869658119658132778, 4.500000000000000888, 23.52923602249121160 ) ) ;
#3328 = PLANE ( 'NONE',  #5043 ) ;
#3329 = CARTESIAN_POINT ( 'NONE',  ( -4.776793683597247764, 4.000000000000003553, 22.16931486182186006 ) ) ;
#3330 = CARTESIAN_POINT ( 'NONE',  ( -8.660254037844389075, 17.01076477383247720, 4.999999999999998224 ) ) ;
#3331 = CARTESIAN_POINT ( 'NONE',  ( 5.290457678992813939, 4.499999999999999112, 24.33056431776325823 ) ) ;
#3332 = CARTESIAN_POINT ( 'NONE',  ( -3.861101257835901190, 4.499999999999999112, 21.96477478277622453 ) ) ;
#3333 = VERTEX_POINT ( 'NONE', #772 ) ;
#3334 = PLANE ( 'NONE',  #4375 ) ;
#3335 = CARTESIAN_POINT ( 'NONE',  ( -4.320391971705170420, 4.000000000000000000, 23.58658161551173293 ) ) ;
#3336 = DIRECTION ( 'NONE',  ( 0.000000000000000000, 0.000000000000000000, -1.000000000000000000 ) ) ;
#3337 = ADVANCED_FACE ( 'NONE', ( #2921 ), #1254, .T. ) ;
#3338 = CARTESIAN_POINT ( 'NONE',  ( 0.7050677830286968817, 3.999999999999999112, 21.47641234637067242 ) ) ;
#3339 = EDGE_CURVE ( 'NONE', #5305, #1597, #975, .T. ) ;
#3340 = EDGE_CURVE ( 'NONE', #3705, #182, #4223, .T. ) ;
#3341 = CARTESIAN_POINT ( 'NONE',  ( -4.372409188034183991, 4.000000000000000000, 25.59586930240574532 ) ) ;
#3342 = VERTEX_POINT ( 'NONE', #1535 ) ;
#3343 = CARTESIAN_POINT ( 'NONE',  ( -7.632355947046624678, 4.000000000000000000, 25.46064905922703048 ) ) ;
#3344 = CARTESIAN_POINT ( 'NONE',  ( 1.258480105189411002, 4.000000000000002665, 24.90277380790519857 ) ) ;
#3345 = AXIS2_PLACEMENT_3D ( 'NONE', #6425, #1098, #5411 ) ;
#3346 = CARTESIAN_POINT ( 'NONE',  ( 8.122573226494388621, 4.000000000000000888, 24.92835552584217496 ) ) ;
#3347 = AXIS2_PLACEMENT_3D ( 'NONE', #6795, #5719, #5038 ) ;
#3348 = CARTESIAN_POINT ( 'NONE',  ( 5.424470225569994142, 4.499999999999999112, 25.46672230019053274 ) ) ;
#3349 = ORIENTED_EDGE ( 'NONE', *, *, #1785, .T. ) ;
#3350 = CARTESIAN_POINT ( 'NONE',  ( 4.768436164529918031, 4.500000000000000888, 22.82792058445702565 ) ) ;
#3351 = CARTESIAN_POINT ( 'NONE',  ( -9.470726495726493610, 4.000000000000000000, 25.10486369343139401 ) ) ;
#3352 = FACE_OUTER_BOUND ( 'NONE', #210, .T. ) ;
#3353 = CARTESIAN_POINT ( 'NONE',  ( 3.552230188223165719, 4.500000000000000888, 25.23427131430506165 ) ) ;
#3354 = B_SPLINE_CURVE_WITH_KNOTS ( 'NONE', 3,
 ( #195, #3928, #6688, #6110, #5675, #1815, #690, #2840, #6179, #4998, #5536, #3402, #3999, #1219, #2379, #5605, #4031, #265, #3364 ),
 .UNSPECIFIED., .F., .F.,
 ( 4, 1, 1, 1, 1, 1, 1, 1, 1, 1, 1, 1, 1, 1, 1, 1, 4 ),
 ( 0.000000000000000000, 0.1107342804863387237, 0.2123411929916478313, 0.3055021255634835509, 0.3898348410859879820, 0.4666904579461289004, 0.5352618542933006429, 0.5967629138889611884, 0.6510657189836195347, 0.7010355511102168702, 0.7478602709077568633, 0.7918333971357288670, 0.8342840069087867905, 0.8753338897746161251, 0.9160347492783125212, 0.9576522807232378254, 1.000000000000000000 ),
 .UNSPECIFIED. ) ;
#3355 = DIRECTION ( 'NONE',  ( -1.692413147294446463E-16, 0.000000000000000000, -1.000000000000000000 ) ) ;
#3356 = ORIENTED_EDGE ( 'NONE', *, *, #5296, .T. ) ;
#3357 = DIRECTION ( 'NONE',  ( -0.000000000000000000, -1.000000000000000000, -0.000000000000000000 ) ) ;
#3358 = CARTESIAN_POINT ( 'NONE',  ( 8.283688324064250708, 4.500000000000000888, 21.28480221659679117 ) ) ;
#3359 = CARTESIAN_POINT ( 'NONE',  ( 7.442176765848332209, 4.499999999999999112, 24.55146669599630727 ) ) ;
#3360 = CARTESIAN_POINT ( 'NONE',  ( -2.301535790598284059, 4.000000000000000000, 23.85826914214932870 ) ) ;
#3361 = ORIENTED_EDGE ( 'NONE', *, *, #4994, .F. ) ;
#3362 = ORIENTED_EDGE ( 'NONE', *, *, #1412, .F. ) ;
#3363 = CARTESIAN_POINT ( 'NONE',  ( -4.477564102564099535, 4.500000000000000888, 22.55485701608095894 ) ) ;
#3364 = CARTESIAN_POINT ( 'NONE',  ( 1.471320779914531585, 4.500000000000000888, 24.94458725112369635 ) ) ;
#3365 = CARTESIAN_POINT ( 'NONE',  ( 8.586287242873085646, 4.499999999999999112, 22.64483590567937554 ) ) ;
#3366 = VERTEX_POINT ( 'NONE', #1987 ) ;
#3367 = CARTESIAN_POINT ( 'NONE',  ( 8.007955913473105980, 4.500000000000000888, 24.94388321381370588 ) ) ;
#3368 = CARTESIAN_POINT ( 'NONE',  ( 0.02713675213675360159, 4.000000000000000000, 23.52075578744847917 ) ) ;
#3369 = LINE ( 'NONE', #2492, #1181 ) ;
#3370 = CARTESIAN_POINT ( 'NONE',  ( -1.630633217679936076, 4.499999999999999112, 23.61291665337054368 ) ) ;
#3371 = CARTESIAN_POINT ( 'NONE',  ( -0.4613247863247799674, 4.500000000000000888, 24.23139948402967292 ) ) ;
#3372 = CARTESIAN_POINT ( 'NONE',  ( 4.069664797008551105, 4.500000000000000888, 21.36253596907241104 ) ) ;
#3373 = DIRECTION ( 'NONE',  ( -0.000000000000000000, -1.000000000000000000, -0.000000000000000000 ) ) ;
#3374 = CARTESIAN_POINT ( 'NONE',  ( -2.092977839860882039, 4.000000000000001776, 24.89183467825881024 ) ) ;
#3375 = B_SPLINE_SURFACE_WITH_KNOTS ( 'NONE', 3, 1, ( 
 ( #1290, #3961 ),
 ( #4470, #795 ),
 ( #2341, #1703 ),
 ( #2378, #3436 ),
 ( #4997, #2803 ),
 ( #4435, #228 ),
 ( #122, #6035 ),
 ( #5031, #3891 ),
 ( #652, #1814 ),
 ( #1740, #194 ),
 ( #3854, #264 ),
 ( #5603, #3927 ),
 ( #757, #2305 ),
 ( #689, #1179 ),
 ( #6609, #153 ),
 ( #3325, #2839 ),
 ( #2270, #4505 ),
 ( #6646, #2910 ),
 ( #1772, #2413 ),
 ( #6687, #6178 ),
 ( #1256, #5067 ),
 ( #6071, #6109 ),
 ( #5569, #1217 ) ),
 .UNSPECIFIED., .F., .F., .F.,
 ( 4, 1, 1, 1, 1, 1, 1, 1, 1, 1, 1, 1, 1, 1, 1, 1, 1, 1, 1, 1, 4 ),
 ( 2, 2 ),
 ( 0.000000000000000000, 0.05383370089591506258, 0.1055426304091384992, 0.1580541720958378860, 0.2119873357804053504, 0.2402068903290464630, 0.2697935103595447970, 0.3013430987966762564, 0.3346080613711933105, 0.3702844416648597980, 0.4080888380149468309, 0.4486813458099817020, 0.4920692965602029845, 0.5386641566662656588, 0.5903710538753824677, 0.6463877841547206460, 0.7071953757631240789, 0.7729467746818401430, 0.8436426012467380664, 0.9193083570571428664, 1.000000000000000000 ),
 ( 0.000000000000000000, 1.000000000000000000 ),
 .UNSPECIFIED. ) ;
#3376 = EDGE_CURVE ( 'NONE', #2658, #1428, #6616, .T. ) ;
#3377 = ORIENTED_EDGE ( 'NONE', *, *, #1497, .T. ) ;
#3378 = DIRECTION ( 'NONE',  ( 0.000000000000000000, 1.000000000000000000, -0.000000000000000000 ) ) ;
#3379 = CARTESIAN_POINT ( 'NONE',  ( -1.221153846153839595, 4.000000000000000000, 24.25768821266215269 ) ) ;
#3380 = CARTESIAN_POINT ( 'NONE',  ( 7.984141292735046136, 4.000000000000000888, 24.94458725112369635 ) ) ;
#3381 = CARTESIAN_POINT ( 'NONE',  ( 6.051495726495730310, 4.500000000000000888, 24.23139948402967292 ) ) ;
#3382 = VERTEX_POINT ( 'NONE', #3721 ) ;
#3383 = CARTESIAN_POINT ( 'NONE',  ( 5.031987350794649316, 4.500000000000000888, 22.85028754442216936 ) ) ;
#3384 = B_SPLINE_SURFACE_WITH_KNOTS ( 'NONE', 3, 1, ( 
 ( #5438, #2650 ),
 ( #6449, #1519 ),
 ( #1618, #4808 ),
 ( #3667, #4845 ),
 ( #5844, #2 ),
 ( #4306, #3770 ),
 ( #563, #2712 ),
 ( #2175, #3138 ),
 ( #4875, #1651 ),
 ( #5976, #595 ),
 ( #2747, #462 ),
 ( #2616, #3837 ),
 ( #6015, #6158 ),
 ( #3451, #2209 ),
 ( #4418, #778 ),
 ( #5518, #4908 ),
 ( #1159, #1237 ),
 ( #68, #3909 ),
 ( #5621, #3379 ) ),
 .UNSPECIFIED., .F., .F., .F.,
 ( 4, 1, 1, 1, 1, 1, 1, 1, 1, 1, 1, 1, 1, 1, 1, 1, 4 ),
 ( 2, 2 ),
 ( 0.000000000000000000, 0.06117934308804607452, 0.1203713884446011156, 0.1784417313622629897, 0.2359341281810948265, 0.2942679362243747487, 0.3526542946283818258, 0.4131221280938584539, 0.4755857683820440829, 0.5389001041802271574, 0.6018690472303259709, 0.6643326875185112668, 0.7276470233166943968, 0.7924087308653694484, 0.8591195288732159652, 0.9281350966840269390, 1.000000000000000000 ),
 ( 0.000000000000000000, 1.000000000000000000 ),
 .UNSPECIFIED. ) ;
#3385 = CARTESIAN_POINT ( 'NONE',  ( -7.299786324786322389, 4.500000000000000888, 21.36253596907242169 ) ) ;
#3386 = ADVANCED_FACE ( 'NONE', ( #1010 ), #6230, .T. ) ;
#3387 = EDGE_CURVE ( 'NONE', #2607, #1488, #7002, .T. ) ;
#3388 = EDGE_LOOP ( 'NONE', ( #4333, #2345, #5689, #2467 ) ) ;
#3389 = CARTESIAN_POINT ( 'NONE',  ( -4.255000882991284428, 4.000000000000000000, 21.55584355954141884 ) ) ;
#3390 = CARTESIAN_POINT ( 'NONE',  ( 3.476780808044046545, 4.499999999999999112, 25.14046628565723651 ) ) ;
#3391 = ADVANCED_FACE ( 'NONE', ( #3405 ), #54, .T. ) ;
#3392 = PRODUCT_RELATED_PRODUCT_CATEGORY ( 'part', '', ( #2707 ) ) ;
#3393 = CARTESIAN_POINT ( 'NONE',  ( 8.501032331951957843, 4.000000000000001776, 24.55673696896498726 ) ) ;
#3394 = EDGE_LOOP ( 'NONE', ( #1082, #4469, #1334, #1411 ) ) ;
#3395 = DIRECTION ( 'NONE',  ( 0.000000000000000000, 0.000000000000000000, 1.000000000000000000 ) ) ;
#3396 = CARTESIAN_POINT ( 'NONE',  ( 9.143417126597025657, 3.999999999999998224, 21.95916618532767117 ) ) ;
#3397 = CARTESIAN_POINT ( 'NONE',  ( 7.839179992852208123, 4.000000000000000888, 24.92680676981121479 ) ) ;
#3398 = CARTESIAN_POINT ( 'NONE',  ( 1.734459395693733308, 4.000000000000000000, 24.87281162062012285 ) ) ;
#3399 = EDGE_LOOP ( 'NONE', ( #6286, #4836 ) ) ;
#3400 = ORIENTED_EDGE ( 'NONE', *, *, #6086, .F. ) ;
#3401 = CARTESIAN_POINT ( 'NONE',  ( 0.000000000000000000, 4.000000000000000000, -10.00000000000000000 ) ) ;
#3402 = CARTESIAN_POINT ( 'NONE',  ( 1.077486608273948265, 4.500000000000000888, 24.77208857361744165 ) ) ;
#3403 = LINE ( 'NONE', #761, #3297 ) ;
#3404 = ORIENTED_EDGE ( 'NONE', *, *, #3780, .F. ) ;
#3405 = FACE_OUTER_BOUND ( 'NONE', #4194, .T. ) ;
#3406 = CARTESIAN_POINT ( 'NONE',  ( 8.577547546450480453, 4.500000000000000888, 24.32096178734915526 ) ) ;
#3407 = CARTESIAN_POINT ( 'NONE',  ( 6.859377730673636542, 4.499999999999999112, 21.87640872641538792 ) ) ;
#3408 = VECTOR ( 'NONE', #745, 1000.000000000000114 ) ;
#3409 = CARTESIAN_POINT ( 'NONE',  ( -1.221153846153839595, 4.000000000000000888, 24.25768821266215269 ) ) ;
#3410 = CARTESIAN_POINT ( 'NONE',  ( -4.523658900655170179, 4.000000000000000000, 22.36618094751353425 ) ) ;
#3411 = CARTESIAN_POINT ( 'NONE',  ( 7.536499140886969705, 4.500000000000000888, 24.71010576883795196 ) ) ;
#3412 = LINE ( 'NONE', #133, #5142 ) ;
#3413 = CARTESIAN_POINT ( 'NONE',  ( 4.231349096449235958, 4.500000000000000888, 23.83678998874535537 ) ) ;
#3414 = DIRECTION ( 'NONE',  ( -1.000000000000000000, -1.400677330766444643E-13, 0.000000000000000000 ) ) ;
#3415 = CARTESIAN_POINT ( 'NONE',  ( 1.258480105189411002, 4.500000000000000888, 24.90277380790519857 ) ) ;
#3416 = DIRECTION ( 'NONE',  ( 0.000000000000000000, 0.000000000000000000, 1.000000000000000000 ) ) ;
#3417 = CARTESIAN_POINT ( 'NONE',  ( 4.419842672959629404, 4.500000000000000888, 24.89183467825880314 ) ) ;
#3418 = CARTESIAN_POINT ( 'NONE',  ( 5.183214923410169206, 4.500000000000000888, 25.59959716518713435 ) ) ;
#3419 = CIRCLE ( 'NONE', #1506, 1.000000000000000888 ) ;
#3420 = CARTESIAN_POINT ( 'NONE',  ( 17.50000000000000000, 4.000000000000000000, 21.50000000000000000 ) ) ;
#3421 = DIRECTION ( 'NONE',  ( 0.000000000000000000, 1.000000000000000000, -0.000000000000000000 ) ) ;
#3422 = AXIS2_PLACEMENT_3D ( 'NONE', #5963, #5540, #1674 ) ;
#3423 = CARTESIAN_POINT ( 'NONE',  ( -7.299786324786322389, 4.000000000000005329, 24.17288586223481417 ) ) ;
#3424 = CIRCLE ( 'NONE', #5464, 0.5000000000000004441 ) ;
#3425 = CARTESIAN_POINT ( 'NONE',  ( 3.229273504273508344, 4.500000000000000888, 24.56467272120915979 ) ) ;
#3426 = ORIENTED_EDGE ( 'NONE', *, *, #3251, .F. ) ;
#3427 = DIRECTION ( 'NONE',  ( 0.000000000000000000, 0.000000000000000000, -1.000000000000000000 ) ) ;
#3428 = FACE_OUTER_BOUND ( 'NONE', #651, .T. ) ;
#3429 = EDGE_CURVE ( 'NONE', #4795, #3158, #5453, .T. ) ;
#3430 = CARTESIAN_POINT ( 'NONE',  ( 9.140818110158685172, 4.500000000000000888, 25.01263307362559019 ) ) ;
#3431 = EDGE_CURVE ( 'NONE', #4421, #1623, #3751, .T. ) ;
#3432 = CARTESIAN_POINT ( 'NONE',  ( -0.8719020525498933916, 4.500000000000000888, 25.28012416077510949 ) ) ;
#3433 = VECTOR ( 'NONE', #6446, 1000.000000000000114 ) ;
#3434 = EDGE_CURVE ( 'NONE', #1225, #920, #5102, .T. ) ;
#3435 = ORIENTED_EDGE ( 'NONE', *, *, #5607, .T. ) ;
#3436 = CARTESIAN_POINT ( 'NONE',  ( 1.278301958519337145, 4.000000000000000000, 22.04471004017557689 ) ) ;
#3437 = CARTESIAN_POINT ( 'NONE',  ( 0.000000000000000000, 1.000000000000000000, 28.50000000000000355 ) ) ;
#3438 = VECTOR ( 'NONE', #93, 1000.000000000000000 ) ;
#3439 = CARTESIAN_POINT ( 'NONE',  ( 3.261029279821764604, 4.000000000000000000, 24.69268501625775869 ) ) ;
#3440 = ORIENTED_EDGE ( 'NONE', *, *, #3254, .T. ) ;
#3441 = CARTESIAN_POINT ( 'NONE',  ( 4.331131566549276890, 4.000000000000000888, 23.73952580383563671 ) ) ;
#3442 = CARTESIAN_POINT ( 'NONE',  ( -1.231011059222230974, 4.000000000000000000, 24.40125525715173893 ) ) ;
#3443 = CARTESIAN_POINT ( 'NONE',  ( 6.051495726495730310, 4.000000000000000000, 24.23139948402967292 ) ) ;
#3444 = EDGE_LOOP ( 'NONE', ( #2777, #2759, #2037, #1203 ) ) ;
#3445 = LINE ( 'NONE', #768, #1769 ) ;
#3446 = CARTESIAN_POINT ( 'NONE',  ( 6.542080978922055756, 4.000000000000002665, 23.24573155039961136 ) ) ;
#3447 = CARTESIAN_POINT ( 'NONE',  ( 7.486931384351131591, 4.499999999999999112, 24.63718520842033044 ) ) ;
#3448 = DIRECTION ( 'NONE',  ( 0.000000000000000000, 0.000000000000000000, 1.000000000000000000 ) ) ;
#3449 = DIRECTION ( 'NONE',  ( 0.000000000000000000, -1.000000000000000000, 0.000000000000000000 ) ) ;
#3450 = CARTESIAN_POINT ( 'NONE',  ( -3.159609102565489103, 4.000000000000001776, 24.93017364992046936 ) ) ;
#3451 = CARTESIAN_POINT ( 'NONE',  ( -1.265132659007193627, 4.499999999999999112, 24.53223885853339681 ) ) ;
#3452 = CARTESIAN_POINT ( 'NONE',  ( 4.730604944029455972, 4.499999999999999112, 23.58805597142574229 ) ) ;
#3453 = CARTESIAN_POINT ( 'NONE',  ( 4.097649572649576299, 4.500000000000000888, 24.56467272120915979 ) ) ;
#3454 = VECTOR ( 'NONE', #2023, 1000.000000000000000 ) ;
#3455 = CARTESIAN_POINT ( 'NONE',  ( 1.471320779914531585, 4.000000000000000888, 24.94458725112369635 ) ) ;
#3456 = ORIENTED_EDGE ( 'NONE', *, *, #6971, .F. ) ;
#3457 = CARTESIAN_POINT ( 'NONE',  ( 19.50000000000001066, 5.500000000000000000, 19.49999999999999645 ) ) ;
#3458 = CARTESIAN_POINT ( 'NONE',  ( 1.695200130256970361, 4.500000000000000888, 25.69243952143810006 ) ) ;
#3459 = CARTESIAN_POINT ( 'NONE',  ( -7.300064900924507327, 4.000000000000003553, 24.22659924872204229 ) ) ;
#3460 = CARTESIAN_POINT ( 'NONE',  ( 8.465131095922323823, 4.499999999999999112, 24.62240076884354067 ) ) ;
#3461 = VERTEX_POINT ( 'NONE', #5036 ) ;
#3462 = CARTESIAN_POINT ( 'NONE',  ( -1.230182628496664154, 4.499999999999999112, 24.11810818465131234 ) ) ;
#3463 = CARTESIAN_POINT ( 'NONE',  ( 8.477641159319647457, 4.500000000000000888, 21.34172374452542442 ) ) ;
#3464 = CARTESIAN_POINT ( 'NONE',  ( 7.403451402986486407, 4.500000000000000888, 24.45111661742942388 ) ) ;
#3465 = CARTESIAN_POINT ( 'NONE',  ( 4.528930193356122125, 4.500000000000000888, 22.86234990646688914 ) ) ;
#3466 = AXIS2_PLACEMENT_3D ( 'NONE', #2567, #4187, #1502 ) ;
#3467 = EDGE_LOOP ( 'NONE', ( #1696, #4946, #2561, #4645 ) ) ;
#3468 = DIRECTION ( 'NONE',  ( 0.000000000000000000, 0.000000000000000000, 1.000000000000000000 ) ) ;
#3469 = VECTOR ( 'NONE', #5594, 1000.000000000000114 ) ;
#3470 = CARTESIAN_POINT ( 'NONE',  ( 0.000000000000000000, 1.000000000000000000, 0.000000000000000000 ) ) ;
#3471 = CARTESIAN_POINT ( 'NONE',  ( 8.423033253884774751, 4.000000000000003553, 22.25685131155952945 ) ) ;
#3472 = ORIENTED_EDGE ( 'NONE', *, *, #5604, .F. ) ;
#3473 = CARTESIAN_POINT ( 'NONE',  ( -9.431024902839880042, 4.500000000000000888, 25.15271437432333101 ) ) ;
#3474 = CARTESIAN_POINT ( 'NONE',  ( -1.265132659007193627, 3.999999999999999112, 24.53223885853339681 ) ) ;
#3475 = CARTESIAN_POINT ( 'NONE',  ( 6.731797230391325826, 4.500000000000000888, 22.13656570366598686 ) ) ;
#3476 = EDGE_CURVE ( 'NONE', #2992, #2690, #888, .T. ) ;
#3477 = ORIENTED_EDGE ( 'NONE', *, *, #4343, .T. ) ;
#3478 = CARTESIAN_POINT ( 'NONE',  ( -1.432764131650448469, 4.000000000000000888, 23.73165337577945166 ) ) ;
#3479 = EDGE_CURVE ( 'NONE', #3935, #1791, #268, .T. ) ;
#3480 = EDGE_CURVE ( 'NONE', #6102, #1921, #5944, .T. ) ;
#3481 = EDGE_CURVE ( 'NONE', #1867, #5391, #3811, .T. ) ;
#3482 = CARTESIAN_POINT ( 'NONE',  ( 6.624038948568843566, 4.499999999999999112, 22.52044728277162733 ) ) ;
#3483 = CARTESIAN_POINT ( 'NONE',  ( -3.866342217292234817, 4.000000000000001776, 23.17849930960185389 ) ) ;
#3484 = CARTESIAN_POINT ( 'NONE',  ( 6.051495726495730310, 4.000000000000000000, 24.23139948402967292 ) ) ;
#3485 = VECTOR ( 'NONE', #2439, 1000.000000000000114 ) ;
#3486 = CARTESIAN_POINT ( 'NONE',  ( -2.480447047338151023, 4.500000000000000888, 25.58747074483706285 ) ) ;
#3487 = LINE ( 'NONE', #5763, #6726 ) ;
#3488 = FACE_OUTER_BOUND ( 'NONE', #5991, .T. ) ;
#3489 = DIRECTION ( 'NONE',  ( 0.000000000000000000, -0.000000000000000000, -1.000000000000000000 ) ) ;
#3490 = FACE_OUTER_BOUND ( 'NONE', #4244, .T. ) ;
#3491 = CARTESIAN_POINT ( 'NONE',  ( 6.050321730030599809, 4.000000000000002665, 24.18131992960063670 ) ) ;
#3492 = CARTESIAN_POINT ( 'NONE',  ( 2.902442625450435632, 4.499999999999999112, 23.68224423056512862 ) ) ;
#3493 = CARTESIAN_POINT ( 'NONE',  ( 7.426969525208632739, 4.000000000000000000, 22.44835367751238309 ) ) ;
#3494 = CARTESIAN_POINT ( 'NONE',  ( -8.660254037844389075, 17.01076477383247720, 3.399999999999996803 ) ) ;
#3495 = VERTEX_POINT ( 'NONE', #2990 ) ;
#3496 = LINE ( 'NONE', #5669, #6972 ) ;
#3497 = CARTESIAN_POINT ( 'NONE',  ( 8.002263655822165589, 4.000000000000000000, 21.25453495336990528 ) ) ;
#3498 = CARTESIAN_POINT ( 'NONE',  ( 7.290896609784208948, 4.500000000000000888, 25.53617284564469614 ) ) ;
#3499 = CARTESIAN_POINT ( 'NONE',  ( -0.4655903979337716048, 4.500000000000000888, 24.38199101118976131 ) ) ;
#3500 = B_SPLINE_SURFACE_WITH_KNOTS ( 'NONE', 3, 1, ( 
 ( #6788, #865 ),
 ( #1978, #4211 ),
 ( #1942, #302 ),
 ( #5278, #6934 ),
 ( #1527, #4099 ),
 ( #2559, #406 ),
 ( #3080, #2451 ),
 ( #3677, #1425 ),
 ( #3608, #3572 ),
 ( #3048, #2051 ),
 ( #5208, #369 ) ),
 .UNSPECIFIED., .F., .F., .F.,
 ( 4, 1, 1, 1, 1, 1, 1, 1, 4 ),
 ( 2, 2 ),
 ( 0.000000000000000000, 0.08887073112253521256, 0.1863547159714915302, 0.2940776543961753919, 0.4122365279576104546, 0.5417781444209649466, 0.6827026066315641240, 0.8350963526041684792, 1.000000000000000000 ),
 ( 0.000000000000000000, 1.000000000000000000 ),
 .UNSPECIFIED. ) ;
#3501 = EDGE_LOOP ( 'NONE', ( #4721, #1324, #5716 ) ) ;
#3502 = FACE_OUTER_BOUND ( 'NONE', #1122, .T. ) ;
#3503 = B_SPLINE_CURVE_WITH_KNOTS ( 'NONE', 3,
 ( #6118, #2461, #1434, #6288, #5683, #1858, #6763, #2387, #5651, #5757, #6249 ),
 .UNSPECIFIED., .F., .F.,
 ( 4, 1, 1, 1, 1, 1, 1, 1, 4 ),
 ( 0.000000000000000000, 0.08887073112253490725, 0.1863547159714914747, 0.2940776543961752254, 0.4122365279576105102, 0.5417781444209648356, 0.6827026066315641240, 0.8350963526041684792, 1.000000000000000000 ),
 .UNSPECIFIED. ) ;
#3504 = CARTESIAN_POINT ( 'NONE',  ( 8.554435509830621953, 4.500000000000000888, 22.52476926746560437 ) ) ;
#3505 = ORIENTED_EDGE ( 'NONE', *, *, #4303, .T. ) ;
#3506 = CARTESIAN_POINT ( 'NONE',  ( -1.493111252683502199, 4.000000000000000888, 24.83632663176656052 ) ) ;
#3507 = FACE_OUTER_BOUND ( 'NONE', #2085, .T. ) ;
#3508 = CARTESIAN_POINT ( 'NONE',  ( -2.960590324597346612, 4.000000000000001776, 25.23427131430506165 ) ) ;
#3509 = CARTESIAN_POINT ( 'NONE',  ( -0.8719020525498933916, 4.500000000000000888, 25.28012416077510949 ) ) ;
#3510 = CARTESIAN_POINT ( 'NONE',  ( 6.671289911711045129, 4.000000000000002665, 22.31814654408258036 ) ) ;
#3511 = CARTESIAN_POINT ( 'NONE',  ( 7.839179992852208123, 4.500000000000000888, 24.92680676981121479 ) ) ;
#3512 = CARTESIAN_POINT ( 'NONE',  ( -18.49999999999999645, 1.000000000000000000, 0.000000000000000000 ) ) ;
#3513 = ADVANCED_FACE ( 'NONE', ( #3352 ), #4425, .T. ) ;
#3514 = ADVANCED_FACE ( 'NONE', ( #641, #6635 ), #1167, .F. ) ;
#3515 = CARTESIAN_POINT ( 'NONE',  ( -4.585762760151823159, 4.000000000000001776, 21.43026917015547284 ) ) ;
#3516 = CARTESIAN_POINT ( 'NONE',  ( -3.210300124192261517, 4.500000000000000888, 24.81511901707376566 ) ) ;
#3517 = ORIENTED_EDGE ( 'NONE', *, *, #5257, .F. ) ;
#3518 = LINE ( 'NONE', #2468, #5353 ) ;
#3519 = CARTESIAN_POINT ( 'NONE',  ( 4.506396901709405434, 4.500000000000000888, 22.86862571266215483 ) ) ;
#3520 = CARTESIAN_POINT ( 'NONE',  ( 0.1615664679435668827, 4.499999999999999112, 24.68683647939790760 ) ) ;
#3521 = CARTESIAN_POINT ( 'NONE',  ( 2.880606466394853626, 4.000000000000004441, 22.90956861210009876 ) ) ;
#3522 = CARTESIAN_POINT ( 'NONE',  ( -5.437526709401705460, 4.500000000000000888, 21.36253596907241459 ) ) ;
#3523 = CARTESIAN_POINT ( 'NONE',  ( -8.641357374462645069, 4.500000000000002665, 25.67025346290167676 ) ) ;
#3524 = CARTESIAN_POINT ( 'NONE',  ( 8.516884685961862544, 4.500000000000000888, 22.42046165344466502 ) ) ;
#3525 = CARTESIAN_POINT ( 'NONE',  ( -7.299786324786322389, 4.500000000000000888, 24.17288586223481417 ) ) ;
#3526 = EDGE_LOOP ( 'NONE', ( #3130, #384 ) ) ;
#3527 = LINE ( 'NONE', #4741, #2184 ) ;
#3528 = CARTESIAN_POINT ( 'NONE',  ( 9.416452991452995747, 4.500000000000000888, 23.48089868274762537 ) ) ;
#3529 = CARTESIAN_POINT ( 'NONE',  ( 6.637647692806100785, 4.500000000000000888, 24.55556511987973067 ) ) ;
#3530 = CARTESIAN_POINT ( 'NONE',  ( 1.843984902202996823, 4.500000000000000888, 24.78103026854617852 ) ) ;
#3531 = ORIENTED_EDGE ( 'NONE', *, *, #3946, .F. ) ;
#3532 = VECTOR ( 'NONE', #5269, 1000.000000000000000 ) ;
#3533 = ORIENTED_EDGE ( 'NONE', *, *, #760, .F. ) ;
#3534 = CARTESIAN_POINT ( 'NONE',  ( 5.997222222222226229, 4.500000000000000888, 21.36253596907241104 ) ) ;
#3535 = CARTESIAN_POINT ( 'NONE',  ( 7.984141292735046136, 4.000000000000005329, 22.01381802035446711 ) ) ;
#3536 = ORIENTED_EDGE ( 'NONE', *, *, #2965, .F. ) ;
#3537 = CARTESIAN_POINT ( 'NONE',  ( 7.376867816740871220, 4.500000000000000888, 25.58129798973394031 ) ) ;
#3538 = CARTESIAN_POINT ( 'NONE',  ( 20.50000000000000355, 4.499999999999999112, 19.49999999999999645 ) ) ;
#3539 = FACE_OUTER_BOUND ( 'NONE', #5528, .T. ) ;
#3540 = VECTOR ( 'NONE', #3105, 999.9999999999998863 ) ;
#3541 = CARTESIAN_POINT ( 'NONE',  ( -1.733061505679499348, 4.000000000000000000, 25.70040383717250165 ) ) ;
#3542 = CARTESIAN_POINT ( 'NONE',  ( -1.807617462000884467, 4.500000000000002665, 22.82951443598259544 ) ) ;
#3543 = CARTESIAN_POINT ( 'NONE',  ( 7.309830949473435702, 4.499999999999999112, 23.89502663644489289 ) ) ;
#3544 = DIRECTION ( 'NONE',  ( 1.000000000000000000, 0.000000000000000000, 0.000000000000000000 ) ) ;
#3545 = VECTOR ( 'NONE', #6781, 1000.000000000000000 ) ;
#3546 = VERTEX_POINT ( 'NONE', #5489 ) ;
#3547 = CARTESIAN_POINT ( 'NONE',  ( 7.513614785691350662, 3.999999999999999112, 22.27016922149068279 ) ) ;
#3548 = EDGE_CURVE ( 'NONE', #4191, #3283, #6524, .T. ) ;
#3549 = CARTESIAN_POINT ( 'NONE',  ( -3.251791232998745951, 4.000000000000001776, 24.69268501625775869 ) ) ;
#3550 = EDGE_CURVE ( 'NONE', #5514, #4624, #1133, .T. ) ;
#3551 = CARTESIAN_POINT ( 'NONE',  ( -8.895766559829057840, 4.000000000000000000, 24.57315295625190998 ) ) ;
#3552 = CARTESIAN_POINT ( 'NONE',  ( 0.2189767175708113023, 4.000000000000000000, 22.13656570366598331 ) ) ;
#3553 = ADVANCED_FACE ( 'NONE', ( #5446 ), #237, .T. ) ;
#3554 = CARTESIAN_POINT ( 'NONE',  ( 0.9549426169136789877, 4.000000000000001776, 25.61923162930312969 ) ) ;
#3555 = CARTESIAN_POINT ( 'NONE',  ( 1.869955865010228147, 4.500000000000000888, 21.30930077504978470 ) ) ;
#3556 = ORIENTED_EDGE ( 'NONE', *, *, #5042, .T. ) ;
#3557 = CARTESIAN_POINT ( 'NONE',  ( 6.002081976458100598, 4.000000000000002665, 23.80216629655949490 ) ) ;
#3558 = DIRECTION ( 'NONE',  ( -0.000000000000000000, -1.000000000000000000, -0.000000000000000000 ) ) ;
#3559 = VECTOR ( 'NONE', #6037, 1000.000000000000000 ) ;
#3560 = CARTESIAN_POINT ( 'NONE',  ( 6.028760635719165428, 4.000000000000000888, 24.52894324076779853 ) ) ;
#3561 = ADVANCED_FACE ( 'NONE', ( #6073 ), #1849, .F. ) ;
#3562 = AXIS2_PLACEMENT_3D ( 'NONE', #2524, #4184, #1982 ) ;
#3563 = CARTESIAN_POINT ( 'NONE',  ( 8.645959542880707005, 4.500000000000000888, 23.85805946265852384 ) ) ;
#3564 = ORIENTED_EDGE ( 'NONE', *, *, #1660, .T. ) ;
#3565 = CARTESIAN_POINT ( 'NONE',  ( -19.49999999999999645, 1.000000000000000000, 29.50000000000000000 ) ) ;
#3566 = CARTESIAN_POINT ( 'NONE',  ( -4.720377603461052729, 4.499999999999999112, 22.19097327852832180 ) ) ;
#3567 = FACE_OUTER_BOUND ( 'NONE', #4293, .T. ) ;
#3568 = CARTESIAN_POINT ( 'NONE',  ( -2.399297004679660450, 4.499999999999999112, 24.59456299534028290 ) ) ;
#3569 = ORIENTED_EDGE ( 'NONE', *, *, #6879, .F. ) ;
#3570 = CIRCLE ( 'NONE', #5851, 1.600000000000001643 ) ;
#3571 = CARTESIAN_POINT ( 'NONE',  ( 9.143417126597025657, 4.499999999999999112, 21.95916618532767117 ) ) ;
#3572 = CARTESIAN_POINT ( 'NONE',  ( 2.141689765615927055, 4.000000000000001776, 23.67433516274654437 ) ) ;
#3573 = CARTESIAN_POINT ( 'NONE',  ( -3.036039704776460457, 4.499999999999999112, 25.14046628565722230 ) ) ;
#3574 = VERTEX_POINT ( 'NONE', #4032 ) ;
#3575 = VECTOR ( 'NONE', #2465, 1000.000000000000000 ) ;
#3576 = CARTESIAN_POINT ( 'NONE',  ( 1.471320779914531585, 4.000000000000000888, 24.94458725112369635 ) ) ;
#3577 = DIRECTION ( 'NONE',  ( 0.000000000000000000, 1.000000000000000000, -0.000000000000000000 ) ) ;
#3578 = CARTESIAN_POINT ( 'NONE',  ( 7.442176765848332209, 3.999999999999999112, 24.55146669599630727 ) ) ;
#3579 = VECTOR ( 'NONE', #1741, 1000.000000000000000 ) ;
#3580 = LINE ( 'NONE', #908, #6307 ) ;
#3581 = B_SPLINE_CURVE_WITH_KNOTS ( 'NONE', 3,
 ( #4873, #1680, #5434, #2741, #31, #6551, #3835, #3700, #2172, #1156, #3203, #4339, #5874, #1121, #525, #2680, #3165, #5331, #2107 ),
 .UNSPECIFIED., .F., .F.,
 ( 4, 1, 1, 1, 1, 1, 1, 1, 1, 1, 1, 1, 1, 1, 1, 1, 4 ),
 ( 0.000000000000000000, 0.06874126307936596902, 0.1347890881950353503, 0.1985360495606908471, 0.2603856506059201159, 0.3209615782321956212, 0.3799038495841482455, 0.4385029357752677215, 0.4961543439762682306, 0.5542654832084998873, 0.6127487608156955146, 0.6725134425261782845, 0.7336464018979736990, 0.7967896194814542143, 0.8619356990410254049, 0.9293977347748989537, 1.000000000000000000 ),
 .UNSPECIFIED. ) ;
#3582 = CARTESIAN_POINT ( 'NONE',  ( 6.585825045092249752, 4.500000000000000888, 22.74213526837327493 ) ) ;
#3583 = CARTESIAN_POINT ( 'NONE',  ( 0.9549426169136789877, 3.999999999999999112, 25.61923162930312969 ) ) ;
#3584 = CARTESIAN_POINT ( 'NONE',  ( 6.050321730030599809, 4.000000000000000000, 24.18131992960063670 ) ) ;
#3585 = CARTESIAN_POINT ( 'NONE',  ( 7.301169602363106748, 3.999999999999997335, 23.38308087929095791 ) ) ;
#3586 = LINE ( 'NONE', #5761, #2108 ) ;
#3587 = CARTESIAN_POINT ( 'NONE',  ( 4.636144497863251779, 4.000000000000000000, 25.70441631095275170 ) ) ;
#3588 = FACE_OUTER_BOUND ( 'NONE', #5796, .T. ) ;
#3589 = CARTESIAN_POINT ( 'NONE',  ( 1.253653449247761786, 4.500000000000002665, 25.69251450514730095 ) ) ;
#3590 = CARTESIAN_POINT ( 'NONE',  ( 1.869955865010228147, 4.000000000000004441, 21.30930077504978470 ) ) ;
#3591 = VERTEX_POINT ( 'NONE', #4472 ) ;
#3592 = FACE_OUTER_BOUND ( 'NONE', #2406, .T. ) ;
#3593 = PLANE ( 'NONE',  #1126 ) ;
#3594 = CIRCLE ( 'NONE', #6909, 4.600000000000000533 ) ;
#3595 = CARTESIAN_POINT ( 'NONE',  ( 7.301169602363106748, 3.999999999999999112, 23.38308087929095791 ) ) ;
#3596 = DIRECTION ( 'NONE',  ( 0.000000000000000000, -1.000000000000000000, 0.000000000000000000 ) ) ;
#3597 = FACE_OUTER_BOUND ( 'NONE', #1068, .T. ) ;
#3598 = FACE_OUTER_BOUND ( 'NONE', #3444, .T. ) ;
#3599 = CARTESIAN_POINT ( 'NONE',  ( 9.348616859797923340, 3.999999999999998224, 22.58334324113544156 ) ) ;
#3600 = CARTESIAN_POINT ( 'NONE',  ( 6.564021390952202495, 4.499999999999999112, 24.08951470073433754 ) ) ;
#3601 = EDGE_CURVE ( 'NONE', #6492, #2412, #3403, .T. ) ;
#3602 = CARTESIAN_POINT ( 'NONE',  ( 4.211284722222226051, 4.500000000000000888, 23.85826914214933225 ) ) ;
#3603 = EDGE_CURVE ( 'NONE', #1627, #6607, #828, .T. ) ;
#3604 = ADVANCED_FACE ( 'NONE', ( #2946 ), #4913, .T. ) ;
#3605 = EDGE_CURVE ( 'NONE', #6523, #2722, #5784, .T. ) ;
#3606 = ORIENTED_EDGE ( 'NONE', *, *, #3263, .F. ) ;
#3607 = CARTESIAN_POINT ( 'NONE',  ( 4.671761485042738471, 4.500000000000000888, 22.06809152462796320 ) ) ;
#3608 = CARTESIAN_POINT ( 'NONE',  ( 2.141689765615927055, 4.500000000000000888, 23.67433516274654437 ) ) ;
#3609 = CARTESIAN_POINT ( 'NONE',  ( 8.056318087650993220, 4.000000000000007105, 22.01676539071435457 ) ) ;
#3610 = ORIENTED_EDGE ( 'NONE', *, *, #4220, .F. ) ;
#3611 = CARTESIAN_POINT ( 'NONE',  ( 6.928515723351415190, 4.500000000000000888, 25.20312390072007958 ) ) ;
#3612 = LINE ( 'NONE', #2456, #3454 ) ;
#3613 = CARTESIAN_POINT ( 'NONE',  ( -8.154920200517061346, 3.999999999999999112, 24.88334043075938951 ) ) ;
#3614 = VERTEX_POINT ( 'NONE', #4062 ) ;
#3615 = CARTESIAN_POINT ( 'NONE',  ( -0.4840598771013469581, 4.000000000000000000, 24.52894324076778432 ) ) ;
#3616 = CARTESIAN_POINT ( 'NONE',  ( -4.606474447046756460, 4.499999999999999112, 22.26533619971979050 ) ) ;
#3617 = CARTESIAN_POINT ( 'NONE',  ( 1.474712873931625090, 4.500000000000000888, 25.70441631095275170 ) ) ;
#3618 = CARTESIAN_POINT ( 'NONE',  ( 6.002081976458100598, 4.000000000000000000, 23.80216629655949490 ) ) ;
#3619 = CARTESIAN_POINT ( 'NONE',  ( 5.291666666666670515, 4.500000000000000888, 24.25768821266215625 ) ) ;
#3620 = LINE ( 'NONE', #6949, #3239 ) ;
#3621 = CARTESIAN_POINT ( 'NONE',  ( 6.539957264957268812, 4.000000000000000000, 23.52075578744848272 ) ) ;
#3622 = CARTESIAN_POINT ( 'NONE',  ( -2.940945512820506202, 4.500000000000000888, 23.71156107591001216 ) ) ;
#3623 = CARTESIAN_POINT ( 'NONE',  ( 0.02753695913896481856, 4.000000000000003553, 23.58832387262626895 ) ) ;
#3624 = ORIENTED_EDGE ( 'NONE', *, *, #3780, .T. ) ;
#3625 = DIRECTION ( 'NONE',  ( 0.000000000000000000, 0.000000000000000000, 1.000000000000000000 ) ) ;
#3626 = CARTESIAN_POINT ( 'NONE',  ( -8.369833027142142612, 4.000000000000000000, 25.70268847924564426 ) ) ;
#3627 = CARTESIAN_POINT ( 'NONE',  ( 4.684542051403539631, 4.000000000000000000, 25.70306412226662829 ) ) ;
#3628 = CARTESIAN_POINT ( 'NONE',  ( 8.656623931623935064, 4.000000000000000000, 23.48089868274762537 ) ) ;
#3629 = ORIENTED_EDGE ( 'NONE', *, *, #4735, .F. ) ;
#3630 = CARTESIAN_POINT ( 'NONE',  ( -1.802049946581189888, 4.500000000000000888, 23.58774964428608101 ) ) ;
#3631 = CARTESIAN_POINT ( 'NONE',  ( 9.374137500024623648, 4.000000000000000000, 22.74061880374978628 ) ) ;
#3632 = CARTESIAN_POINT ( 'NONE',  ( 6.674386980764081656, 4.000000000000006217, 24.68683647939790760 ) ) ;
#3633 = CARTESIAN_POINT ( 'NONE',  ( 4.518508860510882741, 4.499999999999999112, 23.62511285261427574 ) ) ;
#3634 = VERTEX_POINT ( 'NONE', #3081 ) ;
#3635 = ORIENTED_EDGE ( 'NONE', *, *, #6441, .F. ) ;
#3636 = LINE ( 'NONE', #1033, #876 ) ;
#3637 = DIRECTION ( 'NONE',  ( 1.000000000000000000, 0.000000000000000000, -1.692413147294445723E-16 ) ) ;
#3638 = EDGE_CURVE ( 'NONE', #1459, #3949, #6729, .T. ) ;
#3639 = CARTESIAN_POINT ( 'NONE',  ( -2.252260139241921255, 4.499999999999999112, 25.66401143289565567 ) ) ;
#3640 = EDGE_CURVE ( 'NONE', #75, #4740, #3152, .T. ) ;
#3641 = VERTEX_POINT ( 'NONE', #6359 ) ;
#3642 = CARTESIAN_POINT ( 'NONE',  ( 4.768436164529918031, 4.000000000000000000, 22.82792058445702565 ) ) ;
#3643 = EDGE_CURVE ( 'NONE', #2136, #5665, #4761, .T. ) ;
#3644 = CARTESIAN_POINT ( 'NONE',  ( 4.671761485042738471, 4.500000000000000888, 22.06809152462796320 ) ) ;
#3645 = CARTESIAN_POINT ( 'NONE',  ( 7.590307121094466147, 4.000000000000001776, 24.77208857361743810 ) ) ;
#3646 = CIRCLE ( 'NONE', #4559, 1.600000000000001643 ) ;
#3647 = ORIENTED_EDGE ( 'NONE', *, *, #4779, .F. ) ;
#3648 = CARTESIAN_POINT ( 'NONE',  ( -1.828278461416970258, 4.000000000000000000, 25.70306412226662118 ) ) ;
#3649 = VECTOR ( 'NONE', #5380, 1000.000000000000000 ) ;
#3650 = CARTESIAN_POINT ( 'NONE',  ( 1.680173342511992907, 4.500000000000000888, 22.05645255746070177 ) ) ;
#3651 = CARTESIAN_POINT ( 'NONE',  ( 1.253653449247761786, 4.500000000000002665, 25.69251450514730095 ) ) ;
#3652 = CARTESIAN_POINT ( 'NONE',  ( -3.717735042735039741, 4.500000000000000888, 22.56503329813224212 ) ) ;
#3653 = ORIENTED_EDGE ( 'NONE', *, *, #6619, .F. ) ;
#3654 = ORIENTED_EDGE ( 'NONE', *, *, #2216, .T. ) ;
#3655 = B_SPLINE_CURVE_WITH_KNOTS ( 'NONE', 3,
 ( #1038, #3817, #2763, #4215, #3716, #3681, #5858, #1668, #1007, #2630, #47, #3185, #3749, #5920, #3222, #2192, #5316, #2696, #4857 ),
 .UNSPECIFIED., .F., .F.,
 ( 4, 1, 1, 1, 1, 1, 1, 1, 1, 1, 1, 1, 1, 1, 1, 1, 4 ),
 ( 0.000000000000000000, 0.1121147956622123021, 0.2158018426882335472, 0.3102026923156540050, 0.3959929252987136605, 0.4734102307422347611, 0.5427784203605525715, 0.6045480222829334727, 0.6593572656120957332, 0.7087643617117433958, 0.7553555059484816647, 0.7986869938006728731, 0.8400168391480730135, 0.8802034470065457361, 0.9197333482458336373, 0.9590486059010157049, 0.9999999999999998890 ),
 .UNSPECIFIED. ) ;
#3656 = VECTOR ( 'NONE', #2371, 1000.000000000000000 ) ;
#3657 = CARTESIAN_POINT ( 'NONE',  ( 7.583310454953315904, 4.500000000000000888, 22.18069183943786271 ) ) ;
#3658 = DIRECTION ( 'NONE',  ( -0.7071067811865451302, 0.7071067811865500152, 0.000000000000000000 ) ) ;
#3659 = ORIENTED_EDGE ( 'NONE', *, *, #4737, .T. ) ;
#3660 = DIRECTION ( 'NONE',  ( 0.000000000000000000, 0.000000000000000000, -1.000000000000000000 ) ) ;
#3661 = CIRCLE ( 'NONE', #623, 0.5000000000000004441 ) ;
#3662 = CARTESIAN_POINT ( 'NONE',  ( -4.326604524550933029, 4.500000000000000888, 21.51733631351854825 ) ) ;
#3663 = PLANE ( 'NONE',  #6860 ) ;
#3664 = CARTESIAN_POINT ( 'NONE',  ( -4.695906557032727413, 4.499999999999999112, 21.40934873743483635 ) ) ;
#3665 = CARTESIAN_POINT ( 'NONE',  ( -8.796525304680727686, 4.499999999999999112, 25.62371435569273359 ) ) ;
#3666 = FACE_OUTER_BOUND ( 'NONE', #45, .T. ) ;
#3667 = CARTESIAN_POINT ( 'NONE',  ( -1.710587653120408502, 4.500000000000000888, 24.93404887568188499 ) ) ;
#3668 = ORIENTED_EDGE ( 'NONE', *, *, #3692, .F. ) ;
#3669 = LINE ( 'NONE', #363, #1073 ) ;
#3670 = CARTESIAN_POINT ( 'NONE',  ( -1.221562239438626074, 4.499999999999999112, 24.28230559511219155 ) ) ;
#3671 = CARTESIAN_POINT ( 'NONE',  ( 2.573024867725361986, 4.500000000000000888, 25.11039986585088002 ) ) ;
#3672 = DIRECTION ( 'NONE',  ( -1.000000000000000000, 0.000000000000000000, 8.462065736472229849E-17 ) ) ;
#3673 = AXIS2_PLACEMENT_3D ( 'NONE', #3188, #3258, #549 ) ;
#3674 = ORIENTED_EDGE ( 'NONE', *, *, #6083, .T. ) ;
#3675 = EDGE_LOOP ( 'NONE', ( #2979, #5887, #2694, #4369 ) ) ;
#3676 = CARTESIAN_POINT ( 'NONE',  ( 0.8491497727962877828, 4.000000000000000888, 22.68245178002526075 ) ) ;
#3677 = CARTESIAN_POINT ( 'NONE',  ( 2.133139030060189789, 4.500000000000000888, 23.85805946265852029 ) ) ;
#3678 = CARTESIAN_POINT ( 'NONE',  ( -2.960590324597346612, 4.500000000000002665, 25.23427131430506165 ) ) ;
#3679 = ORIENTED_EDGE ( 'NONE', *, *, #2396, .F. ) ;
#3680 = CARTESIAN_POINT ( 'NONE',  ( -18.49999999999999645, 4.000000000000000000, 21.50000000000000000 ) ) ;
#3681 = CARTESIAN_POINT ( 'NONE',  ( 2.099309842019033923, 4.000000000000000888, 22.78089819634744373 ) ) ;
#3682 = CYLINDRICAL_SURFACE ( 'NONE', #994, 1.600000000000001643 ) ;
#3683 = CARTESIAN_POINT ( 'NONE',  ( 5.183214923410169206, 4.500000000000000888, 25.59959716518713435 ) ) ;
#3684 = MECHANICAL_DESIGN_GEOMETRIC_PRESENTATION_REPRESENTATION (  '', ( #427 ), #4598 ) ;
#3685 = DIRECTION ( 'NONE',  ( 0.000000000000000000, 0.000000000000000000, -1.000000000000000000 ) ) ;
#3686 = CARTESIAN_POINT ( 'NONE',  ( -1.807617462000884467, 4.000000000000001776, 22.82951443598259544 ) ) ;
#3687 = CARTESIAN_POINT ( 'NONE',  ( 0.000000000000000000, 1.000000000000000000, 0.000000000000000000 ) ) ;
#3688 = ORIENTED_EDGE ( 'NONE', *, *, #1021, .F. ) ;
#3689 = ORIENTED_EDGE ( 'NONE', *, *, #1362, .T. ) ;
#3690 = AXIS2_PLACEMENT_3D ( 'NONE', #6279, #4061, #3011 ) ;
#3691 = EDGE_CURVE ( 'NONE', #226, #235, #4253, .T. ) ;
#3692 = EDGE_CURVE ( 'NONE', #6670, #6102, #5886, .T. ) ;
#3693 = DIRECTION ( 'NONE',  ( -0.000000000000000000, -1.000000000000000000, -0.000000000000000000 ) ) ;
#3694 = DIRECTION ( 'NONE',  ( 1.000000000000000000, 0.000000000000000000, -1.982541115402065356E-16 ) ) ;
#3695 = ORIENTED_EDGE ( 'NONE', *, *, #1995, .T. ) ;
#3696 = CARTESIAN_POINT ( 'NONE',  ( 3.635105466783792316, 3.999999999999999112, 25.32162280697504997 ) ) ;
#3697 = CARTESIAN_POINT ( 'NONE',  ( 1.396595802331339620, 4.500000000000000888, 21.25585527673749198 ) ) ;
#3698 = CARTESIAN_POINT ( 'NONE',  ( 9.238533046693577333, 4.000000000000000000, 24.79261773730352658 ) ) ;
#3699 = VECTOR ( 'NONE', #3672, 1000.000000000000000 ) ;
#3700 = CARTESIAN_POINT ( 'NONE',  ( -3.827059444057271165, 4.499999999999999112, 23.10293854767047961 ) ) ;
#3701 = CARTESIAN_POINT ( 'NONE',  ( 4.340852325048649263, 4.500000000000000888, 24.85059028920128910 ) ) ;
#3702 = CARTESIAN_POINT ( 'NONE',  ( 7.489779386423305318, 4.499999999999999112, 21.33111467115395499 ) ) ;
#3703 = CARTESIAN_POINT ( 'NONE',  ( 2.903228176751811329, 4.000000000000000000, 23.54931416868776139 ) ) ;
#3704 = CARTESIAN_POINT ( 'NONE',  ( 8.283688324064250708, 4.000000000000000000, 21.28480221659679117 ) ) ;
#3705 = VERTEX_POINT ( 'NONE', #6459 ) ;
#3706 = FACE_OUTER_BOUND ( 'NONE', #2493, .T. ) ;
#3707 = CARTESIAN_POINT ( 'NONE',  ( 2.903228176751811329, 4.500000000000000888, 23.54931416868776139 ) ) ;
#3708 = CARTESIAN_POINT ( 'NONE',  ( -8.660254037844389075, 1.000000000000000000, 4.999999999999998224 ) ) ;
#3709 = ORIENTED_EDGE ( 'NONE', *, *, #5567, .F. ) ;
#3710 = ORIENTED_EDGE ( 'NONE', *, *, #2665, .T. ) ;
#3711 = CARTESIAN_POINT ( 'NONE',  ( -2.940945512820506202, 4.500000000000000888, 23.71156107591001216 ) ) ;
#3712 = DIRECTION ( 'NONE',  ( -0.000000000000000000, -1.000000000000000000, -0.000000000000000000 ) ) ;
#3713 = DIRECTION ( 'NONE',  ( 0.000000000000000000, 0.000000000000000000, -1.000000000000000000 ) ) ;
#3714 = VERTEX_POINT ( 'NONE', #2758 ) ;
#3715 = DIRECTION ( 'NONE',  ( 0.000000000000000000, 0.000000000000000000, -1.000000000000000000 ) ) ;
#3716 = CARTESIAN_POINT ( 'NONE',  ( 2.119394926610989049, 4.000000000000000888, 22.93294724487373060 ) ) ;
#3717 = CARTESIAN_POINT ( 'NONE',  ( 2.514454234272899491, 4.000000000000000000, 21.76986819369852100 ) ) ;
#3718 = PLANE ( 'NONE',  #4717 ) ;
#3719 = DIRECTION ( 'NONE',  ( 0.000000000000000000, -1.000000000000000000, 0.000000000000000000 ) ) ;
#3720 = PRESENTATION_LAYER_ASSIGNMENT (  '', '', ( #6800 ) ) ;
#3721 = CARTESIAN_POINT ( 'NONE',  ( -20.49999999999999645, 3.000000000000006217, 29.50000000000000000 ) ) ;
#3722 = CARTESIAN_POINT ( 'NONE',  ( 0.3008882603672361489, 4.499999999999999112, 25.02010822166568005 ) ) ;
#3723 = LINE ( 'NONE', #3652, #6395 ) ;
#3724 = CARTESIAN_POINT ( 'NONE',  ( 1.964820646499129797, 4.000000000000004441, 21.34172374452541732 ) ) ;
#3725 = CARTESIAN_POINT ( 'NONE',  ( 8.586287242873085646, 3.999999999999999112, 22.64483590567937554 ) ) ;
#3726 = ORIENTED_EDGE ( 'NONE', *, *, #630, .F. ) ;
#3727 = DIRECTION ( 'NONE',  ( -0.000000000000000000, -1.000000000000000000, -0.000000000000000000 ) ) ;
#3728 = CARTESIAN_POINT ( 'NONE',  ( -4.488540887684353109, 4.000000000000000000, 21.45411248845567442 ) ) ;
#3729 = EDGE_CURVE ( 'NONE', #2350, #3333, #5990, .T. ) ;
#3730 = FACE_OUTER_BOUND ( 'NONE', #2942, .T. ) ;
#3731 = ADVANCED_FACE ( 'NONE', ( #2721 ), #1596, .F. ) ;
#3732 = EDGE_CURVE ( 'NONE', #6891, #2518, #3814, .T. ) ;
#3733 = CARTESIAN_POINT ( 'NONE',  ( -3.717735042735039741, 4.500000000000000888, 22.56503329813224212 ) ) ;
#3734 = CARTESIAN_POINT ( 'NONE',  ( 6.030949217144281782, 4.499999999999999112, 23.93920038580247578 ) ) ;
#3735 = CARTESIAN_POINT ( 'NONE',  ( -1.983890319464387098, 4.500000000000000888, 22.86234990646688914 ) ) ;
#3736 = CARTESIAN_POINT ( 'NONE',  ( 7.640063872997786554, 4.500000000000002665, 21.28586822037969384 ) ) ;
#3737 = CARTESIAN_POINT ( 'NONE',  ( -8.507550611286077924, 3.999999999999999112, 24.90274502873120710 ) ) ;
#3738 = CARTESIAN_POINT ( 'NONE',  ( 9.143417126597025657, 3.999999999999999112, 21.95916618532767117 ) ) ;
#3739 = VERTEX_POINT ( 'NONE', #2225 ) ;
#3740 = CARTESIAN_POINT ( 'NONE',  ( 2.627997597338169733, 4.000000000000000000, 25.01263307362559374 ) ) ;
#3741 = CARTESIAN_POINT ( 'NONE',  ( -0.8251382611008443169, 4.000000000000001776, 23.22118538994498849 ) ) ;
#3742 = ORIENTED_EDGE ( 'NONE', *, *, #5604, .T. ) ;
#3743 = DIRECTION ( 'NONE',  ( 1.000000000000000000, 0.000000000000000000, 8.462065736472229849E-17 ) ) ;
#3744 = CARTESIAN_POINT ( 'NONE',  ( 8.899434794728170672, 3.999999999999999112, 25.35888116901130829 ) ) ;
#3745 = B_SPLINE_CURVE_WITH_KNOTS ( 'NONE', 3,
 ( #3617, #6906, #3092, #3651, #5254, #4687, #5287, #6869, #415, #5320, #4725, #2028, #6943, #4263, #1569, #3722, #5462, #1744, #4965, #5927, #552, #126, #6541, #2702, #2807, #5390, #4892 ),
 .UNSPECIFIED., .F., .F.,
 ( 4, 1, 1, 1, 1, 1, 1, 1, 1, 1, 1, 1, 1, 1, 1, 1, 1, 1, 1, 1, 1, 1, 1, 1, 4 ),
 ( 0.000000000000000000, 0.03821733796913612952, 0.07486720303994330583, 0.1101580815531042756, 0.1444539266593010407, 0.1780797262741529996, 0.2111707725935978719, 0.2436870542144175533, 0.2758717334447993719, 0.3083755160139863283, 0.3412633249363585253, 0.3751503394709049255, 0.4096552607042125427, 0.4451573674923582913, 0.4820734672046716462, 0.5205757562184279985, 0.5605536808978377472, 0.6031075754382531073, 0.6486887095294882055, 0.6979476778875632892, 0.7507677670183539043, 0.8073094024459648299, 0.8676555707911403070, 0.9318612220995590167, 0.9999999999999998890 ),
 .UNSPECIFIED. ) ;
#3746 = DIRECTION ( 'NONE',  ( -0.000000000000000000, -1.000000000000000000, -0.000000000000000000 ) ) ;
#3747 = EDGE_LOOP ( 'NONE', ( #4455, #1216, #3505, #2788 ) ) ;
#3748 = PLANE ( 'NONE',  #5239 ) ;
#3749 = CARTESIAN_POINT ( 'NONE',  ( 1.802245928222258486, 4.000000000000000000, 22.13730806386319827 ) ) ;
#3750 = CARTESIAN_POINT ( 'NONE',  ( 4.700333349812036765, 4.500000000000002665, 24.94379940440518695 ) ) ;
#3751 = B_SPLINE_CURVE_WITH_KNOTS ( 'NONE', 3,
 ( #6075, #3367, #5539, #5001, #158, #4546, #198, #6758, #4003, #799, #2347 ),
 .UNSPECIFIED., .F., .F.,
 ( 4, 1, 1, 1, 1, 1, 1, 1, 4 ),
 ( 0.000000000000000000, 0.1240354330026173374, 0.2428459548115301792, 0.3603416824496182835, 0.4790424316556542439, 0.5993341100427895807, 0.7254884757708245369, 0.8585494285274613002, 1.000000000000000000 ),
 .UNSPECIFIED. ) ;
#3752 = CARTESIAN_POINT ( 'NONE',  ( -20.49999999999999645, 3.000000000000007105, 20.08578643762690064 ) ) ;
#3753 = CARTESIAN_POINT ( 'NONE',  ( -5.563034188034184702, 4.500000000000000888, 25.59586930240574532 ) ) ;
#3754 = CARTESIAN_POINT ( 'NONE',  ( -4.480118892985714751, 4.000000000000003553, 22.48835086244425341 ) ) ;
#3755 = CARTESIAN_POINT ( 'NONE',  ( -5.161606580539765510, 4.000000000000000000, 22.98955325248301307 ) ) ;
#3756 = ORIENTED_EDGE ( 'NONE', *, *, #4866, .T. ) ;
#3757 = CARTESIAN_POINT ( 'NONE',  ( 2.305714334898755880, 4.000000000000006217, 21.54151785463562874 ) ) ;
#3758 = VERTEX_POINT ( 'NONE', #508 ) ;
#3759 = VECTOR ( 'NONE', #1871, 1000.000000000000000 ) ;
#3760 = CARTESIAN_POINT ( 'NONE',  ( 1.734723475976806897E-15, 4.000000000000000000, 20.49999999999999645 ) ) ;
#3761 = ORIENTED_EDGE ( 'NONE', *, *, #5162, .F. ) ;
#3762 = CARTESIAN_POINT ( 'NONE',  ( 4.710770566239319557, 4.000000000000000000, 23.58774964428608456 ) ) ;
#3763 = CARTESIAN_POINT ( 'NONE',  ( -3.718622689247617963, 4.000000000000001776, 22.47038570732156870 ) ) ;
#3764 = CARTESIAN_POINT ( 'NONE',  ( 9.317574071434668426, 4.000000000000000000, 24.53309908644800075 ) ) ;
#3765 =( NAMED_UNIT ( * ) SI_UNIT ( $, .STERADIAN. ) SOLID_ANGLE_UNIT ( ) );
#3766 = ADVANCED_FACE ( 'NONE', ( #6124 ), #4356, .T. ) ;
#3767 = AXIS2_PLACEMENT_3D ( 'NONE', #5705, #399, #959 ) ;
#3768 = CARTESIAN_POINT ( 'NONE',  ( 5.291666666666670515, 4.000000000000000000, 24.25768821266215625 ) ) ;
#3769 = EDGE_CURVE ( 'NONE', #762, #6502, #6530, .T. ) ;
#3770 = CARTESIAN_POINT ( 'NONE',  ( -1.597033698311979721, 4.000000000000000000, 24.89701004282005670 ) ) ;
#3771 = CARTESIAN_POINT ( 'NONE',  ( -8.442029428734612040, 3.999999999999997335, 24.92718493407655700 ) ) ;
#3772 = DIRECTION ( 'NONE',  ( -0.6789544433215222163, 0.000000000000000000, -0.7341804028261460502 ) ) ;
#3773 = EDGE_LOOP ( 'NONE', ( #3964, #2810, #1692, #5349 ) ) ;
#3774 = CARTESIAN_POINT ( 'NONE',  ( 1.798441510041264735, 4.500000000000000888, 25.67419207169985285 ) ) ;
#3775 = DIRECTION ( 'NONE',  ( -0.000000000000000000, -1.000000000000000000, -0.000000000000000000 ) ) ;
#3776 = AXIS2_PLACEMENT_3D ( 'NONE', #2252, #2820, #4980 ) ;
#3777 = ADVANCED_FACE ( 'NONE', ( #1664 ), #625, .T. ) ;
#3778 = ORIENTED_EDGE ( 'NONE', *, *, #4216, .F. ) ;
#3779 = CARTESIAN_POINT ( 'NONE',  ( -3.283547008547001766, 4.000000000000000000, 24.56467272120915624 ) ) ;
#3780 = EDGE_CURVE ( 'NONE', #4250, #476, #1309, .T. ) ;
#3781 = EDGE_CURVE ( 'NONE', #1028, #1798, #3419, .T. ) ;
#3782 = CARTESIAN_POINT ( 'NONE',  ( 8.828217715257695275, 3.999999999999999112, 25.42492174664016247 ) ) ;
#3783 = CARTESIAN_POINT ( 'NONE',  ( -9.223046296806332478, 3.999999999999999112, 25.36758136476434800 ) ) ;
#3784 = VERTEX_POINT ( 'NONE', #5623 ) ;
#3785 = FACE_OUTER_BOUND ( 'NONE', #6291, .T. ) ;
#3786 = CARTESIAN_POINT ( 'NONE',  ( 7.299786324786328606, 4.500000000000000888, 23.52923602249121515 ) ) ;
#3787 = CARTESIAN_POINT ( 'NONE',  ( 5.281809453598279802, 4.000000000000000888, 24.40125525715174248 ) ) ;
#3788 = VECTOR ( 'NONE', #6465, 1000.000000000000000 ) ;
#3789 = DIRECTION ( 'NONE',  ( -0.000000000000000000, -1.000000000000000000, -0.000000000000000000 ) ) ;
#3790 = CARTESIAN_POINT ( 'NONE',  ( 7.489779386423305318, 3.999999999999999112, 21.33111467115395499 ) ) ;
#3791 = CARTESIAN_POINT ( 'NONE',  ( -1.744384348290591635, 4.500000000000000888, 22.82792058445702210 ) ) ;
#3792 = DIRECTION ( 'NONE',  ( 0.000000000000000000, 0.000000000000000000, -1.000000000000000000 ) ) ;
#3793 = CARTESIAN_POINT ( 'NONE',  ( 5.155066710011700692, 4.500000000000000888, 24.70276902679637132 ) ) ;
#3794 = CARTESIAN_POINT ( 'NONE',  ( 6.763181623034422607, 3.999999999999998224, 24.91738382328289703 ) ) ;
#3795 = VERTEX_POINT ( 'NONE', #1342 ) ;
#3796 = CYLINDRICAL_SURFACE ( 'NONE', #6264, 4.600000000000001421 ) ;
#3797 = CARTESIAN_POINT ( 'NONE',  ( -3.822308236923338765, 4.000000000000001776, 22.04083309267338819 ) ) ;
#3798 = CARTESIAN_POINT ( 'NONE',  ( 8.410280440461072260, 3.999999999999999112, 25.65119496330757798 ) ) ;
#3799 = B_SPLINE_CURVE_WITH_KNOTS ( 'NONE', 3,
 ( #856, #1934, #4172, #2970, #924, #293, #2550, #4738, #4053, #5130, #2441, #4600, #6233, #3003, #6811, #1417, #995, #1124, #35 ),
 .UNSPECIFIED., .F., .F.,
 ( 4, 1, 1, 1, 1, 1, 1, 1, 1, 1, 1, 1, 1, 1, 1, 1, 4 ),
 ( 0.000000000000000000, 0.07289060658065193987, 0.1418833354390787171, 0.2092821354239204901, 0.2746226384553222544, 0.3384391539790458370, 0.4013048615705233080, 0.4650061847340485333, 0.5283200864625128279, 0.5907402649620384638, 0.6509809274188463890, 0.7096903202894503382, 0.7672117550042968359, 0.8241879505444245080, 0.8817668141839337670, 0.9399547263812985110, 1.000000000000000000 ),
 .UNSPECIFIED. ) ;
#3800 = AXIS2_PLACEMENT_3D ( 'NONE', #4754, #943, #1433 ) ;
#3801 = CARTESIAN_POINT ( 'NONE',  ( 6.050321730030599809, 4.500000000000000888, 24.18131992960063670 ) ) ;
#3802 = VECTOR ( 'NONE', #4714, 1000.000000000000000 ) ;
#3803 = CARTESIAN_POINT ( 'NONE',  ( 0.8372444991098162426, 4.500000000000000888, 21.39847536900827762 ) ) ;
#3804 = DIRECTION ( 'NONE',  ( -0.000000000000000000, -1.000000000000000000, -0.000000000000000000 ) ) ;
#3805 = CARTESIAN_POINT ( 'NONE',  ( -8.377066051540662528, 4.500000000000000888, 24.94101930843800474 ) ) ;
#3806 = CARTESIAN_POINT ( 'NONE',  ( 9.416452991452995747, 4.000000000000001776, 23.48089868274762537 ) ) ;
#3807 = ORIENTED_EDGE ( 'NONE', *, *, #5735, .T. ) ;
#3808 = CARTESIAN_POINT ( 'NONE',  ( 2.768944276768670498, 4.500000000000002665, 24.66871562668636031 ) ) ;
#3809 = CARTESIAN_POINT ( 'NONE',  ( -0.4648006541676887315, 4.500000000000000888, 24.08312824301877342 ) ) ;
#3810 = ORIENTED_EDGE ( 'NONE', *, *, #5738, .F. ) ;
#3811 = LINE ( 'NONE', #2860, #1182 ) ;
#3812 = CARTESIAN_POINT ( 'NONE',  ( 0.7912194775850058814, 4.000000000000000000, 23.24309842269121162 ) ) ;
#3813 = CARTESIAN_POINT ( 'NONE',  ( 7.987533386752140530, 3.999999999999999112, 25.70441631095275525 ) ) ;
#3814 = LINE ( 'NONE', #6969, #2984 ) ;
#3815 = ORIENTED_EDGE ( 'NONE', *, *, #3387, .F. ) ;
#3816 = DIRECTION ( 'NONE',  ( -0.000000000000000000, -1.000000000000000000, -0.000000000000000000 ) ) ;
#3817 = CARTESIAN_POINT ( 'NONE',  ( 2.143524205401078575, 4.000000000000000000, 23.41417283252586401 ) ) ;
#3818 = EDGE_CURVE ( 'NONE', #2100, #1447, #4448, .T. ) ;
#3819 = CARTESIAN_POINT ( 'NONE',  ( 4.915786814508530611, 4.000000000000000888, 24.89701004282006025 ) ) ;
#3820 = EDGE_CURVE ( 'NONE', #1623, #3955, #1895, .T. ) ;
#3821 = VECTOR ( 'NONE', #1899, 999.9999999999998863 ) ;
#3822 = DIRECTION ( 'NONE',  ( -0.000000000000000000, -1.000000000000000000, -0.000000000000000000 ) ) ;
#3823 = CARTESIAN_POINT ( 'NONE',  ( 1.278301958519337145, 4.500000000000000888, 22.04471004017557689 ) ) ;
#3824 = CARTESIAN_POINT ( 'NONE',  ( 0.000000000000000000, 4.000000000000000000, -10.00000000000000000 ) ) ;
#3825 = CARTESIAN_POINT ( 'NONE',  ( -1.238131519372779321, 4.500000000000002665, 22.92404526484314076 ) ) ;
#3826 = CARTESIAN_POINT ( 'NONE',  ( -5.267073985042731721, 4.500000000000000888, 22.99074109727754234 ) ) ;
#3827 = CARTESIAN_POINT ( 'NONE',  ( 7.299786324786328606, 4.500000000000000888, 23.52923602249121515 ) ) ;
#3828 = ORIENTED_EDGE ( 'NONE', *, *, #4517, .F. ) ;
#3829 = B_SPLINE_CURVE_WITH_KNOTS ( 'NONE', 3,
 ( #5016, #746, #1835, #181, #5056, #6197, #3981, #6165, #784, #2933, #5092, #254, #2401, #4561, #1869, #1346, #5267, #4199, #6809, #6305, #459, #1931, #5230 ),
 .UNSPECIFIED., .F., .F.,
 ( 4, 1, 1, 1, 1, 1, 1, 1, 1, 1, 1, 1, 1, 1, 1, 1, 1, 1, 1, 1, 4 ),
 ( 0.000000000000000000, 0.05383370089591471563, 0.1055426304091387074, 0.1580541720958377749, 0.2119873357804052394, 0.2402068903290466018, 0.2697935103595445749, 0.3013430987966763119, 0.3346080613711933105, 0.3702844416648597425, 0.4080888380149469974, 0.4486813458099835339, 0.4920692965602029290, 0.5386641566662656588, 0.5903710538753824677, 0.6463877841547206460, 0.7071953757631240789, 0.7729467746818401430, 0.8436426012467380664, 0.9193083570571428664, 1.000000000000000000 ),
 .UNSPECIFIED. ) ;
#3830 = CARTESIAN_POINT ( 'NONE',  ( 6.583346731388667550, 4.000000000000000888, 24.25671652367478970 ) ) ;
#3831 = B_SPLINE_SURFACE_WITH_KNOTS ( 'NONE', 3, 1, ( 
 ( #7026, #3064 ),
 ( #3163, #5365 ),
 ( #2577, #6339 ),
 ( #2035, #2138 ),
 ( #4301, #4196 ),
 ( #523, #5328 ),
 ( #6473, #5225 ),
 ( #490, #388 ),
 ( #6989, #3728 ),
 ( #6371, #2543 ),
 ( #3662, #4697 ),
 ( #5899, #988 ),
 ( #3132, #1998 ),
 ( #4162, #5294 ),
 ( #456, #5971 ),
 ( #4900, #6509 ),
 ( #1612, #2779 ),
 ( #627, #2280 ),
 ( #6586, #1230 ),
 ( #3833, #3797 ),
 ( #2848, #97 ),
 ( #2167, #4871 ),
 ( #3299, #3235 ),
 ( #5470, #5006 ),
 ( #2737, #3763 ),
 ( #2246, #3269 ),
 ( #4413, #28 ) ),
 .UNSPECIFIED., .F., .F., .F.,
 ( 4, 1, 1, 1, 1, 1, 1, 1, 1, 1, 1, 1, 1, 1, 1, 1, 1, 1, 1, 1, 1, 1, 1, 1, 4 ),
 ( 2, 2 ),
 ( 0.000000000000000000, 0.07288902662003805821, 0.1401861299444941145, 0.2022774341249591601, 0.2588951317514622819, 0.3104829424654781955, 0.3570952441313353098, 0.3985135666534657672, 0.4350375108701161064, 0.4692514858292874957, 0.5028050278902747028, 0.5362104463185617398, 0.5693793599392052984, 0.6028014750483934314, 0.6366657983367769447, 0.6709286568940429074, 0.7058030002293130822, 0.7411890612458775784, 0.7763043110764621391, 0.8120043009129354061, 0.8479689758088947427, 0.8845217611964789617, 0.9219741585442051690, 0.9601981758096074238, 1.000000000000000000 ),
 ( 0.000000000000000000, 1.000000000000000000 ),
 .UNSPECIFIED. ) ;
#3832 = CARTESIAN_POINT ( 'NONE',  ( -4.496918135428424002, 4.000000000000000000, 22.42490470610081132 ) ) ;
#3833 = CARTESIAN_POINT ( 'NONE',  ( -3.822308236923338765, 4.500000000000000888, 22.04083309267338819 ) ) ;
#3834 = CARTESIAN_POINT ( 'NONE',  ( -1.610637699276940893, 4.000000000000000000, 22.83098531138935527 ) ) ;
#3835 = CARTESIAN_POINT ( 'NONE',  ( -3.792252768770880689, 4.500000000000000888, 23.02363884456353205 ) ) ;
#3836 = CARTESIAN_POINT ( 'NONE',  ( -7.536717393514101637, 3.999999999999999112, 25.35932655220385001 ) ) ;
#3837 = CARTESIAN_POINT ( 'NONE',  ( -1.321523278739431762, 4.000000000000000000, 24.64919375333169427 ) ) ;
#3838 = CARTESIAN_POINT ( 'NONE',  ( 2.893978863937610946, 4.000000000000000000, 23.87572366836100457 ) ) ;
#3839 = CARTESIAN_POINT ( 'NONE',  ( 9.087542533547619428, 4.000000000000000888, 21.86088100955444347 ) ) ;
#3840 = ORIENTED_EDGE ( 'NONE', *, *, #3691, .F. ) ;
#3841 = CARTESIAN_POINT ( 'NONE',  ( -1.833426816239309698, 4.500000000000000888, 24.94458725112368924 ) ) ;
#3842 = CARTESIAN_POINT ( 'NONE',  ( -0.7394418775869643357, 4.500000000000000888, 23.32244997179786594 ) ) ;
#3843 = ORIENTED_EDGE ( 'NONE', *, *, #3769, .T. ) ;
#3844 = DIRECTION ( 'NONE',  ( 0.000000000000000000, 0.000000000000000000, 1.000000000000000000 ) ) ;
#3845 = FACE_BOUND ( 'NONE', #2145, .T. ) ;
#3846 = LINE ( 'NONE', #6135, #3469 ) ;
#3847 = ORIENTED_EDGE ( 'NONE', *, *, #4216, .T. ) ;
#3848 = CARTESIAN_POINT ( 'NONE',  ( -4.751929956822238843, 4.500000000000000888, 22.93523868856282988 ) ) ;
#3849 = LINE ( 'NONE', #5494, #6866 ) ;
#3850 = CARTESIAN_POINT ( 'NONE',  ( 7.910583798131278321, 4.499999999999999112, 24.94151834665947476 ) ) ;
#3851 = CARTESIAN_POINT ( 'NONE',  ( 5.019709260137008577, 4.500000000000000888, 24.83632663176656052 ) ) ;
#3852 = ORIENTED_EDGE ( 'NONE', *, *, #3434, .F. ) ;
#3853 = EDGE_CURVE ( 'NONE', #3366, #5582, #2928, .T. ) ;
#3854 = CARTESIAN_POINT ( 'NONE',  ( 0.9420374564437470344, 4.500000000000000888, 22.38369588974453350 ) ) ;
#3855 = ADVANCED_FACE ( 'NONE', ( #3488 ), #4349, .T. ) ;
#3856 = CARTESIAN_POINT ( 'NONE',  ( 1.438072367256990836, 4.499999999999999112, 22.01539392901172221 ) ) ;
#3857 = ADVANCED_FACE ( 'NONE', ( #4046 ), #2765, .T. ) ;
#3858 = CARTESIAN_POINT ( 'NONE',  ( 1.959434878635765477E-16, 1.000000000000000888, -8.400000000000000355 ) ) ;
#3859 = CARTESIAN_POINT ( 'NONE',  ( -0.5107385363624101782, 4.500000000000002665, 23.80216629655949845 ) ) ;
#3860 = CARTESIAN_POINT ( 'NONE',  ( -0.5155982905982841036, 4.500000000000000888, 22.06809152462796320 ) ) ;
#3861 = LINE ( 'NONE', #6542, #6503 ) ;
#3862 = APPLICATION_PROTOCOL_DEFINITION ( 'draft international standard', 'automotive_design', 1998, #3198 ) ;
#3863 = LINE ( 'NONE', #2101, #1335 ) ;
#3864 = VERTEX_POINT ( 'NONE', #1830 ) ;
#3865 = CARTESIAN_POINT ( 'NONE',  ( 1.471320779914531363, 4.500000000000000888, 22.01381802035446356 ) ) ;
#3866 = CARTESIAN_POINT ( 'NONE',  ( 8.448010149572652949, 4.000000000000000000, 24.65371518915788229 ) ) ;
#3867 = CARTESIAN_POINT ( 'NONE',  ( -0.9184039202661343770, 3.999999999999999112, 23.12896089656210918 ) ) ;
#3868 = DIRECTION ( 'NONE',  ( 1.000000000000000000, 0.000000000000000000, -0.000000000000000000 ) ) ;
#3869 = AXIS2_PLACEMENT_3D ( 'NONE', #2954, #4585, #309 ) ;
#3870 = ORIENTED_EDGE ( 'NONE', *, *, #4033, .F. ) ;
#3871 = CARTESIAN_POINT ( 'NONE',  ( 8.122573226494388621, 4.000000000000000888, 24.92835552584217496 ) ) ;
#3872 = CARTESIAN_POINT ( 'NONE',  ( 0.7892269100753469546, 4.000000000000002665, 23.71728889920657579 ) ) ;
#3873 = CARTESIAN_POINT ( 'NONE',  ( 4.679393696581199968, 4.000000000000000000, 24.94458725112369279 ) ) ;
#3874 = CARTESIAN_POINT ( 'NONE',  ( 5.892391671478820925, 4.000000000000000000, 24.93270762785291339 ) ) ;
#3875 = VERTEX_POINT ( 'NONE', #4841 ) ;
#3876 = CARTESIAN_POINT ( 'NONE',  ( 0.2189767175708113023, 4.000000000000000000, 22.13656570366598331 ) ) ;
#3877 = CARTESIAN_POINT ( 'NONE',  ( -0.5107385363624101782, 4.500000000000002665, 23.80216629655949845 ) ) ;
#3878 = AXIS2_PLACEMENT_3D ( 'NONE', #3922, #3427, #295 ) ;
#3879 = CARTESIAN_POINT ( 'NONE',  ( 4.592864006382390230, 4.000000000000000000, 25.70331013642944029 ) ) ;
#3880 = CARTESIAN_POINT ( 'NONE',  ( -7.409026432474091983, 4.000000000000005329, 25.13474016585519877 ) ) ;
#3881 = CARTESIAN_POINT ( 'NONE',  ( 8.577547546450480453, 4.500000000000000888, 24.32096178734915526 ) ) ;
#3882 = ORIENTED_EDGE ( 'NONE', *, *, #6468, .T. ) ;
#3883 = VECTOR ( 'NONE', #349, 1000.000000000000000 ) ;
#3884 = CARTESIAN_POINT ( 'NONE',  ( -5.563034188034184702, 4.500000000000000888, 23.75057015710660124 ) ) ;
#3885 = CARTESIAN_POINT ( 'NONE',  ( 1.964820646499129797, 4.500000000000000888, 21.34172374452541732 ) ) ;
#3886 = CARTESIAN_POINT ( 'NONE',  ( 7.839179992852208123, 4.500000000000000888, 24.92680676981121479 ) ) ;
#3887 = CARTESIAN_POINT ( 'NONE',  ( 1.495135400652591429, 4.000000000000001776, 24.94388321381370588 ) ) ;
#3888 = ORIENTED_EDGE ( 'NONE', *, *, #4606, .T. ) ;
#3889 = B_SPLINE_SURFACE_WITH_KNOTS ( 'NONE', 3, 1, ( 
 ( #4048, #1571 ),
 ( #390, #4835 ),
 ( #6878, #2471 ),
 ( #851, #5766 ),
 ( #884, #5731 ),
 ( #3555, #3590 ),
 ( #6341, #3724 ),
 ( #2996, #5896 ),
 ( #3033, #2545 ),
 ( #6773, #3066 ),
 ( #4124, #3757 ),
 ( #6806, #7021 ),
 ( #319, #2130 ),
 ( #5195, #4294 ),
 ( #1376, #6227 ),
 ( #2504, #2435 ),
 ( #2673, #355 ),
 ( #6262, #1963 ),
 ( #1046, #815 ),
 ( #6302, #6469 ),
 ( #4628, #5159 ),
 ( #4662, #1928 ),
 ( #2002, #3521 ),
 ( #2964, #1607 ),
 ( #4083, #1897 ),
 ( #3193, #5123 ),
 ( #6843, #919 ) ),
 .UNSPECIFIED., .F., .F., .F.,
 ( 4, 1, 1, 1, 1, 1, 1, 1, 1, 1, 1, 1, 1, 1, 1, 1, 1, 1, 1, 1, 1, 1, 1, 1, 4 ),
 ( 2, 2 ),
 ( 0.000000000000000000, 0.03663489025512737390, 0.07203398234778962683, 0.1066259706074962621, 0.1403056939382974766, 0.1736194704926826426, 0.2064256725696813621, 0.2390670061327427598, 0.2718828805625945755, 0.3048398888131208517, 0.3385290337045872011, 0.3726161878593848842, 0.4075482500265396046, 0.4437189059571692296, 0.4813115090919062311, 0.5201129981462018215, 0.5609129028334484124, 0.6040246006136047452, 0.6500745638656778569, 0.6995722277770578534, 0.7523625390892976217, 0.8087887173463874646, 0.8689542125204779976, 0.9326747199379391562, 1.000000000000000000 ),
 ( 0.000000000000000000, 1.000000000000000000 ),
 .UNSPECIFIED. ) ;
#3890 = ORIENTED_EDGE ( 'NONE', *, *, #2528, .T. ) ;
#3891 = CARTESIAN_POINT ( 'NONE',  ( 1.035009534219407445, 4.000000000000001776, 22.22297937712745863 ) ) ;
#3892 = LINE ( 'NONE', #3437, #1666 ) ;
#3893 = CARTESIAN_POINT ( 'NONE',  ( 3.229273504273508344, 4.500000000000000888, 24.56467272120915979 ) ) ;
#3894 = VERTEX_POINT ( 'NONE', #4731 ) ;
#3895 = CARTESIAN_POINT ( 'NONE',  ( -4.659448159459882888, 4.000000000000003553, 22.22380949188115196 ) ) ;
#3896 = DIRECTION ( 'NONE',  ( -0.000000000000000000, -1.000000000000000000, 0.000000000000000000 ) ) ;
#3897 = CARTESIAN_POINT ( 'NONE',  ( -3.283547008547001766, 4.500000000000000888, 24.56467272120915624 ) ) ;
#3898 = DIRECTION ( 'NONE',  ( -0.000000000000000000, -1.000000000000000000, 0.000000000000000000 ) ) ;
#3899 = CARTESIAN_POINT ( 'NONE',  ( -4.477564102564099535, 4.000000000000000000, 22.55485701608095894 ) ) ;
#3900 = CARTESIAN_POINT ( 'NONE',  ( -8.059615384615382183, 4.500000000000000888, 24.34927475112370132 ) ) ;
#3901 = CARTESIAN_POINT ( 'NONE',  ( -5.267073985042731721, 4.500000000000000888, 22.99074109727754234 ) ) ;
#3902 = ADVANCED_FACE ( 'NONE', ( #3588 ), #567, .T. ) ;
#3903 = CARTESIAN_POINT ( 'NONE',  ( -2.415170940170933811, 4.000000000000000000, 24.56467272120915624 ) ) ;
#3904 = EDGE_CURVE ( 'NONE', #2943, #2057, #2104, .T. ) ;
#3905 = B_SPLINE_CURVE_WITH_KNOTS ( 'NONE', 3,
 ( #3522, #5699, #852, #2998, #5160, #2242, #3664, #2072, #1052, #5901, #5266, #1581, #1479, #2645, #2276, #2611, #458, #5298, #3332, #659, #5841, #4805, #2809, #6991, #6412, #4237, #3733 ),
 .UNSPECIFIED., .F., .F.,
 ( 4, 1, 1, 1, 1, 1, 1, 1, 1, 1, 1, 1, 1, 1, 1, 1, 1, 1, 1, 1, 1, 1, 1, 1, 4 ),
 ( 0.000000000000000000, 0.07288902662003805821, 0.1401861299444941145, 0.2022774341249591601, 0.2588951317514622819, 0.3104829424654781955, 0.3570952441313353098, 0.3985135666534657672, 0.4350375108701161064, 0.4692514858292874957, 0.5028050278902747028, 0.5362104463185617398, 0.5693793599392052984, 0.6028014750483934314, 0.6366657983367769447, 0.6709286568940429074, 0.7058030002293130822, 0.7411890612458775784, 0.7763043110764621391, 0.8120043009129354061, 0.8479689758088947427, 0.8845217611964789617, 0.9219741585442051690, 0.9601981758096074238, 1.000000000000000000 ),
 .UNSPECIFIED. ) ;
#3906 = ORIENTED_EDGE ( 'NONE', *, *, #5344, .T. ) ;
#3907 = CARTESIAN_POINT ( 'NONE',  ( -7.356838662160980036, 4.000000000000000000, 24.95012657293889902 ) ) ;
#3908 = VECTOR ( 'NONE', #3052, 1000.000000000000000 ) ;
#3909 = CARTESIAN_POINT ( 'NONE',  ( -1.221562239438626074, 3.999999999999998224, 24.28230559511219155 ) ) ;
#3910 = CIRCLE ( 'NONE', #1992, 1.600000000000000755 ) ;
#3911 = DIRECTION ( 'NONE',  ( -1.000000000000000000, 0.000000000000000000, 0.000000000000000000 ) ) ;
#3912 = CARTESIAN_POINT ( 'NONE',  ( 4.636144497863251779, 4.000000000000000000, 25.70441631095275170 ) ) ;
#3913 = ORIENTED_EDGE ( 'NONE', *, *, #1409, .F. ) ;
#3914 = CARTESIAN_POINT ( 'NONE',  ( -1.863469938611343579, 4.500000000000000888, 24.94344628544025610 ) ) ;
#3915 = CARTESIAN_POINT ( 'NONE',  ( 2.903228176751811329, 4.500000000000000888, 23.54931416868776139 ) ) ;
#3916 = AXIS2_PLACEMENT_3D ( 'NONE', #5806, #4305, #3137 ) ;
#3917 = CARTESIAN_POINT ( 'NONE',  ( -4.818969058932524696, 4.000000000000000000, 21.39160202885770801 ) ) ;
#3918 = VECTOR ( 'NONE', #1768, 1000.000000000000000 ) ;
#3919 = CARTESIAN_POINT ( 'NONE',  ( -7.305975594039679777, 4.000000000000005329, 24.47908906616329361 ) ) ;
#3920 = DIRECTION ( 'NONE',  ( -0.000000000000000000, -1.000000000000000000, -0.000000000000000000 ) ) ;
#3921 = VERTEX_POINT ( 'NONE', #5872 ) ;
#3922 = CARTESIAN_POINT ( 'NONE',  ( -2.443155715811959006, 4.500000000000000888, 21.36253596907240748 ) ) ;
#3923 = CARTESIAN_POINT ( 'NONE',  ( 8.962811797047061546, 3.999999999999998224, 21.68611330603197374 ) ) ;
#3924 = CARTESIAN_POINT ( 'NONE',  ( 7.984141292735046136, 4.000000000000000888, 24.94458725112369635 ) ) ;
#3925 = CARTESIAN_POINT ( 'NONE',  ( 1.541761466862934915, 4.500000000000002665, 24.94250479630325756 ) ) ;
#3926 = VERTEX_POINT ( 'NONE', #3622 ) ;
#3927 = CARTESIAN_POINT ( 'NONE',  ( 0.9141490123881197416, 4.000000000000000000, 22.44835367751238664 ) ) ;
#3928 = CARTESIAN_POINT ( 'NONE',  ( 0.7877408044763025696, 4.499999999999999112, 23.59369124025282716 ) ) ;
#3929 = CARTESIAN_POINT ( 'NONE',  ( 8.516884685961862544, 4.500000000000000888, 22.42046165344466502 ) ) ;
#3930 = EDGE_LOOP ( 'NONE', ( #5677, #3688, #2600, #6334 ) ) ;
#3931 = CARTESIAN_POINT ( 'NONE',  ( -4.776793683597247764, 4.500000000000000888, 22.16931486182186006 ) ) ;
#3932 = DIRECTION ( 'NONE',  ( 0.000000000000000000, 0.000000000000000000, 1.000000000000000000 ) ) ;
#3933 = CARTESIAN_POINT ( 'NONE',  ( -3.272846775811732112, 4.000000000000000000, 24.60780696455064387 ) ) ;
#3934 = AXIS2_PLACEMENT_3D ( 'NONE', #142, #1800, #218 ) ;
#3935 = VERTEX_POINT ( 'NONE', #6952 ) ;
#3936 = CARTESIAN_POINT ( 'NONE',  ( -1.478720385827780426, 4.499999999999999112, 23.69312498802048950 ) ) ;
#3937 = EDGE_CURVE ( 'NONE', #6492, #1094, #424, .T. ) ;
#3938 = DIRECTION ( 'NONE',  ( -0.9746736483397872020, 0.000000000000000000, -0.2236320174572702379 ) ) ;
#3939 = CARTESIAN_POINT ( 'NONE',  ( -4.472574547463158190, 4.500000000000000888, 23.65208032035053165 ) ) ;
#3940 = DIRECTION ( 'NONE',  ( 0.000000000000000000, 0.000000000000000000, -1.000000000000000000 ) ) ;
#3941 = DIRECTION ( 'NONE',  ( 0.000000000000000000, 1.000000000000000000, 0.000000000000000000 ) ) ;
#3942 = CARTESIAN_POINT ( 'NONE',  ( 8.433467987779701858, 4.000000000000000888, 24.67663151021648460 ) ) ;
#3943 = ADVANCED_FACE ( 'NONE', ( #1019 ), #3831, .T. ) ;
#3944 = DIRECTION ( 'NONE',  ( 1.000000000000000000, 0.000000000000000000, -0.000000000000000000 ) ) ;
#3945 = CARTESIAN_POINT ( 'NONE',  ( 5.034100126992726132, 4.000000000000002665, 23.69312498802048950 ) ) ;
#3946 = EDGE_CURVE ( 'NONE', #1428, #2658, #5701, .T. ) ;
#3947 = CARTESIAN_POINT ( 'NONE',  ( 4.144372690231684864, 4.000000000000000000, 24.65265133203053338 ) ) ;
#3948 = CARTESIAN_POINT ( 'NONE',  ( 6.047230114886738228, 4.000000000000000000, 24.38199101118976131 ) ) ;
#3949 = VERTEX_POINT ( 'NONE', #5432 ) ;
#3950 = CARTESIAN_POINT ( 'NONE',  ( 1.474712873931625090, 4.500000000000000888, 25.70441631095275170 ) ) ;
#3951 = B_SPLINE_SURFACE_WITH_KNOTS ( 'NONE', 3, 1, ( 
 ( #3786, #5957 ),
 ( #5417, #2724 ),
 ( #4359, #1104 ),
 ( #3255, #576 ),
 ( #6533, #5599 ),
 ( #4958, #2940 ),
 ( #791, #2867 ),
 ( #3464, #5098 ),
 ( #3359, #6105 ),
 ( #2799, #6139 ),
 ( #2229, #647 ),
 ( #3321, #5635 ),
 ( #4395, #6567 ),
 ( #5026, #118 ),
 ( #6067, #1699 ),
 ( #3886, #3397 ),
 ( #3850, #1251 ),
 ( #6029, #718 ),
 ( #4539, #3924 ) ),
 .UNSPECIFIED., .F., .F., .F.,
 ( 4, 1, 1, 1, 1, 1, 1, 1, 1, 1, 1, 1, 1, 1, 1, 1, 4 ),
 ( 2, 2 ),
 ( 0.000000000000000000, 0.1107342804863387514, 0.2123411929916478591, 0.3055021255634836064, 0.3898348410859880375, 0.4666904579461289559, 0.5352618542933007539, 0.5967629138889612994, 0.6510657189836196457, 0.7010355511102172033, 0.7478602709077571964, 0.7918333971357292000, 0.8342840069087873456, 0.8753338897746164582, 0.9160347492783126322, 0.9576522807232373813, 1.000000000000000000 ),
 ( 0.000000000000000000, 1.000000000000000000 ),
 .UNSPECIFIED. ) ;
#3952 = DIRECTION ( 'NONE',  ( 0.000000000000000000, -1.000000000000000000, 0.000000000000000000 ) ) ;
#3953 = CARTESIAN_POINT ( 'NONE',  ( -5.563034188034184702, 4.500000000000000888, 22.99074109727754234 ) ) ;
#3954 = CARTESIAN_POINT ( 'NONE',  ( -1.823594690685578001, 4.000000000000000888, 23.58856714766718099 ) ) ;
#3955 = VERTEX_POINT ( 'NONE', #3866 ) ;
#3956 = CARTESIAN_POINT ( 'NONE',  ( -4.372409188034183991, 4.500000000000000888, 25.59586930240574532 ) ) ;
#3957 = CARTESIAN_POINT ( 'NONE',  ( 9.087542533547619428, 4.000000000000000000, 21.86088100955444347 ) ) ;
#3958 = CARTESIAN_POINT ( 'NONE',  ( 8.208020643077487577, 4.500000000000000888, 25.69243952143810716 ) ) ;
#3959 = CARTESIAN_POINT ( 'NONE',  ( -0.5155982905982841036, 4.000000000000000000, 21.36253596907240748 ) ) ;
#3960 = ORIENTED_EDGE ( 'NONE', *, *, #978, .F. ) ;
#3961 = CARTESIAN_POINT ( 'NONE',  ( 1.471320779914531363, 4.000000000000000000, 22.01381802035446356 ) ) ;
#3962 = CARTESIAN_POINT ( 'NONE',  ( -8.314022435897433283, 4.000000000000000000, 25.70441631095276236 ) ) ;
#3963 = CARTESIAN_POINT ( 'NONE',  ( 8.516884685961862544, 4.000000000000005329, 22.42046165344466502 ) ) ;
#3964 = ORIENTED_EDGE ( 'NONE', *, *, #3294, .F. ) ;
#3965 = CARTESIAN_POINT ( 'NONE',  ( -8.944614340585321344, 4.500000000000000888, 25.55642439221706042 ) ) ;
#3966 = CARTESIAN_POINT ( 'NONE',  ( 8.656623931623935064, 4.500000000000000888, 23.48089868274762537 ) ) ;
#3967 = CARTESIAN_POINT ( 'NONE',  ( -2.689594128062942513, 4.000000000000000000, 25.47225833935340944 ) ) ;
#3968 = VECTOR ( 'NONE', #5484, 1000.000000000000000 ) ;
#3969 = CARTESIAN_POINT ( 'NONE',  ( -1.243836427076489892, 4.500000000000000888, 24.05289772092728739 ) ) ;
#3970 = CARTESIAN_POINT ( 'NONE',  ( 6.887646901709405967, 4.000000000000002665, 21.82979691992711579 ) ) ;
#3971 = CARTESIAN_POINT ( 'NONE',  ( -4.087778630059877294, 4.500000000000000888, 23.43764933128071704 ) ) ;
#3972 = CARTESIAN_POINT ( 'NONE',  ( 0.4719638505745318846, 4.000000000000000000, 21.69447423842444067 ) ) ;
#3973 = CARTESIAN_POINT ( 'NONE',  ( 4.211284722222226051, 4.500000000000000888, 23.85826914214933225 ) ) ;
#3974 = CARTESIAN_POINT ( 'NONE',  ( -2.368320918877720782, 4.000000000000003553, 25.62970012817014265 ) ) ;
#3975 = CARTESIAN_POINT ( 'NONE',  ( 1.471320779914531585, 4.000000000000002665, 24.94458725112369635 ) ) ;
#3976 = CARTESIAN_POINT ( 'NONE',  ( 0.04698678785085250165, 4.500000000000000888, 22.98403156852398510 ) ) ;
#3977 = CARTESIAN_POINT ( 'NONE',  ( 8.304017285744960120, 3.999999999999999112, 24.83143169536590378 ) ) ;
#3978 = CARTESIAN_POINT ( 'NONE',  ( -1.828278461416970258, 4.000000000000000000, 25.70306412226662118 ) ) ;
#3979 = EDGE_LOOP ( 'NONE', ( #6966, #2046, #4079, #2249 ) ) ;
#3980 = CARTESIAN_POINT ( 'NONE',  ( 4.419842672959629404, 4.000000000000000888, 24.89183467825880314 ) ) ;
#3981 = CARTESIAN_POINT ( 'NONE',  ( 7.583310454953315904, 4.500000000000000888, 22.18069183943786271 ) ) ;
#3982 = EDGE_CURVE ( 'NONE', #2057, #6444, #6047, .T. ) ;
#3983 = AXIS2_PLACEMENT_3D ( 'NONE', #1172, #46, #3715 ) ;
#3984 = CARTESIAN_POINT ( 'NONE',  ( -8.006195546983262190, 4.000000000000005329, 25.66871720740712348 ) ) ;
#3985 = AXIS2_PLACEMENT_3D ( 'NONE', #5703, #6885, #2511 ) ;
#3986 = CYLINDRICAL_SURFACE ( 'NONE', #1218, 1.000000000000000888 ) ;
#3987 = EDGE_LOOP ( 'NONE', ( #1178, #6018, #4508, #4397 ) ) ;
#3988 = CARTESIAN_POINT ( 'NONE',  ( -1.221627833771758098, 4.500000000000000888, 24.23364225553467222 ) ) ;
#3989 = CARTESIAN_POINT ( 'NONE',  ( 8.382776377830740699, 4.499999999999999112, 21.30930077504977760 ) ) ;
#3990 = CARTESIAN_POINT ( 'NONE',  ( 7.875397624444611999, 4.500000000000000888, 25.70248283079440554 ) ) ;
#3991 = DIRECTION ( 'NONE',  ( 0.000000000000000000, 1.000000000000000000, 0.000000000000000000 ) ) ;
#3992 = VECTOR ( 'NONE', #1521, 1000.000000000000000 ) ;
#3993 = EDGE_CURVE ( 'NONE', #5568, #5932, #4335, .T. ) ;
#3994 = ORIENTED_EDGE ( 'NONE', *, *, #721, .T. ) ;
#3995 = EDGE_CURVE ( 'NONE', #5148, #2585, #5585, .T. ) ;
#3996 = EDGE_CURVE ( 'NONE', #1539, #5463, #2205, .T. ) ;
#3997 = ORIENTED_EDGE ( 'NONE', *, *, #900, .T. ) ;
#3998 = CARTESIAN_POINT ( 'NONE',  ( -18.49999999999999645, 1.000000000000000000, 27.50000000000000355 ) ) ;
#3999 = CARTESIAN_POINT ( 'NONE',  ( 1.133702843232194724, 4.500000000000000888, 24.82576275824146350 ) ) ;
#4000 = AXIS2_PLACEMENT_3D ( 'NONE', #1231, #2354, #3940 ) ;
#4001 = CARTESIAN_POINT ( 'NONE',  ( 8.472353883941110553, 4.000000000000005329, 22.33201707265316571 ) ) ;
#4002 = EDGE_LOOP ( 'NONE', ( #1631, #964, #593, #1017 ) ) ;
#4003 = CARTESIAN_POINT ( 'NONE',  ( 8.405246178862194384, 4.500000000000000888, 24.72110495530781549 ) ) ;
#4004 = LINE ( 'NONE', #2980, #2869 ) ;
#4005 = CARTESIAN_POINT ( 'NONE',  ( 6.559807300671367081, 4.500000000000000888, 22.98403156852398510 ) ) ;
#4006 = AXIS2_PLACEMENT_3D ( 'NONE', #6350, #1485, #5880 ) ;
#4007 = CARTESIAN_POINT ( 'NONE',  ( -1.230182628496664154, 4.499999999999999112, 24.11810818465131234 ) ) ;
#4008 = CARTESIAN_POINT ( 'NONE',  ( 2.143803418803420069, 4.000000000000000000, 23.48089868274762182 ) ) ;
#4009 = CARTESIAN_POINT ( 'NONE',  ( -4.023745171716401003, 4.000000000000000000, 23.37846281204788923 ) ) ;
#4010 = DIRECTION ( 'NONE',  ( 0.000000000000000000, -0.000000000000000000, -1.000000000000000000 ) ) ;
#4011 = AXIS2_PLACEMENT_3D ( 'NONE', #1146, #3289, #516 ) ;
#4012 = CARTESIAN_POINT ( 'NONE',  ( -8.125131211544763588, 4.500000000000000888, 24.84249922909548047 ) ) ;
#4013 = CARTESIAN_POINT ( 'NONE',  ( -8.660254037844389075, 4.000000000000000000, 4.999999999999998224 ) ) ;
#4014 = DIRECTION ( 'NONE',  ( -0.000000000000000000, -1.000000000000000000, -0.000000000000000000 ) ) ;
#4015 = DIRECTION ( 'NONE',  ( 0.000000000000000000, -1.000000000000000000, 0.000000000000000000 ) ) ;
#4016 = FACE_BOUND ( 'NONE', #5245, .T. ) ;
#4017 = ORIENTED_EDGE ( 'NONE', *, *, #2088, .F. ) ;
#4018 = DIRECTION ( 'NONE',  ( -1.000000000000000000, 0.000000000000000000, 0.000000000000000000 ) ) ;
#4019 = LINE ( 'NONE', #6708, #6678 ) ;
#4020 = CARTESIAN_POINT ( 'NONE',  ( 7.300257193343811402, 4.000000000000000000, 23.47948471978611096 ) ) ;
#4021 = CARTESIAN_POINT ( 'NONE',  ( 3.229273504273508344, 4.000000000000000000, 24.56467272120915979 ) ) ;
#4022 = ADVANCED_FACE ( 'NONE', ( #698 ), #6010, .F. ) ;
#4023 = ORIENTED_EDGE ( 'NONE', *, *, #5647, .F. ) ;
#4024 = DIRECTION ( 'NONE',  ( 1.000000000000000000, 0.000000000000000000, 0.000000000000000000 ) ) ;
#4025 = CARTESIAN_POINT ( 'NONE',  ( -4.478019964409400089, 4.000000000000000000, 22.57382084290766855 ) ) ;
#4026 = PLANE ( 'NONE',  #2508 ) ;
#4027 = CARTESIAN_POINT ( 'NONE',  ( 4.573370474130181940, 4.500000000000000888, 22.84997272723475348 ) ) ;
#4028 = AXIS2_PLACEMENT_3D ( 'NONE', #1325, #5535, #3468 ) ;
#4029 = ORIENTED_EDGE ( 'NONE', *, *, #5210, .T. ) ;
#4030 = CARTESIAN_POINT ( 'NONE',  ( 1.495135400652591429, 4.500000000000000888, 24.94388321381370588 ) ) ;
#4031 = CARTESIAN_POINT ( 'NONE',  ( 1.397763285310763548, 4.499999999999999112, 24.94151834665948186 ) ) ;
#4032 = CARTESIAN_POINT ( 'NONE',  ( 4.097649572649576299, 4.500000000000000888, 24.56467272120915979 ) ) ;
#4033 = EDGE_CURVE ( 'NONE', #6389, #4473, #1752, .T. ) ;
#4034 = ORIENTED_EDGE ( 'NONE', *, *, #3853, .F. ) ;
#4035 = CARTESIAN_POINT ( 'NONE',  ( -4.478894937752077254, 4.500000000000000888, 22.61021968417840355 ) ) ;
#4036 = ADVANCED_FACE ( 'NONE', ( #4482 ), #4974, .T. ) ;
#4037 = PLANE ( 'NONE',  #3347 ) ;
#4038 = ORIENTED_EDGE ( 'NONE', *, *, #32, .T. ) ;
#4039 = CARTESIAN_POINT ( 'NONE',  ( -1.527441842803413552, 4.499999999999999112, 23.66114910138864502 ) ) ;
#4040 = CARTESIAN_POINT ( 'NONE',  ( -8.575671988675468427, 4.000000000000000000, 24.86881617764603547 ) ) ;
#4041 = CARTESIAN_POINT ( 'NONE',  ( -3.912997219341781463, 4.500000000000000888, 23.24925229474108690 ) ) ;
#4042 = CARTESIAN_POINT ( 'NONE',  ( -7.299786324786322389, 4.000000000000000000, 21.36253596907242169 ) ) ;
#4043 = CARTESIAN_POINT ( 'NONE',  ( 4.507505819704952899, 4.499999999999999112, 25.70112852877602450 ) ) ;
#4044 = CARTESIAN_POINT ( 'NONE',  ( -8.074011866089739087, 4.499999999999999112, 24.65563616091117538 ) ) ;
#4045 = CARTESIAN_POINT ( 'NONE',  ( -8.809329155408457623, 4.499999999999999112, 24.67088925034040514 ) ) ;
#4046 = FACE_OUTER_BOUND ( 'NONE', #6401, .T. ) ;
#4047 = CARTESIAN_POINT ( 'NONE',  ( 1.362577111624095227, 4.500000000000000888, 25.70248283079439844 ) ) ;
#4048 = CARTESIAN_POINT ( 'NONE',  ( 1.452664262820513974, 4.500000000000000888, 21.25398896052540465 ) ) ;
#4049 = LINE ( 'NONE', #5229, #4398 ) ;
#4050 = CARTESIAN_POINT ( 'NONE',  ( -9.087653346913318941, 4.500000000000000888, 25.47213462129150230 ) ) ;
#4051 = CARTESIAN_POINT ( 'NONE',  ( 8.656344718221593126, 4.500000000000000888, 23.41417283252587467 ) ) ;
#4052 = AXIS2_PLACEMENT_3D ( 'NONE', #6266, #2507, #358 ) ;
#4053 = CARTESIAN_POINT ( 'NONE',  ( -1.349873259352533550, 4.000000000000000000, 23.82373472412801263 ) ) ;
#4054 = CARTESIAN_POINT ( 'NONE',  ( -9.470726495726493610, 4.500000000000000888, 25.10486369343139401 ) ) ;
#4055 = DIRECTION ( 'NONE',  ( -0.000000000000000000, -1.000000000000000000, -0.000000000000000000 ) ) ;
#4056 = CARTESIAN_POINT ( 'NONE',  ( -1.744384348290591635, 4.000000000000000000, 22.82792058445702210 ) ) ;
#4057 = CARTESIAN_POINT ( 'NONE',  ( 6.549645558919965360, 4.500000000000000888, 23.91049027396239168 ) ) ;
#4058 = CARTESIAN_POINT ( 'NONE',  ( -0.7754743787082943873, 4.500000000000000888, 25.17151586295906185 ) ) ;
#4059 = EDGE_LOOP ( 'NONE', ( #2878, #227 ) ) ;
#4060 = CARTESIAN_POINT ( 'NONE',  ( 1.609752713673869184, 4.499999999999997335, 24.92835552584215719 ) ) ;
#4061 = DIRECTION ( 'NONE',  ( 0.000000000000000000, -0.000000000000000000, 1.000000000000000000 ) ) ;
#4062 = CARTESIAN_POINT ( 'NONE',  ( -1.833426816239309698, 4.500000000000000888, 24.94458725112368924 ) ) ;
#4063 = ORIENTED_EDGE ( 'NONE', *, *, #4565, .F. ) ;
#4064 = CARTESIAN_POINT ( 'NONE',  ( 7.662685454848221944, 4.500000000000002665, 25.67411815091727334 ) ) ;
#4065 = DIRECTION ( 'NONE',  ( -1.000000000000000000, 0.000000000000000000, 0.000000000000000000 ) ) ;
#4066 = CARTESIAN_POINT ( 'NONE',  ( -1.919956506438118771, 3.999999999999999112, 25.70331013642943674 ) ) ;
#4067 = EDGE_CURVE ( 'NONE', #2350, #105, #6621, .T. ) ;
#4068 = ADVANCED_FACE ( 'NONE', ( #6082 ), #5029, .T. ) ;
#4069 = ORIENTED_EDGE ( 'NONE', *, *, #1658, .T. ) ;
#4070 = ADVANCED_FACE ( 'NONE', ( #4515 ), #5113, .T. ) ;
#4071 = CARTESIAN_POINT ( 'NONE',  ( -1.828278461416970258, 4.500000000000000888, 25.70306412226662118 ) ) ;
#4072 = DIRECTION ( 'NONE',  ( 0.7071067811865451302, 0.7071067811865500152, 0.000000000000000000 ) ) ;
#4073 = CARTESIAN_POINT ( 'NONE',  ( -3.743303526166836814, 4.500000000000000888, 22.85191611093573982 ) ) ;
#4074 = CARTESIAN_POINT ( 'NONE',  ( 2.064727033629965458, 4.000000000000000888, 24.32096178734914815 ) ) ;
#4075 = ORIENTED_EDGE ( 'NONE', *, *, #329, .F. ) ;
#4076 = EDGE_CURVE ( 'NONE', #5256, #4421, #467, .T. ) ;
#4077 = CARTESIAN_POINT ( 'NONE',  ( 7.454857969264261364, 3.999999999999999112, 22.38369588974454061 ) ) ;
#4078 = CARTESIAN_POINT ( 'NONE',  ( -1.876676014957258110, 4.500000000000000888, 25.70441631095274815 ) ) ;
#4079 = ORIENTED_EDGE ( 'NONE', *, *, #1712, .T. ) ;
#4080 = LINE ( 'NONE', #846, #604 ) ;
#4081 = CARTESIAN_POINT ( 'NONE',  ( 0.02786168971211661072, 4.000000000000000000, 23.42687525227378842 ) ) ;
#4082 = CARTESIAN_POINT ( 'NONE',  ( 1.436816179226117152, 4.499999999999999112, 25.70376288419777921 ) ) ;
#4083 = CARTESIAN_POINT ( 'NONE',  ( 2.902530206558854520, 4.500000000000000888, 23.28180624039691793 ) ) ;
#4084 = EDGE_LOOP ( 'NONE', ( #3426, #2131, #1157, #57 ) ) ;
#4085 = CARTESIAN_POINT ( 'NONE',  ( 5.911521335283087986, 4.000000000000000888, 23.54820870292009971 ) ) ;
#4086 = FACE_OUTER_BOUND ( 'NONE', #3987, .T. ) ;
#4087 = CARTESIAN_POINT ( 'NONE',  ( 8.370677899512482867, 4.500000000000000888, 22.19236491893300567 ) ) ;
#4088 = CARTESIAN_POINT ( 'NONE',  ( 8.628231375708857342, 4.000000000000001776, 24.02681053684288770 ) ) ;
#4089 = FACE_BOUND ( 'NONE', #3161, .T. ) ;
#4090 = CARTESIAN_POINT ( 'NONE',  ( -19.49999999999999645, 3.000000000000006217, 30.50000000000000000 ) ) ;
#4091 = CARTESIAN_POINT ( 'NONE',  ( 18.50000000000000355, 4.000000000000000000, 21.50000000000000000 ) ) ;
#4092 = B_SPLINE_CURVE_WITH_KNOTS ( 'NONE', 3,
 ( #5168, #5706, #5203, #1420, #4670, #929, #4637, #998, #328, #6379, #6315, #2012, #3075, #6962, #6854, #5236, #3006, #3670, #6236 ),
 .UNSPECIFIED., .F., .F.,
 ( 4, 1, 1, 1, 1, 1, 1, 1, 1, 1, 1, 1, 1, 1, 1, 1, 4 ),
 ( 0.000000000000000000, 0.06117934308804607452, 0.1203713884446011156, 0.1784417313622629897, 0.2359341281810948265, 0.2942679362243747487, 0.3526542946283818258, 0.4131221280938584539, 0.4755857683820440829, 0.5389001041802271574, 0.6018690472303259709, 0.6643326875185112668, 0.7276470233166943968, 0.7924087308653694484, 0.8591195288732159652, 0.9281350966840269390, 1.000000000000000000 ),
 .UNSPECIFIED. ) ;
#4093 = CARTESIAN_POINT ( 'NONE',  ( 6.868831182342009178, 4.000000000000007994, 25.11540116222560215 ) ) ;
#4094 = CARTESIAN_POINT ( 'NONE',  ( -2.092977839860882039, 4.000000000000003553, 24.89183467825881024 ) ) ;
#4095 = ORIENTED_EDGE ( 'NONE', *, *, #2356, .F. ) ;
#4096 = AXIS2_PLACEMENT_3D ( 'NONE', #6874, #1996, #5799 ) ;
#4097 = EDGE_LOOP ( 'NONE', ( #4815, #5985, #2203, #4357 ) ) ;
#4098 = CARTESIAN_POINT ( 'NONE',  ( 8.738883054552864849, 4.500000000000000888, 21.48111679084876968 ) ) ;
#4099 = CARTESIAN_POINT ( 'NONE',  ( 2.064727033629965458, 4.000000000000001776, 24.32096178734914815 ) ) ;
#4100 = B_SPLINE_SURFACE_WITH_KNOTS ( 'NONE', 3, 1, ( 
 ( #2032, #3095 ),
 ( #1402, #2066 ),
 ( #4622, #877 ),
 ( #5259, #6837 ),
 ( #2605, #5189 ),
 ( #4116, #421 ),
 ( #3657, #3060 ),
 ( #2573, #1958 ),
 ( #4230, #3547 ),
 ( #2537, #5221 ),
 ( #6406, #4077 ),
 ( #5834, #6293 ),
 ( #947, #5725 ),
 ( #1540, #1993 ),
 ( #3027, #4192 ),
 ( #983, #4158 ),
 ( #5797, #3128 ),
 ( #2499, #350 ),
 ( #1440, #4656 ),
 ( #6335, #5868 ),
 ( #3159, #3585 ),
 ( #1473, #5290 ),
 ( #5760, #385 ) ),
 .UNSPECIFIED., .F., .F., .F.,
 ( 4, 1, 1, 1, 1, 1, 1, 1, 1, 1, 1, 1, 1, 1, 1, 1, 1, 1, 1, 1, 4 ),
 ( 2, 2 ),
 ( 0.000000000000000000, 0.05383370089591471563, 0.1055426304091387074, 0.1580541720958377749, 0.2119873357804052394, 0.2402068903290466018, 0.2697935103595445749, 0.3013430987966763119, 0.3346080613711933105, 0.3702844416648597425, 0.4080888380149469974, 0.4486813458099835339, 0.4920692965602029290, 0.5386641566662656588, 0.5903710538753824677, 0.6463877841547206460, 0.7071953757631240789, 0.7729467746818401430, 0.8436426012467380664, 0.9193083570571428664, 1.000000000000000000 ),
 ( 0.000000000000000000, 1.000000000000000000 ),
 .UNSPECIFIED. ) ;
#4101 = CARTESIAN_POINT ( 'NONE',  ( -2.368320918877720782, 4.500000000000002665, 25.62970012817014265 ) ) ;
#4102 = ORIENTED_EDGE ( 'NONE', *, *, #6522, .T. ) ;
#4103 = VECTOR ( 'NONE', #4014, 1000.000000000000000 ) ;
#4104 = DIRECTION ( 'NONE',  ( 0.000000000000000000, -1.000000000000000000, 0.000000000000000000 ) ) ;
#4105 = PLANE ( 'NONE',  #4365 ) ;
#4106 = CARTESIAN_POINT ( 'NONE',  ( 7.299786324786328606, 4.000000000000000000, 23.52923602249121515 ) ) ;
#4107 = AXIS2_PLACEMENT_3D ( 'NONE', #6327, #6284, #5753 ) ;
#4108 = VECTOR ( 'NONE', #222, 1000.000000000000000 ) ;
#4109 = PLANE ( 'NONE',  #4488 ) ;
#4110 = CARTESIAN_POINT ( 'NONE',  ( 6.542080978922055756, 4.500000000000000888, 23.24573155039961136 ) ) ;
#4111 = CARTESIAN_POINT ( 'NONE',  ( 0.1615664679435668827, 3.999999999999998224, 24.68683647939790760 ) ) ;
#4112 = DIRECTION ( 'NONE',  ( 0.000000000000000000, 0.000000000000000000, -1.000000000000000000 ) ) ;
#4113 = EDGE_CURVE ( 'NONE', #2947, #5755, #4340, .T. ) ;
#4114 = CONICAL_SURFACE ( 'NONE', #6052, 1.000000000000000888, 0.7853981633974517207 ) ;
#4115 = ORIENTED_EDGE ( 'NONE', *, *, #6790, .F. ) ;
#4116 = CARTESIAN_POINT ( 'NONE',  ( 7.634090537663741571, 4.500000000000000888, 22.13396359926409929 ) ) ;
#4117 = AXIS2_PLACEMENT_3D ( 'NONE', #3687, #4394, #3122 ) ;
#4118 = CARTESIAN_POINT ( 'NONE',  ( -3.283547008547001766, 4.500000000000000888, 24.56467272120915624 ) ) ;
#4119 = EDGE_CURVE ( 'NONE', #932, #4740, #6366, .T. ) ;
#4120 = DIRECTION ( 'NONE',  ( 1.692413147294446463E-16, 0.000000000000000000, 1.000000000000000000 ) ) ;
#4121 = CARTESIAN_POINT ( 'NONE',  ( 0.07300453227173242521, 4.500000000000000888, 22.74213526837327848 ) ) ;
#4122 = CARTESIAN_POINT ( 'NONE',  ( 0.6967909553093095676, 4.000000000000003553, 25.48413176882079156 ) ) ;
#4123 = EDGE_CURVE ( 'NONE', #6817, #6987, #4654, .T. ) ;
#4124 = CARTESIAN_POINT ( 'NONE',  ( 2.305714334898755880, 4.500000000000002665, 21.54151785463562874 ) ) ;
#4125 = ORIENTED_EDGE ( 'NONE', *, *, #22, .F. ) ;
#4126 = EDGE_CURVE ( 'NONE', #2148, #782, #806, .T. ) ;
#4127 = CARTESIAN_POINT ( 'NONE',  ( 6.050321730030599809, 4.500000000000000888, 24.18131992960063670 ) ) ;
#4128 = EDGE_CURVE ( 'NONE', #4749, #5314, #2634, .T. ) ;
#4129 = CARTESIAN_POINT ( 'NONE',  ( -9.223046296806332478, 4.499999999999999112, 25.36758136476434800 ) ) ;
#4130 = B_SPLINE_CURVE_WITH_KNOTS ( 'NONE', 3,
 ( #1552, #5878, #5338, #1027, #5371, #6483, #2652, #5, #6996, #2144, #1588, #2686, #4308, #4910, #71, #2211, #2398, #3978, #1311 ),
 .UNSPECIFIED., .F., .F.,
 ( 4, 1, 1, 1, 1, 1, 1, 1, 1, 1, 1, 1, 1, 1, 1, 1, 4 ),
 ( 0.000000000000000000, 0.06675541313745035621, 0.1317279436681999261, 0.1948100844364495376, 0.2568986387839161667, 0.3187508905638004597, 0.3803512888945377868, 0.4433244176166944439, 0.5074626919635748523, 0.5715056738698077732, 0.6333612917281036259, 0.6939415159323155669, 0.7539288461040347666, 0.8138015296774558927, 0.8745236442162156454, 0.9362219827335217515, 1.000000000000000000 ),
 .UNSPECIFIED. ) ;
#4131 = CARTESIAN_POINT ( 'NONE',  ( 8.056318087650993220, 4.500000000000002665, 22.01676539071435457 ) ) ;
#4132 = VECTOR ( 'NONE', #905, 1000.000000000000000 ) ;
#4133 = DIRECTION ( 'NONE',  ( 0.000000000000000000, 0.000000000000000000, -1.000000000000000000 ) ) ;
#4134 = ORIENTED_EDGE ( 'NONE', *, *, #4820, .F. ) ;
#4135 = AXIS2_PLACEMENT_3D ( 'NONE', #1603, #2236, #3225 ) ;
#4136 = DIRECTION ( 'NONE',  ( 0.000000000000000000, -1.000000000000000000, 0.000000000000000000 ) ) ;
#4137 = CARTESIAN_POINT ( 'NONE',  ( -4.523658900655170179, 4.500000000000000888, 22.36618094751353425 ) ) ;
#4138 = CARTESIAN_POINT ( 'NONE',  ( 6.539957264957268812, 4.500000000000000888, 23.52075578744848272 ) ) ;
#4139 = CARTESIAN_POINT ( 'NONE',  ( 4.455548355813514050, 4.500000000000002665, 23.65487982036390591 ) ) ;
#4140 = ORIENTED_EDGE ( 'NONE', *, *, #1054, .T. ) ;
#4141 = ORIENTED_EDGE ( 'NONE', *, *, #585, .T. ) ;
#4142 = AXIS2_PLACEMENT_3D ( 'NONE', #1567, #4402, #4890 ) ;
#4143 = CARTESIAN_POINT ( 'NONE',  ( -2.940945512820506202, 4.000000000000000000, 23.71156107591001216 ) ) ;
#4144 = CARTESIAN_POINT ( 'NONE',  ( 0.000000000000000000, 5.500000000000000000, -18.00000000000000000 ) ) ;
#4145 = CARTESIAN_POINT ( 'NONE',  ( 5.223692319080909918, 3.999999999999998224, 24.59309115225480724 ) ) ;
#4146 = ORIENTED_EDGE ( 'NONE', *, *, #465, .F. ) ;
#4147 = CARTESIAN_POINT ( 'NONE',  ( -1.823594690685578001, 4.500000000000000888, 23.58856714766718099 ) ) ;
#4148 = CARTESIAN_POINT ( 'NONE',  ( 0.000000000000000000, 0.000000000000000000, 0.000000000000000000 ) ) ;
#4149 = CARTESIAN_POINT ( 'NONE',  ( 7.372092576130247821, 4.000000000000001776, 24.33468368483586985 ) ) ;
#4150 = AXIS2_PLACEMENT_3D ( 'NONE', #1213, #1106, #2764 ) ;
#4151 = ORIENTED_EDGE ( 'NONE', *, *, #3982, .T. ) ;
#4152 = VECTOR ( 'NONE', #123, 1000.000000000000000 ) ;
#4153 = CARTESIAN_POINT ( 'NONE',  ( -1.205974009959102533, 4.000000000000000000, 25.54020816372400660 ) ) ;
#4154 = VECTOR ( 'NONE', #648, 1000.000000000000114 ) ;
#4155 = CARTESIAN_POINT ( 'NONE',  ( -4.560313165648835820, 4.500000000000000888, 22.31244491517101025 ) ) ;
#4156 = CARTESIAN_POINT ( 'NONE',  ( 0.8640473039203547811, 4.000000000000000888, 25.58129798973392965 ) ) ;
#4157 = CARTESIAN_POINT ( 'NONE',  ( 2.141689765615927055, 4.000000000000000000, 23.67433516274654437 ) ) ;
#4158 = CARTESIAN_POINT ( 'NONE',  ( 7.345484842160829864, 3.999999999999995559, 22.77618656897202243 ) ) ;
#4159 = CARTESIAN_POINT ( 'NONE',  ( 1.121270024843225910, 4.500000000000000888, 22.13396359926408863 ) ) ;
#4160 = VERTEX_POINT ( 'NONE', #1536 ) ;
#4161 = CARTESIAN_POINT ( 'NONE',  ( 18.00000000000000355, 4.000000000000003553, 27.50000000000000355 ) ) ;
#4162 = CARTESIAN_POINT ( 'NONE',  ( -4.123147384598865095, 4.500000000000000888, 21.64768726563876555 ) ) ;
#4163 = CARTESIAN_POINT ( 'NONE',  ( 0.2028487204837488567, 4.500000000000000888, 24.80708477985027116 ) ) ;
#4164 = CARTESIAN_POINT ( 'NONE',  ( -8.313174412393161461, 4.500000000000000888, 24.94458725112370345 ) ) ;
#4165 = ORIENTED_EDGE ( 'NONE', *, *, #4866, .F. ) ;
#4166 = LINE ( 'NONE', #1448, #5980 ) ;
#4167 = FACE_OUTER_BOUND ( 'NONE', #4399, .T. ) ;
#4168 = EDGE_CURVE ( 'NONE', #1791, #4198, #4682, .T. ) ;
#4169 = EDGE_CURVE ( 'NONE', #3935, #2269, #3745, .T. ) ;
#4170 = CARTESIAN_POINT ( 'NONE',  ( 9.416452991452995747, 4.500000000000000888, 23.48089868274762537 ) ) ;
#4171 = EDGE_CURVE ( 'NONE', #1447, #2100, #2644, .T. ) ;
#4172 = CARTESIAN_POINT ( 'NONE',  ( -1.222550462178103814, 4.000000000000000888, 24.18683621616803947 ) ) ;
#4173 = ORIENTED_EDGE ( 'NONE', *, *, #5257, .T. ) ;
#4174 = FACE_OUTER_BOUND ( 'NONE', #5533, .T. ) ;
#4175 = PLANE ( 'NONE',  #4006 ) ;
#4176 = CARTESIAN_POINT ( 'NONE',  ( 1.959533371120593337, 4.499999999999999112, 22.33201707265315861 ) ) ;
#4177 = CARTESIAN_POINT ( 'NONE',  ( 4.646045532985278115, 4.500000000000000888, 23.59020559982077359 ) ) ;
#4178 = ORIENTED_EDGE ( 'NONE', *, *, #420, .T. ) ;
#4179 = DIRECTION ( 'NONE',  ( -0.000000000000000000, -1.000000000000000000, -0.000000000000000000 ) ) ;
#4180 = CARTESIAN_POINT ( 'NONE',  ( -3.300205637224168902E-15, 5.500000000000000000, -19.50000000000000000 ) ) ;
#4181 = CARTESIAN_POINT ( 'NONE',  ( 5.267338167585575270, 3.999999999999999112, 24.46845394324974521 ) ) ;
#4182 = EDGE_LOOP ( 'NONE', ( #6930, #404, #5265, #5323 ) ) ;
#4183 = DIRECTION ( 'NONE',  ( 0.000000000000000000, -0.000000000000000000, -1.000000000000000000 ) ) ;
#4184 = DIRECTION ( 'NONE',  ( 0.000000000000000000, -1.000000000000000000, 0.000000000000000000 ) ) ;
#4185 = FACE_OUTER_BOUND ( 'NONE', #1377, .T. ) ;
#4186 = ORIENTED_EDGE ( 'NONE', *, *, #2528, .F. ) ;
#4187 = DIRECTION ( 'NONE',  ( 0.000000000000000000, 0.000000000000000000, -1.000000000000000000 ) ) ;
#4188 = CARTESIAN_POINT ( 'NONE',  ( -8.660254037844389075, 4.000000000000000000, 4.999999999999998224 ) ) ;
#4189 = CARTESIAN_POINT ( 'NONE',  ( 1.149864942027706727, 4.000000000000000000, 25.67411815091726623 ) ) ;
#4190 = DIRECTION ( 'NONE',  ( 0.000000000000000000, 0.000000000000000000, -1.000000000000000000 ) ) ;
#4191 = VERTEX_POINT ( 'NONE', #620 ) ;
#4192 = CARTESIAN_POINT ( 'NONE',  ( 7.361970285616806109, 4.000000000000000888, 22.68245178002527496 ) ) ;
#4193 = CARTESIAN_POINT ( 'NONE',  ( 1.070489942132801131, 4.500000000000000888, 22.18069183943785916 ) ) ;
#4194 = EDGE_LOOP ( 'NONE', ( #5241, #4459, #6690, #871 ) ) ;
#4195 = LINE ( 'NONE', #5327, #2065 ) ;
#4196 = CARTESIAN_POINT ( 'NONE',  ( -4.955073603241452851, 4.000000000000001776, 21.37821716724777588 ) ) ;
#4197 = CARTESIAN_POINT ( 'NONE',  ( 9.416452991452995747, 4.000000000000001776, 23.48089868274762537 ) ) ;
#4198 = VERTEX_POINT ( 'NONE', #3368 ) ;
#4199 = CARTESIAN_POINT ( 'NONE',  ( 7.320483386350923105, 4.500000000000000888, 22.99121859519941680 ) ) ;
#4200 = B_SPLINE_CURVE_WITH_KNOTS ( 'NONE', 3,
 ( #5283, #5789, #2666, #6939, #3613, #2597, #5249, #1947, #4217, #5317, #3151, #3054, #6328, #1431, #1532 ),
 .UNSPECIFIED., .F., .F.,
 ( 4, 1, 1, 1, 1, 1, 1, 1, 1, 1, 1, 1, 4 ),
 ( 0.000000000000000000, 0.08366061062487509248, 0.1608518506938313164, 0.2367444622459997094, 0.3196477987119609177, 0.3673255122564317299, 0.4262095485298184050, 0.4935240895296868491, 0.5730252777384100549, 0.6625060205028093785, 0.7645432018599205293, 0.8758781193258839970, 1.000000000000000000 ),
 .UNSPECIFIED. ) ;
#4201 = CARTESIAN_POINT ( 'NONE',  ( 4.679393696581199968, 4.500000000000000888, 24.94458725112369279 ) ) ;
#4202 = FACE_OUTER_BOUND ( 'NONE', #4545, .T. ) ;
#4203 = ORIENTED_EDGE ( 'NONE', *, *, #2615, .F. ) ;
#4204 = DIRECTION ( 'NONE',  ( 0.000000000000000000, 0.000000000000000000, 1.000000000000000000 ) ) ;
#4205 = CARTESIAN_POINT ( 'NONE',  ( 9.393426979215364625, 4.499999999999999112, 22.90956861210009521 ) ) ;
#4206 = CARTESIAN_POINT ( 'NONE',  ( 2.860618558483197127, 4.500000000000000888, 24.22769272903781257 ) ) ;
#4207 = ADVANCED_FACE ( 'NONE', ( #2772 ), #6076, .T. ) ;
#4208 = LINE ( 'NONE', #4672, #6198 ) ;
#4209 = ORIENTED_EDGE ( 'NONE', *, *, #1954, .T. ) ;
#4210 = CARTESIAN_POINT ( 'NONE',  ( 0.7874366805232964062, 4.000000000000000000, 23.47948471978611096 ) ) ;
#4211 = CARTESIAN_POINT ( 'NONE',  ( 1.952310583101810604, 4.000000000000001776, 24.62240076884354423 ) ) ;
#4212 = CARTESIAN_POINT ( 'NONE',  ( -3.159609102565489103, 4.500000000000000888, 24.93017364992046936 ) ) ;
#4213 = ORIENTED_EDGE ( 'NONE', *, *, #6474, .F. ) ;
#4214 = LINE ( 'NONE', #3149, #2418 ) ;
#4215 = CARTESIAN_POINT ( 'NONE',  ( 2.133126333730472446, 4.000000000000000000, 23.10135215983902768 ) ) ;
#4216 = EDGE_CURVE ( 'NONE', #258, #706, #5466, .T. ) ;
#4217 = CARTESIAN_POINT ( 'NONE',  ( -8.083030184645101812, 4.000000000000000000, 24.71201118224543336 ) ) ;
#4218 = VECTOR ( 'NONE', #4072, 1000.000000000000114 ) ;
#4219 = ADVANCED_FACE ( 'NONE', ( #1223 ), #6580, .T. ) ;
#4220 = EDGE_CURVE ( 'NONE', #2330, #2947, #1709, .T. ) ;
#4221 = CARTESIAN_POINT ( 'NONE',  ( -0.6913748735505019782, 4.499999999999999112, 25.05531327948590814 ) ) ;
#4222 = VECTOR ( 'NONE', #1988, 1000.000000000000000 ) ;
#4223 = LINE ( 'NONE', #2027, #837 ) ;
#4224 = CARTESIAN_POINT ( 'NONE',  ( 1.436816179226117152, 3.999999999999999112, 25.70376288419777921 ) ) ;
#4225 = ORIENTED_EDGE ( 'NONE', *, *, #2782, .F. ) ;
#4226 = CARTESIAN_POINT ( 'NONE',  ( 2.574722020727105321, 4.499999999999999112, 21.86088100955442926 ) ) ;
#4227 = VERTEX_POINT ( 'NONE', #1148 ) ;
#4228 = EDGE_LOOP ( 'NONE', ( #4017, #1293, #1483, #325 ) ) ;
#4229 = VECTOR ( 'NONE', #1061, 1000.000000000000000 ) ;
#4230 = CARTESIAN_POINT ( 'NONE',  ( 7.513614785691350662, 4.500000000000000888, 22.27016922149068279 ) ) ;
#4231 = CARTESIAN_POINT ( 'NONE',  ( 1.396595802331339620, 4.500000000000000888, 21.25585527673749198 ) ) ;
#4232 = ORIENTED_EDGE ( 'NONE', *, *, #1787, .F. ) ;
#4233 = LINE ( 'NONE', #1049, #2742 ) ;
#4234 = VECTOR ( 'NONE', #3911, 1000.000000000000000 ) ;
#4235 = CARTESIAN_POINT ( 'NONE',  ( 0.4076964344717777800, 4.000000000000000888, 21.78400549577206746 ) ) ;
#4236 = CARTESIAN_POINT ( 'NONE',  ( 0.000000000000000000, 17.01076477383247720, -10.00000000000000000 ) ) ;
#4237 = CARTESIAN_POINT ( 'NONE',  ( -3.718034887005424505, 4.500000000000000888, 22.53306163215013669 ) ) ;
#4238 = CARTESIAN_POINT ( 'NONE',  ( 19.50000000000000355, 4.000000000000000000, 20.49999999999999645 ) ) ;
#4239 = CARTESIAN_POINT ( 'NONE',  ( 5.162947253467972786, 4.000000000000000000, 23.82373472412802329 ) ) ;
#4240 = CARTESIAN_POINT ( 'NONE',  ( 2.081899558550499885E-15, 1.000000000000000000, 16.99999999999999645 ) ) ;
#4241 = DIRECTION ( 'NONE',  ( -0.000000000000000000, -1.000000000000000000, -0.000000000000000000 ) ) ;
#4242 = AXIS2_PLACEMENT_3D ( 'NONE', #94, #3625, #4407 ) ;
#4243 = CARTESIAN_POINT ( 'NONE',  ( -9.470726495726493610, 4.500000000000000888, 25.10486369343139401 ) ) ;
#4244 = EDGE_LOOP ( 'NONE', ( #6716, #191 ) ) ;
#4245 = CARTESIAN_POINT ( 'NONE',  ( 8.660254037844389075, 17.01076477383247720, 4.999999999999998224 ) ) ;
#4246 = CARTESIAN_POINT ( 'NONE',  ( 2.079696698104826158, 4.500000000000000888, 25.58232908777731041 ) ) ;
#4247 = LINE ( 'NONE', #471, #660 ) ;
#4248 = ORIENTED_EDGE ( 'NONE', *, *, #6752, .T. ) ;
#4249 = ORIENTED_EDGE ( 'NONE', *, *, #4994, .T. ) ;
#4250 = VERTEX_POINT ( 'NONE', #3860 ) ;
#4251 = CARTESIAN_POINT ( 'NONE',  ( 20.50000000000000355, 3.000000000000006217, 29.50000000000000000 ) ) ;
#4252 = CARTESIAN_POINT ( 'NONE',  ( 8.503502506805356020, 4.500000000000000888, 25.61916075040025476 ) ) ;
#4253 = LINE ( 'NONE', #79, #2423 ) ;
#4254 = VERTEX_POINT ( 'NONE', #2274 ) ;
#4255 = CARTESIAN_POINT ( 'NONE',  ( -2.119186603980141470, 4.500000000000000888, 23.69383538854215487 ) ) ;
#4256 = CARTESIAN_POINT ( 'NONE',  ( -2.057272157006996949, 4.499999999999999112, 23.65487982036388104 ) ) ;
#4257 = CARTESIAN_POINT ( 'NONE',  ( 7.910583798131278321, 3.999999999999999112, 24.94151834665947476 ) ) ;
#4258 = DIRECTION ( 'NONE',  ( 0.000000000000000000, 0.000000000000000000, -1.000000000000000000 ) ) ;
#4259 = ADVANCED_FACE ( 'NONE', ( #6039 ), #4411, .T. ) ;
#4260 = VECTOR ( 'NONE', #3789, 1000.000000000000000 ) ;
#4261 = EDGE_CURVE ( 'NONE', #2449, #2775, #555, .T. ) ;
#4262 = CARTESIAN_POINT ( 'NONE',  ( 2.142986767265704362, 4.500000000000000888, 23.28573696152648509 ) ) ;
#4263 = CARTESIAN_POINT ( 'NONE',  ( 0.4156952105309008605, 4.500000000000000888, 25.20312390072007958 ) ) ;
#4264 = CARTESIAN_POINT ( 'NONE',  ( 2.835796346977407012, 4.499999999999999112, 22.58334324113543801 ) ) ;
#4265 = VERTEX_POINT ( 'NONE', #6114 ) ;
#4266 = AXIS2_PLACEMENT_3D ( 'NONE', #2405, #1804, #5094 ) ;
#4267 = DIRECTION ( 'NONE',  ( -0.000000000000000000, -1.000000000000000000, -0.000000000000000000 ) ) ;
#4268 = FACE_OUTER_BOUND ( 'NONE', #121, .T. ) ;
#4269 = CARTESIAN_POINT ( 'NONE',  ( 1.286933748758791518, 4.000000000000002665, 21.25950552977899122 ) ) ;
#4270 = LINE ( 'NONE', #524, #5596 ) ;
#4271 = DIRECTION ( 'NONE',  ( 1.000000000000000000, 0.000000000000000000, -0.000000000000000000 ) ) ;
#4272 =( LENGTH_UNIT ( ) NAMED_UNIT ( * ) SI_UNIT ( .MILLI., .METRE. ) );
#4273 = CARTESIAN_POINT ( 'NONE',  ( 4.419842672959629404, 4.500000000000000888, 24.89183467825880314 ) ) ;
#4274 = EDGE_LOOP ( 'NONE', ( #5498, #80, #4567, #5488 ) ) ;
#4275 = CARTESIAN_POINT ( 'NONE',  ( 7.489779386423305318, 3.999999999999998224, 21.33111467115395499 ) ) ;
#4276 = CARTESIAN_POINT ( 'NONE',  ( -8.724436757380617635, 4.500000000000000888, 24.75395155299368355 ) ) ;
#4277 = CARTESIAN_POINT ( 'NONE',  ( 0.02713675213675360159, 4.500000000000000888, 23.52075578744847917 ) ) ;
#4278 = ORIENTED_EDGE ( 'NONE', *, *, #550, .F. ) ;
#4279 = CARTESIAN_POINT ( 'NONE',  ( 2.804753558614151654, 4.499999999999999112, 24.53309908644799009 ) ) ;
#4280 = CARTESIAN_POINT ( 'NONE',  ( -0.4624987827899089687, 4.500000000000000888, 24.18131992960063670 ) ) ;
#4281 = VERTEX_POINT ( 'NONE', #5574 ) ;
#4282 = DIRECTION ( 'NONE',  ( 0.000000000000000000, -0.000000000000000000, -1.000000000000000000 ) ) ;
#4283 = CARTESIAN_POINT ( 'NONE',  ( 8.503502506805356020, 3.999999999999999112, 25.61916075040025476 ) ) ;
#4284 = CARTESIAN_POINT ( 'NONE',  ( 5.250380667960895309, 4.500000000000000888, 23.99070536142653154 ) ) ;
#4285 = ORIENTED_EDGE ( 'NONE', *, *, #3732, .T. ) ;
#4286 = CARTESIAN_POINT ( 'NONE',  ( 1.892425666041676724, 4.000000000000000000, 24.72110495530780483 ) ) ;
#4287 = CARTESIAN_POINT ( 'NONE',  ( -2.242687095988750379, 4.500000000000000888, 23.79527090832252156 ) ) ;
#4288 = DIRECTION ( 'NONE',  ( 0.000000000000000000, 1.000000000000000000, -0.000000000000000000 ) ) ;
#4289 = CARTESIAN_POINT ( 'NONE',  ( 5.424470225569994142, 4.499999999999999112, 25.46672230019053274 ) ) ;
#4290 = CARTESIAN_POINT ( 'NONE',  ( 19.50000000000000355, 5.500000000000000000, -19.50000000000000355 ) ) ;
#4291 = CARTESIAN_POINT ( 'NONE',  ( 2.133126333730472446, 4.500000000000000888, 23.10135215983902768 ) ) ;
#4292 = CARTESIAN_POINT ( 'NONE',  ( -4.971471190094550074, 4.499999999999999112, 22.97721271153130118 ) ) ;
#4293 = EDGE_LOOP ( 'NONE', ( #5955, #3199, #2254, #488, #6572, #147, #3034, #1166, #1244, #3082, #3709, #1908, #3062, #4498, #115 ) ) ;
#4294 = CARTESIAN_POINT ( 'NONE',  ( 2.514454234272899491, 4.000000000000004441, 21.76986819369852100 ) ) ;
#4295 = EDGE_CURVE ( 'NONE', #4800, #4254, #5644, .T. ) ;
#4296 = EDGE_CURVE ( 'NONE', #3073, #85, #4004, .T. ) ;
#4297 = EDGE_CURVE ( 'NONE', #6644, #4265, #6848, .T. ) ;
#4298 = CARTESIAN_POINT ( 'NONE',  ( 8.655807280086222022, 4.000000000000000000, 23.28573696152649575 ) ) ;
#4299 = VERTEX_POINT ( 'NONE', #2949 ) ;
#4300 = CARTESIAN_POINT ( 'NONE',  ( 3.725908381093180566, 4.000000000000000888, 25.40141974075250175 ) ) ;
#4301 = CARTESIAN_POINT ( 'NONE',  ( -4.955073603241452851, 4.500000000000000888, 21.37821716724777588 ) ) ;
#4302 = DIRECTION ( 'NONE',  ( 0.000000000000000000, 0.000000000000000000, -1.000000000000000000 ) ) ;
#4303 = EDGE_CURVE ( 'NONE', #1623, #6902, #2402, .T. ) ;
#4304 = CARTESIAN_POINT ( 'NONE',  ( 4.689225822134932109, 4.500000000000000888, 23.58856714766718099 ) ) ;
#4305 = DIRECTION ( 'NONE',  ( -0.2236320174572702657, 0.000000000000000000, 0.9746736483397872020 ) ) ;
#4306 = CARTESIAN_POINT ( 'NONE',  ( -1.597033698311979721, 4.500000000000000888, 24.89701004282005670 ) ) ;
#4307 = CARTESIAN_POINT ( 'NONE',  ( 2.834887824671574741, 4.000000000000001776, 24.38607368956219901 ) ) ;
#4308 = CARTESIAN_POINT ( 'NONE',  ( -1.205974009959102533, 4.000000000000000888, 25.54020816372400660 ) ) ;
#4309 = CARTESIAN_POINT ( 'NONE',  ( 1.990681993984839027, 4.000000000000000000, 25.61916075040024410 ) ) ;
#4310 = FACE_OUTER_BOUND ( 'NONE', #5829, .T. ) ;
#4311 = ORIENTED_EDGE ( 'NONE', *, *, #502, .T. ) ;
#4312 = CONICAL_SURFACE ( 'NONE', #5566, 1.000000000000000888, 0.7853981633974517207 ) ;
#4313 = ORIENTED_EDGE ( 'NONE', *, *, #6085, .T. ) ;
#4314 = ORIENTED_EDGE ( 'NONE', *, *, #5081, .T. ) ;
#4315 = CARTESIAN_POINT ( 'NONE',  ( 4.636144497863251779, 4.500000000000000888, 25.70441631095275170 ) ) ;
#4316 = DIRECTION ( 'NONE',  ( 0.000000000000000000, -0.7071067811865500152, -0.7071067811865451302 ) ) ;
#4317 = CARTESIAN_POINT ( 'NONE',  ( 4.882187295140573369, 4.500000000000000888, 23.61291665337054724 ) ) ;
#4318 = ORIENTED_EDGE ( 'NONE', *, *, #1236, .T. ) ;
#4319 = CARTESIAN_POINT ( 'NONE',  ( 1.734459395693733308, 3.999999999999999112, 24.87281162062012285 ) ) ;
#4320 = CARTESIAN_POINT ( 'NONE',  ( -0.5155982905982841036, 4.500000000000000888, 22.06809152462796320 ) ) ;
#4321 = CARTESIAN_POINT ( 'NONE',  ( 4.802232859700101386, 3.999999999999999112, 24.93404887568187434 ) ) ;
#4322 = CARTESIAN_POINT ( 'NONE',  ( 5.951383736675908587, 4.500000000000000888, 24.80460897103013096 ) ) ;
#4323 = B_SPLINE_SURFACE_WITH_KNOTS ( 'NONE', 3, 1, ( 
 ( #6618, #3409 ),
 ( #5576, #2278 ),
 ( #130, #2952 ),
 ( #4007, #5004 ),
 ( #3969, #4443 ),
 ( #2424, #731 ),
 ( #5039, #1750 ),
 ( #1365, #2351 ),
 ( #4549, #5542 ),
 ( #165, #6725 ),
 ( #1226, #3478 ),
 ( #3936, #5650 ),
 ( #4039, #4513 ),
 ( #6185, #5506 ),
 ( #3370, #1300 ),
 ( #6655, #6215 ),
 ( #1336, #4480 ),
 ( #696, #661 ),
 ( #803, #1782 ) ),
 .UNSPECIFIED., .F., .F., .F.,
 ( 4, 1, 1, 1, 1, 1, 1, 1, 1, 1, 1, 1, 1, 1, 1, 1, 4 ),
 ( 2, 2 ),
 ( 0.000000000000000000, 0.07289060658065193987, 0.1418833354390787171, 0.2092821354239204901, 0.2746226384553222544, 0.3384391539790458370, 0.4013048615705233080, 0.4650061847340485333, 0.5283200864625128279, 0.5907402649620384638, 0.6509809274188463890, 0.7096903202894503382, 0.7672117550042968359, 0.8241879505444245080, 0.8817668141839337670, 0.9399547263812985110, 1.000000000000000000 ),
 ( 0.000000000000000000, 1.000000000000000000 ),
 .UNSPECIFIED. ) ;
#4324 = CARTESIAN_POINT ( 'NONE',  ( -0.5155982905982841036, 4.500000000000000888, 21.36253596907240748 ) ) ;
#4325 = CARTESIAN_POINT ( 'NONE',  ( -4.928077096455375283, 4.500000000000000888, 22.13985602551106879 ) ) ;
#4326 = CARTESIAN_POINT ( 'NONE',  ( -4.695534591402932278, 4.500000000000000888, 22.91570211360405551 ) ) ;
#4327 = ORIENTED_EDGE ( 'NONE', *, *, #2485, .F. ) ;
#4328 = FACE_OUTER_BOUND ( 'NONE', #2717, .T. ) ;
#4329 = ORIENTED_EDGE ( 'NONE', *, *, #5908, .F. ) ;
#4330 = AXIS2_PLACEMENT_3D ( 'NONE', #6602, #3816, #6027 ) ;
#4331 = VECTOR ( 'NONE', #1543, 1000.000000000000000 ) ;
#4332 = CARTESIAN_POINT ( 'NONE',  ( 6.637647692806100785, 4.000000000000000888, 24.55556511987973067 ) ) ;
#4333 = ORIENTED_EDGE ( 'NONE', *, *, #2355, .F. ) ;
#4334 = PLANE ( 'NONE',  #4896 ) ;
#4335 = LINE ( 'NONE', #1154, #4895 ) ;
#4336 = DIRECTION ( 'NONE',  ( -0.000000000000000000, -1.000000000000000000, -0.000000000000000000 ) ) ;
#4337 = AXIS2_PLACEMENT_3D ( 'NONE', #6212, #941, #3084 ) ;
#4338 = AXIS2_PLACEMENT_3D ( 'NONE', #4499, #3357, #186 ) ;
#4339 = CARTESIAN_POINT ( 'NONE',  ( -4.023745171716401003, 4.500000000000000888, 23.37846281204788923 ) ) ;
#4340 = B_SPLINE_CURVE_WITH_KNOTS ( 'NONE', 3,
 ( #310, #5045, #6696, #2462, #1919, #874, #1824, #447, #6832, #3156, #482 ),
 .UNSPECIFIED., .F., .F.,
 ( 4, 1, 1, 1, 1, 1, 1, 1, 4 ),
 ( 0.000000000000000000, 0.1610711239484208246, 0.3107888083803549417, 0.4499038238309455706, 0.5783763165061863720, 0.6966172119048404943, 0.8059873227104099591, 0.9065617032890805893, 1.000000000000000000 ),
 .UNSPECIFIED. ) ;
#4341 = VECTOR ( 'NONE', #2326, 1000.000000000000000 ) ;
#4342 = CARTESIAN_POINT ( 'NONE',  ( -7.300064900924507327, 3.999999999999999112, 24.22659924872204229 ) ) ;
#4343 = EDGE_CURVE ( 'NONE', #3705, #2330, #5272, .T. ) ;
#4344 = CARTESIAN_POINT ( 'NONE',  ( 6.887646901709405967, 4.000000000000000000, 21.82979691992711579 ) ) ;
#4345 = EDGE_CURVE ( 'NONE', #4503, #2953, #1229, .T. ) ;
#4346 = CARTESIAN_POINT ( 'NONE',  ( 2.902442625450435632, 3.999999999999998224, 23.68224423056512862 ) ) ;
#4347 = CARTESIAN_POINT ( 'NONE',  ( 9.283128835433222648, 4.000000000000000888, 22.30282473879325877 ) ) ;
#4348 = CARTESIAN_POINT ( 'NONE',  ( 1.586570213949403119, 4.000000000000000000, 25.70252418140290729 ) ) ;
#4349 = B_SPLINE_SURFACE_WITH_KNOTS ( 'NONE', 3, 1, ( 
 ( #1374, #4660 ),
 ( #5086, #4081 ),
 ( #2395, #6192 ),
 ( #3976, #5157 ),
 ( #4121, #881 ),
 ( #4555, #4626 ),
 ( #2433, #6804 ),
 ( #6160, #3552 ),
 ( #6299, #5658 ),
 ( #741, #6260 ),
 ( #2994, #5120 ) ),
 .UNSPECIFIED., .F., .F., .F.,
 ( 4, 1, 1, 1, 1, 1, 1, 1, 4 ),
 ( 2, 2 ),
 ( 0.000000000000000000, 0.1610711239484207968, 0.3107888083803548862, 0.4499038238309454596, 0.5783763165061843736, 0.6966172119048384959, 0.8059873227104099591, 0.9065617032890821436, 0.9999999999999998890 ),
 ( 0.000000000000000000, 1.000000000000000000 ),
 .UNSPECIFIED. ) ;
#4350 = CARTESIAN_POINT ( 'NONE',  ( -0.5506864309092318610, 4.000000000000000000, 23.67186356956156956 ) ) ;
#4351 = ORIENTED_EDGE ( 'NONE', *, *, #6749, .F. ) ;
#4352 = VERTEX_POINT ( 'NONE', #3642 ) ;
#4353 = CARTESIAN_POINT ( 'NONE',  ( -3.718034887005424505, 4.000000000000000000, 22.53306163215013669 ) ) ;
#4354 = CARTESIAN_POINT ( 'NONE',  ( 4.144499593942790661, 4.500000000000000888, 25.62970012817013199 ) ) ;
#4355 = CARTESIAN_POINT ( 'NONE',  ( 8.025431104359119772, 4.500000000000000888, 25.70377524983558359 ) ) ;
#4356 = CYLINDRICAL_SURFACE ( 'NONE', #4782, 0.5000000000000004441 ) ;
#4357 = ORIENTED_EDGE ( 'NONE', *, *, #156, .T. ) ;
#4358 = CARTESIAN_POINT ( 'NONE',  ( 1.674050067874246039, 4.000000000000000000, 24.90535188523759302 ) ) ;
#4359 = CARTESIAN_POINT ( 'NONE',  ( 7.302047422895862283, 4.499999999999999112, 23.71728889920657224 ) ) ;
#4360 = CARTESIAN_POINT ( 'NONE',  ( 5.155066710011700692, 4.000000000000000888, 24.70276902679637132 ) ) ;
#4361 = VECTOR ( 'NONE', #655, 1000.000000000000000 ) ;
#4362 = CARTESIAN_POINT ( 'NONE',  ( 5.997222222222226229, 4.500000000000000888, 21.36253596907241104 ) ) ;
#4363 = CARTESIAN_POINT ( 'NONE',  ( -5.563034188034184702, 4.500000000000000888, 22.99074109727754234 ) ) ;
#4364 = LINE ( 'NONE', #3753, #4361 ) ;
#4365 = AXIS2_PLACEMENT_3D ( 'NONE', #4148, #3577, #1496 ) ;
#4366 = CARTESIAN_POINT ( 'NONE',  ( -1.356537649291024161, 4.499999999999999112, 22.88068797650580777 ) ) ;
#4367 = CARTESIAN_POINT ( 'NONE',  ( -4.695534591402932278, 4.000000000000000000, 22.91570211360405551 ) ) ;
#4368 = CARTESIAN_POINT ( 'NONE',  ( -8.063801193566726866, 4.499999999999999112, 24.51748205026041205 ) ) ;
#4369 = ORIENTED_EDGE ( 'NONE', *, *, #3548, .T. ) ;
#4370 = DIRECTION ( 'NONE',  ( 0.000000000000000000, 0.000000000000000000, 1.000000000000000000 ) ) ;
#4371 = ORIENTED_EDGE ( 'NONE', *, *, #5790, .T. ) ;
#4372 = CARTESIAN_POINT ( 'NONE',  ( -3.718513930321499128, 4.000000000000000000, 22.59840437280676184 ) ) ;
#4373 = CARTESIAN_POINT ( 'NONE',  ( -3.717735042735039741, 4.500000000000000888, 22.56503329813224212 ) ) ;
#4374 = CARTESIAN_POINT ( 'NONE',  ( -6.322863247863244496, 4.000000000000000000, 25.59586930240574532 ) ) ;
#4375 = AXIS2_PLACEMENT_3D ( 'NONE', #3760, #6007, #1084 ) ;
#4376 = CARTESIAN_POINT ( 'NONE',  ( 6.002081976458100598, 4.500000000000000888, 23.80216629655949490 ) ) ;
#4377 = AXIS2_PLACEMENT_3D ( 'NONE', #4729, #4694, #3694 ) ;
#4378 = CARTESIAN_POINT ( 'NONE',  ( 4.528930193356122125, 4.000000000000000000, 22.86234990646688914 ) ) ;
#4379 = CARTESIAN_POINT ( 'NONE',  ( 0.000000000000000000, 4.000000000000000000, -11.60000000000000142 ) ) ;
#4380 = FACE_OUTER_BOUND ( 'NONE', #1855, .T. ) ;
#4381 = CARTESIAN_POINT ( 'NONE',  ( 8.477641159319647457, 4.000000000000000888, 21.34172374452542442 ) ) ;
#4382 = ORIENTED_EDGE ( 'NONE', *, *, #5333, .T. ) ;
#4383 = DIRECTION ( 'NONE',  ( -0.2022968521692527777, 0.000000000000000000, 0.9793242484501297751 ) ) ;
#4384 = CARTESIAN_POINT ( 'NONE',  ( -0.4648006541676887315, 4.000000000000001776, 24.08312824301877342 ) ) ;
#4385 = ADVANCED_FACE ( 'NONE', ( #6430 ), #5717, .F. ) ;
#4386 = EDGE_CURVE ( 'NONE', #6263, #5171, #1813, .T. ) ;
#4387 = EDGE_CURVE ( 'NONE', #4421, #3641, #6899, .T. ) ;
#4388 = VERTEX_POINT ( 'NONE', #3680 ) ;
#4389 = CARTESIAN_POINT ( 'NONE',  ( -5.437526709401705460, 4.000000000000000000, 21.36253596907241459 ) ) ;
#4390 = CARTESIAN_POINT ( 'NONE',  ( -7.300601662142308435, 4.000000000000005329, 24.33009433961813883 ) ) ;
#4391 = CARTESIAN_POINT ( 'NONE',  ( 8.828217715257695275, 4.500000000000000888, 25.42492174664016247 ) ) ;
#4392 = ORIENTED_EDGE ( 'NONE', *, *, #5949, .T. ) ;
#4393 = CARTESIAN_POINT ( 'NONE',  ( -4.971471190094550074, 4.499999999999999112, 22.97721271153130118 ) ) ;
#4394 = DIRECTION ( 'NONE',  ( -0.000000000000000000, -1.000000000000000000, 0.000000000000000000 ) ) ;
#4395 = CARTESIAN_POINT ( 'NONE',  ( 7.646523356052705722, 4.499999999999999112, 24.82576275824146350 ) ) ;
#4396 = DIRECTION ( 'NONE',  ( 0.000000000000000000, 0.000000000000000000, 1.000000000000000000 ) ) ;
#4397 = ORIENTED_EDGE ( 'NONE', *, *, #331, .F. ) ;
#4398 = VECTOR ( 'NONE', #6229, 1000.000000000000000 ) ;
#4399 = EDGE_LOOP ( 'NONE', ( #1215, #3323, #6638, #4663 ) ) ;
#4400 = CARTESIAN_POINT ( 'NONE',  ( -7.313242097595730407, 4.500000000000000888, 24.61569499429588248 ) ) ;
#4401 = DIRECTION ( 'NONE',  ( 0.000000000000000000, -1.000000000000000000, 0.000000000000000000 ) ) ;
#4402 = DIRECTION ( 'NONE',  ( -0.000000000000000000, -1.000000000000000000, -0.000000000000000000 ) ) ;
#4403 = CARTESIAN_POINT ( 'NONE',  ( -5.274140823067634543, 4.500000000000000888, 22.12259953864820261 ) ) ;
#4404 = DIRECTION ( 'NONE',  ( -1.000000000000000000, 0.000000000000000000, -0.000000000000000000 ) ) ;
#4405 = ORIENTED_EDGE ( 'NONE', *, *, #4949, .F. ) ;
#4406 = CARTESIAN_POINT ( 'NONE',  ( 4.700333349812036765, 4.500000000000002665, 24.94379940440518695 ) ) ;
#4407 = DIRECTION ( 'NONE',  ( 1.000000000000000000, 0.000000000000000000, 0.000000000000000000 ) ) ;
#4408 = ORIENTED_EDGE ( 'NONE', *, *, #4076, .T. ) ;
#4409 = CARTESIAN_POINT ( 'NONE',  ( 6.564021390952202495, 3.999999999999998224, 24.08951470073433754 ) ) ;
#4410 = CIRCLE ( 'NONE', #6345, 4.600000000000001421 ) ;
#4411 = B_SPLINE_SURFACE_WITH_KNOTS ( 'NONE', 3, 1, ( 
 ( #3826, #6500 ),
 ( #20, #2238 ),
 ( #4440, #3755 ),
 ( #2128, #4834 ),
 ( #4292, #6467 ),
 ( #2161, #5425 ),
 ( #657, #1081 ),
 ( #3227, #4931 ),
 ( #4326, #4367 ),
 ( #1640, #2200 ),
 ( #3261, #581 ),
 ( #2729, #55 ),
 ( #6002, #3291 ),
 ( #1185, #5503 ),
 ( #6722, #5037 ),
 ( #2348, #694 ),
 ( #4035, #1884 ),
 ( #199, #159 ),
 ( #6759, #2844 ) ),
 .UNSPECIFIED., .F., .F., .F.,
 ( 4, 1, 1, 1, 1, 1, 1, 1, 1, 1, 1, 1, 1, 1, 1, 1, 4 ),
 ( 2, 2 ),
 ( 0.000000000000000000, 0.1055399964402578133, 0.2020864154635871601, 0.2906848989424215546, 0.3705526096211913534, 0.4426702615663767326, 0.5076749275738732248, 0.5655732034810453390, 0.6164546657486220660, 0.6633313570051054819, 0.7088620244966136186, 0.7534118003496272920, 0.7985150107871095138, 0.8450643214401197811, 0.8938731190084068245, 0.9447078060036532277, 0.9999999999999998890 ),
 ( 0.000000000000000000, 1.000000000000000000 ),
 .UNSPECIFIED. ) ;
#4412 = FACE_BOUND ( 'NONE', #4898, .T. ) ;
#4413 = CARTESIAN_POINT ( 'NONE',  ( -3.717735042735039741, 4.500000000000000888, 22.56503329813224212 ) ) ;
#4414 = DIRECTION ( 'NONE',  ( -0.000000000000000000, -1.000000000000000000, -0.000000000000000000 ) ) ;
#4415 = CARTESIAN_POINT ( 'NONE',  ( 4.331131566549276890, 4.000000000000000888, 23.73952580383563671 ) ) ;
#4416 = ORIENTED_EDGE ( 'NONE', *, *, #1108, .F. ) ;
#4417 = PLANE ( 'NONE',  #316 ) ;
#4418 = CARTESIAN_POINT ( 'NONE',  ( -1.245482345234934618, 4.500000000000000888, 24.46845394324974521 ) ) ;
#4419 = CARTESIAN_POINT ( 'NONE',  ( 8.054581979683451465, 4.500000000000000888, 24.94250479630325756 ) ) ;
#4420 = CARTESIAN_POINT ( 'NONE',  ( 0.000000000000000000, 4.000000000000000000, 0.000000000000000000 ) ) ;
#4421 = VERTEX_POINT ( 'NONE', #372 ) ;
#4422 = CARTESIAN_POINT ( 'NONE',  ( 0.2878598983335366457, 3.999999999999999112, 21.97319218339634972 ) ) ;
#4423 = CARTESIAN_POINT ( 'NONE',  ( -1.019198156167397062, 4.000000000000001776, 23.04874113982839035 ) ) ;
#4424 = ORIENTED_EDGE ( 'NONE', *, *, #3251, .T. ) ;
#4425 = PLANE ( 'NONE',  #4573 ) ;
#4426 = CARTESIAN_POINT ( 'NONE',  ( -7.868077506907421359, 4.000000000000005329, 25.61834688409381044 ) ) ;
#4427 = FACE_OUTER_BOUND ( 'NONE', #3747, .T. ) ;
#4428 = ORIENTED_EDGE ( 'NONE', *, *, #6218, .F. ) ;
#4429 = CARTESIAN_POINT ( 'NONE',  ( 4.671761485042738471, 4.500000000000000888, 22.06809152462796320 ) ) ;
#4430 = CARTESIAN_POINT ( 'NONE',  ( 2.514454234272899491, 4.500000000000000888, 21.76986819369852100 ) ) ;
#4431 = CARTESIAN_POINT ( 'NONE',  ( 9.085845380545876537, 4.499999999999999112, 25.11039986585088002 ) ) ;
#4432 = CARTESIAN_POINT ( 'NONE',  ( 1.495135400652591429, 4.500000000000000888, 24.94388321381370588 ) ) ;
#4433 = ORIENTED_EDGE ( 'NONE', *, *, #900, .F. ) ;
#4434 = VERTEX_POINT ( 'NONE', #2523 ) ;
#4435 = CARTESIAN_POINT ( 'NONE',  ( 1.121270024843225910, 4.500000000000000888, 22.13396359926408863 ) ) ;
#4436 = LINE ( 'NONE', #1326, #2459 ) ;
#4437 = CARTESIAN_POINT ( 'NONE',  ( 3.261029279821764604, 4.500000000000000888, 24.69268501625775869 ) ) ;
#4438 = EDGE_CURVE ( 'NONE', #6902, #2674, #2022, .T. ) ;
#4439 = CARTESIAN_POINT ( 'NONE',  ( -4.874438725583828180, 4.000000000000003553, 22.14669988225004715 ) ) ;
#4440 = CARTESIAN_POINT ( 'NONE',  ( -5.161606580539765510, 4.500000000000000888, 22.98955325248301307 ) ) ;
#4441 = EDGE_CURVE ( 'NONE', #6377, #4865, #4214, .T. ) ;
#4442 = CARTESIAN_POINT ( 'NONE',  ( -8.059615384615382183, 4.000000000000003553, 24.34927475112370132 ) ) ;
#4443 = CARTESIAN_POINT ( 'NONE',  ( -1.243836427076489892, 4.000000000000000888, 24.05289772092728739 ) ) ;
#4444 = CARTESIAN_POINT ( 'NONE',  ( -17.99999999999999645, 1.500000000000000000, 21.50000000000000000 ) ) ;
#4445 = CARTESIAN_POINT ( 'NONE',  ( 17.50000000000000000, 40.67424164178449786, 21.50000000000000000 ) ) ;
#4446 = CARTESIAN_POINT ( 'NONE',  ( -1.480833162025863459, 4.000000000000000888, 22.85028754442216581 ) ) ;
#4447 = CARTESIAN_POINT ( 'NONE',  ( 4.646045532985278115, 4.000000000000000888, 23.59020559982077359 ) ) ;
#4448 = CIRCLE ( 'NONE', #3195, 4.600000000000002309 ) ;
#4449 = AXIS2_PLACEMENT_3D ( 'NONE', #6591, #1308, #1200 ) ;
#4450 = CARTESIAN_POINT ( 'NONE',  ( -7.305975594039679777, 4.000000000000000000, 24.47908906616329361 ) ) ;
#4451 = CARTESIAN_POINT ( 'NONE',  ( 1.326359480031691573, 4.000000000000002665, 24.92680676981120769 ) ) ;
#4452 = VECTOR ( 'NONE', #441, 1000.000000000000000 ) ;
#4453 = CARTESIAN_POINT ( 'NONE',  ( 7.984141292735046136, 4.500000000000000888, 24.94458725112369635 ) ) ;
#4454 = CARTESIAN_POINT ( 'NONE',  ( 5.951383736675908587, 4.500000000000000888, 24.80460897103013096 ) ) ;
#4455 = ORIENTED_EDGE ( 'NONE', *, *, #3254, .F. ) ;
#4456 = CARTESIAN_POINT ( 'NONE',  ( -2.368447822588824803, 4.500000000000000888, 24.65265133203052983 ) ) ;
#4457 = FACE_OUTER_BOUND ( 'NONE', #5176, .T. ) ;
#4458 = VECTOR ( 'NONE', #2079, 1000.000000000000000 ) ;
#4459 = ORIENTED_EDGE ( 'NONE', *, *, #896, .T. ) ;
#4460 = DIRECTION ( 'NONE',  ( 0.000000000000000000, -1.000000000000000000, 0.000000000000000000 ) ) ;
#4461 = CARTESIAN_POINT ( 'NONE',  ( -7.300601662142308435, 4.500000000000000888, 24.33009433961813883 ) ) ;
#4462 = PLANE ( 'NONE',  #6040 ) ;
#4463 = EDGE_LOOP ( 'NONE', ( #3659, #6838, #5681, #5223 ) ) ;
#4464 = VECTOR ( 'NONE', #6084, 1000.000000000000000 ) ;
#4465 = CARTESIAN_POINT ( 'NONE',  ( 5.291666666666670515, 4.000000000000000000, 24.25768821266215625 ) ) ;
#4466 = CARTESIAN_POINT ( 'NONE',  ( 7.965484775641028747, 4.500000000000000888, 21.25398896052540465 ) ) ;
#4467 = CARTESIAN_POINT ( 'NONE',  ( 8.099390726769916782, 4.500000000000000888, 25.70252418140291439 ) ) ;
#4468 = CARTESIAN_POINT ( 'NONE',  ( 4.506396901709405434, 4.500000000000000888, 22.86862571266215483 ) ) ;
#4469 = ORIENTED_EDGE ( 'NONE', *, *, #1194, .T. ) ;
#4470 = CARTESIAN_POINT ( 'NONE',  ( 1.438072367256990836, 4.499999999999999112, 22.01539392901172221 ) ) ;
#4471 = DIRECTION ( 'NONE',  ( 0.000000000000000000, 0.000000000000000000, -1.000000000000000000 ) ) ;
#4472 = CARTESIAN_POINT ( 'NONE',  ( 2.903632478632479863, 4.000000000000000000, 23.48089868274762182 ) ) ;
#4473 = VERTEX_POINT ( 'NONE', #477 ) ;
#4474 = CARTESIAN_POINT ( 'NONE',  ( -5.216187945022367600, 4.500000000000000888, 22.12304886836487228 ) ) ;
#4475 = CARTESIAN_POINT ( 'NONE',  ( -1.289128193739596639, 4.000000000000000000, 24.59309115225482145 ) ) ;
#4476 = CARTESIAN_POINT ( 'NONE',  ( 5.247687853813317815, 4.500000000000002665, 24.53223885853340391 ) ) ;
#4477 = EDGE_CURVE ( 'NONE', #3342, #3144, #2262, .T. ) ;
#4478 = EDGE_LOOP ( 'NONE', ( #4428, #6267, #3756, #2010 ) ) ;
#4479 = EDGE_CURVE ( 'NONE', #454, #5547, #5956, .T. ) ;
#4480 = CARTESIAN_POINT ( 'NONE',  ( -1.743160343733724194, 4.000000000000000888, 23.58865915018472137 ) ) ;
#4481 = CARTESIAN_POINT ( 'NONE',  ( -8.660254037844389075, 1.000000000000000888, 6.599999999999999645 ) ) ;
#4482 = FACE_OUTER_BOUND ( 'NONE', #5879, .T. ) ;
#4483 = LINE ( 'NONE', #6549, #1747 ) ;
#4484 = LINE ( 'NONE', #4976, #531 ) ;
#4485 = EDGE_LOOP ( 'NONE', ( #2385, #2838 ) ) ;
#4486 = DIRECTION ( 'NONE',  ( -1.400677330766444643E-13, 1.000000000000000000, -1.194851352599107633E-13 ) ) ;
#4487 = CARTESIAN_POINT ( 'NONE',  ( 0.9741108715306160404, 4.000000000000002665, 24.63718520842033399 ) ) ;
#4488 = AXIS2_PLACEMENT_3D ( 'NONE', #6330, #445, #2026 ) ;
#4489 = CARTESIAN_POINT ( 'NONE',  ( -9.431024902839880042, 4.000000000000000000, 25.15271437432333101 ) ) ;
#4490 = CARTESIAN_POINT ( 'NONE',  ( 8.007955913473105980, 4.000000000000000888, 24.94388321381370588 ) ) ;
#4491 = PLANE ( 'NONE',  #4684 ) ;
#4492 = ORIENTED_EDGE ( 'NONE', *, *, #6835, .F. ) ;
#4493 = LINE ( 'NONE', #73, #1272 ) ;
#4494 = CARTESIAN_POINT ( 'NONE',  ( 2.079696698104826158, 4.500000000000000888, 25.58232908777731041 ) ) ;
#4495 = AXIS2_PLACEMENT_3D ( 'NONE', #4919, #713, #3355 ) ;
#4496 = CARTESIAN_POINT ( 'NONE',  ( 0.000000000000000000, 4.000000000000000000, 0.000000000000000000 ) ) ;
#4497 = CARTESIAN_POINT ( 'NONE',  ( 1.471320779914531363, 4.500000000000000888, 22.01381802035446356 ) ) ;
#4498 = ORIENTED_EDGE ( 'NONE', *, *, #6975, .F. ) ;
#4499 = CARTESIAN_POINT ( 'NONE',  ( 0.000000000000000000, 17.01076477383247720, -10.00000000000000000 ) ) ;
#4500 = CARTESIAN_POINT ( 'NONE',  ( 8.738883054552864849, 4.000000000000000000, 21.48111679084876968 ) ) ;
#4501 = CARTESIAN_POINT ( 'NONE',  ( 9.238533046693577333, 4.500000000000000888, 24.79261773730352658 ) ) ;
#4502 = CARTESIAN_POINT ( 'NONE',  ( 18.00000000000000355, 40.67424164178449786, 21.50000000000000000 ) ) ;
#4503 = VERTEX_POINT ( 'NONE', #5493 ) ;
#4504 = ORIENTED_EDGE ( 'NONE', *, *, #3127, .T. ) ;
#4505 = CARTESIAN_POINT ( 'NONE',  ( 0.8179360346942544657, 4.000000000000001776, 22.87908637419468505 ) ) ;
#4506 = LINE ( 'NONE', #5104, #5058 ) ;
#4507 = CARTESIAN_POINT ( 'NONE',  ( -8.313174412393163237, 4.500000000000000888, 24.94458725112370701 ) ) ;
#4508 = ORIENTED_EDGE ( 'NONE', *, *, #6083, .F. ) ;
#4509 = CARTESIAN_POINT ( 'NONE',  ( -8.479913307064528283, 4.499999999999999112, 25.69928052040242505 ) ) ;
#4510 = CARTESIAN_POINT ( 'NONE',  ( -1.652646464652407277, 4.000000000000000000, 24.91851745285151054 ) ) ;
#4511 = AXIS2_PLACEMENT_3D ( 'NONE', #6343, #5330, #4271 ) ;
#4512 = CARTESIAN_POINT ( 'NONE',  ( 6.585825045092249752, 4.500000000000000888, 22.74213526837327493 ) ) ;
#4513 = CARTESIAN_POINT ( 'NONE',  ( -1.527441842803413552, 3.999999999999999112, 23.66114910138864502 ) ) ;
#4514 = CARTESIAN_POINT ( 'NONE',  ( -4.928077096455375283, 4.000000000000000888, 22.13985602551106879 ) ) ;
#4515 = FACE_OUTER_BOUND ( 'NONE', #6774, .T. ) ;
#4516 = CARTESIAN_POINT ( 'NONE',  ( 19.50000000000000355, 3.000000000000006217, 30.50000000000000000 ) ) ;
#4517 = EDGE_CURVE ( 'NONE', #1349, #762, #1956, .T. ) ;
#4518 = ADVANCED_FACE ( 'NONE', ( #3785 ), #1103, .T. ) ;
#4519 = CARTESIAN_POINT ( 'NONE',  ( 4.455548355813514050, 4.000000000000002665, 23.65487982036390591 ) ) ;
#4520 = VECTOR ( 'NONE', #3558, 1000.000000000000000 ) ;
#4521 = ORIENTED_EDGE ( 'NONE', *, *, #2733, .F. ) ;
#4522 = CARTESIAN_POINT ( 'NONE',  ( 0.1584693988905294948, 4.500000000000000888, 22.31814654408258392 ) ) ;
#4523 = CARTESIAN_POINT ( 'NONE',  ( 1.446659875082505264, 4.000000000000002665, 24.94355836941234372 ) ) ;
#4524 = CARTESIAN_POINT ( 'NONE',  ( 4.768436164529918031, 4.500000000000000888, 22.82792058445702565 ) ) ;
#4525 = CARTESIAN_POINT ( 'NONE',  ( 8.405246178862194384, 4.500000000000000888, 24.72110495530781549 ) ) ;
#4526 = ADVANCED_FACE ( 'NONE', ( #6461 ), #544, .T. ) ;
#4527 = CARTESIAN_POINT ( 'NONE',  ( 5.737346134112216944, 4.500000000000000888, 25.17151586295906185 ) ) ;
#4528 = EDGE_LOOP ( 'NONE', ( #2732, #5326, #4313, #2590 ) ) ;
#4529 = ADVANCED_FACE ( 'NONE', ( #1074 ), #1138, .F. ) ;
#4530 = CARTESIAN_POINT ( 'NONE',  ( 4.589855840321966696, 4.000000000000000888, 24.94118681823607631 ) ) ;
#4531 = ADVANCED_FACE ( 'NONE', ( #575 ), #3748, .F. ) ;
#4532 = LINE ( 'NONE', #5127, #1790 ) ;
#4533 = CARTESIAN_POINT ( 'NONE',  ( -8.006195546983262190, 4.500000000000000888, 25.66871720740712348 ) ) ;
#4534 = FACE_OUTER_BOUND ( 'NONE', #844, .T. ) ;
#4535 = VERTEX_POINT ( 'NONE', #2761 ) ;
#4536 = PLANE ( 'NONE',  #3878 ) ;
#4537 = CARTESIAN_POINT ( 'NONE',  ( -4.486499869853000533, 4.000000000000000000, 22.66296122014890813 ) ) ;
#4538 = B_SPLINE_CURVE_WITH_KNOTS ( 'NONE', 3,
 ( #400, #1972, #5847, #6273, #4137, #5742, #3141, #2479, #3566, #5306, #469, #859, #2553, #2621, #894, #3041, #364, #2514, #4708 ),
 .UNSPECIFIED., .F., .F.,
 ( 4, 1, 1, 1, 1, 1, 1, 1, 1, 1, 1, 1, 1, 1, 1, 1, 4 ),
 ( 0.000000000000000000, 0.06376895995773869397, 0.1252623047603764750, 0.1854135826663902975, 0.2468067624960856021, 0.3094223888496970276, 0.3725326822170088037, 0.4377332507368574266, 0.5057495167426336868, 0.5440132631112706285, 0.5883695992066305669, 0.6403890193945122045, 0.6978974005877088826, 0.7632716192950985690, 0.8349786038393129939, 0.9138736558434374935, 1.000000000000000000 ),
 .UNSPECIFIED. ) ;
#4539 = CARTESIAN_POINT ( 'NONE',  ( 7.984141292735046136, 4.500000000000000888, 24.94458725112369635 ) ) ;
#4540 = CARTESIAN_POINT ( 'NONE',  ( -20.49999999999999645, 0.000000000000000000, 29.50000000000000000 ) ) ;
#4541 = ORIENTED_EDGE ( 'NONE', *, *, #3996, .T. ) ;
#4542 = CARTESIAN_POINT ( 'NONE',  ( -8.660254037844389075, 1.000000000000000000, 0.3999999999999966915 ) ) ;
#4543 = DIRECTION ( 'NONE',  ( -0.9746736483397872020, 0.000000000000000000, -0.2236320174572703767 ) ) ;
#4544 = CARTESIAN_POINT ( 'NONE',  ( 3.410371824552308251, 4.500000000000002665, 25.03905045217858216 ) ) ;
#4545 = EDGE_LOOP ( 'NONE', ( #6408, #157, #6070, #6574 ) ) ;
#4546 = CARTESIAN_POINT ( 'NONE',  ( 8.247279908514251190, 4.500000000000002665, 24.87281162062013706 ) ) ;
#4547 = CARTESIAN_POINT ( 'NONE',  ( 7.060745936100991216, 4.500000000000000888, 25.35778078400520386 ) ) ;
#4548 = CARTESIAN_POINT ( 'NONE',  ( -3.159609102565489103, 4.000000000000000000, 24.93017364992046936 ) ) ;
#4549 = CARTESIAN_POINT ( 'NONE',  ( -1.349873259352533550, 4.500000000000000888, 23.82373472412801263 ) ) ;
#4550 = CARTESIAN_POINT ( 'NONE',  ( -8.865662306531312709, 4.000000000000000000, 24.60719236515533126 ) ) ;
#4551 = CARTESIAN_POINT ( 'NONE',  ( -4.409750838662545469, 4.500000000000000888, 23.62863079388061749 ) ) ;
#4552 = CARTESIAN_POINT ( 'NONE',  ( 2.143080589339188435, 3.999999999999999112, 23.54705030498525176 ) ) ;
#4553 = CARTESIAN_POINT ( 'NONE',  ( -2.786912131727332209, 4.500000000000000888, 25.40141974075248754 ) ) ;
#4554 = CARTESIAN_POINT ( 'NONE',  ( 0.000000000000000000, 1.000000000000000888, -10.00000000000000000 ) ) ;
#4555 = CARTESIAN_POINT ( 'NONE',  ( 0.1112184357483290004, 4.499999999999999112, 22.52044728277162022 ) ) ;
#4556 = CARTESIAN_POINT ( 'NONE',  ( 8.007955913473105980, 4.500000000000000888, 24.94388321381370588 ) ) ;
#4557 = DIRECTION ( 'NONE',  ( 0.000000000000000000, -0.000000000000000000, -1.000000000000000000 ) ) ;
#4558 = ORIENTED_EDGE ( 'NONE', *, *, #4113, .T. ) ;
#4559 = AXIS2_PLACEMENT_3D ( 'NONE', #1018, #6988, #3097 ) ;
#4560 = LINE ( 'NONE', #5197, #2925 ) ;
#4561 = CARTESIAN_POINT ( 'NONE',  ( 7.381647800299662165, 4.499999999999999112, 22.59727244140972502 ) ) ;
#4562 = B_SPLINE_SURFACE_WITH_KNOTS ( 'NONE', 3, 1, ( 
 ( #814, #6340 ),
 ( #4082, #4627 ),
 ( #4047, #6805 ),
 ( #3589, #3065 ),
 ( #5226, #5264 ),
 ( #389, #2000 ),
 ( #1927, #3554 ),
 ( #6193, #5730 ),
 ( #2995, #4698 ),
 ( #1477, #4122 ),
 ( #425, #951 ),
 ( #1375, #1343 ),
 ( #882, #4593 ),
 ( #6261, #284 ),
 ( #318, #1445 ),
 ( #5659, #5765 ),
 ( #850, #3032 ),
 ( #4163, #2578 ),
 ( #3520, #2544 ),
 ( #5194, #6772 ),
 ( #6876, #5158 ),
 ( #918, #354 ),
 ( #2503, #2962 ),
 ( #1896, #4661 ),
 ( #5122, #6842 ),
 ( #5693, #3623 ),
 ( #1962, #5802 ) ),
 .UNSPECIFIED., .F., .F., .F.,
 ( 4, 1, 1, 1, 1, 1, 1, 1, 1, 1, 1, 1, 1, 1, 1, 1, 1, 1, 1, 1, 1, 1, 1, 1, 4 ),
 ( 2, 2 ),
 ( 0.000000000000000000, 0.03821733796913612952, 0.07486720303994330583, 0.1101580815531042756, 0.1444539266593010407, 0.1780797262741529996, 0.2111707725935978719, 0.2436870542144175533, 0.2758717334447993719, 0.3083755160139863283, 0.3412633249363585253, 0.3751503394709049255, 0.4096552607042125427, 0.4451573674923582913, 0.4820734672046716462, 0.5205757562184279985, 0.5605536808978377472, 0.6031075754382531073, 0.6486887095294882055, 0.6979476778875632892, 0.7507677670183539043, 0.8073094024459648299, 0.8676555707911403070, 0.9318612220995590167, 0.9999999999999998890 ),
 ( 0.000000000000000000, 1.000000000000000000 ),
 .UNSPECIFIED. ) ;
#4563 = ADVANCED_FACE ( 'NONE', ( #14 ), #1598, .T. ) ;
#4564 = CARTESIAN_POINT ( 'NONE',  ( 7.310905717206375165, 4.000000000000000000, 23.11246591404397677 ) ) ;
#4565 = EDGE_CURVE ( 'NONE', #5171, #1117, #3110, .T. ) ;
#4566 = CARTESIAN_POINT ( 'NONE',  ( 8.542577304279159733, 4.000000000000003553, 24.44593175506041050 ) ) ;
#4567 = ORIENTED_EDGE ( 'NONE', *, *, #6703, .T. ) ;
#4568 = DIRECTION ( 'NONE',  ( -0.000000000000000000, -1.000000000000000000, -0.000000000000000000 ) ) ;
#4569 = CARTESIAN_POINT ( 'NONE',  ( -5.267073985042731721, 4.000000000000000000, 22.99074109727754234 ) ) ;
#4570 = CARTESIAN_POINT ( 'NONE',  ( 6.541134785097534099, 4.000000000000006217, 23.71955985808311596 ) ) ;
#4571 = DIRECTION ( 'NONE',  ( 0.000000000000000000, 0.000000000000000000, 1.000000000000000000 ) ) ;
#4572 = CIRCLE ( 'NONE', #1299, 1.600000000000001643 ) ;
#4573 = AXIS2_PLACEMENT_3D ( 'NONE', #2793, #1693, #3844 ) ;
#4574 = ORIENTED_EDGE ( 'NONE', *, *, #33, .T. ) ;
#4575 =( NAMED_UNIT ( * ) PLANE_ANGLE_UNIT ( ) SI_UNIT ( $, .RADIAN. ) );
#4576 = PLANE ( 'NONE',  #1443 ) ;
#4577 = VECTOR ( 'NONE', #2678, 1000.000000000000000 ) ;
#4578 = CARTESIAN_POINT ( 'NONE',  ( 8.315066441042771928, 4.500000000000000888, 22.13730806386320182 ) ) ;
#4579 = ORIENTED_EDGE ( 'NONE', *, *, #1500, .F. ) ;
#4580 = CARTESIAN_POINT ( 'NONE',  ( -8.369833027142142612, 4.499999999999999112, 25.70268847924564426 ) ) ;
#4581 = CARTESIAN_POINT ( 'NONE',  ( -1.222362833827695061, 4.000000000000000000, 24.33056431776325468 ) ) ;
#4582 = DIRECTION ( 'NONE',  ( -0.000000000000000000, -1.000000000000000000, 0.000000000000000000 ) ) ;
#4583 = LINE ( 'NONE', #6762, #2572 ) ;
#4584 = B_SPLINE_SURFACE_WITH_KNOTS ( 'NONE', 3, 1, ( 
 ( #4078, #5084 ),
 ( #2466, #1340 ),
 ( #6295, #1403 ),
 ( #1959, #2926 ),
 ( #2392, #914 ),
 ( #5222, #3974 ),
 ( #3486, #2539 ),
 ( #279, #1307 ),
 ( #5655, #5190 ),
 ( #4553, #4589 ),
 ( #386, #4623 ),
 ( #2957, #2430 ),
 ( #6732, #6802 ),
 ( #6768, #351 ),
 ( #1893, #3450 ),
 ( #3516, #843 ),
 ( #2991, #3549 ),
 ( #2500, #4657 ),
 ( #4118, #1441 ) ),
 .UNSPECIFIED., .F., .F., .F.,
 ( 4, 1, 1, 1, 1, 1, 1, 1, 1, 1, 1, 1, 1, 1, 1, 1, 4 ),
 ( 2, 2 ),
 ( 0.000000000000000000, 0.06593481762567719728, 0.1300372587941655000, 0.1923620702496510460, 0.2538195214289185042, 0.3141994357375421099, 0.3746698781567771586, 0.4351541180379870366, 0.4964786684939709316, 0.5578092661396401031, 0.6190309229821125969, 0.6796911875192902519, 0.7409612864102638197, 0.8033752905051755322, 0.8668176884999604370, 0.9323179771745049305, 1.000000000000000000 ),
 ( 0.000000000000000000, 1.000000000000000000 ),
 .UNSPECIFIED. ) ;
#4585 = DIRECTION ( 'NONE',  ( 0.000000000000000000, 1.000000000000000000, 0.000000000000000000 ) ) ;
#4586 = CARTESIAN_POINT ( 'NONE',  ( -4.409750838662545469, 4.000000000000000000, 23.62863079388061749 ) ) ;
#4587 = CARTESIAN_POINT ( 'NONE',  ( 4.768436164529918031, 4.000000000000000000, 22.82792058445702565 ) ) ;
#4588 = CARTESIAN_POINT ( 'NONE',  ( 4.144499593942790661, 4.000000000000000000, 25.62970012817013199 ) ) ;
#4589 = CARTESIAN_POINT ( 'NONE',  ( -2.786912131727332209, 4.000000000000001776, 25.40141974075248754 ) ) ;
#4590 = ORIENTED_EDGE ( 'NONE', *, *, #3605, .F. ) ;
#4591 = CARTESIAN_POINT ( 'NONE',  ( -8.507550611286077924, 4.500000000000000888, 24.90274502873120710 ) ) ;
#4592 = CARTESIAN_POINT ( 'NONE',  ( 4.769660169086785473, 4.000000000000002665, 23.58865915018472137 ) ) ;
#4593 = CARTESIAN_POINT ( 'NONE',  ( 0.4793194680529171414, 4.000000000000001776, 25.28427818816853545 ) ) ;
#4594 = CARTESIAN_POINT ( 'NONE',  ( -8.292873090962421756, 4.499999999999999112, 24.94352856990443712 ) ) ;
#4595 = EDGE_LOOP ( 'NONE', ( #2102, #4521, #4038, #6021 ) ) ;
#4596 = CARTESIAN_POINT ( 'NONE',  ( 6.030949217144281782, 4.000000000000000888, 23.93920038580247578 ) ) ;
#4597 = CARTESIAN_POINT ( 'NONE',  ( 2.386614281907655233, 4.499999999999999112, 25.35888116901129763 ) ) ;
#4598 =( GEOMETRIC_REPRESENTATION_CONTEXT ( 3 ) GLOBAL_UNCERTAINTY_ASSIGNED_CONTEXT ( ( #5771 ) ) GLOBAL_UNIT_ASSIGNED_CONTEXT ( ( #965, #4575, #4642 ) ) REPRESENTATION_CONTEXT ( 'NONE', 'WORKASPACE' ) );
#4599 = CARTESIAN_POINT ( 'NONE',  ( 0.000000000000000000, 5.500000000000000000, -18.00000000000000000 ) ) ;
#4600 = CARTESIAN_POINT ( 'NONE',  ( -1.478720385827780426, 3.999999999999999112, 23.69312498802048950 ) ) ;
#4601 = ORIENTED_EDGE ( 'NONE', *, *, #1838, .T. ) ;
#4602 = CARTESIAN_POINT ( 'NONE',  ( -1.782215568791053251, 4.500000000000000888, 23.58805597142574584 ) ) ;
#4603 = CARTESIAN_POINT ( 'NONE',  ( 8.655685127333173412, 4.500000000000000888, 21.42776564186328159 ) ) ;
#4604 = EDGE_CURVE ( 'NONE', #3758, #75, #81, .T. ) ;
#4605 = CARTESIAN_POINT ( 'NONE',  ( 6.868831182342009178, 4.500000000000000888, 25.11540116222560215 ) ) ;
#4606 = EDGE_CURVE ( 'NONE', #448, #1097, #2180, .T. ) ;
#4607 = CARTESIAN_POINT ( 'NONE',  ( -19.50000000000000355, 0.000000000000000000, -20.49999999999998934 ) ) ;
#4608 = VECTOR ( 'NONE', #4316, 1000.000000000000114 ) ;
#4609 = EDGE_CURVE ( 'NONE', #6141, #226, #822, .T. ) ;
#4610 = EDGE_LOOP ( 'NONE', ( #2856, #3029, #3039, #2551 ) ) ;
#4611 = CARTESIAN_POINT ( 'NONE',  ( 8.655685127333173412, 4.500000000000000888, 21.42776564186328159 ) ) ;
#4612 = LINE ( 'NONE', #934, #3802 ) ;
#4613 = CARTESIAN_POINT ( 'NONE',  ( 4.969220548925322944, 4.000000000000001776, 24.87018787320162261 ) ) ;
#4614 = EDGE_LOOP ( 'NONE', ( #3726, #4811, #3173, #4995, #100, #2885, #4102, #2183 ) ) ;
#4615 = DIRECTION ( 'NONE',  ( 0.000000000000000000, 0.000000000000000000, 1.000000000000000000 ) ) ;
#4616 = LINE ( 'NONE', #6362, #4132 ) ;
#4617 = CARTESIAN_POINT ( 'NONE',  ( -3.251791232998745951, 4.000000000000000888, 24.69268501625775869 ) ) ;
#4618 = CARTESIAN_POINT ( 'NONE',  ( -1.088350287250515525, 4.499999999999999112, 25.46672230019053274 ) ) ;
#4619 = CARTESIAN_POINT ( 'NONE',  ( -1.983890319464387098, 4.500000000000000888, 22.86234990646688914 ) ) ;
#4620 = DIRECTION ( 'NONE',  ( 0.000000000000000000, 0.000000000000000000, -1.000000000000000000 ) ) ;
#4621 = LINE ( 'NONE', #5795, #2657 ) ;
#4622 = CARTESIAN_POINT ( 'NONE',  ( 7.885708341946084055, 4.499999999999999112, 22.01848354652276285 ) ) ;
#4623 = CARTESIAN_POINT ( 'NONE',  ( -2.877715046036715574, 4.000000000000000000, 25.32162280697504642 ) ) ;
#4624 = VERTEX_POINT ( 'NONE', #6712 ) ;
#4625 = DIRECTION ( 'NONE',  ( 0.000000000000000000, 0.000000000000000000, 1.000000000000000000 ) ) ;
#4626 = CARTESIAN_POINT ( 'NONE',  ( 0.1112184357483290004, 3.999999999999998224, 22.52044728277162022 ) ) ;
#4627 = CARTESIAN_POINT ( 'NONE',  ( 1.436816179226117152, 4.000000000000001776, 25.70376288419777921 ) ) ;
#4628 = CARTESIAN_POINT ( 'NONE',  ( 2.835796346977407012, 4.499999999999999112, 22.58334324113543801 ) ) ;
#4629 = ORIENTED_EDGE ( 'NONE', *, *, #3643, .T. ) ;
#4630 = CARTESIAN_POINT ( 'NONE',  ( 5.387090073654102973, 4.500000000000000888, 22.98047589546434466 ) ) ;
#4631 = DIRECTION ( 'NONE',  ( 1.000000000000000000, 0.000000000000000000, 0.000000000000000000 ) ) ;
#4632 = B_SPLINE_CURVE_WITH_KNOTS ( 'NONE', 3,
 ( #3768, #460, #5334, #2711, #4770, #2683, #2076, #5268, #4239, #1615, #1549, #492, #5875, #4807, #3240, #6993, #5401, #562, #428 ),
 .UNSPECIFIED., .F., .F.,
 ( 4, 1, 1, 1, 1, 1, 1, 1, 1, 1, 1, 1, 1, 1, 1, 1, 4 ),
 ( 0.000000000000000000, 0.07289060658065193987, 0.1418833354390787727, 0.2092821354239204346, 0.2746226384553188682, 0.3384391539790456704, 0.4013048615705233635, 0.4650061847340456467, 0.5283200864625126059, 0.5907402649620382418, 0.6509809274188453898, 0.7096903202894515594, 0.7672117550042963918, 0.8241879505444245080, 0.8817668141839331009, 0.9399547263812980669, 1.000000000000000000 ),
 .UNSPECIFIED. ) ;
#4633 = CARTESIAN_POINT ( 'NONE',  ( 7.304039990405519767, 4.000000000000000000, 23.24309842269121873 ) ) ;
#4634 = CARTESIAN_POINT ( 'NONE',  ( 4.211284722222226051, 4.000000000000000000, 23.85826914214933225 ) ) ;
#4635 = ORIENTED_EDGE ( 'NONE', *, *, #6921, .T. ) ;
#4636 = CARTESIAN_POINT ( 'NONE',  ( 4.069664797008551105, 4.000000000000000000, 21.36253596907241104 ) ) ;
#4637 = CARTESIAN_POINT ( 'NONE',  ( -1.543599963895188720, 4.500000000000000888, 24.87018787320161195 ) ) ;
#4638 = CARTESIAN_POINT ( 'NONE',  ( 6.763181623034422607, 4.499999999999999112, 24.91738382328289703 ) ) ;
#4639 = CARTESIAN_POINT ( 'NONE',  ( -2.368447822588824803, 4.000000000000001776, 24.65265133203052983 ) ) ;
#4640 = EDGE_CURVE ( 'NONE', #2375, #2350, #2443, .T. ) ;
#4641 = ORIENTED_EDGE ( 'NONE', *, *, #292, .T. ) ;
#4642 =( NAMED_UNIT ( * ) SI_UNIT ( $, .STERADIAN. ) SOLID_ANGLE_UNIT ( ) );
#4643 = DIRECTION ( 'NONE',  ( 0.000000000000000000, -0.000000000000000000, -1.000000000000000000 ) ) ;
#4644 = CARTESIAN_POINT ( 'NONE',  ( 4.679393696581199968, 4.000000000000000000, 24.94458725112369279 ) ) ;
#4645 = ORIENTED_EDGE ( 'NONE', *, *, #24, .T. ) ;
#4646 = CARTESIAN_POINT ( 'NONE',  ( 6.564021390952202495, 4.499999999999999112, 24.08951470073433754 ) ) ;
#4647 = CARTESIAN_POINT ( 'NONE',  ( 7.965484775641028747, 4.000000000000000000, 21.25398896052540465 ) ) ;
#4648 = DIRECTION ( 'NONE',  ( 0.000000000000000000, 1.000000000000000000, 0.000000000000000000 ) ) ;
#4649 = ORIENTED_EDGE ( 'NONE', *, *, #6354, .F. ) ;
#4650 = CARTESIAN_POINT ( 'NONE',  ( -1.458535712049650490, 3.999999999999998224, 25.64658468593413332 ) ) ;
#4651 = ADVANCED_FACE ( 'NONE', ( #2865 ), #6639, .T. ) ;
#4652 = EDGE_CURVE ( 'NONE', #1459, #1687, #751, .T. ) ;
#4653 = CARTESIAN_POINT ( 'NONE',  ( 6.540682202532630996, 4.000000000000002665, 23.42687525227378842 ) ) ;
#4654 = LINE ( 'NONE', #5758, #276 ) ;
#4655 = DIRECTION ( 'NONE',  ( -0.000000000000000000, -1.000000000000000000, -0.000000000000000000 ) ) ;
#4656 = CARTESIAN_POINT ( 'NONE',  ( 7.310905717206375165, 3.999999999999999112, 23.11246591404397677 ) ) ;
#4657 = CARTESIAN_POINT ( 'NONE',  ( -3.272846775811732112, 4.000000000000001776, 24.60780696455064387 ) ) ;
#4658 = ORIENTED_EDGE ( 'NONE', *, *, #6474, .T. ) ;
#4659 = DIRECTION ( 'NONE',  ( 0.000000000000000000, -1.000000000000000000, 0.000000000000000000 ) ) ;
#4660 = CARTESIAN_POINT ( 'NONE',  ( 0.02713675213675360159, 4.000000000000000000, 23.52075578744847917 ) ) ;
#4661 = CARTESIAN_POINT ( 'NONE',  ( 0.03682504609944922680, 4.000000000000003553, 23.91049027396239879 ) ) ;
#4662 = CARTESIAN_POINT ( 'NONE',  ( 2.861316987204110429, 4.500000000000000888, 22.74061880374977562 ) ) ;
#4663 = ORIENTED_EDGE ( 'NONE', *, *, #2733, .T. ) ;
#4664 = CARTESIAN_POINT ( 'NONE',  ( 5.493622356653113492, 4.000000000000002665, 23.04874113982839035 ) ) ;
#4665 = CARTESIAN_POINT ( 'NONE',  ( -8.944614340585321344, 4.500000000000000888, 25.55642439221706042 ) ) ;
#4666 = CARTESIAN_POINT ( 'NONE',  ( -8.314022435897433283, 4.500000000000000888, 25.70441631095276236 ) ) ;
#4667 = CARTESIAN_POINT ( 'NONE',  ( -6.322863247863244496, 4.500000000000000888, 25.59586930240574532 ) ) ;
#4668 = CARTESIAN_POINT ( 'NONE',  ( -19.49999999999999645, 4.499999999999999112, 19.49999999999999645 ) ) ;
#4669 = CARTESIAN_POINT ( 'NONE',  ( -4.372409188034183991, 4.500000000000000888, 25.59586930240574532 ) ) ;
#4670 = CARTESIAN_POINT ( 'NONE',  ( -1.652646464652407277, 4.500000000000000888, 24.91851745285151054 ) ) ;
#4671 = CARTESIAN_POINT ( 'NONE',  ( 7.060745936100991216, 4.500000000000000888, 25.35778078400520386 ) ) ;
#4672 = CARTESIAN_POINT ( 'NONE',  ( 4.211284722222226051, 4.500000000000000888, 23.85826914214933225 ) ) ;
#4673 = CIRCLE ( 'NONE', #391, 4.600000000000001421 ) ;
#4674 = ORIENTED_EDGE ( 'NONE', *, *, #4441, .T. ) ;
#4675 = CARTESIAN_POINT ( 'NONE',  ( 9.416452991452995747, 4.500000000000000888, 23.48089868274762537 ) ) ;
#4676 = LINE ( 'NONE', #4144, #6892 ) ;
#4677 = CARTESIAN_POINT ( 'NONE',  ( -8.641357374462645069, 4.000000000000001776, 25.67025346290167676 ) ) ;
#4678 = ORIENTED_EDGE ( 'NONE', *, *, #3124, .F. ) ;
#4679 = CARTESIAN_POINT ( 'NONE',  ( -1.866774979835232440, 4.500000000000000888, 23.59020559982077714 ) ) ;
#4680 = CARTESIAN_POINT ( 'NONE',  ( 18.00000000000000355, 1.500000000000000000, 21.50000000000000000 ) ) ;
#4681 = CARTESIAN_POINT ( 'NONE',  ( 7.984141292735046136, 4.000000000000000000, 24.94458725112369635 ) ) ;
#4682 = B_SPLINE_CURVE_WITH_KNOTS ( 'NONE', 3,
 ( #1043, #4224, #5794, #382, #4189, #4794, #3583, #4156, #910, #5894, #6981, #3190, #1951, #1504, #2602, #2532, #3121, #1470, #4111, #4756, #6332, #5862, #2098, #5218, #2569, #6289, #1435 ),
 .UNSPECIFIED., .F., .F.,
 ( 4, 1, 1, 1, 1, 1, 1, 1, 1, 1, 1, 1, 1, 1, 1, 1, 1, 1, 1, 1, 1, 1, 1, 1, 4 ),
 ( 0.000000000000000000, 0.03821733796913612952, 0.07486720303994330583, 0.1101580815531042756, 0.1444539266593010407, 0.1780797262741529996, 0.2111707725935978719, 0.2436870542144175533, 0.2758717334447993719, 0.3083755160139863283, 0.3412633249363585253, 0.3751503394709049255, 0.4096552607042125427, 0.4451573674923582913, 0.4820734672046716462, 0.5205757562184279985, 0.5605536808978377472, 0.6031075754382531073, 0.6486887095294882055, 0.6979476778875632892, 0.7507677670183539043, 0.8073094024459648299, 0.8676555707911403070, 0.9318612220995590167, 0.9999999999999998890 ),
 .UNSPECIFIED. ) ;
#4683 = ORIENTED_EDGE ( 'NONE', *, *, #4297, .F. ) ;
#4684 = AXIS2_PLACEMENT_3D ( 'NONE', #4420, #5014, #4557 ) ;
#4685 = CARTESIAN_POINT ( 'NONE',  ( -1.458535712049650490, 4.499999999999999112, 25.64658468593413332 ) ) ;
#4686 = CARTESIAN_POINT ( 'NONE',  ( 6.859377730673636542, 4.000000000000000888, 21.87640872641538792 ) ) ;
#4687 = CARTESIAN_POINT ( 'NONE',  ( 1.050063129619973612, 4.500000000000000888, 25.65101840851537318 ) ) ;
#4688 = CARTESIAN_POINT ( 'NONE',  ( 1.988211819131444624, 4.000000000000000888, 24.55673696896498370 ) ) ;
#4689 = AXIS2_PLACEMENT_3D ( 'NONE', #2470, #1408, #2434 ) ;
#4690 = ADVANCED_FACE ( 'NONE', ( #6065 ), #4536, .T. ) ;
#4691 = ORIENTED_EDGE ( 'NONE', *, *, #541, .T. ) ;
#4692 = EDGE_CURVE ( 'NONE', #440, #4503, #5654, .T. ) ;
#4693 = CARTESIAN_POINT ( 'NONE',  ( 19.50000000000000355, 4.499999999999999112, -19.49999999999999645 ) ) ;
#4694 = DIRECTION ( 'NONE',  ( 1.982541115402065356E-16, -0.000000000000000000, 1.000000000000000000 ) ) ;
#4695 = ORIENTED_EDGE ( 'NONE', *, *, #6780, .F. ) ;
#4696 = CARTESIAN_POINT ( 'NONE',  ( 5.250380667960895309, 4.500000000000000888, 23.99070536142653154 ) ) ;
#4697 = CARTESIAN_POINT ( 'NONE',  ( -4.326604524550933029, 4.000000000000001776, 21.51733631351854825 ) ) ;
#4698 = CARTESIAN_POINT ( 'NONE',  ( 0.7780760969636926205, 4.000000000000003553, 25.53617284564468903 ) ) ;
#4699 = CARTESIAN_POINT ( 'NONE',  ( -8.200168772398839678, 4.500000000000000888, 24.91886595651153868 ) ) ;
#4700 = DIRECTION ( 'NONE',  ( -1.000000000000000000, 3.097469458992887787E-14, 0.000000000000000000 ) ) ;
#4701 = CARTESIAN_POINT ( 'NONE',  ( -9.223046296806332478, 4.000000000000000000, 25.36758136476434800 ) ) ;
#4702 = CIRCLE ( 'NONE', #4011, 0.5000000000000004441 ) ;
#4703 = DIRECTION ( 'NONE',  ( -0.000000000000000000, -1.000000000000000000, -0.000000000000000000 ) ) ;
#4704 = CARTESIAN_POINT ( 'NONE',  ( -2.940945512820506202, 4.500000000000000888, 23.71156107591001216 ) ) ;
#4705 = CARTESIAN_POINT ( 'NONE',  ( 7.299786324786328606, 4.500000000000000888, 23.52923602249121515 ) ) ;
#4706 = VECTOR ( 'NONE', #1079, 1000.000000000000000 ) ;
#4707 = CARTESIAN_POINT ( 'NONE',  ( 20.50000000000000355, 0.000000000000000000, -19.49999999999999645 ) ) ;
#4708 = CARTESIAN_POINT ( 'NONE',  ( -5.304387019230766498, 4.500000000000423661, 22.12236502890147349 ) ) ;
#4709 = CARTESIAN_POINT ( 'NONE',  ( 6.992139980873431249, 4.000000000000007994, 25.28427818816854256 ) ) ;
#4710 = CARTESIAN_POINT ( 'NONE',  ( 19.50000000000000355, 1.000000000000000000, -20.49999999999999645 ) ) ;
#4711 = ORIENTED_EDGE ( 'NONE', *, *, #504, .T. ) ;
#4712 = ORIENTED_EDGE ( 'NONE', *, *, #6309, .T. ) ;
#4713 = LINE ( 'NONE', #3607, #7003 ) ;
#4714 = DIRECTION ( 'NONE',  ( 0.000000000000000000, 0.000000000000000000, -1.000000000000000000 ) ) ;
#4715 = CARTESIAN_POINT ( 'NONE',  ( -3.210300124192261517, 4.500000000000000888, 24.81511901707376566 ) ) ;
#4716 = ORIENTED_EDGE ( 'NONE', *, *, #3480, .F. ) ;
#4717 = AXIS2_PLACEMENT_3D ( 'NONE', #4362, #480, #4258 ) ;
#4718 = CARTESIAN_POINT ( 'NONE',  ( 6.763181623034422607, 4.499999999999999112, 24.91738382328289703 ) ) ;
#4719 = CARTESIAN_POINT ( 'NONE',  ( 7.299786324786328606, 4.000000000000000000, 23.52923602249121515 ) ) ;
#4720 = CARTESIAN_POINT ( 'NONE',  ( 7.302047422895862283, 3.999999999999999112, 23.71728889920657224 ) ) ;
#4721 = ORIENTED_EDGE ( 'NONE', *, *, #6608, .F. ) ;
#4722 = VECTOR ( 'NONE', #1280, 1000.000000000000000 ) ;
#4723 = CARTESIAN_POINT ( 'NONE',  ( -0.4627594288551405421, 4.500000000000000888, 24.28204755736115317 ) ) ;
#4724 = CARTESIAN_POINT ( 'NONE',  ( 1.743471366059381245, 3.999999999999998224, 22.09147355775840182 ) ) ;
#4725 = CARTESIAN_POINT ( 'NONE',  ( 0.6204694095416509736, 4.499999999999999112, 25.42445497820362732 ) ) ;
#4726 = CARTESIAN_POINT ( 'NONE',  ( 1.452664262820513974, 4.500000000000000888, 21.25398896052540465 ) ) ;
#4727 = ORIENTED_EDGE ( 'NONE', *, *, #1995, .F. ) ;
#4728 = DIRECTION ( 'NONE',  ( -0.000000000000000000, -1.000000000000000000, -0.000000000000000000 ) ) ;
#4729 = CARTESIAN_POINT ( 'NONE',  ( 17.50000000000000000, 40.67424164178449786, 20.99999999999999645 ) ) ;
#4730 = CARTESIAN_POINT ( 'NONE',  ( 4.636144497863251779, 4.000000000000000000, 25.70441631095275170 ) ) ;
#4731 = CARTESIAN_POINT ( 'NONE',  ( 17.50000000000000000, 4.000000000000003553, 20.99999999999999645 ) ) ;
#4732 = PLANE ( 'NONE',  #58 ) ;
#4733 = ORIENTED_EDGE ( 'NONE', *, *, #1022, .F. ) ;
#4734 = PLANE ( 'NONE',  #4052 ) ;
#4735 = EDGE_CURVE ( 'NONE', #4265, #3461, #2335, .T. ) ;
#4736 = CARTESIAN_POINT ( 'NONE',  ( 4.779759007141009874, 3.999999999999999112, 25.70040383717250165 ) ) ;
#4737 = EDGE_CURVE ( 'NONE', #6644, #744, #789, .T. ) ;
#4738 = CARTESIAN_POINT ( 'NONE',  ( -1.315357468324981571, 4.000000000000000000, 23.87615795581167433 ) ) ;
#4739 = EDGE_CURVE ( 'NONE', #1980, #6277, #5096, .T. ) ;
#4740 = VERTEX_POINT ( 'NONE', #4465 ) ;
#4741 = CARTESIAN_POINT ( 'NONE',  ( -17.99999999999999645, 4.000000000000003553, 21.50000000000000000 ) ) ;
#4742 = CARTESIAN_POINT ( 'NONE',  ( 9.415350719379370403, 4.500000000000000888, 23.28180624039692148 ) ) ;
#4743 = CARTESIAN_POINT ( 'NONE',  ( 1.512610591538606108, 4.500000000000000888, 25.70377524983558359 ) ) ;
#4744 = CARTESIAN_POINT ( 'NONE',  ( -1.863469938611343579, 4.000000000000001776, 24.94344628544025610 ) ) ;
#4745 = VERTEX_POINT ( 'NONE', #5562 ) ;
#4746 = CARTESIAN_POINT ( 'NONE',  ( 1.035009534219407445, 4.000000000000001776, 22.22297937712745863 ) ) ;
#4747 = DIRECTION ( 'NONE',  ( 1.000000000000000000, 0.000000000000000000, 0.000000000000000000 ) ) ;
#4748 = CARTESIAN_POINT ( 'NONE',  ( 5.019709260137008577, 4.000000000000000000, 24.83632663176656052 ) ) ;
#4749 = VERTEX_POINT ( 'NONE', #3956 ) ;
#4750 = CARTESIAN_POINT ( 'NONE',  ( 1.133702843232194724, 4.000000000000000000, 24.82576275824146350 ) ) ;
#4751 = LINE ( 'NONE', #6245, #3908 ) ;
#4752 = CARTESIAN_POINT ( 'NONE',  ( 1.770867811243734158, 3.999999999999999112, 21.28480221659676985 ) ) ;
#4753 = ORIENTED_EDGE ( 'NONE', *, *, #6441, .T. ) ;
#4754 = CARTESIAN_POINT ( 'NONE',  ( -8.660254037844389075, 4.000000000000000000, 4.999999999999998224 ) ) ;
#4755 = CARTESIAN_POINT ( 'NONE',  ( 1.613560932256739910, 4.000000000000000000, 22.03172483408597060 ) ) ;
#4756 = CARTESIAN_POINT ( 'NONE',  ( 0.1248271799855840136, 4.000000000000000888, 24.55556511987972357 ) ) ;
#4757 = ORIENTED_EDGE ( 'NONE', *, *, #3340, .T. ) ;
#4758 = CARTESIAN_POINT ( 'NONE',  ( 1.489443143001648373, 4.500000000000000888, 21.25453495336989818 ) ) ;
#4759 = ORIENTED_EDGE ( 'NONE', *, *, #717, .T. ) ;
#4760 = LINE ( 'NONE', #6368, #3575 ) ;
#4761 = B_SPLINE_CURVE_WITH_KNOTS ( 'NONE', 3,
 ( #5209, #5279, #2593, #4677, #6861, #1979, #6324, #3783, #3250, #4489, #573 ),
 .UNSPECIFIED., .F., .F.,
 ( 4, 1, 1, 1, 1, 1, 1, 1, 4 ),
 ( 0.000000000000000000, 0.1238730982576542600, 0.2443261221022794416, 0.3630919162414990020, 0.4828064105989632315, 0.6046907385292268344, 0.7310120152303600793, 0.8620338979936115198, 0.9999999999999998890 ),
 .UNSPECIFIED. ) ;
#4762 = CARTESIAN_POINT ( 'NONE',  ( 0.7980852043858596145, 4.500000000000000888, 23.11246591404397321 ) ) ;
#4763 = EDGE_LOOP ( 'NONE', ( #5095, #6944, #1739, #4712 ) ) ;
#4764 = DIRECTION ( 'NONE',  ( -0.000000000000000000, -1.000000000000000000, -0.000000000000000000 ) ) ;
#4765 = CARTESIAN_POINT ( 'NONE',  ( 1.127243360177269782, 4.000000000000002665, 21.28586822037969029 ) ) ;
#4766 = FACE_OUTER_BOUND ( 'NONE', #4002, .T. ) ;
#4767 = SHAPE_DEFINITION_REPRESENTATION ( #2376, #6903 ) ;
#4768 = FACE_OUTER_BOUND ( 'NONE', #1886, .T. ) ;
#4769 = ADVANCED_FACE ( 'NONE', ( #2407 ), #1806, .T. ) ;
#4770 = CARTESIAN_POINT ( 'NONE',  ( 5.268984085744019552, 3.999999999999998224, 24.05289772092727674 ) ) ;
#4771 = CARTESIAN_POINT ( 'NONE',  ( -19.49999999999999645, 0.000000000000000000, 30.50000000000000000 ) ) ;
#4772 = CARTESIAN_POINT ( 'NONE',  ( -8.334149263730111556, 3.999999999999999112, 24.94341593875153862 ) ) ;
#4773 = CARTESIAN_POINT ( 'NONE',  ( 9.415350719379370403, 4.000000000000000000, 23.28180624039692148 ) ) ;
#4774 = ORIENTED_EDGE ( 'NONE', *, *, #3431, .F. ) ;
#4775 = CARTESIAN_POINT ( 'NONE',  ( 9.348616859797923340, 4.499999999999999112, 22.58334324113544156 ) ) ;
#4776 = CARTESIAN_POINT ( 'NONE',  ( 2.903632478632479863, 4.000000000000000000, 23.48089868274762182 ) ) ;
#4777 = CARTESIAN_POINT ( 'NONE',  ( 4.270133416831760620, 4.500000000000000888, 23.79527090832252156 ) ) ;
#4778 = VERTEX_POINT ( 'NONE', #1282 ) ;
#4779 = EDGE_CURVE ( 'NONE', #6822, #2722, #3496, .T. ) ;
#4780 = EDGE_CURVE ( 'NONE', #2953, #5478, #3669, .T. ) ;
#4781 = ORIENTED_EDGE ( 'NONE', *, *, #1108, .T. ) ;
#4782 = AXIS2_PLACEMENT_3D ( 'NONE', #1136, #3746, #3713 ) ;
#4783 = CARTESIAN_POINT ( 'NONE',  ( 0.8076628735304103301, 4.000000000000000000, 22.99121859519941680 ) ) ;
#4784 = FACE_OUTER_BOUND ( 'NONE', #1911, .T. ) ;
#4785 = CARTESIAN_POINT ( 'NONE',  ( 5.291666666666670515, 4.000000000000004441, 24.25768821266215625 ) ) ;
#4786 = ORIENTED_EDGE ( 'NONE', *, *, #2882, .T. ) ;
#4787 = CARTESIAN_POINT ( 'NONE',  ( -2.281471416371272376, 4.500000000000000888, 23.83678998874535182 ) ) ;
#4788 = CARTESIAN_POINT ( 'NONE',  ( -1.802049946581190110, 4.000000000000000888, 23.58774964428608456 ) ) ;
#4789 = CARTESIAN_POINT ( 'NONE',  ( 7.325432382526878783, 4.000000000000000000, 24.05678228920865180 ) ) ;
#4790 = AXIS2_PLACEMENT_3D ( 'NONE', #5807, #5200, #4133 ) ;
#4791 = CARTESIAN_POINT ( 'NONE',  ( 5.821445639270007355, 4.500000000000000888, 25.05531327948592590 ) ) ;
#4792 = AXIS2_PLACEMENT_3D ( 'NONE', #63, #1086, #3336 ) ;
#4793 = CARTESIAN_POINT ( 'NONE',  ( 2.004064173141347993, 4.000000000000000000, 22.42046165344465436 ) ) ;
#4794 = CARTESIAN_POINT ( 'NONE',  ( 1.050063129619973612, 4.000000000000000000, 25.65101840851537318 ) ) ;
#4795 = VERTEX_POINT ( 'NONE', #3005 ) ;
#4796 = DIRECTION ( 'NONE',  ( 0.000000000000000000, -1.000000000000000000, 0.000000000000000000 ) ) ;
#4797 = VECTOR ( 'NONE', #3395, 1000.000000000000000 ) ;
#4798 = CARTESIAN_POINT ( 'NONE',  ( 7.133289922362165747, 3.999999999999999112, 25.42445497820363443 ) ) ;
#4799 = DIRECTION ( 'NONE',  ( 0.000000000000000000, 0.000000000000000000, -1.000000000000000000 ) ) ;
#4800 = VERTEX_POINT ( 'NONE', #2513 ) ;
#4801 = CARTESIAN_POINT ( 'NONE',  ( 4.260560373578587523, 3.999999999999999112, 25.66401143289566633 ) ) ;
#4802 = CLOSED_SHELL ( 'NONE', ( #1619, #342, #1957, #4036, #2047, #6247, #6392, #3766, #2836, #3042, #5384, #5175, #110, #5041, #6043, #1642, #4070, #2740, #1916, #6004, #4901, #6217, #4563, #2744, #375, #4822, #4518, #4068, #3943, #5213, #4769, #1999, #4259, #3386, #2963, #4385, #6386, #1748, #6612, #1055, #2743, #5694, #1197, #1948, #1127, #5791, #1749, #679, #6659, #248, #4690, #4903, #1878, #3902, #3855, #251, #6751, #5174, #3337, #1332, #2785, #5555, #2304, #253, #6527, #244, #6130, #3777, #5472, #203, #2487, #3553, #5173, #6877, #3857, #4526, #2267, #1278, #4207, #6699, #6923, #2731, #3295, #6664, #2391, #802, #3604, #925, #6661, #161, #2536, #2265 ) ) ;
#4803 = CARTESIAN_POINT ( 'NONE',  ( 0.4076964344717777800, 4.499999999999999112, 21.78400549577206746 ) ) ;
#4804 = DIRECTION ( 'NONE',  ( -0.8924498855307665401, 0.000000000000000000, 0.4511465413988250961 ) ) ;
#4805 = CARTESIAN_POINT ( 'NONE',  ( -3.762886930008058961, 4.500000000000000888, 22.20298248379252470 ) ) ;
#4806 = FACE_OUTER_BOUND ( 'NONE', #5030, .T. ) ;
#4807 = CARTESIAN_POINT ( 'NONE',  ( 4.935405969486967415, 4.000000000000000888, 23.63323322194409926 ) ) ;
#4808 = CARTESIAN_POINT ( 'NONE',  ( -1.771288042427583642, 4.000000000000000000, 24.94224930271068175 ) ) ;
#4809 = CARTESIAN_POINT ( 'NONE',  ( -8.865662306531312709, 3.999999999999999112, 24.60719236515533126 ) ) ;
#4810 = LINE ( 'NONE', #2112, #4229 ) ;
#4811 = ORIENTED_EDGE ( 'NONE', *, *, #4517, .T. ) ;
#4812 = FACE_OUTER_BOUND ( 'NONE', #1490, .T. ) ;
#4813 = CARTESIAN_POINT ( 'NONE',  ( 2.834887824671574741, 4.500000000000002665, 24.38607368956219901 ) ) ;
#4814 = CARTESIAN_POINT ( 'NONE',  ( -1.480833162025863459, 4.500000000000000888, 22.85028754442216581 ) ) ;
#4815 = ORIENTED_EDGE ( 'NONE', *, *, #6176, .F. ) ;
#4816 = ORIENTED_EDGE ( 'NONE', *, *, #2090, .F. ) ;
#4817 = CARTESIAN_POINT ( 'NONE',  ( 0.8179360346942544657, 4.000000000000002665, 22.87908637419468505 ) ) ;
#4818 = AXIS2_PLACEMENT_3D ( 'NONE', #5925, #2805, #6577 ) ;
#4819 = CARTESIAN_POINT ( 'NONE',  ( 9.238533046693577333, 3.999999999999999112, 24.79261773730352658 ) ) ;
#4820 = EDGE_CURVE ( 'NONE', #4503, #2891, #1383, .T. ) ;
#4821 = CARTESIAN_POINT ( 'NONE',  ( 5.197463044495528983, 4.500000000000000888, 23.87615795581167788 ) ) ;
#4822 = ADVANCED_FACE ( 'NONE', ( #3598 ), #6235, .T. ) ;
#4823 = ORIENTED_EDGE ( 'NONE', *, *, #334, .T. ) ;
#4824 = CARTESIAN_POINT ( 'NONE',  ( -4.542717599097450432, 4.500000000000000888, 22.79614455617737079 ) ) ;
#4825 = EDGE_CURVE ( 'NONE', #3546, #2453, #3527, .T. ) ;
#4826 = DIRECTION ( 'NONE',  ( 0.000000000000000000, -1.000000000000000000, 0.000000000000000000 ) ) ;
#4827 = DIRECTION ( 'NONE',  ( 0.000000000000000000, 0.000000000000000000, -1.000000000000000000 ) ) ;
#4828 = CARTESIAN_POINT ( 'NONE',  ( 5.536088929701338479, 4.500000000000000888, 25.37939423007210138 ) ) ;
#4829 = B_SPLINE_CURVE_WITH_KNOTS ( 'NONE', 3,
 ( #1170, #3954, #220, #6637, #2369, #3316, #1247, #643, #6168, #6743, #5527 ),
 .UNSPECIFIED., .F., .F.,
 ( 4, 1, 1, 1, 1, 1, 1, 1, 4 ),
 ( 0.000000000000000000, 0.1103603399843294947, 0.2211857967812668746, 0.3343638213725836916, 0.4529765798274176802, 0.5772343082002703296, 0.7088043240432465586, 0.8493551270704527978, 1.000000000000000000 ),
 .UNSPECIFIED. ) ;
#4830 = AXIS2_PLACEMENT_3D ( 'NONE', #2118, #6489, #2691 ) ;
#4831 = LINE ( 'NONE', #2770, #4706 ) ;
#4832 = EDGE_CURVE ( 'NONE', #2277, #788, #617, .T. ) ;
#4833 = CARTESIAN_POINT ( 'NONE',  ( -4.477564102564099535, 4.000000000000003553, 22.55485701608095894 ) ) ;
#4834 = CARTESIAN_POINT ( 'NONE',  ( -5.061967362637805223, 4.000000000000000000, 22.98593380103035955 ) ) ;
#4835 = CARTESIAN_POINT ( 'NONE',  ( 1.489443143001648373, 4.000000000000004441, 21.25453495336989818 ) ) ;
#4836 = ORIENTED_EDGE ( 'NONE', *, *, #504, .F. ) ;
#4837 = AXIS2_PLACEMENT_3D ( 'NONE', #2307, #1848, #4471 ) ;
#4838 = CIRCLE ( 'NONE', #1777, 4.600000000000001421 ) ;
#4839 = CARTESIAN_POINT ( 'NONE',  ( 7.209611468129823564, 4.000000000000000000, 25.48413176882078801 ) ) ;
#4840 = DIRECTION ( 'NONE',  ( -0.000000000000000000, -1.000000000000000000, -0.000000000000000000 ) ) ;
#4841 = CARTESIAN_POINT ( 'NONE',  ( 8.660254037844389075, 4.000000000000000000, 3.399999999999996803 ) ) ;
#4842 = CARTESIAN_POINT ( 'NONE',  ( -17.49999999999999645, 1.500000000000000000, 21.50000000000000000 ) ) ;
#4843 = CARTESIAN_POINT ( 'NONE',  ( 5.594416592554375178, 4.500000000000000888, 23.12896089656211274 ) ) ;
#4844 = CARTESIAN_POINT ( 'NONE',  ( 5.183214923410169206, 4.000000000000000000, 25.59959716518713435 ) ) ;
#4845 = CARTESIAN_POINT ( 'NONE',  ( -1.710587653120408502, 4.000000000000000000, 24.93404887568188499 ) ) ;
#4846 = CARTESIAN_POINT ( 'NONE',  ( -8.865662306531312709, 4.500000000000000888, 24.60719236515533126 ) ) ;
#4847 = FACE_OUTER_BOUND ( 'NONE', #4595, .T. ) ;
#4848 = VERTEX_POINT ( 'NONE', #5774 ) ;
#4849 = CARTESIAN_POINT ( 'NONE',  ( 1.990681993984839027, 4.500000000000000888, 25.61916075040024410 ) ) ;
#4850 = CARTESIAN_POINT ( 'NONE',  ( -0.4624987827899089687, 4.000000000000001776, 24.18131992960063670 ) ) ;
#4851 = VERTEX_POINT ( 'NONE', #4707 ) ;
#4852 = CARTESIAN_POINT ( 'NONE',  ( 0.8326643293403178658, 3.999999999999998224, 22.77618656897202953 ) ) ;
#4853 = CARTESIAN_POINT ( 'NONE',  ( 9.392224379565366377, 3.999999999999999112, 24.05754610470030386 ) ) ;
#4854 = CARTESIAN_POINT ( 'NONE',  ( 4.985378670017100333, 4.000000000000004441, 23.66114910138864857 ) ) ;
#4855 = ORIENTED_EDGE ( 'NONE', *, *, #4343, .F. ) ;
#4856 = DIRECTION ( 'NONE',  ( 0.2022968521692527777, 0.000000000000000000, -0.9793242484501297751 ) ) ;
#4857 = CARTESIAN_POINT ( 'NONE',  ( 1.471320779914531363, 4.000000000000000000, 22.01381802035446356 ) ) ;
#4858 = CARTESIAN_POINT ( 'NONE',  ( 5.191297234081080347, 4.500000000000000888, 24.64919375333170493 ) ) ;
#4859 = CARTESIAN_POINT ( 'NONE',  ( -7.459919022479732931, 4.500000000000000888, 25.24270701364580560 ) ) ;
#4860 = CARTESIAN_POINT ( 'NONE',  ( -17.49999999999999645, 40.67424164178449786, 28.00000000000000355 ) ) ;
#4861 = CARTESIAN_POINT ( 'NONE',  ( -4.523658900655170179, 4.000000000000003553, 22.36618094751353425 ) ) ;
#4862 = CARTESIAN_POINT ( 'NONE',  ( 6.539957264957268812, 4.500000000000000888, 23.52075578744848272 ) ) ;
#4863 = CARTESIAN_POINT ( 'NONE',  ( -8.059634484809009791, 4.000000000000003553, 24.37924521819747170 ) ) ;
#4864 = EDGE_CURVE ( 'NONE', #2706, #1589, #2422, .T. ) ;
#4865 = VERTEX_POINT ( 'NONE', #5167 ) ;
#4866 = EDGE_CURVE ( 'NONE', #4749, #3495, #2011, .T. ) ;
#4867 = EDGE_CURVE ( 'NONE', #1065, #4848, #3094, .T. ) ;
#4868 = CARTESIAN_POINT ( 'NONE',  ( 8.126381445077253574, 3.999999999999998224, 22.03172483408597415 ) ) ;
#4869 = ORIENTED_EDGE ( 'NONE', *, *, #5612, .F. ) ;
#4870 = CARTESIAN_POINT ( 'NONE',  ( 3.353211410255020120, 4.000000000000000000, 24.93017364992047646 ) ) ;
#4871 = CARTESIAN_POINT ( 'NONE',  ( -3.762886930008058961, 4.000000000000001776, 22.20298248379252470 ) ) ;
#4872 = CARTESIAN_POINT ( 'NONE',  ( -5.305235042735039208, 4.000000000000000000, 23.75057015710660124 ) ) ;
#4873 = CARTESIAN_POINT ( 'NONE',  ( -3.717735042735039741, 4.500000000000000888, 22.56503329813224212 ) ) ;
#4874 = LINE ( 'NONE', #2109, #1548 ) ;
#4875 = CARTESIAN_POINT ( 'NONE',  ( -1.444689151932550208, 4.499999999999999112, 24.79735108731710369 ) ) ;
#4876 = CARTESIAN_POINT ( 'NONE',  ( -8.334149263730111556, 4.500000000000000888, 24.94341593875153862 ) ) ;
#4877 = CARTESIAN_POINT ( 'NONE',  ( 9.027274747093413154, 4.000000000000000000, 21.76986819369852455 ) ) ;
#4878 = CARTESIAN_POINT ( 'NONE',  ( -2.443155715811959006, 4.000000000000000000, 21.36253596907240748 ) ) ;
#4879 = CARTESIAN_POINT ( 'NONE',  ( -0.6012991775374215697, 4.000000000000003553, 23.54820870292010682 ) ) ;
#4880 = ORIENTED_EDGE ( 'NONE', *, *, #5690, .T. ) ;
#4881 = FACE_OUTER_BOUND ( 'NONE', #5070, .T. ) ;
#4882 = CARTESIAN_POINT ( 'NONE',  ( 8.208020643077487577, 4.500000000000000888, 25.69243952143810716 ) ) ;
#4883 = DIRECTION ( 'NONE',  ( 1.000000000000000000, 0.000000000000000000, 0.000000000000000000 ) ) ;
#4884 = ORIENTED_EDGE ( 'NONE', *, *, #708, .T. ) ;
#4885 = CARTESIAN_POINT ( 'NONE',  ( -2.580930049624029981E-15, 3.000000000000006217, 30.50000000000000000 ) ) ;
#4886 = CARTESIAN_POINT ( 'NONE',  ( -2.119186603980141470, 4.000000000000000888, 23.69383538854215487 ) ) ;
#4887 = CARTESIAN_POINT ( 'NONE',  ( 5.068131360887957904, 3.999999999999999112, 24.79735108731710369 ) ) ;
#4888 = AXIS2_PLACEMENT_3D ( 'NONE', #6180, #196, #1327 ) ;
#4889 = CARTESIAN_POINT ( 'NONE',  ( -7.868077506907421359, 4.500000000000000888, 25.61834688409381044 ) ) ;
#4890 = DIRECTION ( 'NONE',  ( 0.000000000000000000, 0.000000000000000000, -1.000000000000000000 ) ) ;
#4891 = CARTESIAN_POINT ( 'NONE',  ( 7.489779386423305318, 4.499999999999999112, 21.33111467115395499 ) ) ;
#4892 = CARTESIAN_POINT ( 'NONE',  ( 0.02713675213675360159, 4.500000000000000888, 23.52075578744847917 ) ) ;
#4893 = CARTESIAN_POINT ( 'NONE',  ( 20.50000000000000355, 4.000000000000000000, 19.49999999999999645 ) ) ;
#4894 = ORIENTED_EDGE ( 'NONE', *, *, #2877, .T. ) ;
#4895 = VECTOR ( 'NONE', #664, 1000.000000000000000 ) ;
#4896 = AXIS2_PLACEMENT_3D ( 'NONE', #6507, #5293, #5262 ) ;
#4897 = CARTESIAN_POINT ( 'NONE',  ( 8.370677899512482867, 4.000000000000000000, 22.19236491893300567 ) ) ;
#4898 = EDGE_LOOP ( 'NONE', ( #6424, #3689 ) ) ;
#4899 = CARTESIAN_POINT ( 'NONE',  ( 3.239973737008779331, 4.000000000000000000, 24.60780696455064742 ) ) ;
#4900 = CARTESIAN_POINT ( 'NONE',  ( -4.005864426733152683, 4.499999999999999112, 21.75974733876264722 ) ) ;
#4901 = ADVANCED_FACE ( 'NONE', ( #6378 ), #3040, .T. ) ;
#4902 = DIRECTION ( 'NONE',  ( 0.000000000000000000, 0.000000000000000000, -1.000000000000000000 ) ) ;
#4903 = ADVANCED_FACE ( 'NONE', ( #4174 ), #6349, .T. ) ;
#4904 = AXIS2_PLACEMENT_3D ( 'NONE', #6246, #4648, #1262 ) ;
#4905 = EDGE_CURVE ( 'NONE', #5547, #167, #2042, .T. ) ;
#4906 = CARTESIAN_POINT ( 'NONE',  ( 4.902182813543569218, 4.500000000000000888, 22.83098531138936949 ) ) ;
#4907 = CARTESIAN_POINT ( 'NONE',  ( 8.448010149572652949, 4.000000000000000000, 24.65371518915788229 ) ) ;
#4908 = CARTESIAN_POINT ( 'NONE',  ( -1.231011059222230974, 4.000000000000000000, 24.40125525715173893 ) ) ;
#4909 = CARTESIAN_POINT ( 'NONE',  ( 1.695200130256970361, 4.000000000000000000, 25.69243952143810006 ) ) ;
#4910 = CARTESIAN_POINT ( 'NONE',  ( -1.329605589410342237, 4.000000000000000000, 25.59959716518713080 ) ) ;
#4911 = ORIENTED_EDGE ( 'NONE', *, *, #5817, .F. ) ;
#4912 = CARTESIAN_POINT ( 'NONE',  ( 0.07300453227173242521, 4.000000000000000000, 22.74213526837327848 ) ) ;
#4913 = B_SPLINE_SURFACE_WITH_KNOTS ( 'NONE', 3, 1, ( 
 ( #1882, #4999 ),
 ( #1220, #303 ),
 ( #6209, #6756 ),
 ( #2310, #1816 ),
 ( #2876, #1357 ),
 ( #6648, #5034 ),
 ( #3365, #1775 ),
 ( #3504, #5105 ),
 ( #3929, #3963 ),
 ( #6144, #4001 ),
 ( #5069, #3471 ),
 ( #266, #2415 ),
 ( #4578, #6789 ),
 ( #6935, #1528 ),
 ( #3147, #6821 ),
 ( #5750, #338 ),
 ( #2452, #3609 ),
 ( #1462, #3113 ),
 ( #1427, #3535 ) ),
 .UNSPECIFIED., .F., .F., .F.,
 ( 4, 1, 1, 1, 1, 1, 1, 1, 1, 1, 1, 1, 1, 1, 1, 1, 4 ),
 ( 2, 2 ),
 ( 0.000000000000000000, 0.1121147956622123021, 0.2158018426882335750, 0.3102026923156540050, 0.3959929252987136605, 0.4734102307422347611, 0.5427784203605526825, 0.6045480222829334727, 0.6593572656120954001, 0.7087643617117432848, 0.7553555059484812206, 0.7986869938006714298, 0.8400168391480740127, 0.8802034470065464022, 0.9197333482458335263, 0.9590486059010160380, 1.000000000000000000 ),
 ( 0.000000000000000000, 1.000000000000000000 ),
 .UNSPECIFIED. ) ;
#4914 = LINE ( 'NONE', #5946, #2689 ) ;
#4915 = EDGE_LOOP ( 'NONE', ( #6916, #300, #1255, #3994 ) ) ;
#4916 = VERTEX_POINT ( 'NONE', #927 ) ;
#4917 = CARTESIAN_POINT ( 'NONE',  ( -3.953155134449183539, 4.000000000000000000, 21.82358596573951814 ) ) ;
#4918 = FACE_BOUND ( 'NONE', #5396, .T. ) ;
#4919 = CARTESIAN_POINT ( 'NONE',  ( -19.50000000000000711, 5.500000000000000000, 3.300205637224171663E-15 ) ) ;
#4920 = CARTESIAN_POINT ( 'NONE',  ( 4.069664797008551105, 4.500000000000000888, 21.36253596907241104 ) ) ;
#4921 = ORIENTED_EDGE ( 'NONE', *, *, #3946, .T. ) ;
#4922 = CARTESIAN_POINT ( 'NONE',  ( 1.843984902202996823, 4.000000000000000000, 24.78103026854617852 ) ) ;
#4923 = CARTESIAN_POINT ( 'NONE',  ( 2.630596613776511106, 4.500000000000000888, 21.95916618532767828 ) ) ;
#4924 = CARTESIAN_POINT ( 'NONE',  ( -1.930930082298089268, 4.000000000000002665, 23.60353724680468801 ) ) ;
#4925 = CARTESIAN_POINT ( 'NONE',  ( 5.223692319080909918, 3.999999999999999112, 24.59309115225480724 ) ) ;
#4926 = ORIENTED_EDGE ( 'NONE', *, *, #2668, .F. ) ;
#4927 = LINE ( 'NONE', #5499, #2906 ) ;
#4928 = CARTESIAN_POINT ( 'NONE',  ( 0.7874366805232964062, 4.500000000000000888, 23.47948471978611096 ) ) ;
#4929 = PLANE ( 'NONE',  #4135 ) ;
#4930 = CARTESIAN_POINT ( 'NONE',  ( -1.019198156167397062, 4.500000000000000888, 23.04874113982839035 ) ) ;
#4931 = CARTESIAN_POINT ( 'NONE',  ( -4.751929956822238843, 4.000000000000000000, 22.93523868856282988 ) ) ;
#4932 = ORIENTED_EDGE ( 'NONE', *, *, #545, .T. ) ;
#4933 = CARTESIAN_POINT ( 'NONE',  ( -8.106147741829008879, 4.499999999999999112, 24.80074852583870282 ) ) ;
#4934 = CARTESIAN_POINT ( 'NONE',  ( 8.056318087650993220, 4.000000000000001776, 22.01676539071435457 ) ) ;
#4935 = CARTESIAN_POINT ( 'NONE',  ( -3.792252768770880689, 4.000000000000000000, 23.02363884456353205 ) ) ;
#4936 = DIRECTION ( 'NONE',  ( 0.000000000000000000, 0.000000000000000000, -1.000000000000000000 ) ) ;
#4937 = LINE ( 'NONE', #2923, #4464 ) ;
#4938 = CIRCLE ( 'NONE', #5387, 1.000000000000000888 ) ;
#4939 = CARTESIAN_POINT ( 'NONE',  ( 20.50000000000000355, 3.000000000000007105, 20.08578643762690064 ) ) ;
#4940 = CIRCLE ( 'NONE', #4150, 1.000000000000000888 ) ;
#4941 = EDGE_CURVE ( 'NONE', #766, #167, #5271, .T. ) ;
#4942 = CARTESIAN_POINT ( 'NONE',  ( 0.3465572178531227121, 4.500000000000000888, 21.87640872641539147 ) ) ;
#4943 = CARTESIAN_POINT ( 'NONE',  ( 0.9293562530278191014, 4.499999999999999112, 24.55146669599631082 ) ) ;
#4944 = PLANE ( 'NONE',  #3776 ) ;
#4945 = CARTESIAN_POINT ( 'NONE',  ( 6.028760635719165428, 4.000000000000000000, 24.52894324076779853 ) ) ;
#4946 = ORIENTED_EDGE ( 'NONE', *, *, #292, .F. ) ;
#4947 = CARTESIAN_POINT ( 'NONE',  ( 4.097649572649576299, 4.000000000000000000, 24.56467272120915979 ) ) ;
#4948 = DIRECTION ( 'NONE',  ( 0.000000000000000000, 0.000000000000000000, -1.000000000000000000 ) ) ;
#4949 = EDGE_CURVE ( 'NONE', #105, #1817, #5202, .T. ) ;
#4950 = ORIENTED_EDGE ( 'NONE', *, *, #4867, .T. ) ;
#4951 = CARTESIAN_POINT ( 'NONE',  ( -5.266454874585813961, 4.000000000000000000, 21.36314317590489154 ) ) ;
#4952 = CARTESIAN_POINT ( 'NONE',  ( -7.323706563806175573, 4.000000000000003553, 24.73969323719608226 ) ) ;
#4953 = EDGE_CURVE ( 'NONE', #2453, #5866, #3074, .T. ) ;
#4954 = CARTESIAN_POINT ( 'NONE',  ( 8.465131095922323823, 4.000000000000001776, 24.62240076884354067 ) ) ;
#4955 = ORIENTED_EDGE ( 'NONE', *, *, #3376, .T. ) ;
#4956 = DIRECTION ( 'NONE',  ( 0.000000000000000000, 0.000000000000000000, 1.000000000000000000 ) ) ;
#4957 = CARTESIAN_POINT ( 'NONE',  ( -19.49999999999999645, 4.000000000000000000, 20.49999999999999645 ) ) ;
#4958 = CARTESIAN_POINT ( 'NONE',  ( 7.344837415256100677, 4.499999999999999112, 24.20365213543260552 ) ) ;
#4959 = DIRECTION ( 'NONE',  ( -0.000000000000000000, -1.000000000000000000, -0.000000000000000000 ) ) ;
#4960 = ORIENTED_EDGE ( 'NONE', *, *, #1533, .F. ) ;
#4961 = DIRECTION ( 'NONE',  ( 0.4512830391435767585, 0.000000000000000000, 0.8923808708064829842 ) ) ;
#4962 = DIRECTION ( 'NONE',  ( 0.000000000000000000, 1.000000000000000000, 0.000000000000000000 ) ) ;
#4963 = CARTESIAN_POINT ( 'NONE',  ( -8.059615384615382183, 4.500000000000000888, 24.34927475112370132 ) ) ;
#4964 = CARTESIAN_POINT ( 'NONE',  ( -0.4818712956762268296, 4.499999999999999112, 23.93920038580247578 ) ) ;
#4965 = CARTESIAN_POINT ( 'NONE',  ( 0.1615664679435668827, 4.499999999999999112, 24.68683647939790760 ) ) ;
#4966 = B_SPLINE_CURVE_WITH_KNOTS ( 'NONE', 3,
 ( #6883, #1901, #1380, #5164, #785, #6199, #359, #3001, #6778, #2509, #5702, #3493, #6232, #2404, #819, #2969, #854, #2475, #4564, #4633, #3595, #4020, #1347 ),
 .UNSPECIFIED., .F., .F.,
 ( 4, 1, 1, 1, 1, 1, 1, 1, 1, 1, 1, 1, 1, 1, 1, 1, 1, 1, 1, 1, 4 ),
 ( 0.000000000000000000, 0.05383370089591471563, 0.1055426304091387074, 0.1580541720958377749, 0.2119873357804052394, 0.2402068903290466018, 0.2697935103595445749, 0.3013430987966763119, 0.3346080613711933105, 0.3702844416648597425, 0.4080888380149469974, 0.4486813458099835339, 0.4920692965602029290, 0.5386641566662656588, 0.5903710538753824677, 0.6463877841547206460, 0.7071953757631240789, 0.7729467746818401430, 0.8436426012467380664, 0.9193083570571428664, 1.000000000000000000 ),
 .UNSPECIFIED. ) ;
#4967 = CARTESIAN_POINT ( 'NONE',  ( -8.067197608383461116, 4.500000000000000888, 24.59052965377700417 ) ) ;
#4968 = FACE_OUTER_BOUND ( 'NONE', #1463, .T. ) ;
#4969 = ORIENTED_EDGE ( 'NONE', *, *, #6920, .T. ) ;
#4970 = ORIENTED_EDGE ( 'NONE', *, *, #3387, .T. ) ;
#4971 = FACE_OUTER_BOUND ( 'NONE', #419, .T. ) ;
#4972 = EDGE_CURVE ( 'NONE', #1428, #3228, #2619, .T. ) ;
#4973 = CARTESIAN_POINT ( 'NONE',  ( -4.828119129735470416, 3.999999999999999112, 22.15635640767704828 ) ) ;
#4974 = CYLINDRICAL_SURFACE ( 'NONE', #6496, 0.5000000000000004441 ) ;
#4975 = CARTESIAN_POINT ( 'NONE',  ( -1.221153846153839595, 4.500000000000000888, 24.25768821266215269 ) ) ;
#4976 = CARTESIAN_POINT ( 'NONE',  ( -5.305235042735039208, 4.500000000000000888, 23.75057015710660124 ) ) ;
#4977 = ORIENTED_EDGE ( 'NONE', *, *, #770, .F. ) ;
#4978 = CARTESIAN_POINT ( 'NONE',  ( 4.710770566239319557, 4.500000000000000888, 23.58774964428608456 ) ) ;
#4979 = CARTESIAN_POINT ( 'NONE',  ( 0.8320169024355890119, 4.000000000000002665, 24.20365213543260552 ) ) ;
#4980 = DIRECTION ( 'NONE',  ( 0.9746736483397872020, 0.000000000000000000, 0.2236320174572703767 ) ) ;
#4981 = CARTESIAN_POINT ( 'NONE',  ( 5.821445639270007355, 4.000000000000000000, 25.05531327948592590 ) ) ;
#4982 = ORIENTED_EDGE ( 'NONE', *, *, #1145, .T. ) ;
#4983 = CARTESIAN_POINT ( 'NONE',  ( 4.768436164529918031, 4.000000000000002665, 22.82792058445702565 ) ) ;
#4984 = CARTESIAN_POINT ( 'NONE',  ( 1.798441510041264735, 4.500000000000000888, 25.67419207169985285 ) ) ;
#4985 = CARTESIAN_POINT ( 'NONE',  ( -4.005864426733152683, 3.999999999999999112, 21.75974733876264722 ) ) ;
#4986 = DIRECTION ( 'NONE',  ( 0.000000000000000000, -0.000000000000000000, -1.000000000000000000 ) ) ;
#4987 = CARTESIAN_POINT ( 'NONE',  ( 8.607645922524465476, 4.000000000000003553, 24.18143814742564501 ) ) ;
#4988 = ORIENTED_EDGE ( 'NONE', *, *, #1141, .F. ) ;
#4989 = CARTESIAN_POINT ( 'NONE',  ( 1.959434878635765723E-16, 17.01076477383247720, -8.400000000000000355 ) ) ;
#4990 = CARTESIAN_POINT ( 'NONE',  ( 8.568973114010725922, 4.499999999999999112, 21.38053348321520275 ) ) ;
#4991 = CARTESIAN_POINT ( 'NONE',  ( 8.503502506805356020, 4.500000000000000888, 25.61916075040025476 ) ) ;
#4992 = ADVANCED_FACE ( 'NONE', ( #1419 ), #6272, .T. ) ;
#4993 = CARTESIAN_POINT ( 'NONE',  ( 1.920647474959185752, 4.000000000000001776, 24.67663151021647749 ) ) ;
#4994 = EDGE_CURVE ( 'NONE', #3949, #1539, #1455, .T. ) ;
#4995 = ORIENTED_EDGE ( 'NONE', *, *, #1364, .T. ) ;
#4996 = ORIENTED_EDGE ( 'NONE', *, *, #981, .T. ) ;
#4997 = CARTESIAN_POINT ( 'NONE',  ( 1.189113388177206465, 4.500000000000000888, 22.08521827370373458 ) ) ;
#4998 = CARTESIAN_POINT ( 'NONE',  ( 0.9741108715306160404, 4.500000000000000888, 24.63718520842033399 ) ) ;
#4999 = CARTESIAN_POINT ( 'NONE',  ( 8.656623931623935064, 4.000000000000005329, 23.48089868274762537 ) ) ;
#5000 = ORIENTED_EDGE ( 'NONE', *, *, #5817, .T. ) ;
#5001 = CARTESIAN_POINT ( 'NONE',  ( 8.122573226494388621, 4.500000000000000888, 24.92835552584217496 ) ) ;
#5002 = CARTESIAN_POINT ( 'NONE',  ( -1.444689151932550208, 3.999999999999998224, 24.79735108731710369 ) ) ;
#5003 = CARTESIAN_POINT ( 'NONE',  ( 4.860174048168102168, 4.500000000000000888, 24.91851745285151409 ) ) ;
#5004 = CARTESIAN_POINT ( 'NONE',  ( -1.230182628496664154, 3.999999999999999112, 24.11810818465131234 ) ) ;
#5005 = CARTESIAN_POINT ( 'NONE',  ( -4.504700854700851131, 4.000000000000000000, 23.66407175967070486 ) ) ;
#5006 = CARTESIAN_POINT ( 'NONE',  ( -3.728846186962818443, 4.000000000000001776, 22.37812780176863114 ) ) ;
#5007 = CARTESIAN_POINT ( 'NONE',  ( 0.3748263888888903606, 4.000000000000000000, 21.82979691992711224 ) ) ;
#5008 = CARTESIAN_POINT ( 'NONE',  ( -1.841059027777771195, 4.000000000000000000, 22.06809152462796320 ) ) ;
#5009 = VECTOR ( 'NONE', #3804, 1000.000000000000000 ) ;
#5010 = ORIENTED_EDGE ( 'NONE', *, *, #3781, .F. ) ;
#5011 = CARTESIAN_POINT ( 'NONE',  ( 2.903632478632479863, 4.500000000000000888, 23.48089868274762182 ) ) ;
#5012 = CARTESIAN_POINT ( 'NONE',  ( 0.9293562530278191014, 4.000000000000000888, 24.55146669599631082 ) ) ;
#5013 = CARTESIAN_POINT ( 'NONE',  ( 8.054581979683451465, 4.000000000000000888, 24.94250479630325756 ) ) ;
#5014 = DIRECTION ( 'NONE',  ( 0.000000000000000000, -1.000000000000000000, 0.000000000000000000 ) ) ;
#5015 = CARTESIAN_POINT ( 'NONE',  ( 0.02713675213675360159, 4.000000000000000000, 23.52075578744847917 ) ) ;
#5016 = CARTESIAN_POINT ( 'NONE',  ( 7.984141292735046136, 4.500000000000000888, 22.01381802035446711 ) ) ;
#5017 = VECTOR ( 'NONE', #4568, 1000.000000000000000 ) ;
#5018 = ORIENTED_EDGE ( 'NONE', *, *, #69, .T. ) ;
#5019 = CARTESIAN_POINT ( 'NONE',  ( 4.144499593942790661, 4.500000000000000888, 25.62970012817013199 ) ) ;
#5020 = CARTESIAN_POINT ( 'NONE',  ( 3.925478198345814906, 4.500000000000002665, 25.53465492042107243 ) ) ;
#5021 = CARTESIAN_POINT ( 'NONE',  ( 19.50000000000000355, 4.499999999999999112, 20.49999999999999645 ) ) ;
#5022 = ORIENTED_EDGE ( 'NONE', *, *, #2309, .T. ) ;
#5023 = AXIS2_PLACEMENT_3D ( 'NONE', #6011, #64, #5471 ) ;
#5024 = CARTESIAN_POINT ( 'NONE',  ( -1.527441842803413552, 4.499999999999999112, 23.66114910138864502 ) ) ;
#5025 = CARTESIAN_POINT ( 'NONE',  ( 9.194470792384679569, 4.500000000000000888, 22.06520476112832441 ) ) ;
#5026 = CARTESIAN_POINT ( 'NONE',  ( 7.706902537221895777, 4.500000000000002665, 24.86936163699444791 ) ) ;
#5027 = CARTESIAN_POINT ( 'NONE',  ( -17.49999999999999645, 1.500000000000000000, 21.50000000000000000 ) ) ;
#5028 = ORIENTED_EDGE ( 'NONE', *, *, #5690, .F. ) ;
#5029 = B_SPLINE_SURFACE_WITH_KNOTS ( 'NONE', 3, 1, ( 
 ( #4373, #5544 ),
 ( #2709, #6548 ),
 ( #1678, #2496 ),
 ( #6220, #6728 ),
 ( #4073, #6152 ),
 ( #2922, #2388 ),
 ( #733, #206 ),
 ( #773, #1338 ),
 ( #1859, #3483 ),
 ( #4041, #5079 ),
 ( #6657, #2955 ),
 ( #274, #4009 ),
 ( #3971, #2426 ),
 ( #5652, #239 ),
 ( #839, #2353 ),
 ( #1784, #348 ),
 ( #4551, #4586 ),
 ( #3939, #6798 ),
 ( #6187, #3024 ) ),
 .UNSPECIFIED., .F., .F., .F.,
 ( 4, 1, 1, 1, 1, 1, 1, 1, 1, 1, 1, 1, 1, 1, 1, 1, 4 ),
 ( 2, 2 ),
 ( 0.000000000000000000, 0.06874126307936596902, 0.1347890881950353503, 0.1985360495606908471, 0.2603856506059201159, 0.3209615782321956212, 0.3799038495841482455, 0.4385029357752677215, 0.4961543439762682306, 0.5542654832084998873, 0.6127487608156955146, 0.6725134425261782845, 0.7336464018979736990, 0.7967896194814542143, 0.8619356990410254049, 0.9293977347748989537, 1.000000000000000000 ),
 ( 0.000000000000000000, 1.000000000000000000 ),
 .UNSPECIFIED. ) ;
#5030 = EDGE_LOOP ( 'NONE', ( #3018, #3635, #903, #3807 ) ) ;
#5031 = CARTESIAN_POINT ( 'NONE',  ( 1.035009534219407445, 4.500000000000002665, 22.22297937712745863 ) ) ;
#5032 = DIRECTION ( 'NONE',  ( -1.000000000000000000, 0.000000000000000000, 0.000000000000000000 ) ) ;
#5033 = EDGE_CURVE ( 'NONE', #2215, #2375, #4810, .T. ) ;
#5034 = CARTESIAN_POINT ( 'NONE',  ( 8.612130354839548474, 4.000000000000005329, 22.78089819634744373 ) ) ;
#5035 = ORIENTED_EDGE ( 'NONE', *, *, #1286, .F. ) ;
#5036 = CARTESIAN_POINT ( 'NONE',  ( 17.50000000000000000, 4.000000000000000000, 20.49999999999999645 ) ) ;
#5037 = CARTESIAN_POINT ( 'NONE',  ( -4.500107999474264986, 4.000000000000000000, 22.71133521318682469 ) ) ;
#5038 = DIRECTION ( 'NONE',  ( 0.000000000000000000, 0.000000000000000000, 1.000000000000000000 ) ) ;
#5039 = CARTESIAN_POINT ( 'NONE',  ( -1.286254440447888614, 4.500000000000000888, 23.93190876832493075 ) ) ;
#5040 = EDGE_CURVE ( 'NONE', #1318, #2571, #637, .T. ) ;
#5041 = ADVANCED_FACE ( 'NONE', ( #4847 ), #3307, .T. ) ;
#5042 = EDGE_CURVE ( 'NONE', #2585, #5148, #282, .T. ) ;
#5043 = AXIS2_PLACEMENT_3D ( 'NONE', #4860, #6498, #5892 ) ;
#5044 = CARTESIAN_POINT ( 'NONE',  ( -5.274140823067634543, 4.000000000000000000, 22.12259953864820261 ) ) ;
#5045 = CARTESIAN_POINT ( 'NONE',  ( 6.540682202532630996, 4.000000000000000000, 23.42687525227378842 ) ) ;
#5046 = DIRECTION ( 'NONE',  ( 1.692413147294446463E-16, 0.000000000000000000, 1.000000000000000000 ) ) ;
#5047 = DIRECTION ( 'NONE',  ( -0.000000000000000000, -1.000000000000000000, -0.000000000000000000 ) ) ;
#5048 = VERTEX_POINT ( 'NONE', #496 ) ;
#5049 = CARTESIAN_POINT ( 'NONE',  ( 0.2878598983335366457, 4.499999999999999112, 21.97319218339634972 ) ) ;
#5050 = CARTESIAN_POINT ( 'NONE',  ( 1.397763285310763548, 4.000000000000000888, 24.94151834665948186 ) ) ;
#5051 = AXIS2_PLACEMENT_3D ( 'NONE', #271, #3898, #6079 ) ;
#5052 = CARTESIAN_POINT ( 'NONE',  ( 4.705203050819626753, 4.000000000000000000, 22.82951443598260255 ) ) ;
#5053 = CARTESIAN_POINT ( 'NONE',  ( 8.247279908514251190, 4.500000000000002665, 24.87281162062013706 ) ) ;
#5054 = CARTESIAN_POINT ( 'NONE',  ( 5.640918460270616386, 4.500000000000000888, 25.28012416077510593 ) ) ;
#5055 = CARTESIAN_POINT ( 'NONE',  ( 4.113523508140849216, 4.000000000000000000, 24.59456299534029000 ) ) ;
#5056 = CARTESIAN_POINT ( 'NONE',  ( 7.701933900997722127, 4.500000000000000888, 22.08521827370373813 ) ) ;
#5057 = B_SPLINE_CURVE_WITH_KNOTS ( 'NONE', 3,
 ( #6700, #5688, #3028, #878, #777, #4012, #6157, #1862, #5117, #4044, #1828, #243, #6257, #6223, #811 ),
 .UNSPECIFIED., .F., .F.,
 ( 4, 1, 1, 1, 1, 1, 1, 1, 1, 1, 1, 1, 4 ),
 ( 0.000000000000000000, 0.08366061062487509248, 0.1608518506938313164, 0.2367444622459997094, 0.3196477987119609177, 0.3673255122564317299, 0.4262095485298184050, 0.4935240895296868491, 0.5730252777384100549, 0.6625060205028093785, 0.7645432018599205293, 0.8758781193258839970, 1.000000000000000000 ),
 .UNSPECIFIED. ) ;
#5058 = VECTOR ( 'NONE', #5032, 1000.000000000000000 ) ;
#5059 = CARTESIAN_POINT ( 'NONE',  ( -7.339249161200984695, 4.500000000000000888, 24.85107779866617861 ) ) ;
#5060 = CARTESIAN_POINT ( 'NONE',  ( -4.504700854700851131, 4.000000000000000000, 23.66407175967070486 ) ) ;
#5061 = ORIENTED_EDGE ( 'NONE', *, *, #3294, .T. ) ;
#5062 = CARTESIAN_POINT ( 'NONE',  ( -1.243836427076489892, 4.500000000000000888, 24.05289772092728739 ) ) ;
#5063 = CARTESIAN_POINT ( 'NONE',  ( -4.518751229425275184, 4.000000000000000000, 22.75589270529710006 ) ) ;
#5064 = CARTESIAN_POINT ( 'NONE',  ( 7.987533386752140530, 4.500000000000000888, 25.70441631095275525 ) ) ;
#5065 = CARTESIAN_POINT ( 'NONE',  ( -1.458535712049650490, 4.499999999999999112, 25.64658468593413332 ) ) ;
#5066 = VERTEX_POINT ( 'NONE', #2179 ) ;
#5067 = CARTESIAN_POINT ( 'NONE',  ( 0.7883490895425910860, 3.999999999999998224, 23.38308087929095080 ) ) ;
#5068 = CARTESIAN_POINT ( 'NONE',  ( -2.006423611111104677, 4.000000000000000000, 22.86862571266215127 ) ) ;
#5069 = CARTESIAN_POINT ( 'NONE',  ( 8.423033253884774751, 4.499999999999999112, 22.25685131155952945 ) ) ;
#5070 = EDGE_LOOP ( 'NONE', ( #3531, #339, #6589, #4203 ) ) ;
#5071 = CARTESIAN_POINT ( 'NONE',  ( -8.314022435897433283, 4.500000000000000888, 25.70441631095276236 ) ) ;
#5072 = CARTESIAN_POINT ( 'NONE',  ( -1.221153846153839595, 4.000000000000000000, 24.25768821266215269 ) ) ;
#5073 = CARTESIAN_POINT ( 'NONE',  ( 1.561760248015180652, 3.999999999999999112, 21.25560852118048416 ) ) ;
#5074 = VECTOR ( 'NONE', #6671, 1000.000000000000114 ) ;
#5075 = EDGE_CURVE ( 'NONE', #2269, #4198, #530, .T. ) ;
#5076 = ORIENTED_EDGE ( 'NONE', *, *, #4386, .F. ) ;
#5077 = CARTESIAN_POINT ( 'NONE',  ( -3.527777777777774570, 4.500000000000000888, 25.59586930240574532 ) ) ;
#5078 = CARTESIAN_POINT ( 'NONE',  ( 2.143803418803420069, 4.500000000000000888, 23.48089868274762182 ) ) ;
#5079 = CARTESIAN_POINT ( 'NONE',  ( -3.912997219341781463, 4.000000000000000000, 23.24925229474108690 ) ) ;
#5080 = LINE ( 'NONE', #2463, #1861 ) ;
#5081 = EDGE_CURVE ( 'NONE', #2557, #5601, #5747, .T. ) ;
#5082 = CARTESIAN_POINT ( 'NONE',  ( -2.171968187771859959, 3.999999999999998224, 24.85059028920127489 ) ) ;
#5083 = EDGE_CURVE ( 'NONE', #5343, #1687, #4130, .T. ) ;
#5084 = CARTESIAN_POINT ( 'NONE',  ( -1.876676014957258110, 4.000000000000001776, 25.70441631095274815 ) ) ;
#5085 = DIRECTION ( 'NONE',  ( 0.000000000000000000, 0.000000000000000000, -1.000000000000000000 ) ) ;
#5086 = CARTESIAN_POINT ( 'NONE',  ( 0.02786168971211661072, 4.500000000000000888, 23.42687525227378842 ) ) ;
#5087 = CARTESIAN_POINT ( 'NONE',  ( -5.563034188034184702, 4.000000000000000000, 23.75057015710660124 ) ) ;
#5088 = CARTESIAN_POINT ( 'NONE',  ( 4.920017003495218866, 4.500000000000000888, 25.68078935812841124 ) ) ;
#5089 = ORIENTED_EDGE ( 'NONE', *, *, #676, .T. ) ;
#5090 = CARTESIAN_POINT ( 'NONE',  ( 5.847886753005496097, 4.500000000000000888, 23.43197833215149117 ) ) ;
#5091 = B_SPLINE_SURFACE_WITH_KNOTS ( 'NONE', 3, 1, ( 
 ( #5584, #6553 ),
 ( #1721, #6090 ),
 ( #2251, #3872 ),
 ( #175, #137 ),
 ( #5549, #1683 ),
 ( #5480, #4979 ),
 ( #635, #2853 ),
 ( #1793, #740 ),
 ( #4943, #5012 ),
 ( #2324, #4487 ),
 ( #2893, #6666 ),
 ( #102, #6055 ),
 ( #2286, #1756 ),
 ( #6123, #1270 ),
 ( #3415, #3344 ),
 ( #669, #4451 ),
 ( #6628, #5050 ),
 ( #2360, #4523 ),
 ( #1829, #3975 ) ),
 .UNSPECIFIED., .F., .F., .F.,
 ( 4, 1, 1, 1, 1, 1, 1, 1, 1, 1, 1, 1, 1, 1, 1, 1, 4 ),
 ( 2, 2 ),
 ( 0.000000000000000000, 0.1107342804863387237, 0.2123411929916478313, 0.3055021255634835509, 0.3898348410859879820, 0.4666904579461289004, 0.5352618542933006429, 0.5967629138889611884, 0.6510657189836195347, 0.7010355511102168702, 0.7478602709077568633, 0.7918333971357288670, 0.8342840069087867905, 0.8753338897746161251, 0.9160347492783125212, 0.9576522807232378254, 1.000000000000000000 ),
 ( 0.000000000000000000, 1.000000000000000000 ),
 .UNSPECIFIED. ) ;
#5092 = CARTESIAN_POINT ( 'NONE',  ( 7.454857969264261364, 4.500000000000000888, 22.38369588974454061 ) ) ;
#5093 = CARTESIAN_POINT ( 'NONE',  ( 8.472353883941110553, 4.500000000000000888, 22.33201707265316571 ) ) ;
#5094 = DIRECTION ( 'NONE',  ( 0.000000000000000000, -0.000000000000000000, 1.000000000000000000 ) ) ;
#5095 = ORIENTED_EDGE ( 'NONE', *, *, #4972, .F. ) ;
#5096 = LINE ( 'NONE', #4989, #5017 ) ;
#5097 = CARTESIAN_POINT ( 'NONE',  ( 2.081899558550499885E-15, 4.000000000000000000, 16.99999999999999645 ) ) ;
#5098 = CARTESIAN_POINT ( 'NONE',  ( 7.403451402986486407, 4.000000000000000888, 24.45111661742942388 ) ) ;
#5099 = CARTESIAN_POINT ( 'NONE',  ( -0.9767315831191729636, 4.500000000000000888, 25.37939423007210138 ) ) ;
#5100 = ORIENTED_EDGE ( 'NONE', *, *, #1452, .T. ) ;
#5101 = ORIENTED_EDGE ( 'NONE', *, *, #1711, .T. ) ;
#5102 = B_SPLINE_CURVE_WITH_KNOTS ( 'NONE', 3,
 ( #5071, #4580, #4509, #5609, #6691, #3965, #2382, #6146, #6182, #3473, #5108 ),
 .UNSPECIFIED., .F., .F.,
 ( 4, 1, 1, 1, 1, 1, 1, 1, 4 ),
 ( 0.000000000000000000, 0.1238730982576542600, 0.2443261221022794416, 0.3630919162414990020, 0.4828064105989632315, 0.6046907385292268344, 0.7310120152303600793, 0.8620338979936115198, 0.9999999999999998890 ),
 .UNSPECIFIED. ) ;
#5103 = FILL_AREA_STYLE ('',( #2944 ) ) ;
#5104 = CARTESIAN_POINT ( 'NONE',  ( -3.527777777777774570, 4.000000000000000000, 25.59586930240574532 ) ) ;
#5105 = CARTESIAN_POINT ( 'NONE',  ( 8.554435509830621953, 4.000000000000005329, 22.52476926746560437 ) ) ;
#5106 = VERTEX_POINT ( 'NONE', #705 ) ;
#5107 = B_SPLINE_CURVE_WITH_KNOTS ( 'NONE', 3,
 ( #3903, #6087, #776, #2924, #1232, #5082, #3374, #5546, #242, #1195, #5513 ),
 .UNSPECIFIED., .F., .F.,
 ( 4, 1, 1, 1, 1, 1, 1, 1, 4 ),
 ( 0.000000000000000000, 0.1381137870618414365, 0.2684083835837758891, 0.3941909055405347084, 0.5170923452347711002, 0.6374931640526640964, 0.7570041724766218838, 0.8772941249553335430, 1.000000000000000000 ),
 .UNSPECIFIED. ) ;
#5108 = CARTESIAN_POINT ( 'NONE',  ( -9.470726495726493610, 4.500000000000000888, 25.10486369343139401 ) ) ;
#5109 = CARTESIAN_POINT ( 'NONE',  ( 8.448010149572652949, 4.500000000000000888, 24.65371518915788229 ) ) ;
#5110 = CARTESIAN_POINT ( 'NONE',  ( -2.786912131727332209, 4.000000000000000888, 25.40141974075248754 ) ) ;
#5111 = CARTESIAN_POINT ( 'NONE',  ( -4.477564102564099535, 4.500000000000000888, 22.55485701608095894 ) ) ;
#5112 = CARTESIAN_POINT ( 'NONE',  ( 6.887646901709405967, 4.500000000000000888, 21.82979691992711579 ) ) ;
#5113 = PLANE ( 'NONE',  #1737 ) ;
#5114 = CARTESIAN_POINT ( 'NONE',  ( 2.143803418803420069, 4.000000000000000000, 23.48089868274762182 ) ) ;
#5115 = B_SPLINE_CURVE_WITH_KNOTS ( 'NONE', 3,
 ( #4730, #3131, #522, #6409, #4801, #6913, #2103, #5363, #6951, #4300, #3696, #1611, #1085, #2708, #4870, #27, #5431, #4899, #1751 ),
 .UNSPECIFIED., .F., .F.,
 ( 4, 1, 1, 1, 1, 1, 1, 1, 1, 1, 1, 1, 1, 1, 1, 1, 4 ),
 ( 0.000000000000000000, 0.06593481762567708626, 0.1300372587941653890, 0.1923620702496509349, 0.2538195214289183932, 0.3141994357375419988, 0.3746698781567772696, 0.4351541180379869811, 0.4964786684939709316, 0.5578092661396401031, 0.6190309229821125969, 0.6796911875192902519, 0.7409612864102638197, 0.8033752905051755322, 0.8668176884999604370, 0.9323179771745065958, 1.000000000000000000 ),
 .UNSPECIFIED. ) ;
#5116 = ADVANCED_FACE ( 'NONE', ( #4016, #3490 ), #4491, .F. ) ;
#5117 = CARTESIAN_POINT ( 'NONE',  ( -8.083030184645101812, 4.500000000000000888, 24.71201118224543336 ) ) ;
#5118 = EDGE_CURVE ( 'NONE', #1817, #1872, #1866, .T. ) ;
#5119 = CARTESIAN_POINT ( 'NONE',  ( 5.197463044495528983, 4.500000000000000888, 23.87615795581167788 ) ) ;
#5120 = CARTESIAN_POINT ( 'NONE',  ( 0.3748263888888903606, 4.000000000000000000, 21.82979691992711224 ) ) ;
#5121 = ADVANCED_FACE ( 'NONE', ( #139 ), #1240, .F. ) ;
#5122 = CARTESIAN_POINT ( 'NONE',  ( 0.02831427227701991886, 4.499999999999999112, 23.71955985808309819 ) ) ;
#5123 = CARTESIAN_POINT ( 'NONE',  ( 2.903258377827452552, 4.000000000000004441, 23.41332857484017183 ) ) ;
#5124 = ORIENTED_EDGE ( 'NONE', *, *, #6216, .F. ) ;
#5125 = CIRCLE ( 'NONE', #3869, 0.5000000000000004441 ) ;
#5126 = CARTESIAN_POINT ( 'NONE',  ( 5.847886753005496097, 4.000000000000002665, 23.43197833215149117 ) ) ;
#5127 = CARTESIAN_POINT ( 'NONE',  ( -17.49999999999999645, 4.000000000000000000, 20.49999999999999645 ) ) ;
#5128 = AXIS2_PLACEMENT_3D ( 'NONE', #2695, #645, #4956 ) ;
#5129 = CARTESIAN_POINT ( 'NONE',  ( 8.632215439431504933, 4.500000000000000888, 22.93294724487373415 ) ) ;
#5130 = CARTESIAN_POINT ( 'NONE',  ( -1.389987121648015300, 4.000000000000001776, 23.77570635847973435 ) ) ;
#5131 = LINE ( 'NONE', #294, #2428 ) ;
#5132 = B_SPLINE_CURVE_WITH_KNOTS ( 'NONE', 3,
 ( #4468, #3465, #4027, #151, #2976, #6106, #5136 ),
 .UNSPECIFIED., .F., .F.,
 ( 4, 1, 1, 1, 4 ),
 ( 0.000000000000000000, 0.2636542475286026699, 0.5199803460206643413, 0.7671028029252651148, 1.000000000000000000 ),
 .UNSPECIFIED. ) ;
#5133 = DIRECTION ( 'NONE',  ( 0.2073096204707153001, 0.000000000000000000, -0.9782753810969015973 ) ) ;
#5134 = CARTESIAN_POINT ( 'NONE',  ( -4.816330800719718752, 4.000000000000000888, 22.95347117891797950 ) ) ;
#5135 = CARTESIAN_POINT ( 'NONE',  ( 7.209611468129823564, 4.000000000000007994, 25.48413176882078801 ) ) ;
#5136 = CARTESIAN_POINT ( 'NONE',  ( 4.768436164529918031, 4.500000000000000888, 22.82792058445702565 ) ) ;
#5137 = AXIS2_PLACEMENT_3D ( 'NONE', #6006, #2703, #1675 ) ;
#5138 = VECTOR ( 'NONE', #4883, 1000.000000000000000 ) ;
#5139 = EDGE_LOOP ( 'NONE', ( #1404, #6594, #5656, #5406 ) ) ;
#5140 = CARTESIAN_POINT ( 'NONE',  ( 1.920647474959185752, 4.500000000000000888, 24.67663151021647749 ) ) ;
#5141 = DIRECTION ( 'NONE',  ( 0.000000000000000000, 0.000000000000000000, -1.000000000000000000 ) ) ;
#5142 = VECTOR ( 'NONE', #1155, 1000.000000000000000 ) ;
#5143 = CARTESIAN_POINT ( 'NONE',  ( 3.353211410255020120, 4.000000000000000000, 24.93017364992047646 ) ) ;
#5144 = ORIENTED_EDGE ( 'NONE', *, *, #5611, .T. ) ;
#5145 = CARTESIAN_POINT ( 'NONE',  ( 8.501032331951957843, 4.499999999999999112, 24.55673696896498726 ) ) ;
#5146 = LINE ( 'NONE', #1430, #6292 ) ;
#5147 = CARTESIAN_POINT ( 'NONE',  ( -3.036039704776460457, 3.999999999999999112, 25.14046628565722230 ) ) ;
#5148 = VERTEX_POINT ( 'NONE', #5588 ) ;
#5149 = CARTESIAN_POINT ( 'NONE',  ( -1.733061505679499348, 4.500000000000000888, 25.70040383717250165 ) ) ;
#5150 = B_SPLINE_SURFACE_WITH_KNOTS ( 'NONE', 3, 1, ( 
 ( #5902, #2140 ),
 ( #4304, #6479 ),
 ( #1614, #4447 ),
 ( #6121, #2282 ),
 ( #6624, #99 ),
 ( #2357, #4519 ),
 ( #1754, #6588 ),
 ( #209, #4415 ),
 ( #1789, #666 ),
 ( #3413, #134 ),
 ( #3973, #2890 ) ),
 .UNSPECIFIED., .F., .F., .F.,
 ( 4, 1, 1, 1, 1, 1, 1, 1, 4 ),
 ( 2, 2 ),
 ( 0.000000000000000000, 0.1103603399843291200, 0.2211857967812657644, 0.3343638213725833030, 0.4529765798274179578, 0.5772343082002699965, 0.7088043240432455594, 0.8493551270704522427, 1.000000000000000000 ),
 ( 0.000000000000000000, 1.000000000000000000 ),
 .UNSPECIFIED. ) ;
#5151 = CARTESIAN_POINT ( 'NONE',  ( 6.859377730673636542, 4.499999999999999112, 21.87640872641538792 ) ) ;
#5152 = CARTESIAN_POINT ( 'NONE',  ( 7.984141292735046136, 4.500000000000000888, 24.94458725112369635 ) ) ;
#5153 = CARTESIAN_POINT ( 'NONE',  ( 5.493622356653113492, 4.000000000000000000, 23.04874113982839035 ) ) ;
#5154 = CARTESIAN_POINT ( 'NONE',  ( -3.742809644988627671, 3.999999999999999112, 22.28909785887612927 ) ) ;
#5155 = DIRECTION ( 'NONE',  ( 1.074624957273652318E-12, 1.000000000000000000, 2.172133773132295610E-14 ) ) ;
#5156 = DIRECTION ( 'NONE',  ( -0.000000000000000000, -1.000000000000000000, 0.000000000000000000 ) ) ;
#5157 = CARTESIAN_POINT ( 'NONE',  ( 0.04698678785085250165, 4.000000000000000000, 22.98403156852398510 ) ) ;
#5158 = CARTESIAN_POINT ( 'NONE',  ( 0.09473132166294674639, 4.000000000000001776, 24.41217644627272421 ) ) ;
#5159 = CARTESIAN_POINT ( 'NONE',  ( 2.835796346977407012, 4.000000000000002665, 22.58334324113543801 ) ) ;
#5160 = CARTESIAN_POINT ( 'NONE',  ( -4.955073603241452851, 4.500000000000000888, 21.37821716724777588 ) ) ;
#5161 = DIRECTION ( 'NONE',  ( 1.734625859608723554E-14, 1.000000000000000000, -7.113121577167513288E-13 ) ) ;
#5162 = EDGE_CURVE ( 'NONE', #2540, #5979, #6162, .T. ) ;
#5163 = VECTOR ( 'NONE', #60, 1000.000000000000000 ) ;
#5164 = CARTESIAN_POINT ( 'NONE',  ( 7.791122471339851252, 3.999999999999999112, 22.04471004017556979 ) ) ;
#5165 = CARTESIAN_POINT ( 'NONE',  ( 8.645959542880707005, 4.000000000000003553, 23.85805946265852384 ) ) ;
#5166 = VERTEX_POINT ( 'NONE', #2821 ) ;
#5167 = CARTESIAN_POINT ( 'NONE',  ( -5.563034188034184702, 4.000000000000000000, 22.99074109727754234 ) ) ;
#5168 = CARTESIAN_POINT ( 'NONE',  ( -1.833426816239309698, 4.500000000000000888, 24.94458725112368924 ) ) ;
#5169 = CARTESIAN_POINT ( 'NONE',  ( 7.467763129734193761, 4.499999999999999112, 25.61923162930313325 ) ) ;
#5170 = CYLINDRICAL_SURFACE ( 'NONE', #2001, 1.000000000000000888 ) ;
#5171 = VERTEX_POINT ( 'NONE', #3455 ) ;
#5172 = VECTOR ( 'NONE', #6089, 1000.000000000000000 ) ;
#5173 = ADVANCED_FACE ( 'NONE', ( #6737 ), #1689, .T. ) ;
#5174 = ADVANCED_FACE ( 'NONE', ( #5551 ), #3889, .T. ) ;
#5175 = ADVANCED_FACE ( 'NONE', ( #285 ), #2438, .T. ) ;
#5176 = EDGE_LOOP ( 'NONE', ( #4816, #231, #5022, #3556 ) ) ;
#5177 = CARTESIAN_POINT ( 'NONE',  ( 8.283688324064250708, 4.500000000000000888, 21.28480221659679117 ) ) ;
#5178 = DIRECTION ( 'NONE',  ( 1.000000000000000000, 0.000000000000000000, -8.462065736472229849E-17 ) ) ;
#5179 = CARTESIAN_POINT ( 'NONE',  ( -2.480447047338151023, 4.500000000000000888, 25.58747074483706285 ) ) ;
#5180 = ORIENTED_EDGE ( 'NONE', *, *, #5476, .F. ) ;
#5181 = CARTESIAN_POINT ( 'NONE',  ( 0.000000000000000000, 4.000000000000000000, 0.000000000000000000 ) ) ;
#5182 = CARTESIAN_POINT ( 'NONE',  ( -5.305235042735039208, 4.500000000000000888, 23.75057015710660124 ) ) ;
#5183 = PLANE ( 'NONE',  #4904 ) ;
#5184 = ORIENTED_EDGE ( 'NONE', *, *, #1704, .T. ) ;
#5185 = CARTESIAN_POINT ( 'NONE',  ( -19.50000000000000355, 5.500000000000000000, -19.49999999999999645 ) ) ;
#5186 = FACE_OUTER_BOUND ( 'NONE', #607, .T. ) ;
#5187 = CARTESIAN_POINT ( 'NONE',  ( 7.403451402986486407, 4.500000000000000888, 24.45111661742942388 ) ) ;
#5188 = CARTESIAN_POINT ( 'NONE',  ( 2.064727033629965458, 4.500000000000000888, 24.32096178734914815 ) ) ;
#5189 = CARTESIAN_POINT ( 'NONE',  ( 7.701933900997722127, 3.999999999999999112, 22.08521827370373813 ) ) ;
#5190 = CARTESIAN_POINT ( 'NONE',  ( -2.689594128062942513, 4.000000000000001776, 25.47225833935340944 ) ) ;
#5191 = ORIENTED_EDGE ( 'NONE', *, *, #3127, .F. ) ;
#5192 = CARTESIAN_POINT ( 'NONE',  ( 5.226566072372622607, 4.500000000000000888, 23.93190876832493430 ) ) ;
#5193 = CARTESIAN_POINT ( 'NONE',  ( 4.640319812242537090, 4.499999999999999112, 22.83755998255578135 ) ) ;
#5194 = CARTESIAN_POINT ( 'NONE',  ( 0.1248271799855840136, 4.500000000000000888, 24.55556511987972357 ) ) ;
#5195 = CARTESIAN_POINT ( 'NONE',  ( 2.514454234272899491, 4.500000000000000888, 21.76986819369852100 ) ) ;
#5196 = ORIENTED_EDGE ( 'NONE', *, *, #2699, .T. ) ;
#5197 = CARTESIAN_POINT ( 'NONE',  ( 5.997222222222226229, 4.500000000000000888, 22.06809152462796320 ) ) ;
#5198 = CARTESIAN_POINT ( 'NONE',  ( -8.479913307064528283, 4.000000000000000000, 25.69928052040242505 ) ) ;
#5199 = LINE ( 'NONE', #4170, #7010 ) ;
#5200 = DIRECTION ( 'NONE',  ( -0.000000000000000000, -1.000000000000000000, -0.000000000000000000 ) ) ;
#5201 = EDGE_LOOP ( 'NONE', ( #4926, #672, #5010, #2311 ) ) ;
#5202 = LINE ( 'NONE', #4636, #52 ) ;
#5203 = CARTESIAN_POINT ( 'NONE',  ( -1.771288042427583642, 4.500000000000000888, 24.94224930271068175 ) ) ;
#5204 = CARTESIAN_POINT ( 'NONE',  ( 7.376867816740871220, 4.500000000000000888, 25.58129798973394031 ) ) ;
#5205 = CARTESIAN_POINT ( 'NONE',  ( -2.010322788272644878, 4.000000000000000000, 24.92311251492415991 ) ) ;
#5206 = EDGE_LOOP ( 'NONE', ( #436, #6753, #3212, #2431 ) ) ;
#5207 = CARTESIAN_POINT ( 'NONE',  ( 9.416078890647964883, 4.500000000000000888, 23.41332857484017538 ) ) ;
#5208 = CARTESIAN_POINT ( 'NONE',  ( 2.143803418803420069, 4.500000000000000888, 23.48089868274762182 ) ) ;
#5209 = CARTESIAN_POINT ( 'NONE',  ( -8.314022435897433283, 4.000000000000000000, 25.70441631095276236 ) ) ;
#5210 = EDGE_CURVE ( 'NONE', #2571, #1985, #3861, .T. ) ;
#5211 = ORIENTED_EDGE ( 'NONE', *, *, #4171, .F. ) ;
#5212 = CARTESIAN_POINT ( 'NONE',  ( -2.057272157006996949, 4.499999999999999112, 23.65487982036388104 ) ) ;
#5213 = ADVANCED_FACE ( 'NONE', ( #4328 ), #695, .T. ) ;
#5214 = CARTESIAN_POINT ( 'NONE',  ( 5.997222222222226229, 4.000000000000000000, 22.06809152462796320 ) ) ;
#5215 = DIRECTION ( 'NONE',  ( -0.000000000000000000, -1.000000000000000000, -0.000000000000000000 ) ) ;
#5216 = CARTESIAN_POINT ( 'NONE',  ( -1.876676014957258110, 4.500000000000000888, 25.70441631095274815 ) ) ;
#5217 = CARTESIAN_POINT ( 'NONE',  ( -8.647859240081359644, 4.000000000000000000, 24.82068252594727653 ) ) ;
#5218 = CARTESIAN_POINT ( 'NONE',  ( 0.03682504609944922680, 4.000000000000000888, 23.91049027396239879 ) ) ;
#5219 = CARTESIAN_POINT ( 'NONE',  ( 5.594416592554375178, 4.000000000000000000, 23.12896089656211274 ) ) ;
#5220 = ORIENTED_EDGE ( 'NONE', *, *, #2613, .T. ) ;
#5221 = CARTESIAN_POINT ( 'NONE',  ( 7.483394143851148428, 3.999999999999999112, 22.32439080759634109 ) ) ;
#5222 = CARTESIAN_POINT ( 'NONE',  ( -2.368320918877720782, 4.500000000000002665, 25.62970012817014265 ) ) ;
#5223 = ORIENTED_EDGE ( 'NONE', *, *, #809, .T. ) ;
#5224 = DIRECTION ( 'NONE',  ( -0.000000000000000000, -1.000000000000000000, -0.000000000000000000 ) ) ;
#5225 = CARTESIAN_POINT ( 'NONE',  ( -4.695906557032727413, 4.000000000000000000, 21.40934873743483635 ) ) ;
#5226 = CARTESIAN_POINT ( 'NONE',  ( 1.149864942027706727, 4.500000000000000888, 25.67411815091726623 ) ) ;
#5227 = CARTESIAN_POINT ( 'NONE',  ( -8.253840323937728485, 4.000000000000003553, 24.94149307396267190 ) ) ;
#5228 = EDGE_LOOP ( 'NONE', ( #6296, #3361, #3356, #1821 ) ) ;
#5229 = CARTESIAN_POINT ( 'NONE',  ( 5.997222222222226229, 4.500000000000000888, 21.36253596907241104 ) ) ;
#5230 = CARTESIAN_POINT ( 'NONE',  ( 7.299786324786328606, 4.500000000000000888, 23.52923602249121515 ) ) ;
#5231 = EDGE_LOOP ( 'NONE', ( #4678, #5632, #6112, #6026 ) ) ;
#5232 = CARTESIAN_POINT ( 'NONE',  ( 8.315066441042771928, 4.500000000000000888, 22.13730806386320182 ) ) ;
#5233 = CARTESIAN_POINT ( 'NONE',  ( 8.655901102159701210, 4.499999999999999112, 23.54705030498526241 ) ) ;
#5234 = LINE ( 'NONE', #398, #514 ) ;
#5235 = DIRECTION ( 'NONE',  ( 1.000000000000000000, 0.000000000000000000, -0.000000000000000000 ) ) ;
#5236 = CARTESIAN_POINT ( 'NONE',  ( -1.231011059222230974, 4.500000000000000888, 24.40125525715173893 ) ) ;
#5237 = CARTESIAN_POINT ( 'NONE',  ( 6.928515723351415190, 4.500000000000000888, 25.20312390072007958 ) ) ;
#5238 = CARTESIAN_POINT ( 'NONE',  ( -2.309765858101034297, 4.000000000000001776, 24.72977232712458218 ) ) ;
#5239 = AXIS2_PLACEMENT_3D ( 'NONE', #4885, #3221, #3284 ) ;
#5240 = AXIS2_PLACEMENT_3D ( 'NONE', #131, #2279, #2318 ) ;
#5241 = ORIENTED_EDGE ( 'NONE', *, *, #4296, .F. ) ;
#5242 = B_SPLINE_CURVE_WITH_KNOTS ( 'NONE', 3,
 ( #2956, #3025, #4688, #6870, #4074, #1989, #1399, #2497, #4157, #4552, #5114 ),
 .UNSPECIFIED., .F., .F.,
 ( 4, 1, 1, 1, 1, 1, 1, 1, 4 ),
 ( 0.000000000000000000, 0.08887073112253521256, 0.1863547159714915302, 0.2940776543961753919, 0.4122365279576104546, 0.5417781444209649466, 0.6827026066315641240, 0.8350963526041684792, 1.000000000000000000 ),
 .UNSPECIFIED. ) ;
#5243 = CARTESIAN_POINT ( 'NONE',  ( 6.539957264957268812, 4.500000000000000888, 23.52075578744848272 ) ) ;
#5244 = CARTESIAN_POINT ( 'NONE',  ( -2.005314693115555436, 4.499999999999999112, 25.70112852877601384 ) ) ;
#5245 = EDGE_LOOP ( 'NONE', ( #644, #5751 ) ) ;
#5246 = VECTOR ( 'NONE', #148, 1000.000000000000000 ) ;
#5247 = CARTESIAN_POINT ( 'NONE',  ( 1.258480105189411002, 4.000000000000000000, 24.90277380790519857 ) ) ;
#5248 = CARTESIAN_POINT ( 'NONE',  ( -17.49999999999999645, 4.000000000000003553, 21.00000000000000355 ) ) ;
#5249 = CARTESIAN_POINT ( 'NONE',  ( -8.106147741829008879, 3.999999999999999112, 24.80074852583870282 ) ) ;
#5250 = ORIENTED_EDGE ( 'NONE', *, *, #1143, .T. ) ;
#5251 = EDGE_CURVE ( 'NONE', #6452, #120, #6501, .T. ) ;
#5252 = DIRECTION ( 'NONE',  ( 1.000000000000000000, 0.000000000000000000, 0.000000000000000000 ) ) ;
#5253 = CARTESIAN_POINT ( 'NONE',  ( -4.496918135428424002, 4.500000000000000888, 22.42490470610081132 ) ) ;
#5254 = CARTESIAN_POINT ( 'NONE',  ( 1.149864942027706727, 4.500000000000000888, 25.67411815091726623 ) ) ;
#5255 = CARTESIAN_POINT ( 'NONE',  ( 4.768436164529918031, 4.500000000000000888, 22.82792058445702565 ) ) ;
#5256 = VERTEX_POINT ( 'NONE', #3827 ) ;
#5257 = EDGE_CURVE ( 'NONE', #5276, #794, #5592, .T. ) ;
#5258 = EDGE_CURVE ( 'NONE', #3758, #932, #5818, .T. ) ;
#5259 = CARTESIAN_POINT ( 'NONE',  ( 7.791122471339851252, 4.499999999999999112, 22.04471004017556979 ) ) ;
#5260 = EDGE_CURVE ( 'NONE', #6277, #1898, #1632, .T. ) ;
#5261 = PLANE ( 'NONE',  #6319 ) ;
#5262 = DIRECTION ( 'NONE',  ( 1.000000000000000000, 0.000000000000000000, -0.000000000000000000 ) ) ;
#5263 = CARTESIAN_POINT ( 'NONE',  ( 0.3748263888888903606, 4.000000000000002665, 21.82979691992711224 ) ) ;
#5264 = CARTESIAN_POINT ( 'NONE',  ( 1.149864942027706727, 4.000000000000003553, 25.67411815091726623 ) ) ;
#5265 = ORIENTED_EDGE ( 'NONE', *, *, #5908, .T. ) ;
#5266 = CARTESIAN_POINT ( 'NONE',  ( -4.326604524550933029, 4.500000000000000888, 21.51733631351854825 ) ) ;
#5267 = CARTESIAN_POINT ( 'NONE',  ( 7.330756547514773125, 4.500000000000002665, 22.87908637419469926 ) ) ;
#5268 = CARTESIAN_POINT ( 'NONE',  ( 5.197463044495528983, 4.000000000000000000, 23.87615795581167788 ) ) ;
#5269 = DIRECTION ( 'NONE',  ( -0.000000000000000000, -1.000000000000000000, -0.000000000000000000 ) ) ;
#5270 = ORIENTED_EDGE ( 'NONE', *, *, #1707, .F. ) ;
#5271 = LINE ( 'NONE', #2478, #6857 ) ;
#5272 = B_SPLINE_CURVE_WITH_KNOTS ( 'NONE', 3,
 ( #2880, #2455, #1912, #6147, #4064, #1296, #1392, #3537, #764, #233, #2383, #4547, #1495, #3611, #2562, #6863, #4718, #6937, #6283, #2595, #1563, #1530, #4646, #3051, #6823, #6973, #5857 ),
 .UNSPECIFIED., .F., .F.,
 ( 4, 1, 1, 1, 1, 1, 1, 1, 1, 1, 1, 1, 1, 1, 1, 1, 1, 1, 1, 1, 1, 1, 1, 1, 4 ),
 ( 0.000000000000000000, 0.03821733796913635156, 0.07486720303994344461, 0.1101580815531042756, 0.1444539266593011517, 0.1780797262741528886, 0.2111707725935978441, 0.2436870542144175256, 0.2758717334447993164, 0.3083755160139862728, 0.3412633249363585808, 0.3751503394709049255, 0.4096552607042125982, 0.4451573674923582358, 0.4820734672046715907, 0.5205757562184278875, 0.5605536808978375252, 0.6031075754382529963, 0.6486887095294880945, 0.6979476778875632892, 0.7507677670183539043, 0.8073094024459648299, 0.8676555707911414173, 0.9318612220995590167, 0.9999999999999998890 ),
 .UNSPECIFIED. ) ;
#5273 = CARTESIAN_POINT ( 'NONE',  ( 9.318381662068894400, 4.000000000000000000, 22.43753286758764176 ) ) ;
#5274 = CARTESIAN_POINT ( 'NONE',  ( 2.315397202437178503, 4.500000000000000888, 25.42492174664015536 ) ) ;
#5275 = CARTESIAN_POINT ( 'NONE',  ( -2.244075124487366235, 4.000000000000001776, 24.79553779862992613 ) ) ;
#5276 = VERTEX_POINT ( 'NONE', #3293 ) ;
#5277 = PRESENTATION_STYLE_ASSIGNMENT (( #6754 ) ) ;
#5278 = CARTESIAN_POINT ( 'NONE',  ( 2.029756791458644294, 4.500000000000000888, 24.44593175506041405 ) ) ;
#5279 = CARTESIAN_POINT ( 'NONE',  ( -8.369833027142142612, 3.999999999999999112, 25.70268847924564426 ) ) ;
#5280 = ORIENTED_EDGE ( 'NONE', *, *, #5864, .T. ) ;
#5281 = CARTESIAN_POINT ( 'NONE',  ( 1.397763285310763548, 3.999999999999999112, 24.94151834665948186 ) ) ;
#5282 = DIRECTION ( 'NONE',  ( 0.000000000000000000, -1.000000000000000000, 0.000000000000000000 ) ) ;
#5283 = CARTESIAN_POINT ( 'NONE',  ( -8.313174412393163237, 4.000000000000000888, 24.94458725112370701 ) ) ;
#5284 = ORIENTED_EDGE ( 'NONE', *, *, #2216, .F. ) ;
#5285 = CARTESIAN_POINT ( 'NONE',  ( -0.6204288413416895187, 4.500000000000002665, 24.93270762785292405 ) ) ;
#5286 = CARTESIAN_POINT ( 'NONE',  ( 2.119394926610989049, 4.500000000000000888, 22.93294724487373060 ) ) ;
#5287 = CARTESIAN_POINT ( 'NONE',  ( 0.9549426169136789877, 4.499999999999999112, 25.61923162930312969 ) ) ;
#5288 = LINE ( 'NONE', #5895, #6508 ) ;
#5289 = VERTEX_POINT ( 'NONE', #2808 ) ;
#5290 = CARTESIAN_POINT ( 'NONE',  ( 7.300257193343811402, 3.999999999999999112, 23.47948471978611096 ) ) ;
#5291 = CARTESIAN_POINT ( 'NONE',  ( 1.127243360177269782, 4.500000000000000888, 21.28586822037969029 ) ) ;
#5292 = EDGE_LOOP ( 'NONE', ( #4232, #1577, #61, #826 ) ) ;
#5293 = DIRECTION ( 'NONE',  ( 0.000000000000000000, -0.000000000000000000, 1.000000000000000000 ) ) ;
#5294 = CARTESIAN_POINT ( 'NONE',  ( -4.123147384598865095, 4.000000000000001776, 21.64768726563876555 ) ) ;
#5295 = DIRECTION ( 'NONE',  ( 0.000000000000000000, -0.000000000000000000, 1.000000000000000000 ) ) ;
#5296 = EDGE_CURVE ( 'NONE', #3949, #722, #6617, .T. ) ;
#5297 = EDGE_CURVE ( 'NONE', #5642, #3382, #3369, .T. ) ;
#5298 = CARTESIAN_POINT ( 'NONE',  ( -3.904995179837944974, 4.500000000000000888, 21.89239220105062955 ) ) ;
#5299 = CARTESIAN_POINT ( 'NONE',  ( -5.437526709401705460, 4.500000000000000888, 21.36253596907241459 ) ) ;
#5300 = VECTOR ( 'NONE', #4018, 1000.000000000000000 ) ;
#5301 = CARTESIAN_POINT ( 'NONE',  ( -1.939450038690327505, 4.500000000000000888, 22.84997272723476058 ) ) ;
#5302 = CARTESIAN_POINT ( 'NONE',  ( 6.984784363395047713, 4.500000000000000888, 21.69447423842444422 ) ) ;
#5303 = CARTESIAN_POINT ( 'NONE',  ( -8.895766559829057840, 3.999999999999999112, 24.57315295625190998 ) ) ;
#5304 = DIRECTION ( 'NONE',  ( -0.000000000000000000, -1.000000000000000000, -0.000000000000000000 ) ) ;
#5305 = VERTEX_POINT ( 'NONE', #2916 ) ;
#5306 = CARTESIAN_POINT ( 'NONE',  ( -4.776793683597247764, 4.500000000000000888, 22.16931486182186006 ) ) ;
#5307 = CARTESIAN_POINT ( 'NONE',  ( 1.471320779914531363, 4.500000000000000888, 22.01381802035446356 ) ) ;
#5308 = CARTESIAN_POINT ( 'NONE',  ( -2.171968187771859959, 4.499999999999999112, 24.85059028920127489 ) ) ;
#5309 = ORIENTED_EDGE ( 'NONE', *, *, #2917, .F. ) ;
#5310 = ORIENTED_EDGE ( 'NONE', *, *, #4345, .T. ) ;
#5311 = DIRECTION ( 'NONE',  ( -0.000000000000000000, -1.000000000000000000, -0.000000000000000000 ) ) ;
#5312 = CARTESIAN_POINT ( 'NONE',  ( 3.571875000000003908, 4.500000000000000888, 23.71156107591001572 ) ) ;
#5313 = CARTESIAN_POINT ( 'NONE',  ( -3.283547008547001766, 4.500000000000000888, 24.56467272120915624 ) ) ;
#5314 = VERTEX_POINT ( 'NONE', #6213 ) ;
#5315 = DIRECTION ( 'NONE',  ( 0.000000000000000000, 0.000000000000000000, 1.000000000000000000 ) ) ;
#5316 = CARTESIAN_POINT ( 'NONE',  ( 1.543497574830476893, 3.999999999999999112, 22.01676539071434391 ) ) ;
#5317 = CARTESIAN_POINT ( 'NONE',  ( -8.074011866089739087, 3.999999999999999112, 24.65563616091117538 ) ) ;
#5318 = CARTESIAN_POINT ( 'NONE',  ( -8.314022435897433283, 4.500000000000000888, 25.70441631095276236 ) ) ;
#5319 = CARTESIAN_POINT ( 'NONE',  ( 2.099309842019033923, 4.000000000000000000, 22.78089819634744373 ) ) ;
#5320 = CARTESIAN_POINT ( 'NONE',  ( 0.6967909553093095676, 4.500000000000000888, 25.48413176882079156 ) ) ;
#5321 = LINE ( 'NONE', #5255, #6741 ) ;
#5322 = ORIENTED_EDGE ( 'NONE', *, *, #6570, .F. ) ;
#5323 = ORIENTED_EDGE ( 'NONE', *, *, #3479, .T. ) ;
#5324 = FACE_BOUND ( 'NONE', #3526, .T. ) ;
#5325 = CARTESIAN_POINT ( 'NONE',  ( 0.7912194775850058814, 4.500000000000000888, 23.24309842269121162 ) ) ;
#5326 = ORIENTED_EDGE ( 'NONE', *, *, #676, .F. ) ;
#5327 = CARTESIAN_POINT ( 'NONE',  ( 0.7869658119658132778, 4.500000000000000888, 23.52923602249121160 ) ) ;
#5328 = CARTESIAN_POINT ( 'NONE',  ( -4.818969058932524696, 4.000000000000001776, 21.39160202885770801 ) ) ;
#5329 = DIRECTION ( 'NONE',  ( 0.000000000000000000, 1.000000000000000000, 0.000000000000000000 ) ) ;
#5330 = DIRECTION ( 'NONE',  ( 0.000000000000000000, -0.000000000000000000, 1.000000000000000000 ) ) ;
#5331 = CARTESIAN_POINT ( 'NONE',  ( -4.472574547463158190, 4.500000000000000888, 23.65208032035053165 ) ) ;
#5332 = EDGE_CURVE ( 'NONE', #5932, #667, #801, .T. ) ;
#5333 = EDGE_CURVE ( 'NONE', #1687, #1539, #1584, .T. ) ;
#5334 = CARTESIAN_POINT ( 'NONE',  ( 5.290270050642405408, 4.000000000000000000, 24.18683621616803592 ) ) ;
#5335 = ADVANCED_FACE ( 'NONE', ( #2349, #832 ), #5183, .T. ) ;
#5336 = CARTESIAN_POINT ( 'NONE',  ( -8.059615384615382183, 4.500000000000000888, 21.36253596907242169 ) ) ;
#5337 = CARTESIAN_POINT ( 'NONE',  ( 2.879403866744851825, 4.000000000000000000, 24.05754610470029675 ) ) ;
#5338 = CARTESIAN_POINT ( 'NONE',  ( -0.4655903979337716048, 4.000000000000000000, 24.38199101118976131 ) ) ;
#5339 = EDGE_LOOP ( 'NONE', ( #898, #1975, #362, #3778 ) ) ;
#5340 = CARTESIAN_POINT ( 'NONE',  ( -2.580930049624029981E-15, 1.000000000000000000, 30.50000000000000000 ) ) ;
#5341 = CARTESIAN_POINT ( 'NONE',  ( 1.798441510041264735, 4.000000000000000000, 25.67419207169985285 ) ) ;
#5342 = CARTESIAN_POINT ( 'NONE',  ( -0.6012991775374215697, 4.500000000000002665, 23.54820870292010682 ) ) ;
#5343 = VERTEX_POINT ( 'NONE', #5680 ) ;
#5344 = EDGE_CURVE ( 'NONE', #2718, #5642, #5822, .T. ) ;
#5345 = ORIENTED_EDGE ( 'NONE', *, *, #2826, .T. ) ;
#5346 = LINE ( 'NONE', #3711, #312 ) ;
#5347 = CARTESIAN_POINT ( 'NONE',  ( -19.50000000000000355, 5.500000000000000000, -19.49999999999999645 ) ) ;
#5348 = CARTESIAN_POINT ( 'NONE',  ( 5.290270050642405408, 4.500000000000000888, 24.18683621616803592 ) ) ;
#5349 = ORIENTED_EDGE ( 'NONE', *, *, #3603, .T. ) ;
#5350 = CARTESIAN_POINT ( 'NONE',  ( -4.647812991653619719, 4.499999999999999112, 22.89142321875509722 ) ) ;
#5351 = CARTESIAN_POINT ( 'NONE',  ( -2.242687095988750379, 4.000000000000000888, 23.79527090832252156 ) ) ;
#5352 = CARTESIAN_POINT ( 'NONE',  ( 2.880606466394853626, 4.000000000000000000, 22.90956861210009876 ) ) ;
#5353 = VECTOR ( 'NONE', #6840, 1000.000000000000000 ) ;
#5354 = CARTESIAN_POINT ( 'NONE',  ( -7.536717393514101637, 4.499999999999999112, 25.35932655220385001 ) ) ;
#5355 = CARTESIAN_POINT ( 'NONE',  ( -20.49999999999999645, 5.500000000000000000, 19.49999999999999645 ) ) ;
#5356 = CARTESIAN_POINT ( 'NONE',  ( 1.910212741064262421, 4.499999999999999112, 22.25685131155952945 ) ) ;
#5357 = CARTESIAN_POINT ( 'NONE',  ( -1.983890319464387098, 4.000000000000000888, 22.86234990646688914 ) ) ;
#5358 = CARTESIAN_POINT ( 'NONE',  ( -8.200168772398839678, 4.000000000000003553, 24.91886595651153868 ) ) ;
#5359 = VERTEX_POINT ( 'NONE', #1361 ) ;
#5360 = VECTOR ( 'NONE', #2288, 1000.000000000000000 ) ;
#5361 = CARTESIAN_POINT ( 'NONE',  ( 7.467763129734193761, 3.999999999999999112, 25.61923162930313325 ) ) ;
#5362 = ORIENTED_EDGE ( 'NONE', *, *, #5210, .F. ) ;
#5363 = CARTESIAN_POINT ( 'NONE',  ( 3.925478198345814906, 4.000000000000001776, 25.53465492042107243 ) ) ;
#5364 = CIRCLE ( 'NONE', #4117, 16.99999999999999645 ) ;
#5365 = CARTESIAN_POINT ( 'NONE',  ( -5.379006233702522621, 4.000000000000000000, 21.36274368317522132 ) ) ;
#5366 = FACE_OUTER_BOUND ( 'NONE', #4463, .T. ) ;
#5367 = CARTESIAN_POINT ( 'NONE',  ( 20.50000000000000355, 3.000000000000006217, 19.49999999999999645 ) ) ;
#5368 = CARTESIAN_POINT ( 'NONE',  ( -1.765041476711193491, 4.500000000000000888, 22.82844126727200873 ) ) ;
#5369 = CARTESIAN_POINT ( 'NONE',  ( 6.887646901709405967, 4.500000000000000888, 21.82979691992711579 ) ) ;
#5370 = CARTESIAN_POINT ( 'NONE',  ( 2.627997597338169733, 4.000000000000000888, 25.01263307362559374 ) ) ;
#5371 = CARTESIAN_POINT ( 'NONE',  ( -0.5166588395716115167, 4.000000000000000888, 24.66969030177810396 ) ) ;
#5372 = CARTESIAN_POINT ( 'NONE',  ( 2.315397202437178503, 4.000000000000000000, 25.42492174664015536 ) ) ;
#5373 = EDGE_CURVE ( 'NONE', #258, #4851, #2457, .T. ) ;
#5374 = CARTESIAN_POINT ( 'NONE',  ( -0.5506864309092318610, 4.499999999999999112, 23.67186356956156956 ) ) ;
#5375 = ORIENTED_EDGE ( 'NONE', *, *, #6608, .T. ) ;
#5376 = CYLINDRICAL_SURFACE ( 'NONE', #3345, 1.600000000000001643 ) ;
#5377 = CARTESIAN_POINT ( 'NONE',  ( 8.099390726769916782, 3.999999999999999112, 25.70252418140291439 ) ) ;
#5378 = DIRECTION ( 'NONE',  ( 1.000000000000000000, 0.000000000000000000, 0.000000000000000000 ) ) ;
#5379 = ORIENTED_EDGE ( 'NONE', *, *, #1836, .T. ) ;
#5380 = DIRECTION ( 'NONE',  ( -1.000000000000000000, 0.000000000000000000, 0.000000000000000000 ) ) ;
#5381 = CARTESIAN_POINT ( 'NONE',  ( -19.49999999999999645, 3.000000000000006217, 29.50000000000000000 ) ) ;
#5382 = EDGE_CURVE ( 'NONE', #1044, #1259, #2681, .T. ) ;
#5383 = CARTESIAN_POINT ( 'NONE',  ( 5.068131360887957904, 4.499999999999999112, 24.79735108731710369 ) ) ;
#5384 = ADVANCED_FACE ( 'NONE', ( #3539 ), #4037, .T. ) ;
#5385 = EDGE_CURVE ( 'NONE', #2330, #2607, #3267, .T. ) ;
#5386 = CARTESIAN_POINT ( 'NONE',  ( -7.300601662142308435, 4.500000000000000888, 24.33009433961813883 ) ) ;
#5387 = AXIS2_PLACEMENT_3D ( 'NONE', #6384, #2625, #7006 ) ;
#5388 = CARTESIAN_POINT ( 'NONE',  ( -5.563034188034184702, 4.500000000000000888, 22.99074109727754234 ) ) ;
#5389 = CARTESIAN_POINT ( 'NONE',  ( 2.142986767265704362, 4.000000000000000000, 23.28573696152648509 ) ) ;
#5390 = CARTESIAN_POINT ( 'NONE',  ( 0.02753695913896481856, 4.500000000000000888, 23.58832387262626895 ) ) ;
#5391 = VERTEX_POINT ( 'NONE', #3443 ) ;
#5392 = CARTESIAN_POINT ( 'NONE',  ( -8.074011866089739087, 4.000000000000001776, 24.65563616091117538 ) ) ;
#5393 = ORIENTED_EDGE ( 'NONE', *, *, #3732, .F. ) ;
#5394 = AXIS2_PLACEMENT_3D ( 'NONE', #5726, #5155, #5620 ) ;
#5395 = CARTESIAN_POINT ( 'NONE',  ( 7.376867816740871220, 4.000000000000000888, 25.58129798973394031 ) ) ;
#5396 = EDGE_LOOP ( 'NONE', ( #1805, #2482, #6684, #2399, #4658, #3302, #4601, #4932, #6353, #2289, #5815, #3055, #2624, #3349, #3114 ) ) ;
#5397 = LINE ( 'NONE', #7025, #160 ) ;
#5398 = DIRECTION ( 'NONE',  ( -0.000000000000000000, -1.000000000000000000, -0.000000000000000000 ) ) ;
#5399 = CARTESIAN_POINT ( 'NONE',  ( 8.828217715257695275, 4.000000000000000000, 25.42492174664016247 ) ) ;
#5400 = CARTESIAN_POINT ( 'NONE',  ( 20.08578643762691129, 3.414213562373098920, 20.49999999999999645 ) ) ;
#5401 = CARTESIAN_POINT ( 'NONE',  ( 4.769660169086785473, 3.999999999999999112, 23.58865915018472137 ) ) ;
#5402 = EDGE_LOOP ( 'NONE', ( #6398, #2766, #3230, #4329, #6456 ) ) ;
#5403 = DIRECTION ( 'NONE',  ( -1.000000000000000000, 0.000000000000000000, -0.000000000000000000 ) ) ;
#5404 = CARTESIAN_POINT ( 'NONE',  ( -8.809329155408457623, 3.999999999999997335, 24.67088925034040514 ) ) ;
#5405 = CARTESIAN_POINT ( 'NONE',  ( 8.002263655822165589, 4.000000000000000000, 21.25453495336990528 ) ) ;
#5406 = ORIENTED_EDGE ( 'NONE', *, *, #1288, .F. ) ;
#5407 = CARTESIAN_POINT ( 'NONE',  ( 2.834887824671574741, 4.000000000000001776, 24.38607368956219901 ) ) ;
#5408 = CARTESIAN_POINT ( 'NONE',  ( -1.356537649291024161, 4.499999999999999112, 22.88068797650580777 ) ) ;
#5409 = ORIENTED_EDGE ( 'NONE', *, *, #3601, .T. ) ;
#5410 = ORIENTED_EDGE ( 'NONE', *, *, #2132, .T. ) ;
#5411 = DIRECTION ( 'NONE',  ( 0.000000000000000000, 0.000000000000000000, -1.000000000000000000 ) ) ;
#5412 = EDGE_CURVE ( 'NONE', #3739, #3591, #6761, .T. ) ;
#5413 = CARTESIAN_POINT ( 'NONE',  ( 9.416048689572326325, 4.500000000000000888, 23.54931416868776850 ) ) ;
#5414 = DIRECTION ( 'NONE',  ( 0.000000000000000000, 0.000000000000000000, -1.000000000000000000 ) ) ;
#5415 = ORIENTED_EDGE ( 'NONE', *, *, #3769, .F. ) ;
#5416 = DIRECTION ( 'NONE',  ( -1.000000000000000000, 0.000000000000000000, -8.462065736472229849E-17 ) ) ;
#5417 = CARTESIAN_POINT ( 'NONE',  ( 7.300561317296817343, 4.500000000000000888, 23.59369124025282716 ) ) ;
#5418 = CARTESIAN_POINT ( 'NONE',  ( 4.700333349812036765, 4.000000000000002665, 24.94379940440518695 ) ) ;
#5419 = EDGE_CURVE ( 'NONE', #6607, #4473, #4200, .T. ) ;
#5420 = LINE ( 'NONE', #2234, #2454 ) ;
#5421 = ADVANCED_FACE ( 'NONE', ( #479 ), #3682, .F. ) ;
#5422 = EDGE_CURVE ( 'NONE', #6597, #3641, #5468, .T. ) ;
#5423 = LINE ( 'NONE', #4290, #6306 ) ;
#5424 = CARTESIAN_POINT ( 'NONE',  ( 7.799754261579304959, 4.500000000000000888, 21.25950552977899477 ) ) ;
#5425 = CARTESIAN_POINT ( 'NONE',  ( -4.889729441805251042, 4.000000000000000000, 22.96619394088737920 ) ) ;
#5426 = CARTESIAN_POINT ( 'NONE',  ( -8.074011866089739087, 4.499999999999999112, 24.65563616091117538 ) ) ;
#5427 = ORIENTED_EDGE ( 'NONE', *, *, #1021, .T. ) ;
#5428 = CARTESIAN_POINT ( 'NONE',  ( 6.813708773187751255, 4.000000000000001776, 25.02010822166569071 ) ) ;
#5429 = ORIENTED_EDGE ( 'NONE', *, *, #2009, .F. ) ;
#5430 = EDGE_LOOP ( 'NONE', ( #2951, #1850, #2327, #135, #497 ) ) ;
#5431 = CARTESIAN_POINT ( 'NONE',  ( 3.261029279821764604, 4.000000000000000000, 24.69268501625775869 ) ) ;
#5432 = CARTESIAN_POINT ( 'NONE',  ( -3.283547008547001766, 4.500000000000000888, 24.56467272120915624 ) ) ;
#5433 = CARTESIAN_POINT ( 'NONE',  ( 7.984141292735046136, 4.500000000000000888, 22.01381802035446711 ) ) ;
#5434 = CARTESIAN_POINT ( 'NONE',  ( -3.720041186919390785, 4.500000000000002665, 22.66383896806978271 ) ) ;
#5435 = ORIENTED_EDGE ( 'NONE', *, *, #6388, .F. ) ;
#5436 = FACE_OUTER_BOUND ( 'NONE', #5402, .T. ) ;
#5437 = B_SPLINE_CURVE_WITH_KNOTS ( 'NONE', 3,
 ( #2083, #1974, #4177, #2623, #3633, #4139, #1458, #3108, #4777, #3044, #3602 ),
 .UNSPECIFIED., .F., .F.,
 ( 4, 1, 1, 1, 1, 1, 1, 1, 4 ),
 ( 0.000000000000000000, 0.1103603399843291200, 0.2211857967812657644, 0.3343638213725833030, 0.4529765798274179578, 0.5772343082002699965, 0.7088043240432455594, 0.8493551270704522427, 1.000000000000000000 ),
 .UNSPECIFIED. ) ;
#5438 = CARTESIAN_POINT ( 'NONE',  ( -1.833426816239309698, 4.500000000000000888, 24.94458725112368924 ) ) ;
#5439 = DIRECTION ( 'NONE',  ( -0.000000000000000000, 0.000000000000000000, 1.000000000000000000 ) ) ;
#5440 = CARTESIAN_POINT ( 'NONE',  ( 8.818534847719268654, 4.000000000000000000, 21.54151785463561453 ) ) ;
#5441 = ORIENTED_EDGE ( 'NONE', *, *, #241, .T. ) ;
#5442 = CARTESIAN_POINT ( 'NONE',  ( -2.010322788272644878, 4.499999999999999112, 24.92311251492415991 ) ) ;
#5443 = CARTESIAN_POINT ( 'NONE',  ( -0.4613247863247799674, 4.500000000000000888, 24.23139948402967292 ) ) ;
#5444 = ORIENTED_EDGE ( 'NONE', *, *, #5611, .F. ) ;
#5445 = ORIENTED_EDGE ( 'NONE', *, *, #631, .T. ) ;
#5446 = FACE_OUTER_BOUND ( 'NONE', #5231, .T. ) ;
#5447 = LINE ( 'NONE', #6457, #6191 ) ;
#5448 = B_SPLINE_SURFACE_WITH_KNOTS ( 'NONE', 3, 1, ( 
 ( #6062, #3423 ),
 ( #2294, #3459 ),
 ( #4461, #4390 ),
 ( #603, #3919 ),
 ( #6675, #642 ),
 ( #77, #4952 ),
 ( #5059, #2221 ),
 ( #2259, #5593 ),
 ( #6562, #712 ),
 ( #6100, #3880 ),
 ( #1246, #219 ),
 ( #2861, #1207 ),
 ( #2794, #748 ),
 ( #2899, #5490 ),
 ( #2367, #4426 ),
 ( #4533, #3984 ),
 ( #6167, #1694 ),
 ( #3315, #1870 ),
 ( #4666, #291 ) ),
 .UNSPECIFIED., .F., .F., .F.,
 ( 4, 1, 1, 1, 1, 1, 1, 1, 1, 1, 1, 1, 1, 1, 1, 1, 4 ),
 ( 2, 2 ),
 ( 0.000000000000000000, 0.07640535060580211368, 0.1472180255805424220, 0.2120589935690655736, 0.2709994903097656671, 0.3241709926124717867, 0.3719698146158730845, 0.4141052302957762277, 0.4509812561318950475, 0.5180772093570270576, 0.5833196655471954983, 0.6487563826833597780, 0.7154498834567074583, 0.7831348772602141350, 0.8520849215224589601, 0.9238479620454235208, 1.000000000000000000 ),
 ( 0.000000000000000000, 1.000000000000000000 ),
 .UNSPECIFIED. ) ;
#5449 = CARTESIAN_POINT ( 'NONE',  ( 20.50000000000000355, 4.499999999999999112, -19.49999999999999645 ) ) ;
#5450 = CARTESIAN_POINT ( 'NONE',  ( 5.268984085744019552, 4.499999999999999112, 24.05289772092727674 ) ) ;
#5451 = ORIENTED_EDGE ( 'NONE', *, *, #896, .F. ) ;
#5452 = CARTESIAN_POINT ( 'NONE',  ( 1.791196772924444680, 3.999999999999999112, 24.83143169536590023 ) ) ;
#5453 = B_SPLINE_CURVE_WITH_KNOTS ( 'NONE', 3,
 ( #3791, #1111, #580, #2728, #4366, #3825, #619, #4930, #693, #90, #1184, #6579, #6038, #2843, #3859, #4964, #125, #6614, #1743 ),
 .UNSPECIFIED., .F., .F.,
 ( 4, 1, 1, 1, 1, 1, 1, 1, 1, 1, 1, 1, 1, 1, 1, 1, 4 ),
 ( 0.000000000000000000, 0.06340052940042835428, 0.1249764099331408668, 0.1844921876584960097, 0.2434736282965414833, 0.3022637321141442568, 0.3613835718304164168, 0.4214817654110649126, 0.4834545367577937069, 0.5459360688045384880, 0.6081426980855858533, 0.6698202920949500871, 0.7323322942692651605, 0.7960922343214104080, 0.8616426668792315224, 0.9294352318828833504, 1.000000000000000000 ),
 .UNSPECIFIED. ) ;
#5454 = CARTESIAN_POINT ( 'NONE',  ( 2.902530206558854520, 4.500000000000000888, 23.28180624039691793 ) ) ;
#5455 = CARTESIAN_POINT ( 'NONE',  ( -2.281471416371272376, 4.000000000000000888, 23.83678998874535182 ) ) ;
#5456 = CARTESIAN_POINT ( 'NONE',  ( 5.267338167585575270, 4.499999999999999112, 24.46845394324974521 ) ) ;
#5457 = CARTESIAN_POINT ( 'NONE',  ( 8.660254037844389075, 1.000000000000000888, 6.599999999999999645 ) ) ;
#5458 = B_SPLINE_CURVE_WITH_KNOTS ( 'NONE', 3,
 ( #1115, #2675, #6442, #95, #1048, #486, #5361, #5395, #3265, #4839, #4798, #2243, #7023, #25, #6470, #5428, #3794, #1676, #5931, #4332, #2734, #3830, #4409, #1609, #556, #6504, #1644 ),
 .UNSPECIFIED., .F., .F.,
 ( 4, 1, 1, 1, 1, 1, 1, 1, 1, 1, 1, 1, 1, 1, 1, 1, 1, 1, 1, 1, 1, 1, 1, 1, 4 ),
 ( 0.000000000000000000, 0.03821733796913635156, 0.07486720303994344461, 0.1101580815531042756, 0.1444539266593011517, 0.1780797262741528886, 0.2111707725935978441, 0.2436870542144175256, 0.2758717334447993164, 0.3083755160139862728, 0.3412633249363585808, 0.3751503394709049255, 0.4096552607042125982, 0.4451573674923582358, 0.4820734672046715907, 0.5205757562184278875, 0.5605536808978375252, 0.6031075754382529963, 0.6486887095294880945, 0.6979476778875632892, 0.7507677670183539043, 0.8073094024459648299, 0.8676555707911414173, 0.9318612220995590167, 0.9999999999999998890 ),
 .UNSPECIFIED. ) ;
#5459 = CARTESIAN_POINT ( 'NONE',  ( 0.4076964344717777800, 4.499999999999999112, 21.78400549577206746 ) ) ;
#5460 = CYLINDRICAL_SURFACE ( 'NONE', #4142, 0.5000000000000004441 ) ;
#5461 = CARTESIAN_POINT ( 'NONE',  ( -5.304387019230766498, 4.500000000000000888, 22.12236502890147349 ) ) ;
#5462 = CARTESIAN_POINT ( 'NONE',  ( 0.2503611102139078337, 4.500000000000000888, 24.91738382328290058 ) ) ;
#5463 = VERTEX_POINT ( 'NONE', #6363 ) ;
#5464 = AXIS2_PLACEMENT_3D ( 'NONE', #1578, #1512, #5933 ) ;
#5465 = CARTESIAN_POINT ( 'NONE',  ( 4.969220548925322944, 4.500000000000002665, 24.87018787320162261 ) ) ;
#5466 = CIRCLE ( 'NONE', #5814, 1.000000000000000888 ) ;
#5467 = DIRECTION ( 'NONE',  ( 0.000000000000000000, 1.000000000000000000, -0.000000000000000000 ) ) ;
#5468 = B_SPLINE_CURVE_WITH_KNOTS ( 'NONE', 3,
 ( #4106, #1008, #4720, #6901, #4789, #6285, #4149, #2024, #3578, #6976, #5754, #3645, #1466, #6432, #2095, #906, #4257, #374, #4681 ),
 .UNSPECIFIED., .F., .F.,
 ( 4, 1, 1, 1, 1, 1, 1, 1, 1, 1, 1, 1, 1, 1, 1, 1, 4 ),
 ( 0.000000000000000000, 0.1107342804863387514, 0.2123411929916478591, 0.3055021255634836064, 0.3898348410859880375, 0.4666904579461289559, 0.5352618542933007539, 0.5967629138889612994, 0.6510657189836196457, 0.7010355511102172033, 0.7478602709077571964, 0.7918333971357292000, 0.8342840069087873456, 0.8753338897746164582, 0.9160347492783126322, 0.9576522807232373813, 1.000000000000000000 ),
 .UNSPECIFIED. ) ;
#5469 = CARTESIAN_POINT ( 'NONE',  ( -7.299786324786322389, 4.000000000000000000, 24.17288586223481417 ) ) ;
#5470 = CARTESIAN_POINT ( 'NONE',  ( -3.728846186962818443, 4.500000000000000888, 22.37812780176863114 ) ) ;
#5471 = DIRECTION ( 'NONE',  ( 0.000000000000000000, 0.000000000000000000, -1.000000000000000000 ) ) ;
#5472 = ADVANCED_FACE ( 'NONE', ( #4185 ), #180, .T. ) ;
#5473 = AXIS2_PLACEMENT_3D ( 'NONE', #6745, #4024, #6202 ) ;
#5474 = VECTOR ( 'NONE', #6689, 1000.000000000000000 ) ;
#5475 = EDGE_CURVE ( 'NONE', #755, #1354, #6884, .T. ) ;
#5476 = EDGE_CURVE ( 'NONE', #3461, #4800, #4940, .T. ) ;
#5477 = VECTOR ( 'NONE', #4010, 1000.000000000000000 ) ;
#5478 = VERTEX_POINT ( 'NONE', #3360 ) ;
#5479 = CARTESIAN_POINT ( 'NONE',  ( 0.2189767175708113023, 4.500000000000000888, 22.13656570366598331 ) ) ;
#5480 = CARTESIAN_POINT ( 'NONE',  ( 0.8320169024355890119, 4.500000000000000888, 24.20365213543260552 ) ) ;
#5481 = DIRECTION ( 'NONE',  ( 0.000000000000000000, -1.000000000000000000, 0.000000000000000000 ) ) ;
#5482 = CARTESIAN_POINT ( 'NONE',  ( 8.962811797047061546, 3.999999999999998224, 21.68611330603197374 ) ) ;
#5483 = ORIENTED_EDGE ( 'NONE', *, *, #5475, .T. ) ;
#5484 = DIRECTION ( 'NONE',  ( 1.000000000000000000, 0.000000000000000000, 0.000000000000000000 ) ) ;
#5485 = B_SPLINE_SURFACE_WITH_KNOTS ( 'NONE', 3, 1, ( 
 ( #2692, #43 ),
 ( #5413, #6563 ),
 ( #6968, #3181 ),
 ( #78, #5989 ),
 ( #3146, #4853 ),
 ( #1695, #11 ),
 ( #5853, #507 ),
 ( #2151, #2660 ),
 ( #6490, #2187 ),
 ( #2087, #4819 ),
 ( #538, #5885 ),
 ( #1135, #3218 ),
 ( #1629, #572 ),
 ( #2720, #1003 ),
 ( #2626, #3281 ),
 ( #1560, #3744 ),
 ( #4391, #3782 ),
 ( #7007, #5953 ),
 ( #1099, #2119 ),
 ( #2224, #474 ),
 ( #4252, #4283 ),
 ( #6426, #1034 ),
 ( #6458, #3249 ),
 ( #4882, #1594 ),
 ( #5916, #5377 ),
 ( #4355, #6529 ),
 ( #1663, #3813 ) ),
 .UNSPECIFIED., .F., .F., .F.,
 ( 4, 1, 1, 1, 1, 1, 1, 1, 1, 1, 1, 1, 1, 1, 1, 1, 1, 1, 1, 1, 1, 1, 1, 1, 4 ),
 ( 2, 2 ),
 ( 0.000000000000000000, 0.06849087449695479002, 0.1330765404908783034, 0.1938289871915775953, 0.2510828574460501894, 0.3044008371534414614, 0.3544083437255271529, 0.4012947817777443582, 0.4447006845454786750, 0.4856924920892441988, 0.5246764844274043327, 0.5623067591777589636, 0.5979465846525344741, 0.6324735490267265892, 0.6657520428969365689, 0.6979852995504445268, 0.7295862241486809063, 0.7608251968744894622, 0.7923550795612065434, 0.8243126039626632595, 0.8571562719790694063, 0.8909268871454050220, 0.9259604429162998640, 0.9620613229943381084, 1.000000000000000000 ),
 ( 0.000000000000000000, 1.000000000000000000 ),
 .UNSPECIFIED. ) ;
#5486 = CARTESIAN_POINT ( 'NONE',  ( -0.6649337598150136808, 4.000000000000000000, 23.43197833215148762 ) ) ;
#5487 = ORIENTED_EDGE ( 'NONE', *, *, #1141, .T. ) ;
#5488 = ORIENTED_EDGE ( 'NONE', *, *, #3167, .T. ) ;
#5489 = CARTESIAN_POINT ( 'NONE',  ( -17.99999999999999645, 4.000000000000003553, 27.50000000000000355 ) ) ;
#5490 = CARTESIAN_POINT ( 'NONE',  ( -7.742499969873281707, 4.000000000000005329, 25.54865936785757796 ) ) ;
#5491 = CARTESIAN_POINT ( 'NONE',  ( 8.448010149572652949, 4.000000000000003553, 24.65371518915788229 ) ) ;
#5492 = ORIENTED_EDGE ( 'NONE', *, *, #463, .F. ) ;
#5493 = CARTESIAN_POINT ( 'NONE',  ( -1.802049946581189888, 4.500000000000000888, 23.58774964428608101 ) ) ;
#5494 = CARTESIAN_POINT ( 'NONE',  ( -1.841059027777771195, 4.500000000000000888, 22.06809152462796320 ) ) ;
#5495 = CARTESIAN_POINT ( 'NONE',  ( 9.281764789589185938, 4.500000000000000888, 24.66871562668634610 ) ) ;
#5496 = CARTESIAN_POINT ( 'NONE',  ( -2.301535790598284059, 4.500000000000000888, 23.85826914214932870 ) ) ;
#5497 = B_SPLINE_CURVE_WITH_KNOTS ( 'NONE', 3,
 ( #5007, #170, #3972, #2281, #3338, #3300, #5545, #6697, #1266, #1753, #1786 ),
 .UNSPECIFIED., .F., .F.,
 ( 4, 1, 1, 1, 1, 1, 1, 1, 4 ),
 ( 0.000000000000000000, 0.1323140339085643047, 0.2587000085531555027, 0.3809118214856546114, 0.5005348689728943423, 0.6209226176484484716, 0.7423757653984727201, 0.8682808341788564865, 1.000000000000000000 ),
 .UNSPECIFIED. ) ;
#5498 = ORIENTED_EDGE ( 'NONE', *, *, #6653, .F. ) ;
#5499 = CARTESIAN_POINT ( 'NONE',  ( -4.504700854700851131, 4.000000000000000000, 23.66407175967070486 ) ) ;
#5500 = PLANE ( 'NONE',  #208 ) ;
#5501 = FACE_OUTER_BOUND ( 'NONE', #4610, .T. ) ;
#5502 = CARTESIAN_POINT ( 'NONE',  ( -4.989074736387925313, 4.000000000000001776, 22.13259689721729728 ) ) ;
#5503 = CARTESIAN_POINT ( 'NONE',  ( -4.518751229425275184, 4.000000000000000000, 22.75589270529710006 ) ) ;
#5504 = CARTESIAN_POINT ( 'NONE',  ( 5.291666666666670515, 4.500000000000000888, 24.25768821266215625 ) ) ;
#5505 = VECTOR ( 'NONE', #6116, 1000.000000000000000 ) ;
#5506 = CARTESIAN_POINT ( 'NONE',  ( -1.577414543333541586, 4.000000000000000888, 23.63323322194408860 ) ) ;
#5507 = ORIENTED_EDGE ( 'NONE', *, *, #2009, .T. ) ;
#5508 = ADVANCED_FACE ( 'NONE', ( #6463 ), #1600, .F. ) ;
#5509 = CARTESIAN_POINT ( 'NONE',  ( -4.480118892985714751, 4.000000000000000888, 22.48835086244425341 ) ) ;
#5510 = CARTESIAN_POINT ( 'NONE',  ( -20.50000000000000000, 1.000000000000000000, 3.469446951953615767E-15 ) ) ;
#5511 = CARTESIAN_POINT ( 'NONE',  ( -1.744384348290591635, 4.000000000000000000, 22.82792058445702210 ) ) ;
#5512 = AXIS2_PLACEMENT_3D ( 'NONE', #438, #2019, #4643 ) ;
#5513 = CARTESIAN_POINT ( 'NONE',  ( -1.833426816239309698, 4.000000000000000000, 24.94458725112368924 ) ) ;
#5514 = VERTEX_POINT ( 'NONE', #6030 ) ;
#5515 = CARTESIAN_POINT ( 'NONE',  ( 8.186870580694764143, 4.000000000000000000, 24.90535188523760013 ) ) ;
#5516 = EDGE_CURVE ( 'NONE', #2953, #3926, #16, .T. ) ;
#5517 = AXIS2_PLACEMENT_3D ( 'NONE', #3708, #5882, #2481 ) ;
#5518 = CARTESIAN_POINT ( 'NONE',  ( -1.231011059222230974, 4.500000000000000888, 24.40125525715173893 ) ) ;
#5519 = EDGE_CURVE ( 'NONE', #722, #5463, #2800, .T. ) ;
#5520 = DIRECTION ( 'NONE',  ( -1.000000000000000000, 0.000000000000000000, 0.000000000000000000 ) ) ;
#5521 = CARTESIAN_POINT ( 'NONE',  ( 5.424470225569994142, 3.999999999999998224, 25.46672230019053274 ) ) ;
#5522 = ORIENTED_EDGE ( 'NONE', *, *, #1499, .T. ) ;
#5523 = CARTESIAN_POINT ( 'NONE',  ( 4.813450211275752899, 4.500000000000000888, 22.82895205524461701 ) ) ;
#5524 = CARTESIAN_POINT ( 'NONE',  ( 2.573024867725361986, 4.500000000000000888, 25.11039986585088002 ) ) ;
#5525 = CARTESIAN_POINT ( 'NONE',  ( 4.381776958088689611, 4.000000000000001776, 25.68771921875660524 ) ) ;
#5526 = CARTESIAN_POINT ( 'NONE',  ( 3.725908381093180566, 4.500000000000000888, 25.40141974075250175 ) ) ;
#5527 = CARTESIAN_POINT ( 'NONE',  ( -2.301535790598284059, 4.000000000000000000, 23.85826914214932870 ) ) ;
#5528 = EDGE_LOOP ( 'NONE', ( #907, #3870, #4140, #5427 ) ) ;
#5529 = CARTESIAN_POINT ( 'NONE',  ( 17.50000000000000000, 4.000000000000000000, 20.49999999999999645 ) ) ;
#5530 = CARTESIAN_POINT ( 'NONE',  ( 8.074580760835694093, 4.500000000000000888, 21.25560852118049837 ) ) ;
#5531 = CARTESIAN_POINT ( 'NONE',  ( 9.373439071303716119, 4.500000000000002665, 24.22769272903782323 ) ) ;
#5532 = CARTESIAN_POINT ( 'NONE',  ( 5.223692319080909918, 4.499999999999999112, 24.59309115225480724 ) ) ;
#5533 = EDGE_LOOP ( 'NONE', ( #569, #793, #2534, #1177, #450, #4695, #1248, #3247, #4869, #6897, #3317, #3533, #3404, #5435, #4278 ) ) ;
#5534 = VERTEX_POINT ( 'NONE', #48 ) ;
#5535 = DIRECTION ( 'NONE',  ( 0.000000000000000000, 1.000000000000000000, -0.000000000000000000 ) ) ;
#5536 = CARTESIAN_POINT ( 'NONE',  ( 1.023678628066455154, 4.500000000000000888, 24.71010576883794130 ) ) ;
#5537 = CARTESIAN_POINT ( 'NONE',  ( 3.552230188223165719, 4.500000000000000888, 25.23427131430506165 ) ) ;
#5538 = ORIENTED_EDGE ( 'NONE', *, *, #2739, .F. ) ;
#5539 = CARTESIAN_POINT ( 'NONE',  ( 8.054581979683451465, 4.500000000000000888, 24.94250479630325756 ) ) ;
#5540 = DIRECTION ( 'NONE',  ( 0.000000000000000000, 1.000000000000000000, -0.000000000000000000 ) ) ;
#5541 = CARTESIAN_POINT ( 'NONE',  ( -8.059615384615382183, 4.500000000000000888, 24.34927475112370132 ) ) ;
#5542 = CARTESIAN_POINT ( 'NONE',  ( -1.349873259352533550, 4.000000000000000888, 23.82373472412801263 ) ) ;
#5543 = DIRECTION ( 'NONE',  ( -1.000000000000000000, 0.000000000000000000, 0.000000000000000000 ) ) ;
#5544 = CARTESIAN_POINT ( 'NONE',  ( -3.717735042735039741, 4.000000000000000000, 22.56503329813224212 ) ) ;
#5545 = CARTESIAN_POINT ( 'NONE',  ( 0.9769588736027901010, 3.999999999999999112, 21.33111467115394433 ) ) ;
#5546 = CARTESIAN_POINT ( 'NONE',  ( -2.010322788272644878, 3.999999999999999112, 24.92311251492415991 ) ) ;
#5547 = VERTEX_POINT ( 'NONE', #6605 ) ;
#5548 = CARTESIAN_POINT ( 'NONE',  ( -7.868077506907421359, 4.000000000000000000, 25.61834688409381044 ) ) ;
#5549 = CARTESIAN_POINT ( 'NONE',  ( 0.8126118697063619001, 4.500000000000000888, 24.05678228920864825 ) ) ;
#5550 = CARTESIAN_POINT ( 'NONE',  ( 8.356805415023512040, 4.000000000000000888, 24.78103026854617852 ) ) ;
#5551 = FACE_OUTER_BOUND ( 'NONE', #3013, .T. ) ;
#5552 = ORIENTED_EDGE ( 'NONE', *, *, #6790, .T. ) ;
#5553 = CARTESIAN_POINT ( 'NONE',  ( 0.04698678785085250165, 4.000000000000000000, 22.98403156852398510 ) ) ;
#5554 = CARTESIAN_POINT ( 'NONE',  ( 0.000000000000000000, 1.000000000000000000, -10.00000000000000000 ) ) ;
#5555 = ADVANCED_FACE ( 'NONE', ( #2266 ), #5663, .T. ) ;
#5556 = EDGE_CURVE ( 'NONE', #2722, #5866, #6434, .T. ) ;
#5557 = ORIENTED_EDGE ( 'NONE', *, *, #981, .F. ) ;
#5558 = CARTESIAN_POINT ( 'NONE',  ( -5.104161962192351965, 3.999999999999999112, 21.36944611298124741 ) ) ;
#5559 = CARTESIAN_POINT ( 'NONE',  ( 3.229273504273508344, 4.500000000000000888, 24.56467272120915979 ) ) ;
#5560 = LINE ( 'NONE', #146, #4722 ) ;
#5561 = ORIENTED_EDGE ( 'NONE', *, *, #3167, .F. ) ;
#5562 = CARTESIAN_POINT ( 'NONE',  ( -18.49999999999999645, 4.000000000000000000, 27.50000000000000355 ) ) ;
#5563 = CARTESIAN_POINT ( 'NONE',  ( 7.965484775641028747, 4.000000000000000000, 21.25398896052540465 ) ) ;
#5564 = CARTESIAN_POINT ( 'NONE',  ( 9.416048689572326325, 4.500000000000000888, 23.54931416868776850 ) ) ;
#5565 = CARTESIAN_POINT ( 'NONE',  ( 1.674050067874246039, 4.500000000000000888, 24.90535188523759302 ) ) ;
#5566 = AXIS2_PLACEMENT_3D ( 'NONE', #5381, #4826, #2664 ) ;
#5567 = EDGE_CURVE ( 'NONE', #1776, #4535, #5132, .T. ) ;
#5568 = VERTEX_POINT ( 'NONE', #2868 ) ;
#5569 = CARTESIAN_POINT ( 'NONE',  ( 0.7869658119658132778, 4.500000000000000888, 23.52923602249121160 ) ) ;
#5570 = CARTESIAN_POINT ( 'NONE',  ( 2.204364238465235428E-15, 5.500000000000000000, 18.00000000000000000 ) ) ;
#5571 = CARTESIAN_POINT ( 'NONE',  ( 3.823226384757564489, 4.499999999999999112, 25.47225833935340233 ) ) ;
#5572 = ORIENTED_EDGE ( 'NONE', *, *, #2782, .T. ) ;
#5573 = DIRECTION ( 'NONE',  ( 0.000000000000000000, 0.000000000000000000, -1.000000000000000000 ) ) ;
#5574 = CARTESIAN_POINT ( 'NONE',  ( -2.443155715811959006, 4.000000000000000000, 21.36253596907240748 ) ) ;
#5575 = CARTESIAN_POINT ( 'NONE',  ( -2.368320918877720782, 4.000000000000001776, 25.62970012817014265 ) ) ;
#5576 = CARTESIAN_POINT ( 'NONE',  ( -1.221627833771758098, 4.500000000000000888, 24.23364225553467222 ) ) ;
#5577 = CARTESIAN_POINT ( 'NONE',  ( -5.216187945022367600, 4.000000000000000000, 22.12304886836487228 ) ) ;
#5578 = CARTESIAN_POINT ( 'NONE',  ( 7.590307121094466147, 4.500000000000002665, 24.77208857361743810 ) ) ;
#5579 = CARTESIAN_POINT ( 'NONE',  ( -0.6649337598150136808, 3.999999999999999112, 23.43197833215148762 ) ) ;
#5580 = CARTESIAN_POINT ( 'NONE',  ( 8.660254037844389075, 4.000000000000000000, 4.999999999999998224 ) ) ;
#5581 = AXIS2_PLACEMENT_3D ( 'NONE', #3304, #2783, #3944 ) ;
#5582 = VERTEX_POINT ( 'NONE', #4607 ) ;
#5583 = CARTESIAN_POINT ( 'NONE',  ( 0.000000000000000000, 1.000000000000000888, -11.60000000000000142 ) ) ;
#5584 = CARTESIAN_POINT ( 'NONE',  ( 0.7869658119658132778, 4.500000000000000888, 23.52923602249121160 ) ) ;
#5585 = CIRCLE ( 'NONE', #4792, 18.00000000000000000 ) ;
#5586 = CARTESIAN_POINT ( 'NONE',  ( 4.705203050819626753, 4.500000000000000888, 22.82951443598260255 ) ) ;
#5587 = LINE ( 'NONE', #742, #1967 ) ;
#5588 = CARTESIAN_POINT ( 'NONE',  ( 2.204364238465235428E-15, 4.000000000000000000, 18.00000000000000000 ) ) ;
#5589 = ORIENTED_EDGE ( 'NONE', *, *, #4126, .F. ) ;
#5590 = LINE ( 'NONE', #6095, #5074 ) ;
#5591 = CARTESIAN_POINT ( 'NONE',  ( 2.903632478632479863, 4.500000000000000888, 23.48089868274762182 ) ) ;
#5592 = CIRCLE ( 'NONE', #2308, 16.99999999999999645 ) ;
#5593 = CARTESIAN_POINT ( 'NONE',  ( -7.356838662160980036, 4.000000000000005329, 24.95012657293889902 ) ) ;
#5594 = DIRECTION ( 'NONE',  ( 0.000000000000000000, 0.7071067811865500152, -0.7071067811865451302 ) ) ;
#5595 = EDGE_LOOP ( 'NONE', ( #2831, #747, #263, #4249 ) ) ;
#5596 = VECTOR ( 'NONE', #4336, 1000.000000000000000 ) ;
#5597 = CARTESIAN_POINT ( 'NONE',  ( -1.478720385827780426, 4.499999999999999112, 23.69312498802048950 ) ) ;
#5598 = CARTESIAN_POINT ( 'NONE',  ( 9.027274747093413154, 4.500000000000000888, 21.76986819369852455 ) ) ;
#5599 = CARTESIAN_POINT ( 'NONE',  ( 7.325432382526878783, 4.000000000000000888, 24.05678228920865180 ) ) ;
#5600 = CARTESIAN_POINT ( 'NONE',  ( -1.329605589410342237, 4.500000000000000888, 25.59959716518713080 ) ) ;
#5601 = VERTEX_POINT ( 'NONE', #6750 ) ;
#5602 = EDGE_LOOP ( 'NONE', ( #1840, #6303, #1329, #5280 ) ) ;
#5603 = CARTESIAN_POINT ( 'NONE',  ( 0.9141490123881197416, 4.500000000000000888, 22.44835367751238664 ) ) ;
#5604 = EDGE_CURVE ( 'NONE', #6965, #6444, #754, .T. ) ;
#5605 = CARTESIAN_POINT ( 'NONE',  ( 1.326359480031691573, 4.500000000000000888, 24.92680676981120769 ) ) ;
#5606 = CARTESIAN_POINT ( 'NONE',  ( 3.302520388628247261, 3.999999999999998224, 24.81511901707376566 ) ) ;
#5607 = EDGE_CURVE ( 'NONE', #2121, #6817, #2905, .T. ) ;
#5608 = ORIENTED_EDGE ( 'NONE', *, *, #5556, .T. ) ;
#5609 = CARTESIAN_POINT ( 'NONE',  ( -8.641357374462645069, 4.500000000000002665, 25.67025346290167676 ) ) ;
#5610 = CARTESIAN_POINT ( 'NONE',  ( 8.607645922524465476, 4.500000000000000888, 24.18143814742564501 ) ) ;
#5611 = EDGE_CURVE ( 'NONE', #1597, #6670, #298, .T. ) ;
#5612 = EDGE_CURVE ( 'NONE', #3158, #1459, #326, .T. ) ;
#5613 = CARTESIAN_POINT ( 'NONE',  ( 1.452664262820513974, 4.000000000000000000, 21.25398896052540465 ) ) ;
#5614 = B_SPLINE_CURVE_WITH_KNOTS ( 'NONE', 3,
 ( #1385, #1876, #930, #3076, #5707, #6889, #2013, #860, #3007, #4176, #6351, #1656, #3244, #7, #499, #2044, #566, #1130, #5307 ),
 .UNSPECIFIED., .F., .F.,
 ( 4, 1, 1, 1, 1, 1, 1, 1, 1, 1, 1, 1, 1, 1, 1, 1, 4 ),
 ( 0.000000000000000000, 0.1121147956622123021, 0.2158018426882335472, 0.3102026923156540050, 0.3959929252987136605, 0.4734102307422347611, 0.5427784203605525715, 0.6045480222829334727, 0.6593572656120957332, 0.7087643617117433958, 0.7553555059484816647, 0.7986869938006728731, 0.8400168391480730135, 0.8802034470065457361, 0.9197333482458336373, 0.9590486059010157049, 0.9999999999999998890 ),
 .UNSPECIFIED. ) ;
#5615 = LINE ( 'NONE', #2386, #992 ) ;
#5616 = CARTESIAN_POINT ( 'NONE',  ( 6.800680411154053751, 4.000000000000000888, 21.97319218339634972 ) ) ;
#5617 = CARTESIAN_POINT ( 'NONE',  ( 7.910583798131278321, 4.499999999999999112, 24.94151834665947476 ) ) ;
#5618 = CARTESIAN_POINT ( 'NONE',  ( -0.7394418775869643357, 4.000000000000000000, 23.32244997179786594 ) ) ;
#5619 = CARTESIAN_POINT ( 'NONE',  ( 4.636144497863251779, 4.500000000000000888, 25.70441631095275170 ) ) ;
#5620 = DIRECTION ( 'NONE',  ( -1.000000000000000000, 1.074624957273652318E-12, 0.000000000000000000 ) ) ;
#5621 = CARTESIAN_POINT ( 'NONE',  ( -1.221153846153839595, 4.500000000000000888, 24.25768821266215269 ) ) ;
#5622 = CIRCLE ( 'NONE', #2792, 1.000000000000000888 ) ;
#5623 = CARTESIAN_POINT ( 'NONE',  ( 5.633375276077825098E-16, 1.000000000000000000, -5.399999999999999467 ) ) ;
#5624 = CARTESIAN_POINT ( 'NONE',  ( 4.268745388333143431, 3.999999999999998224, 24.79553779862992258 ) ) ;
#5625 = CARTESIAN_POINT ( 'NONE',  ( 6.028760635719165428, 4.500000000000000888, 24.52894324076779853 ) ) ;
#5626 = ORIENTED_EDGE ( 'NONE', *, *, #3045, .T. ) ;
#5627 = PLANE ( 'NONE',  #6907 ) ;
#5628 = CARTESIAN_POINT ( 'NONE',  ( 1.897459927640558375, 4.500000000000000888, 25.65119496330757087 ) ) ;
#5629 = CIRCLE ( 'NONE', #1773, 4.600000000000000533 ) ;
#5630 = CARTESIAN_POINT ( 'NONE',  ( 8.126381445077253574, 4.499999999999999112, 22.03172483408597415 ) ) ;
#5631 = CARTESIAN_POINT ( 'NONE',  ( 8.501032331951957843, 4.499999999999999112, 24.55673696896498726 ) ) ;
#5632 = ORIENTED_EDGE ( 'NONE', *, *, #6174, .F. ) ;
#5633 = CARTESIAN_POINT ( 'NONE',  ( -1.743160343733724194, 4.500000000000000888, 23.58865915018472137 ) ) ;
#5634 = CARTESIAN_POINT ( 'NONE',  ( -4.478894937752077254, 4.000000000000000000, 22.61021968417840355 ) ) ;
#5635 = CARTESIAN_POINT ( 'NONE',  ( 7.590307121094466147, 4.000000000000002665, 24.77208857361743810 ) ) ;
#5636 = CARTESIAN_POINT ( 'NONE',  ( 1.791196772924444680, 4.499999999999999112, 24.83143169536590023 ) ) ;
#5637 = ORIENTED_EDGE ( 'NONE', *, *, #3339, .T. ) ;
#5638 = ORIENTED_EDGE ( 'NONE', *, *, #5040, .T. ) ;
#5639 = CARTESIAN_POINT ( 'NONE',  ( 1.471320779914531585, 4.500000000000000888, 24.94458725112369635 ) ) ;
#5640 = DIRECTION ( 'NONE',  ( 0.000000000000000000, 1.000000000000000000, -0.000000000000000000 ) ) ;
#5641 = CARTESIAN_POINT ( 'NONE',  ( 3.239973737008779331, 4.500000000000000888, 24.60780696455064742 ) ) ;
#5642 = VERTEX_POINT ( 'NONE', #4540 ) ;
#5643 = CARTESIAN_POINT ( 'NONE',  ( 4.231349096449235958, 4.000000000000000000, 23.83678998874535537 ) ) ;
#5644 = LINE ( 'NONE', #800, #1626 ) ;
#5645 = CARTESIAN_POINT ( 'NONE',  ( 1.668269731069631945, 4.000000000000001776, 21.26723613498713661 ) ) ;
#5646 = EDGE_CURVE ( 'NONE', #167, #2003, #6715, .T. ) ;
#5647 = EDGE_CURVE ( 'NONE', #6243, #3366, #825, .T. ) ;
#5648 = ORIENTED_EDGE ( 'NONE', *, *, #1796, .T. ) ;
#5649 = ADVANCED_FACE ( 'NONE', ( #1487 ), #5170, .T. ) ;
#5650 = CARTESIAN_POINT ( 'NONE',  ( -1.478720385827780426, 3.999999999999999112, 23.69312498802048950 ) ) ;
#5651 = CARTESIAN_POINT ( 'NONE',  ( 8.654510278436442050, 4.000000000000000000, 23.67433516274655148 ) ) ;
#5652 = CARTESIAN_POINT ( 'NONE',  ( -4.159898733768201851, 4.500000000000002665, 23.49062138318024395 ) ) ;
#5653 = CARTESIAN_POINT ( 'NONE',  ( 7.984141292735046136, 4.000000000000000000, 22.01381802035446711 ) ) ;
#5654 = B_SPLINE_CURVE_WITH_KNOTS ( 'NONE', 3,
 ( #1841, #3988, #1350, #3462, #5062, #6170, #6137, #1210, #1249, #1319, #6679, #5597, #5024, #2902, #2938, #2298, #5633, #4602, #1733 ),
 .UNSPECIFIED., .F., .F.,
 ( 4, 1, 1, 1, 1, 1, 1, 1, 1, 1, 1, 1, 1, 1, 1, 1, 4 ),
 ( 0.000000000000000000, 0.07289060658065193987, 0.1418833354390787171, 0.2092821354239204901, 0.2746226384553222544, 0.3384391539790458370, 0.4013048615705233080, 0.4650061847340485333, 0.5283200864625128279, 0.5907402649620384638, 0.6509809274188463890, 0.7096903202894503382, 0.7672117550042968359, 0.8241879505444245080, 0.8817668141839337670, 0.9399547263812985110, 1.000000000000000000 ),
 .UNSPECIFIED. ) ;
#5655 = CARTESIAN_POINT ( 'NONE',  ( -2.689594128062942513, 4.500000000000000888, 25.47225833935340944 ) ) ;
#5656 = ORIENTED_EDGE ( 'NONE', *, *, #2306, .T. ) ;
#5657 = CARTESIAN_POINT ( 'NONE',  ( 4.769660169086785473, 4.499999999999999112, 23.58865915018472137 ) ) ;
#5658 = CARTESIAN_POINT ( 'NONE',  ( 0.2878598983335366457, 3.999999999999998224, 21.97319218339634972 ) ) ;
#5659 = CARTESIAN_POINT ( 'NONE',  ( 0.3008882603672361489, 4.499999999999999112, 25.02010822166568005 ) ) ;
#5660 = DIRECTION ( 'NONE',  ( -1.000000000000000000, 0.000000000000000000, 0.000000000000000000 ) ) ;
#5661 = EDGE_LOOP ( 'NONE', ( #621, #5375, #2842, #6108 ) ) ;
#5662 = CARTESIAN_POINT ( 'NONE',  ( 5.594416592554375178, 4.000000000000002665, 23.12896089656211274 ) ) ;
#5663 = B_SPLINE_SURFACE_WITH_KNOTS ( 'NONE', 3, 1, ( 
 ( #6534, #1669 ),
 ( #4432, #3887 ),
 ( #3925, #5708 ),
 ( #6140, #1844 ),
 ( #5565, #1877 ),
 ( #861, #3398 ),
 ( #5636, #2338 ),
 ( #3530, #2301 ),
 ( #792, #720 ),
 ( #1809, #4993 ),
 ( #6682, #6175 ) ),
 .UNSPECIFIED., .F., .F., .F.,
 ( 4, 1, 1, 1, 1, 1, 1, 1, 4 ),
 ( 2, 2 ),
 ( 0.000000000000000000, 0.1240354330026178092, 0.2428459548115296518, 0.3603416824496171178, 0.4790424316556551876, 0.5993341100427890256, 0.7254884757708247589, 0.8585494285274611892, 1.000000000000000000 ),
 ( 0.000000000000000000, 1.000000000000000000 ),
 .UNSPECIFIED. ) ;
#5664 = CARTESIAN_POINT ( 'NONE',  ( 2.768944276768670498, 4.500000000000002665, 24.66871562668636031 ) ) ;
#5665 = VERTEX_POINT ( 'NONE', #2014 ) ;
#5666 = CARTESIAN_POINT ( 'NONE',  ( -5.563034188034184702, 4.500000000000000888, 25.59586930240574532 ) ) ;
#5667 = DIRECTION ( 'NONE',  ( 0.000000000000000000, -1.000000000000000000, 0.000000000000000000 ) ) ;
#5668 = VERTEX_POINT ( 'NONE', #6317 ) ;
#5669 = CARTESIAN_POINT ( 'NONE',  ( 17.50000000000000000, 1.500000000000000000, 20.99999999999999645 ) ) ;
#5670 = CARTESIAN_POINT ( 'NONE',  ( 8.477641159319647457, 4.000000000000000000, 21.34172374452542442 ) ) ;
#5671 = CARTESIAN_POINT ( 'NONE',  ( 6.637647692806100785, 4.000000000000007994, 24.55556511987973067 ) ) ;
#5672 = CARTESIAN_POINT ( 'NONE',  ( -0.5166588395716115167, 4.500000000000000888, 24.66969030177810396 ) ) ;
#5673 = ORIENTED_EDGE ( 'NONE', *, *, #420, .F. ) ;
#5674 = CARTESIAN_POINT ( 'NONE',  ( 8.181090243890142943, 4.499999999999999112, 21.26723613498711885 ) ) ;
#5675 = CARTESIAN_POINT ( 'NONE',  ( 0.8126118697063619001, 4.500000000000000888, 24.05678228920864825 ) ) ;
#5676 = CARTESIAN_POINT ( 'NONE',  ( 3.552230188223165719, 4.000000000000000000, 25.23427131430506165 ) ) ;
#5677 = ORIENTED_EDGE ( 'NONE', *, *, #6005, .F. ) ;
#5678 = CARTESIAN_POINT ( 'NONE',  ( -1.399070842335349729, 4.000000000000001776, 24.75262651814961501 ) ) ;
#5679 = DIRECTION ( 'NONE',  ( -1.000000000000000000, 0.000000000000000000, 0.000000000000000000 ) ) ;
#5680 = CARTESIAN_POINT ( 'NONE',  ( -0.4613247863247799674, 4.000000000000000000, 24.23139948402967292 ) ) ;
#5681 = ORIENTED_EDGE ( 'NONE', *, *, #4295, .F. ) ;
#5682 = CARTESIAN_POINT ( 'NONE',  ( -1.329605589410342237, 4.500000000000000888, 25.59959716518713080 ) ) ;
#5683 = CARTESIAN_POINT ( 'NONE',  ( 8.577547546450480453, 4.000000000000000888, 24.32096178734915526 ) ) ;
#5684 = CARTESIAN_POINT ( 'NONE',  ( -7.299786324786322389, 4.500000000000000888, 21.36253596907242169 ) ) ;
#5685 = CARTESIAN_POINT ( 'NONE',  ( -1.841059027777771195, 4.500000000000000888, 22.06809152462796320 ) ) ;
#5686 = EDGE_CURVE ( 'NONE', #1833, #2215, #5437, .T. ) ;
#5687 = CARTESIAN_POINT ( 'NONE',  ( -3.822308236923338765, 4.000000000000000000, 22.04083309267338819 ) ) ;
#5688 = CARTESIAN_POINT ( 'NONE',  ( -8.292873090962421756, 4.499999999999999112, 24.94352856990443712 ) ) ;
#5689 = ORIENTED_EDGE ( 'NONE', *, *, #1621, .T. ) ;
#5690 = EDGE_CURVE ( 'NONE', #667, #3125, #5812, .T. ) ;
#5691 = CARTESIAN_POINT ( 'NONE',  ( 5.290270050642405408, 4.500000000000000888, 24.18683621616803592 ) ) ;
#5692 = CARTESIAN_POINT ( 'NONE',  ( 4.710770566239319557, 4.000000000000004441, 23.58774964428608456 ) ) ;
#5693 = CARTESIAN_POINT ( 'NONE',  ( 0.02753695913896481856, 4.500000000000000888, 23.58832387262626895 ) ) ;
#5694 = ADVANCED_FACE ( 'NONE', ( #6275 ), #2823, .T. ) ;
#5695 = CARTESIAN_POINT ( 'NONE',  ( -8.313174412393161461, 4.000000000000003553, 24.94458725112370345 ) ) ;
#5696 = ORIENTED_EDGE ( 'NONE', *, *, #4296, .T. ) ;
#5697 = VECTOR ( 'NONE', #1025, 1000.000000000000000 ) ;
#5698 = EDGE_CURVE ( 'NONE', #4848, #1065, #4838, .T. ) ;
#5699 = CARTESIAN_POINT ( 'NONE',  ( -5.379006233702522621, 4.499999999999999112, 21.36274368317522132 ) ) ;
#5700 = CARTESIAN_POINT ( 'NONE',  ( 19.50000000000000355, 1.000000000000000000, 29.50000000000000000 ) ) ;
#5701 = CIRCLE ( 'NONE', #1515, 1.600000000000001643 ) ;
#5702 = CARTESIAN_POINT ( 'NONE',  ( 7.454857969264261364, 4.000000000000000000, 22.38369588974454061 ) ) ;
#5703 = CARTESIAN_POINT ( 'NONE',  ( 19.50000000000000355, 4.499999999999999112, 19.49999999999999645 ) ) ;
#5704 = LINE ( 'NONE', #4054, #1306 ) ;
#5705 = CARTESIAN_POINT ( 'NONE',  ( -19.49999999999999645, 4.499999999999999112, 19.49999999999999645 ) ) ;
#5706 = CARTESIAN_POINT ( 'NONE',  ( -1.812487163008474456, 4.500000000000000888, 24.94379940440517629 ) ) ;
#5707 = CARTESIAN_POINT ( 'NONE',  ( 2.119394926610989049, 4.500000000000000888, 22.93294724487373060 ) ) ;
#5708 = CARTESIAN_POINT ( 'NONE',  ( 1.541761466862934915, 4.000000000000003553, 24.94250479630325756 ) ) ;
#5709 = ORIENTED_EDGE ( 'NONE', *, *, #5419, .F. ) ;
#5710 = B_SPLINE_CURVE_WITH_KNOTS ( 'NONE', 3,
 ( #5015, #2857, #2213, #5553, #4912, #6632, #3277, #3876, #4422, #2255, #1834 ),
 .UNSPECIFIED., .F., .F.,
 ( 4, 1, 1, 1, 1, 1, 1, 1, 4 ),
 ( 0.000000000000000000, 0.1610711239484207968, 0.3107888083803548862, 0.4499038238309454596, 0.5783763165061843736, 0.6966172119048384959, 0.8059873227104099591, 0.9065617032890821436, 0.9999999999999998890 ),
 .UNSPECIFIED. ) ;
#5711 = ORIENTED_EDGE ( 'NONE', *, *, #1105, .T. ) ;
#5712 = CARTESIAN_POINT ( 'NONE',  ( 9.194470792384679569, 4.500000000000000888, 22.06520476112832441 ) ) ;
#5713 = FACE_OUTER_BOUND ( 'NONE', #3675, .T. ) ;
#5714 = AXIS2_PLACEMENT_3D ( 'NONE', #6333, #4655, #4112 ) ;
#5715 = CARTESIAN_POINT ( 'NONE',  ( 5.068131360887957904, 3.999999999999999112, 24.79735108731710369 ) ) ;
#5716 = ORIENTED_EDGE ( 'NONE', *, *, #6752, .F. ) ;
#5717 = PLANE ( 'NONE',  #6268 ) ;
#5718 = CARTESIAN_POINT ( 'NONE',  ( 4.710770566239319557, 4.500000000000000888, 23.58774964428608456 ) ) ;
#5719 = DIRECTION ( 'NONE',  ( -1.000000000000000000, 0.000000000000000000, 0.000000000000000000 ) ) ;
#5720 = CARTESIAN_POINT ( 'NONE',  ( -1.205974009959102533, 4.500000000000000888, 25.54020816372400660 ) ) ;
#5721 = CARTESIAN_POINT ( 'NONE',  ( -8.507550611286077924, 4.000000000000000000, 24.90274502873120710 ) ) ;
#5722 = CARTESIAN_POINT ( 'NONE',  ( 7.706902537221895777, 4.500000000000002665, 24.86936163699444791 ) ) ;
#5723 = CARTESIAN_POINT ( 'NONE',  ( 5.847886753005496097, 4.000000000000000888, 23.43197833215149117 ) ) ;
#5724 = ORIENTED_EDGE ( 'NONE', *, *, #5083, .F. ) ;
#5725 = CARTESIAN_POINT ( 'NONE',  ( 7.404108324205996183, 4.000000000000000888, 22.51995230601107778 ) ) ;
#5726 = CARTESIAN_POINT ( 'NONE',  ( -7.445391960829856437, 4.500000000000000888, 25.20862061729904013 ) ) ;
#5727 = ORIENTED_EDGE ( 'NONE', *, *, #5828, .F. ) ;
#5728 = CARTESIAN_POINT ( 'NONE',  ( -8.575671988675468427, 4.500000000000000888, 24.86881617764603547 ) ) ;
#5729 = CARTESIAN_POINT ( 'NONE',  ( 4.573370474130181940, 4.500000000000000888, 22.84997272723475348 ) ) ;
#5730 = CARTESIAN_POINT ( 'NONE',  ( 0.8640473039203547811, 4.000000000000003553, 25.58129798973392965 ) ) ;
#5731 = CARTESIAN_POINT ( 'NONE',  ( 1.770867811243734158, 4.000000000000002665, 21.28480221659676985 ) ) ;
#5732 = EDGE_LOOP ( 'NONE', ( #2837, #5561, #3695, #1617 ) ) ;
#5733 = CARTESIAN_POINT ( 'NONE',  ( 6.048019858652821767, 4.500000000000000888, 24.08312824301877342 ) ) ;
#5734 = CARTESIAN_POINT ( 'NONE',  ( -8.314022435897433283, 4.500000000000000888, 25.70441631095276236 ) ) ;
#5735 = EDGE_CURVE ( 'NONE', #2215, #2690, #4208, .T. ) ;
#5736 = CIRCLE ( 'NONE', #1546, 1.000000000000000888 ) ;
#5737 = CARTESIAN_POINT ( 'NONE',  ( 5.951383736675908587, 4.000000000000000888, 24.80460897103013096 ) ) ;
#5738 = EDGE_CURVE ( 'NONE', #2518, #2277, #6381, .T. ) ;
#5739 = CARTESIAN_POINT ( 'NONE',  ( -18.49999999999999645, 4.000000000000000000, 21.50000000000000000 ) ) ;
#5740 = ORIENTED_EDGE ( 'NONE', *, *, #6005, .T. ) ;
#5741 = DIRECTION ( 'NONE',  ( -1.000000000000000000, 0.000000000000000000, 0.000000000000000000 ) ) ;
#5742 = CARTESIAN_POINT ( 'NONE',  ( -4.560313165648835820, 4.500000000000000888, 22.31244491517101025 ) ) ;
#5743 = CARTESIAN_POINT ( 'NONE',  ( 7.562883642440488607, 4.000000000000007994, 25.65101840851537318 ) ) ;
#5744 = CARTESIAN_POINT ( 'NONE',  ( -1.833426816239309698, 4.500000000000000888, 24.94458725112368924 ) ) ;
#5745 = AXIS2_PLACEMENT_3D ( 'NONE', #4180, #6358, #3637 ) ;
#5746 = VERTEX_POINT ( 'NONE', #6856 ) ;
#5747 = B_SPLINE_CURVE_WITH_KNOTS ( 'NONE', 3,
 ( #6451, #5405, #1128, #2714, #3704, #3243, #4381, #5978, #3275, #5942, #5440, #6555, #5482, #4877, #3839, #3738, #1093, #1686, #4347, #5909, #6017, #597, #3172, #1653, #4773, #6418, #3806 ),
 .UNSPECIFIED., .F., .F.,
 ( 4, 1, 1, 1, 1, 1, 1, 1, 1, 1, 1, 1, 1, 1, 1, 1, 1, 1, 1, 1, 1, 1, 1, 1, 4 ),
 ( 0.000000000000000000, 0.03663489025512759595, 0.07203398234778954357, 0.1066259706074962482, 0.1403056939382975876, 0.1736194704926827537, 0.2064256725696818062, 0.2390670061327426488, 0.2718828805625945200, 0.3048398888131209628, 0.3385290337045879783, 0.3726161878593847732, 0.4075482500265394381, 0.4437189059571701177, 0.4813115090919060646, 0.5201129981462017104, 0.5609129028334484124, 0.6040246006136036350, 0.6500745638656778569, 0.6995722277770578534, 0.7523625390892975107, 0.8087887173463874646, 0.8689542125204791079, 0.9326747199379391562, 1.000000000000000000 ),
 .UNSPECIFIED. ) ;
#5748 = CARTESIAN_POINT ( 'NONE',  ( 9.393426979215364625, 4.499999999999999112, 22.90956861210009521 ) ) ;
#5749 = CYLINDRICAL_SURFACE ( 'NONE', #3019, 1.000000000000000888 ) ;
#5750 = CARTESIAN_POINT ( 'NONE',  ( 8.126381445077253574, 4.499999999999999112, 22.03172483408597415 ) ) ;
#5751 = ORIENTED_EDGE ( 'NONE', *, *, #2667, .T. ) ;
#5752 = DIRECTION ( 'NONE',  ( -0.000000000000000000, -1.000000000000000000, -0.000000000000000000 ) ) ;
#5753 = DIRECTION ( 'NONE',  ( -0.2073096204707153001, 0.000000000000000000, 0.9782753810969015973 ) ) ;
#5754 = CARTESIAN_POINT ( 'NONE',  ( 7.536499140886969705, 4.000000000000000000, 24.71010576883795196 ) ) ;
#5755 = VERTEX_POINT ( 'NONE', #5849 ) ;
#5756 = CARTESIAN_POINT ( 'NONE',  ( -20.50000000000000000, 3.000000000000006217, 3.469446951953615767E-15 ) ) ;
#5757 = CARTESIAN_POINT ( 'NONE',  ( 8.655901102159701210, 3.999999999999999112, 23.54705030498526241 ) ) ;
#5758 = CARTESIAN_POINT ( 'NONE',  ( -0.5155982905982841036, 4.000000000000000000, 22.06809152462796320 ) ) ;
#5759 = DIRECTION ( 'NONE',  ( -0.000000000000000000, -1.000000000000000000, -0.000000000000000000 ) ) ;
#5760 = CARTESIAN_POINT ( 'NONE',  ( 7.299786324786328606, 4.500000000000000888, 23.52923602249121515 ) ) ;
#5761 = CARTESIAN_POINT ( 'NONE',  ( -7.299786324786322389, 4.500000000000000888, 21.36253596907242169 ) ) ;
#5762 = ORIENTED_EDGE ( 'NONE', *, *, #5738, .T. ) ;
#5763 = CARTESIAN_POINT ( 'NONE',  ( 8.660254037844389075, 17.01076477383247720, 0.3999999999999966915 ) ) ;
#5764 = CARTESIAN_POINT ( 'NONE',  ( 1.127243360177269782, 4.500000000000000888, 21.28586822037969029 ) ) ;
#5765 = CARTESIAN_POINT ( 'NONE',  ( 0.3008882603672361489, 4.000000000000001776, 25.02010822166568005 ) ) ;
#5766 = CARTESIAN_POINT ( 'NONE',  ( 1.668269731069631945, 4.000000000000006217, 21.26723613498713661 ) ) ;
#5767 = ORIENTED_EDGE ( 'NONE', *, *, #3479, .F. ) ;
#5768 = FACE_BOUND ( 'NONE', #834, .T. ) ;
#5769 = DIRECTION ( 'NONE',  ( 0.000000000000000000, -1.000000000000000000, 0.000000000000000000 ) ) ;
#5770 = CARTESIAN_POINT ( 'NONE',  ( 5.737346134112216944, 4.000000000000000000, 25.17151586295906185 ) ) ;
#5771 = UNCERTAINTY_MEASURE_WITH_UNIT (LENGTH_MEASURE( 1.000000000000000082E-05 ), #965, 'distance_accuracy_value', 'NONE');
#5772 = DIRECTION ( 'NONE',  ( 0.000000000000000000, 0.000000000000000000, -1.000000000000000000 ) ) ;
#5773 = DIRECTION ( 'NONE',  ( 0.000000000000000000, -1.000000000000000000, 0.000000000000000000 ) ) ;
#5774 = CARTESIAN_POINT ( 'NONE',  ( 0.000000000000000000, 4.000000000000000000, -14.60000000000000142 ) ) ;
#5775 = DIRECTION ( 'NONE',  ( 0.000000000000000000, -1.000000000000000000, -0.000000000000000000 ) ) ;
#5776 = DIRECTION ( 'NONE',  ( 3.875375560392766079E-14, 1.000000000000000000, 1.391454181755165757E-13 ) ) ;
#5777 = EDGE_CURVE ( 'NONE', #4851, #2377, #4247, .T. ) ;
#5778 = CARTESIAN_POINT ( 'NONE',  ( -2.244075124487366235, 4.500000000000000888, 24.79553779862992613 ) ) ;
#5779 = ORIENTED_EDGE ( 'NONE', *, *, #2309, .F. ) ;
#5780 = EDGE_CURVE ( 'NONE', #1354, #755, #1557, .T. ) ;
#5781 = VERTEX_POINT ( 'NONE', #897 ) ;
#5782 = DIRECTION ( 'NONE',  ( -0.000000000000000000, -1.000000000000000000, -0.000000000000000000 ) ) ;
#5783 = DIRECTION ( 'NONE',  ( 0.000000000000000000, 0.000000000000000000, 1.000000000000000000 ) ) ;
#5784 = LINE ( 'NONE', #936, #2971 ) ;
#5785 = ORIENTED_EDGE ( 'NONE', *, *, #4168, .T. ) ;
#5786 = CARTESIAN_POINT ( 'NONE',  ( 0.8592720633097303828, 4.000000000000000000, 24.33468368483586630 ) ) ;
#5787 = DIRECTION ( 'NONE',  ( -0.2022968521692527777, 0.000000000000000000, 0.9793242484501297751 ) ) ;
#5788 = EDGE_CURVE ( 'NONE', #5582, #6564, #1165, .T. ) ;
#5789 = CARTESIAN_POINT ( 'NONE',  ( -8.292873090962421756, 3.999999999999999112, 24.94352856990443712 ) ) ;
#5790 = EDGE_CURVE ( 'NONE', #788, #3073, #5912, .T. ) ;
#5791 = ADVANCED_FACE ( 'NONE', ( #4310 ), #2194, .T. ) ;
#5792 = CARTESIAN_POINT ( 'NONE',  ( -1.088350287250515525, 3.999999999999998224, 25.46672230019053274 ) ) ;
#5793 = CARTESIAN_POINT ( 'NONE',  ( -4.606474447046756460, 4.000000000000001776, 22.26533619971979050 ) ) ;
#5794 = CARTESIAN_POINT ( 'NONE',  ( 1.362577111624095227, 4.000000000000000000, 25.70248283079439844 ) ) ;
#5795 = CARTESIAN_POINT ( 'NONE',  ( 8.660254037844389075, 17.01076477383247720, 9.600000000000001421 ) ) ;
#5796 = EDGE_LOOP ( 'NONE', ( #6673, #4416, #6383, #6982 ) ) ;
#5797 = CARTESIAN_POINT ( 'NONE',  ( 7.330756547514773125, 4.500000000000002665, 22.87908637419469926 ) ) ;
#5798 = CARTESIAN_POINT ( 'NONE',  ( 1.189113388177206465, 4.500000000000000888, 22.08521827370373458 ) ) ;
#5799 = DIRECTION ( 'NONE',  ( 0.000000000000000000, 0.000000000000000000, 1.000000000000000000 ) ) ;
#5801 = B_SPLINE_CURVE_WITH_KNOTS ( 'NONE', 3,
 ( #3899, #2847, #5509, #3832, #3410, #2812, #1715, #62, #6009, #626, #4973, #2352, #4514, #3298, #3268, #6695, #5577, #5044, #5970 ),
 .UNSPECIFIED., .F., .F.,
 ( 4, 1, 1, 1, 1, 1, 1, 1, 1, 1, 1, 1, 1, 1, 1, 1, 4 ),
 ( 0.000000000000000000, 0.06376895995773869397, 0.1252623047603764750, 0.1854135826663902975, 0.2468067624960856021, 0.3094223888496970276, 0.3725326822170088037, 0.4377332507368574266, 0.5057495167426336868, 0.5440132631112706285, 0.5883695992066305669, 0.6403890193945122045, 0.6978974005877088826, 0.7632716192950985690, 0.8349786038393129939, 0.9138736558434374935, 1.000000000000000000 ),
 .UNSPECIFIED. ) ;
#5800 = CARTESIAN_POINT ( 'NONE',  ( 1.452664262820513974, 4.000000000000002665, 21.25398896052540465 ) ) ;
#5802 = CARTESIAN_POINT ( 'NONE',  ( 0.02713675213675360159, 4.000000000000003553, 23.52075578744847917 ) ) ;
#5803 = ORIENTED_EDGE ( 'NONE', *, *, #5075, .T. ) ;
#5804 = APPLICATION_PROTOCOL_DEFINITION ( 'draft international standard', 'automotive_design', 1998, #2617 ) ;
#5805 = LINE ( 'NONE', #6373, #4 ) ;
#5806 = CARTESIAN_POINT ( 'NONE',  ( -2.301535790598284059, 4.500000000000000888, 23.85826914214932870 ) ) ;
#5807 = CARTESIAN_POINT ( 'NONE',  ( 8.660254037844389075, 17.01076477383247720, 4.999999999999998224 ) ) ;
#5808 = VERTEX_POINT ( 'NONE', #2214 ) ;
#5809 = DIRECTION ( 'NONE',  ( -1.000000000000000000, 0.000000000000000000, 1.982541115402065356E-16 ) ) ;
#5810 = CARTESIAN_POINT ( 'NONE',  ( 9.318381662068894400, 4.500000000000000888, 22.43753286758764176 ) ) ;
#5811 = CARTESIAN_POINT ( 'NONE',  ( -6.322863247863244496, 4.000000000000000000, 21.36253596907241459 ) ) ;
#5812 = LINE ( 'NONE', #6890, #2231 ) ;
#5813 = VERTEX_POINT ( 'NONE', #8 ) ;
#5814 = AXIS2_PLACEMENT_3D ( 'NONE', #6615, #3896, #7020 ) ;
#5815 = ORIENTED_EDGE ( 'NONE', *, *, #5162, .T. ) ;
#5816 = CARTESIAN_POINT ( 'NONE',  ( 9.374137500024623648, 4.500000000000000888, 22.74061880374978628 ) ) ;
#5817 = EDGE_CURVE ( 'NONE', #1562, #3073, #1625, .T. ) ;
#5818 = B_SPLINE_CURVE_WITH_KNOTS ( 'NONE', 3,
 ( #6041, #4406, #1114, #2774, #5003, #1643, #5465, #1745, #21, #1150, #3793, #163, #6077, #4476, #3229, #1186, #3331, #5965, #5504 ),
 .UNSPECIFIED., .F., .F.,
 ( 4, 1, 1, 1, 1, 1, 1, 1, 1, 1, 1, 1, 1, 1, 1, 1, 4 ),
 ( 0.000000000000000000, 0.06117934308804648391, 0.1203713884446011018, 0.1784417313622631562, 0.2359341281810945767, 0.2942679362243746932, 0.3526542946283818813, 0.4131221280938585094, 0.4755857683820442494, 0.5389001041802273795, 0.6018690472303234174, 0.6643326875185113778, 0.7276470233166942858, 0.7924087308653694484, 0.8591195288732160762, 0.9281350966840269390, 1.000000000000000000 ),
 .UNSPECIFIED. ) ;
#5819 = CARTESIAN_POINT ( 'NONE',  ( -3.527777777777774570, 4.000000000000000000, 25.59586930240574532 ) ) ;
#5820 = CARTESIAN_POINT ( 'NONE',  ( 4.741532470392928467, 4.000000000000001776, 24.94224930271069240 ) ) ;
#5821 = ORIENTED_EDGE ( 'NONE', *, *, #162, .T. ) ;
#5822 = CIRCLE ( 'NONE', #6734, 1.000000000000000888 ) ;
#5823 = CARTESIAN_POINT ( 'NONE',  ( 0.8320169024355890119, 4.000000000000000000, 24.20365213543260552 ) ) ;
#5824 = DIRECTION ( 'NONE',  ( 0.000000000000000000, -1.000000000000000000, 0.000000000000000000 ) ) ;
#5825 = CARTESIAN_POINT ( 'NONE',  ( 2.861316987204110429, 4.000000000000000888, 22.74061880374977562 ) ) ;
#5826 = VECTOR ( 'NONE', #1920, 1000.000000000000000 ) ;
#5827 = CARTESIAN_POINT ( 'NONE',  ( -8.314022435897433283, 4.500000000000000888, 25.70441631095276236 ) ) ;
#5828 = EDGE_CURVE ( 'NONE', #448, #6893, #3176, .T. ) ;
#5829 = EDGE_LOOP ( 'NONE', ( #5673, #3400, #1929, #5100 ) ) ;
#5830 = EDGE_CURVE ( 'NONE', #1094, #2340, #4914, .T. ) ;
#5831 = CARTESIAN_POINT ( 'NONE',  ( 1.543497574830476893, 3.999999999999998224, 22.01676539071434391 ) ) ;
#5832 = CARTESIAN_POINT ( 'NONE',  ( -1.765041476711193491, 4.000000000000000000, 22.82844126727200873 ) ) ;
#5833 = PLANE ( 'NONE',  #1415 ) ;
#5834 = CARTESIAN_POINT ( 'NONE',  ( 7.426969525208632739, 4.500000000000000888, 22.44835367751238309 ) ) ;
#5835 = CARTESIAN_POINT ( 'NONE',  ( 0.9420374564437470344, 4.500000000000000888, 22.38369588974453350 ) ) ;
#5836 = ORIENTED_EDGE ( 'NONE', *, *, #2090, .T. ) ;
#5837 = CIRCLE ( 'NONE', #3673, 1.600000000000001643 ) ;
#5838 = CARTESIAN_POINT ( 'NONE',  ( 17.50000000000000000, 1.000000000000000000, 28.50000000000000355 ) ) ;
#5839 = CARTESIAN_POINT ( 'NONE',  ( 1.452664262820513974, 4.500000000000000888, 21.25398896052540465 ) ) ;
#5840 = CARTESIAN_POINT ( 'NONE',  ( -4.372409188034183991, 4.500000000000000888, 25.59586930240574532 ) ) ;
#5841 = CARTESIAN_POINT ( 'NONE',  ( -3.790761687839095728, 4.500000000000000888, 22.12062002423089879 ) ) ;
#5842 = CARTESIAN_POINT ( 'NONE',  ( -8.796525304680727686, 4.000000000000000000, 25.62371435569273359 ) ) ;
#5843 = CARTESIAN_POINT ( 'NONE',  ( -2.006423611111104677, 4.500000000000000888, 22.86862571266215127 ) ) ;
#5844 = CARTESIAN_POINT ( 'NONE',  ( -1.652646464652407277, 4.500000000000000888, 24.91851745285151054 ) ) ;
#5845 = EDGE_LOOP ( 'NONE', ( #1149, #5836, #2488, #5779 ) ) ;
#5846 = DIRECTION ( 'NONE',  ( 0.000000000000000000, 0.000000000000000000, 1.000000000000000000 ) ) ;
#5847 = CARTESIAN_POINT ( 'NONE',  ( -4.480118892985714751, 4.500000000000000888, 22.48835086244425341 ) ) ;
#5848 = CARTESIAN_POINT ( 'NONE',  ( 2.902442625450435632, 3.999999999999998224, 23.68224423056512862 ) ) ;
#5849 = CARTESIAN_POINT ( 'NONE',  ( 6.887646901709405967, 4.000000000000000000, 21.82979691992711579 ) ) ;
#5850 = AXIS2_PLACEMENT_3D ( 'NONE', #5997, #1142, #3287 ) ;
#5851 = AXIS2_PLACEMENT_3D ( 'NONE', #5580, #1267, #171 ) ;
#5852 = DIRECTION ( 'NONE',  ( -0.000000000000000000, -1.000000000000000000, -0.000000000000000000 ) ) ;
#5853 = CARTESIAN_POINT ( 'NONE',  ( 9.347708337492090180, 4.500000000000000888, 24.38607368956219545 ) ) ;
#5854 = CARTESIAN_POINT ( 'NONE',  ( -3.272846775811732112, 4.500000000000000888, 24.60780696455064387 ) ) ;
#5855 = ORIENTED_EDGE ( 'NONE', *, *, #2396, .T. ) ;
#5856 = VECTOR ( 'NONE', #346, 1000.000000000000000 ) ;
#5857 = CARTESIAN_POINT ( 'NONE',  ( 6.539957264957268812, 4.500000000000000888, 23.52075578744848272 ) ) ;
#5858 = CARTESIAN_POINT ( 'NONE',  ( 2.073466730052570206, 3.999999999999998224, 22.64483590567936133 ) ) ;
#5859 = CARTESIAN_POINT ( 'NONE',  ( -8.660254037844389075, 17.01076477383247720, 4.999999999999998224 ) ) ;
#5860 = CARTESIAN_POINT ( 'NONE',  ( -7.300064900924507327, 4.499999999999999112, 24.22659924872204229 ) ) ;
#5861 = CARTESIAN_POINT ( 'NONE',  ( 1.959533371120593337, 4.499999999999999112, 22.33201707265315861 ) ) ;
#5862 = CARTESIAN_POINT ( 'NONE',  ( 0.07052621856814957069, 4.000000000000001776, 24.25671652367478259 ) ) ;
#5863 = CARTESIAN_POINT ( 'NONE',  ( 1.668269731069631945, 4.500000000000002665, 21.26723613498713661 ) ) ;
#5864 = EDGE_CURVE ( 'NONE', #1776, #2015, #6454, .T. ) ;
#5865 = ADVANCED_FACE ( 'NONE', ( #6557 ), #2656, .F. ) ;
#5866 = VERTEX_POINT ( 'NONE', #1313 ) ;
#5867 = EDGE_CURVE ( 'NONE', #4160, #1028, #4532, .T. ) ;
#5868 = CARTESIAN_POINT ( 'NONE',  ( 7.304039990405519767, 3.999999999999999112, 23.24309842269121873 ) ) ;
#5869 = CARTESIAN_POINT ( 'NONE',  ( 0.9705736310306316561, 4.500000000000000888, 22.32439080759634109 ) ) ;
#5870 = ORIENTED_EDGE ( 'NONE', *, *, #4779, .T. ) ;
#5871 = CARTESIAN_POINT ( 'NONE',  ( 9.416452991452995747, 4.500000000000000888, 23.48089868274762537 ) ) ;
#5872 = CARTESIAN_POINT ( 'NONE',  ( 1.471320779914531363, 4.000000000000000000, 22.01381802035446356 ) ) ;
#5873 = CARTESIAN_POINT ( 'NONE',  ( 8.899434794728170672, 4.000000000000000000, 25.35888116901130829 ) ) ;
#5874 = CARTESIAN_POINT ( 'NONE',  ( -4.087778630059877294, 4.500000000000000888, 23.43764933128071704 ) ) ;
#5875 = CARTESIAN_POINT ( 'NONE',  ( 4.985378670017100333, 4.000000000000000888, 23.66114910138864857 ) ) ;
#5876 = CARTESIAN_POINT ( 'NONE',  ( 7.909416315151855059, 4.000000000000000000, 21.25585527673749198 ) ) ;
#5877 = CARTESIAN_POINT ( 'NONE',  ( 1.897459927640558375, 4.000000000000000000, 25.65119496330757087 ) ) ;
#5878 = CARTESIAN_POINT ( 'NONE',  ( -0.4627594288551405421, 4.000000000000000000, 24.28204755736115317 ) ) ;
#5879 = EDGE_LOOP ( 'NONE', ( #333, #5572, #3742, #5626 ) ) ;
#5880 = DIRECTION ( 'NONE',  ( 1.000000000000000000, 0.000000000000000000, -1.692413147294445723E-16 ) ) ;
#5881 = CARTESIAN_POINT ( 'NONE',  ( 2.860618558483197127, 4.000000000000000000, 24.22769272903781257 ) ) ;
#5882 = DIRECTION ( 'NONE',  ( 0.000000000000000000, 1.000000000000000000, -0.000000000000000000 ) ) ;
#5883 = VERTEX_POINT ( 'NONE', #6776 ) ;
#5884 = CARTESIAN_POINT ( 'NONE',  ( 1.189113388177206465, 4.000000000000000888, 22.08521827370373458 ) ) ;
#5885 = CARTESIAN_POINT ( 'NONE',  ( 9.192011429632884756, 3.999999999999999112, 24.90680124781274785 ) ) ;
#5886 = LINE ( 'NONE', #7008, #6031 ) ;
#5887 = ORIENTED_EDGE ( 'NONE', *, *, #501, .F. ) ;
#5888 = CARTESIAN_POINT ( 'NONE',  ( 1.935189636752137954, 4.000000000000000000, 24.65371518915787874 ) ) ;
#5889 = CARTESIAN_POINT ( 'NONE',  ( -1.823594690685578001, 4.000000000000000888, 23.58856714766718099 ) ) ;
#5890 = CARTESIAN_POINT ( 'NONE',  ( 2.770308322612703211, 4.000000000000000888, 22.30282473879324812 ) ) ;
#5891 = CARTESIAN_POINT ( 'NONE',  ( -7.376244764211198124, 4.500000000000000888, 25.03724315610851647 ) ) ;
#5892 = DIRECTION ( 'NONE',  ( -1.000000000000000000, 0.000000000000000000, 9.912705577010330480E-17 ) ) ;
#5893 = CARTESIAN_POINT ( 'NONE',  ( 2.133126333730472446, 4.000000000000000000, 23.10135215983902768 ) ) ;
#5894 = CARTESIAN_POINT ( 'NONE',  ( 0.6967909553093095676, 4.000000000000000000, 25.48413176882079156 ) ) ;
#5895 = CARTESIAN_POINT ( 'NONE',  ( 20.50000000000000355, 3.000000000000006217, 0.000000000000000000 ) ) ;
#5896 = CARTESIAN_POINT ( 'NONE',  ( 2.056152601190217588, 4.000000000000004441, 21.38053348321519564 ) ) ;
#5897 = CARTESIAN_POINT ( 'NONE',  ( 8.423033253884774751, 3.999999999999999112, 22.25685131155952945 ) ) ;
#5898 = CARTESIAN_POINT ( 'NONE',  ( -19.50000000000000355, 4.499999999999999112, -19.49999999999998934 ) ) ;
#5899 = CARTESIAN_POINT ( 'NONE',  ( -4.255000882991284428, 4.500000000000000888, 21.55584355954141884 ) ) ;
#5900 = DIRECTION ( 'NONE',  ( 0.4511465413988250406, 0.000000000000000000, 0.8924498855307664291 ) ) ;
#5901 = CARTESIAN_POINT ( 'NONE',  ( -4.403421007407252397, 4.500000000000000888, 21.48382314423678352 ) ) ;
#5902 = CARTESIAN_POINT ( 'NONE',  ( 4.710770566239319557, 4.500000000000000888, 23.58774964428608456 ) ) ;
#5903 = CARTESIAN_POINT ( 'NONE',  ( 4.144372690231684864, 4.500000000000000888, 24.65265133203053338 ) ) ;
#5904 = EDGE_CURVE ( 'NONE', #5665, #2817, #1760, .T. ) ;
#5905 = CARTESIAN_POINT ( 'NONE',  ( 7.799754261579304959, 4.500000000000000888, 21.25950552977899477 ) ) ;
#5906 = EDGE_CURVE ( 'NONE', #3546, #5668, #4019, .T. ) ;
#5907 = CARTESIAN_POINT ( 'NONE',  ( 4.069664797008551105, 4.000000000000000000, 21.36253596907241104 ) ) ;
#5908 = EDGE_CURVE ( 'NONE', #5746, #3935, #974, .T. ) ;
#5909 = CARTESIAN_POINT ( 'NONE',  ( 9.318381662068894400, 4.000000000000000888, 22.43753286758764176 ) ) ;
#5910 = ORIENTED_EDGE ( 'NONE', *, *, #3339, .F. ) ;
#5911 = CARTESIAN_POINT ( 'NONE',  ( 2.452372023481253827, 4.000000000000000000, 25.28347534174718092 ) ) ;
#5912 = LINE ( 'NONE', #640, #2116 ) ;
#5913 = EDGE_LOOP ( 'NONE', ( #1719, #173, #4894, #4753 ) ) ;
#5914 = ORIENTED_EDGE ( 'NONE', *, *, #2668, .T. ) ;
#5915 = CARTESIAN_POINT ( 'NONE',  ( 0.9420374564437470344, 4.000000000000000000, 22.38369588974453350 ) ) ;
#5916 = CARTESIAN_POINT ( 'NONE',  ( 8.099390726769916782, 4.500000000000000888, 25.70252418140291439 ) ) ;
#5917 = CARTESIAN_POINT ( 'NONE',  ( 5.162947253467972786, 4.000000000000004441, 23.82373472412802329 ) ) ;
#5918 = ORIENTED_EDGE ( 'NONE', *, *, #4604, .F. ) ;
#5919 = CARTESIAN_POINT ( 'NONE',  ( 4.679393696581199968, 4.500000000000000888, 24.94458725112369279 ) ) ;
#5920 = CARTESIAN_POINT ( 'NONE',  ( 1.743471366059381245, 3.999999999999999112, 22.09147355775840182 ) ) ;
#5921 = CARTESIAN_POINT ( 'NONE',  ( 5.291666666666670515, 4.000000000000000888, 24.25768821266215625 ) ) ;
#5922 = VECTOR ( 'NONE', #1453, 1000.000000000000000 ) ;
#5923 = CARTESIAN_POINT ( 'NONE',  ( 4.779759007141009874, 4.499999999999999112, 25.70040383717250165 ) ) ;
#5924 = AXIS2_PLACEMENT_3D ( 'NONE', #4429, #1667, #4856 ) ;
#5925 = CARTESIAN_POINT ( 'NONE',  ( 8.660254037844389075, 17.01076477383247720, 4.999999999999998224 ) ) ;
#5926 = CARTESIAN_POINT ( 'NONE',  ( 2.099309842019033923, 4.500000000000000888, 22.78089819634744373 ) ) ;
#5927 = CARTESIAN_POINT ( 'NONE',  ( 0.1248271799855840136, 4.500000000000000888, 24.55556511987972357 ) ) ;
#5928 = CARTESIAN_POINT ( 'NONE',  ( -8.094286512140349998, 4.000000000000003553, 24.76039005290255446 ) ) ;
#5929 = ORIENTED_EDGE ( 'NONE', *, *, #6443, .T. ) ;
#5930 = VECTOR ( 'NONE', #5133, 999.9999999999998863 ) ;
#5931 = CARTESIAN_POINT ( 'NONE',  ( 6.674386980764081656, 3.999999999999999112, 24.68683647939790760 ) ) ;
#5932 = VERTEX_POINT ( 'NONE', #3385 ) ;
#5933 = DIRECTION ( 'NONE',  ( 0.000000000000000000, 0.000000000000000000, 1.000000000000000000 ) ) ;
#5934 = VECTOR ( 'NONE', #3373, 1000.000000000000000 ) ;
#5935 = DIRECTION ( 'NONE',  ( -0.000000000000000000, -1.000000000000000000, -0.000000000000000000 ) ) ;
#5936 = LINE ( 'NONE', #5433, #1189 ) ;
#5937 =( NAMED_UNIT ( * ) PLANE_ANGLE_UNIT ( ) SI_UNIT ( $, .RADIAN. ) );
#5938 = CARTESIAN_POINT ( 'NONE',  ( 4.920017003495218866, 4.000000000000000000, 25.68078935812841124 ) ) ;
#5939 = ORIENTED_EDGE ( 'NONE', *, *, #5251, .T. ) ;
#5940 = PLANE ( 'NONE',  #6156 ) ;
#5941 = CARTESIAN_POINT ( 'NONE',  ( 1.798441510041264735, 4.000000000000000000, 25.67419207169985285 ) ) ;
#5942 = CARTESIAN_POINT ( 'NONE',  ( 8.738883054552864849, 4.000000000000000000, 21.48111679084876968 ) ) ;
#5943 = ORIENTED_EDGE ( 'NONE', *, *, #6879, .T. ) ;
#5944 = B_SPLINE_CURVE_WITH_KNOTS ( 'NONE', 3,
 ( #4389, #76, #4951, #5558, #2755, #3917, #144, #3515, #6767, #602, #6561, #3389, #6023, #6061, #711, #4985, #4917, #2429, #2258, #5687, #112, #1661, #5154, #1892, #841, #4353, #313 ),
 .UNSPECIFIED., .F., .F.,
 ( 4, 1, 1, 1, 1, 1, 1, 1, 1, 1, 1, 1, 1, 1, 1, 1, 1, 1, 1, 1, 1, 1, 1, 1, 4 ),
 ( 0.000000000000000000, 0.07288902662003805821, 0.1401861299444941145, 0.2022774341249591601, 0.2588951317514622819, 0.3104829424654781955, 0.3570952441313353098, 0.3985135666534657672, 0.4350375108701161064, 0.4692514858292874957, 0.5028050278902747028, 0.5362104463185617398, 0.5693793599392052984, 0.6028014750483934314, 0.6366657983367769447, 0.6709286568940429074, 0.7058030002293130822, 0.7411890612458775784, 0.7763043110764621391, 0.8120043009129354061, 0.8479689758088947427, 0.8845217611964789617, 0.9219741585442051690, 0.9601981758096074238, 1.000000000000000000 ),
 .UNSPECIFIED. ) ;
#5945 = CARTESIAN_POINT ( 'NONE',  ( 1.695200130256970361, 4.000000000000000000, 25.69243952143810006 ) ) ;
#5946 = CARTESIAN_POINT ( 'NONE',  ( -3.527777777777774570, 4.500000000000000888, 25.59586930240574532 ) ) ;
#5947 = VERTEX_POINT ( 'NONE', #2824 ) ;
#5948 = ADVANCED_FACE ( 'NONE', ( #4457 ), #6129, .F. ) ;
#5949 = EDGE_CURVE ( 'NONE', #588, #3784, #3594, .T. ) ;
#5950 = EDGE_CURVE ( 'NONE', #4299, #5256, #3829, .T. ) ;
#5951 = EDGE_LOOP ( 'NONE', ( #2745, #5507, #4327 ) ) ;
#5952 = CARTESIAN_POINT ( 'NONE',  ( 4.507505819704952899, 4.499999999999999112, 25.70112852877602450 ) ) ;
#5953 = CARTESIAN_POINT ( 'NONE',  ( 8.754539812256235010, 3.999999999999999112, 25.48500050962670116 ) ) ;
#5954 = CARTESIAN_POINT ( 'NONE',  ( 5.122833391172495254, 4.000000000000002665, 23.77570635847972014 ) ) ;
#5955 = ORIENTED_EDGE ( 'NONE', *, *, #4640, .F. ) ;
#5956 = LINE ( 'NONE', #1633, #3305 ) ;
#5957 = CARTESIAN_POINT ( 'NONE',  ( 7.299786324786328606, 4.000000000000000888, 23.52923602249121515 ) ) ;
#5958 = CARTESIAN_POINT ( 'NONE',  ( -8.660254037844389075, 1.000000000000000000, 4.999999999999998224 ) ) ;
#5959 = FACE_OUTER_BOUND ( 'NONE', #2364, .T. ) ;
#5960 = VECTOR ( 'NONE', #2872, 1000.000000000000000 ) ;
#5961 = FACE_OUTER_BOUND ( 'NONE', #681, .T. ) ;
#5962 = CARTESIAN_POINT ( 'NONE',  ( -4.720377603461052729, 4.000000000000001776, 22.19097327852832180 ) ) ;
#5963 = CARTESIAN_POINT ( 'NONE',  ( 8.660254037844389075, 1.000000000000000000, 4.999999999999998224 ) ) ;
#5964 = ORIENTED_EDGE ( 'NONE', *, *, #4261, .T. ) ;
#5965 = CARTESIAN_POINT ( 'NONE',  ( 5.291258273381883370, 4.499999999999999112, 24.28230559511219866 ) ) ;
#5966 = ORIENTED_EDGE ( 'NONE', *, *, #2667, .F. ) ;
#5967 = AXIS2_PLACEMENT_3D ( 'NONE', #6611, #4962, #2911 ) ;
#5968 = LINE ( 'NONE', #1714, #5163 ) ;
#5969 = EDGE_LOOP ( 'NONE', ( #1137, #863, #6254, #3810 ) ) ;
#5970 = CARTESIAN_POINT ( 'NONE',  ( -5.304387019230766498, 4.000000000000000000, 22.12236502890147349 ) ) ;
#5971 = CARTESIAN_POINT ( 'NONE',  ( -4.062796678612436097, 4.000000000000001776, 21.70127969922982203 ) ) ;
#5972 = CARTESIAN_POINT ( 'NONE',  ( 8.025431104359119772, 4.000000000000000000, 25.70377524983558359 ) ) ;
#5973 = DIRECTION ( 'NONE',  ( -0.000000000000000000, -1.000000000000000000, -0.000000000000000000 ) ) ;
#5974 = ORIENTED_EDGE ( 'NONE', *, *, #2358, .T. ) ;
#5975 = CARTESIAN_POINT ( 'NONE',  ( -7.339249161200984695, 4.000000000000000888, 24.85107779866617861 ) ) ;
#5976 = CARTESIAN_POINT ( 'NONE',  ( -1.399070842335349729, 4.500000000000002665, 24.75262651814961501 ) ) ;
#5977 = PLANE ( 'NONE',  #6166 ) ;
#5978 = CARTESIAN_POINT ( 'NONE',  ( 8.568973114010725922, 3.999999999999999112, 21.38053348321520275 ) ) ;
#5979 = VERTEX_POINT ( 'NONE', #3069 ) ;
#5980 = VECTOR ( 'NONE', #392, 1000.000000000000114 ) ;
#5981 = CARTESIAN_POINT ( 'NONE',  ( 2.515533636672997897, 4.500000000000000888, 25.20157656953222158 ) ) ;
#5982 = CARTESIAN_POINT ( 'NONE',  ( -1.238131519372779321, 4.000000000000003553, 22.92404526484314076 ) ) ;
#5983 = ORIENTED_EDGE ( 'NONE', *, *, #3904, .T. ) ;
#5984 = AXIS2_PLACEMENT_3D ( 'NONE', #1691, #6020, #4948 ) ;
#5985 = ORIENTED_EDGE ( 'NONE', *, *, #628, .F. ) ;
#5986 = DIRECTION ( 'NONE',  ( -0.000000000000000000, -1.000000000000000000, -0.000000000000000000 ) ) ;
#5987 = CARTESIAN_POINT ( 'NONE',  ( 1.278301958519337145, 4.000000000000000888, 22.04471004017557689 ) ) ;
#5988 = B_SPLINE_CURVE_WITH_KNOTS ( 'NONE', 3,
 ( #6810, #1933, #1416, #3560, #1451, #5737, #890, #3037, #5770, #923, #2549, #2006, #1481, #4844, #2583, #5938, #4736, #3627, #2039 ),
 .UNSPECIFIED., .F., .F.,
 ( 4, 1, 1, 1, 1, 1, 1, 1, 1, 1, 1, 1, 1, 1, 1, 1, 4 ),
 ( 0.000000000000000000, 0.06675541313745037009, 0.1317279436681999816, 0.1948100844364495376, 0.2568986387839161667, 0.3187508905638004042, 0.3803512888945379533, 0.4433244176166943329, 0.5074626919635747413, 0.5715056738698076622, 0.6333612917281037369, 0.6939415159323156779, 0.7539288461040348777, 0.8138015296774558927, 0.8745236442162157564, 0.9362219827335219735, 1.000000000000000000 ),
 .UNSPECIFIED. ) ;
#5989 = CARTESIAN_POINT ( 'NONE',  ( 9.406799376758126385, 3.999999999999997335, 23.87572366836100102 ) ) ;
#5990 = LINE ( 'NONE', #4920, #5138 ) ;
#5991 = EDGE_LOOP ( 'NONE', ( #2527, #6107, #5379, #4781 ) ) ;
#5992 = DIRECTION ( 'NONE',  ( 0.8923808708064830952, 0.000000000000000000, -0.4512830391435768140 ) ) ;
#5993 = ADVANCED_FACE ( 'NONE', ( #4086 ), #4734, .F. ) ;
#5994 = CARTESIAN_POINT ( 'NONE',  ( -1.866774979835232440, 4.500000000000000888, 23.59020559982077714 ) ) ;
#5995 = CARTESIAN_POINT ( 'NONE',  ( 4.969220548925322944, 4.500000000000002665, 24.87018787320162261 ) ) ;
#5996 = AXIS2_PLACEMENT_3D ( 'NONE', #5700, #6344, #1480 ) ;
#5997 = CARTESIAN_POINT ( 'NONE',  ( 0.000000000000000000, 5.500000000000000000, 0.000000000000000000 ) ) ;
#5998 = CARTESIAN_POINT ( 'NONE',  ( 0.8912878113854776352, 4.500000000000000888, 22.51995230601106002 ) ) ;
#5999 = LINE ( 'NONE', #2198, #3559 ) ;
#6000 = EDGE_CURVE ( 'NONE', #4745, #1349, #322, .T. ) ;
#6001 = CARTESIAN_POINT ( 'NONE',  ( -5.057276160321483971, 4.000000000000005329, 22.12788971996575782 ) ) ;
#6002 = CARTESIAN_POINT ( 'NONE',  ( -4.542717599097450432, 4.500000000000000888, 22.79614455617737079 ) ) ;
#6003 = VERTEX_POINT ( 'NONE', #1414 ) ;
#6004 = ADVANCED_FACE ( 'NONE', ( #4768, #922 ), #3593, .T. ) ;
#6005 = EDGE_CURVE ( 'NONE', #5289, #667, #5805, .T. ) ;
#6006 = CARTESIAN_POINT ( 'NONE',  ( -6.322863247863244496, 4.500000000000000888, 21.36253596907241459 ) ) ;
#6007 = DIRECTION ( 'NONE',  ( 8.462065736472229849E-17, -0.000000000000000000, 1.000000000000000000 ) ) ;
#6008 = ORIENTED_EDGE ( 'NONE', *, *, #675, .F. ) ;
#6009 = CARTESIAN_POINT ( 'NONE',  ( -4.720377603461052729, 3.999999999999999112, 22.19097327852832180 ) ) ;
#6010 = PLANE ( 'NONE',  #1066 ) ;
#6011 = CARTESIAN_POINT ( 'NONE',  ( 18.50000000000000355, 4.000000000000000000, 0.000000000000000000 ) ) ;
#6012 = CARTESIAN_POINT ( 'NONE',  ( 5.031987350794649316, 4.500000000000000888, 22.85028754442216936 ) ) ;
#6013 = ORIENTED_EDGE ( 'NONE', *, *, #6218, .T. ) ;
#6014 = CARTESIAN_POINT ( 'NONE',  ( -8.314022435897433283, 4.000000000000000000, 25.70441631095276236 ) ) ;
#6015 = CARTESIAN_POINT ( 'NONE',  ( -1.289128193739596639, 4.500000000000000888, 24.59309115225482145 ) ) ;
#6016 = CARTESIAN_POINT ( 'NONE',  ( 8.405246178862194384, 4.000000000000000888, 24.72110495530781549 ) ) ;
#6017 = CARTESIAN_POINT ( 'NONE',  ( 9.348616859797923340, 3.999999999999999112, 22.58334324113544156 ) ) ;
#6018 = ORIENTED_EDGE ( 'NONE', *, *, #717, .F. ) ;
#6019 = FACE_OUTER_BOUND ( 'NONE', #7001, .T. ) ;
#6020 = DIRECTION ( 'NONE',  ( -0.000000000000000000, -1.000000000000000000, -0.000000000000000000 ) ) ;
#6021 = ORIENTED_EDGE ( 'NONE', *, *, #1067, .T. ) ;
#6022 = ORIENTED_EDGE ( 'NONE', *, *, #6663, .T. ) ;
#6023 = CARTESIAN_POINT ( 'NONE',  ( -4.187030399917572865, 4.000000000000000000, 21.59891609194279027 ) ) ;
#6024 = CARTESIAN_POINT ( 'NONE',  ( 3.261029279821764604, 4.500000000000000888, 24.69268501625775869 ) ) ;
#6025 = CARTESIAN_POINT ( 'NONE',  ( -1.833426816239309698, 4.000000000000000000, 24.94458725112368924 ) ) ;
#6026 = ORIENTED_EDGE ( 'NONE', *, *, #1500, .T. ) ;
#6027 = DIRECTION ( 'NONE',  ( 0.000000000000000000, 0.000000000000000000, -1.000000000000000000 ) ) ;
#6028 = CARTESIAN_POINT ( 'NONE',  ( 2.305714334898755880, 4.500000000000002665, 21.54151785463562874 ) ) ;
#6029 = CARTESIAN_POINT ( 'NONE',  ( 7.959480387903018261, 4.500000000000000888, 24.94355836941234728 ) ) ;
#6030 = CARTESIAN_POINT ( 'NONE',  ( -5.304387019230766498, 4.500000000000423661, 22.12236502890147349 ) ) ;
#6031 = VECTOR ( 'NONE', #5378, 1000.000000000000000 ) ;
#6032 = EDGE_LOOP ( 'NONE', ( #7004, #1529 ) ) ;
#6033 = EDGE_CURVE ( 'NONE', #5947, #6102, #2547, .T. ) ;
#6034 = EDGE_LOOP ( 'NONE', ( #2339, #3100, #4492 ) ) ;
#6035 = CARTESIAN_POINT ( 'NONE',  ( 1.070489942132801131, 4.000000000000000000, 22.18069183943785916 ) ) ;
#6036 = DIRECTION ( 'NONE',  ( -1.000000000000000000, 0.000000000000000000, -0.000000000000000000 ) ) ;
#6037 = DIRECTION ( 'NONE',  ( 1.000000000000000000, 0.000000000000000000, -8.462065736472229849E-17 ) ) ;
#6038 = CARTESIAN_POINT ( 'NONE',  ( -0.6012991775374215697, 4.500000000000002665, 23.54820870292010682 ) ) ;
#6039 = FACE_OUTER_BOUND ( 'NONE', #829, .T. ) ;
#6040 = AXIS2_PLACEMENT_3D ( 'NONE', #1317, #2332, #1731 ) ;
#6041 = CARTESIAN_POINT ( 'NONE',  ( 4.679393696581199968, 4.500000000000000888, 24.94458725112369279 ) ) ;
#6042 = ORIENTED_EDGE ( 'NONE', *, *, #3326, .F. ) ;
#6043 = ADVANCED_FACE ( 'NONE', ( #4167 ), #299, .T. ) ;
#6044 = ADVANCED_FACE ( 'NONE', ( #1449 ), #2005, .T. ) ;
#6045 = DIRECTION ( 'NONE',  ( -0.000000000000000000, -1.000000000000000000, -0.000000000000000000 ) ) ;
#6046 = CARTESIAN_POINT ( 'NONE',  ( -3.717735042735039741, 4.000000000000000000, 22.56503329813224212 ) ) ;
#6047 = LINE ( 'NONE', #1192, #1401 ) ;
#6048 = LINE ( 'NONE', #2247, #3318 ) ;
#6049 = VECTOR ( 'NONE', #2982, 1000.000000000000000 ) ;
#6050 = LINE ( 'NONE', #3341, #650 ) ;
#6051 = MANIFOLD_SOLID_BREP ( 'Chamfer1', #1304 ) ;
#6052 = AXIS2_PLACEMENT_3D ( 'NONE', #6475, #3202, #4302 ) ;
#6053 = B_SPLINE_CURVE_WITH_KNOTS ( 'NONE', 3,
 ( #1397, #4550, #1950, #1889, #5217, #4040, #5721, #6151, #2495, #6831, #3023 ),
 .UNSPECIFIED., .F., .F.,
 ( 4, 1, 1, 1, 1, 1, 1, 1, 4 ),
 ( 0.000000000000000000, 0.1911887346761167450, 0.3577655216016464301, 0.4995860740624386565, 0.6180446728394953793, 0.7217955418599318884, 0.8192721609263383664, 0.9116723373204964620, 1.000000000000000000 ),
 .UNSPECIFIED. ) ;
#6054 = LINE ( 'NONE', #5011, #5172 ) ;
#6055 = CARTESIAN_POINT ( 'NONE',  ( 1.077486608273948265, 4.000000000000002665, 24.77208857361744165 ) ) ;
#6056 = CARTESIAN_POINT ( 'NONE',  ( 8.433467987779701858, 4.000000000000000888, 24.67663151021648460 ) ) ;
#6057 = CARTESIAN_POINT ( 'NONE',  ( 5.640918460270616386, 4.000000000000000000, 25.28012416077510593 ) ) ;
#6058 = EDGE_LOOP ( 'NONE', ( #4023, #3997, #6488, #6360 ) ) ;
#6059 = CARTESIAN_POINT ( 'NONE',  ( -6.322863247863244496, 4.500000000000000888, 21.36253596907241459 ) ) ;
#6060 = CARTESIAN_POINT ( 'NONE',  ( 2.515533636672997897, 4.500000000000000888, 25.20157656953222158 ) ) ;
#6061 = CARTESIAN_POINT ( 'NONE',  ( -4.123147384598865095, 4.000000000000000000, 21.64768726563876555 ) ) ;
#6062 = CARTESIAN_POINT ( 'NONE',  ( -7.299786324786322389, 4.500000000000000888, 24.17288586223481417 ) ) ;
#6063 = CARTESIAN_POINT ( 'NONE',  ( 8.577547546450480453, 4.000000000000003553, 24.32096178734915526 ) ) ;
#6064 = ORIENTED_EDGE ( 'NONE', *, *, #3818, .F. ) ;
#6065 = FACE_OUTER_BOUND ( 'NONE', #6871, .T. ) ;
#6066 = DIRECTION ( 'NONE',  ( 0.000000000000000000, 0.000000000000000000, 1.000000000000000000 ) ) ;
#6067 = CARTESIAN_POINT ( 'NONE',  ( 7.771300618009923333, 4.500000000000000888, 24.90277380790520212 ) ) ;
#6068 = CARTESIAN_POINT ( 'NONE',  ( 4.802232859700101386, 4.499999999999999112, 24.93404887568187434 ) ) ;
#6069 = ORIENTED_EDGE ( 'NONE', *, *, #4609, .F. ) ;
#6070 = ORIENTED_EDGE ( 'NONE', *, *, #810, .T. ) ;
#6071 = CARTESIAN_POINT ( 'NONE',  ( 0.7874366805232964062, 4.500000000000000888, 23.47948471978611096 ) ) ;
#6072 = LINE ( 'NONE', #6208, #880 ) ;
#6073 = FACE_OUTER_BOUND ( 'NONE', #2283, .T. ) ;
#6074 = ORIENTED_EDGE ( 'NONE', *, *, #2826, .F. ) ;
#6075 = CARTESIAN_POINT ( 'NONE',  ( 7.984141292735046136, 4.500000000000000888, 24.94458725112369635 ) ) ;
#6076 = PLANE ( 'NONE',  #6155 ) ;
#6077 = CARTESIAN_POINT ( 'NONE',  ( 5.223692319080909918, 4.499999999999999112, 24.59309115225480724 ) ) ;
#6078 = ORIENTED_EDGE ( 'NONE', *, *, #3053, .T. ) ;
#6079 = DIRECTION ( 'NONE',  ( 0.000000000000000000, 0.000000000000000000, 1.000000000000000000 ) ) ;
#6080 = DIRECTION ( 'NONE',  ( -0.000000000000000000, -1.000000000000000000, -0.000000000000000000 ) ) ;
#6081 = B_SPLINE_CURVE_WITH_KNOTS ( 'NONE', 3,
 ( #548, #2669, #1602, #2157, #51, #4322, #6433, #4791, #1040, #2768, #4828, #4289, #1078, #3683, #2096, #1109, #5923, #7014, #3257 ),
 .UNSPECIFIED., .F., .F.,
 ( 4, 1, 1, 1, 1, 1, 1, 1, 1, 1, 1, 1, 1, 1, 1, 1, 4 ),
 ( 0.000000000000000000, 0.06675541313745037009, 0.1317279436681999816, 0.1948100844364495376, 0.2568986387839161667, 0.3187508905638004042, 0.3803512888945379533, 0.4433244176166943329, 0.5074626919635747413, 0.5715056738698076622, 0.6333612917281037369, 0.6939415159323156779, 0.7539288461040348777, 0.8138015296774558927, 0.8745236442162157564, 0.9362219827335219735, 1.000000000000000000 ),
 .UNSPECIFIED. ) ;
#6082 = FACE_OUTER_BOUND ( 'NONE', #6950, .T. ) ;
#6083 = EDGE_CURVE ( 'NONE', #6891, #120, #360, .T. ) ;
#6084 = DIRECTION ( 'NONE',  ( -0.000000000000000000, -1.000000000000000000, -0.000000000000000000 ) ) ;
#6085 = EDGE_CURVE ( 'NONE', #4535, #1867, #6643, .T. ) ;
#6086 = EDGE_CURVE ( 'NONE', #4795, #782, #6992, .T. ) ;
#6087 = CARTESIAN_POINT ( 'NONE',  ( -2.399297004679660450, 3.999999999999999112, 24.59456299534028290 ) ) ;
#6088 = ORIENTED_EDGE ( 'NONE', *, *, #3326, .T. ) ;
#6089 = DIRECTION ( 'NONE',  ( -0.000000000000000000, -1.000000000000000000, -0.000000000000000000 ) ) ;
#6090 = CARTESIAN_POINT ( 'NONE',  ( 0.7877408044763025696, 4.000000000000000888, 23.59369124025282716 ) ) ;
#6091 = CARTESIAN_POINT ( 'NONE',  ( -19.49999999999999645, 4.000000000000000000, 29.49999999999999645 ) ) ;
#6092 = EDGE_CURVE ( 'NONE', #286, #6492, #3581, .T. ) ;
#6093 = CARTESIAN_POINT ( 'NONE',  ( 5.536088929701338479, 4.000000000000000000, 25.37939423007210138 ) ) ;
#6094 = ORIENTED_EDGE ( 'NONE', *, *, #2827, .F. ) ;
#6095 = CARTESIAN_POINT ( 'NONE',  ( 19.50000000000000355, 3.000000000000006217, 30.50000000000000000 ) ) ;
#6096 = B_SPLINE_CURVE_WITH_KNOTS ( 'NONE', 3,
 ( #1092, #3703, #4346, #3838, #5337, #6417, #4307, #2651, #996, #3, #6516, #5370, #6959, #3139, #6995, #3170, #6450, #529, #1551, #6554, #6482, #5877, #5941, #4909, #1060, #2111, #2078 ),
 .UNSPECIFIED., .F., .F.,
 ( 4, 1, 1, 1, 1, 1, 1, 1, 1, 1, 1, 1, 1, 1, 1, 1, 1, 1, 1, 1, 1, 1, 1, 1, 4 ),
 ( 0.000000000000000000, 0.06849087449695479002, 0.1330765404908783589, 0.1938289871915775953, 0.2510828574460501894, 0.3044008371534415724, 0.3544083437255273195, 0.4012947817777444692, 0.4447006845454786750, 0.4856924920892441988, 0.5246764844274044437, 0.5623067591777589636, 0.5979465846525345851, 0.6324735490267264781, 0.6657520428969365689, 0.6979852995504446378, 0.7295862241486809063, 0.7608251968744894622, 0.7923550795612065434, 0.8243126039626631485, 0.8571562719790691842, 0.8909268871454045780, 0.9259604429162998640, 0.9620613229943376643, 1.000000000000000000 ),
 .UNSPECIFIED. ) ;
#6097 = CARTESIAN_POINT ( 'NONE',  ( 2.162881453349786209, 4.499999999999999112, 25.53692061748267861 ) ) ;
#6098 = EDGE_LOOP ( 'NONE', ( #5821, #4674, #6181, #2084, #4504 ) ) ;
#6099 = CARTESIAN_POINT ( 'NONE',  ( 4.592864006382390230, 4.500000000000000888, 25.70331013642944029 ) ) ;
#6100 = CARTESIAN_POINT ( 'NONE',  ( -7.409026432474091983, 4.500000000000000888, 25.13474016585519877 ) ) ;
#6101 = DIRECTION ( 'NONE',  ( -0.000000000000000000, -1.000000000000000000, -0.000000000000000000 ) ) ;
#6102 = VERTEX_POINT ( 'NONE', #2646 ) ;
#6103 = CARTESIAN_POINT ( 'NONE',  ( -4.486499869853000533, 4.500000000000000888, 22.66296122014890813 ) ) ;
#6104 = CARTESIAN_POINT ( 'NONE',  ( 9.143417126597025657, 4.499999999999999112, 21.95916618532767117 ) ) ;
#6105 = CARTESIAN_POINT ( 'NONE',  ( 7.442176765848332209, 3.999999999999999112, 24.55146669599630727 ) ) ;
#6106 = CARTESIAN_POINT ( 'NONE',  ( 4.747779036109316841, 4.500000000000000888, 22.82844126727201228 ) ) ;
#6107 = ORIENTED_EDGE ( 'NONE', *, *, #5075, .F. ) ;
#6108 = ORIENTED_EDGE ( 'NONE', *, *, #5344, .F. ) ;
#6109 = CARTESIAN_POINT ( 'NONE',  ( 0.7874366805232964062, 4.000000000000000000, 23.47948471978611096 ) ) ;
#6110 = CARTESIAN_POINT ( 'NONE',  ( 0.7970104366529240369, 4.500000000000000888, 23.89502663644488933 ) ) ;
#6111 = CARTESIAN_POINT ( 'NONE',  ( 3.302520388628247261, 4.499999999999999112, 24.81511901707376566 ) ) ;
#6112 = ORIENTED_EDGE ( 'NONE', *, *, #1616, .T. ) ;
#6113 = CARTESIAN_POINT ( 'NONE',  ( -4.828119129735470416, 4.499999999999999112, 22.15635640767704828 ) ) ;
#6114 = CARTESIAN_POINT ( 'NONE',  ( 17.50000000000000000, 1.000000000000000000, 20.49999999999999645 ) ) ;
#6115 = CARTESIAN_POINT ( 'NONE',  ( -1.876676014957258110, 4.000000000000000000, 25.70441631095274815 ) ) ;
#6116 = DIRECTION ( 'NONE',  ( -0.000000000000000000, -1.000000000000000000, -0.000000000000000000 ) ) ;
#6117 = B_SPLINE_SURFACE_WITH_KNOTS ( 'NONE', 3, 1, ( 
 ( #1075, #4788 ),
 ( #7012, #5889 ),
 ( #5994, #83 ),
 ( #1531, #4924 ),
 ( #3285, #478 ),
 ( #4256, #2123 ),
 ( #2094, #4886 ),
 ( #6393, #546 ),
 ( #4287, #5351 ),
 ( #1139, #5455 ),
 ( #610, #6462 ) ),
 .UNSPECIFIED., .F., .F., .F.,
 ( 4, 1, 1, 1, 1, 1, 1, 1, 4 ),
 ( 2, 2 ),
 ( 0.000000000000000000, 0.1103603399843294947, 0.2211857967812668746, 0.3343638213725836916, 0.4529765798274176802, 0.5772343082002703296, 0.7088043240432465586, 0.8493551270704527978, 1.000000000000000000 ),
 ( 0.000000000000000000, 1.000000000000000000 ),
 .UNSPECIFIED. ) ;
#6118 = CARTESIAN_POINT ( 'NONE',  ( 8.448010149572652949, 4.000000000000000000, 24.65371518915788229 ) ) ;
#6119 = DIRECTION ( 'NONE',  ( 1.000000000000000000, 0.000000000000000000, 0.000000000000000000 ) ) ;
#6120 = CARTESIAN_POINT ( 'NONE',  ( -1.125730439166407582, 3.999999999999998224, 22.98047589546433755 ) ) ;
#6121 = CARTESIAN_POINT ( 'NONE',  ( 4.581890430522422619, 4.500000000000000888, 23.60353724680469512 ) ) ;
#6122 = CARTESIAN_POINT ( 'NONE',  ( 0.04698678785085250165, 4.500000000000000888, 22.98403156852398510 ) ) ;
#6123 = CARTESIAN_POINT ( 'NONE',  ( 1.194082024401377451, 4.500000000000000888, 24.86936163699443725 ) ) ;
#6124 = FACE_OUTER_BOUND ( 'NONE', #1702, .T. ) ;
#6125 = CARTESIAN_POINT ( 'NONE',  ( 4.340852325048649263, 4.500000000000000888, 24.85059028920128910 ) ) ;
#6126 = CARTESIAN_POINT ( 'NONE',  ( 5.996161673248896484, 4.499999999999999112, 24.66969030177808975 ) ) ;
#6127 = ORIENTED_EDGE ( 'NONE', *, *, #5251, .F. ) ;
#6128 = CARTESIAN_POINT ( 'NONE',  ( 4.679393696581199968, 4.000000000000000000, 24.94458725112369279 ) ) ;
#6129 = CYLINDRICAL_SURFACE ( 'NONE', #3934, 18.00000000000000000 ) ;
#6130 = ADVANCED_FACE ( 'NONE', ( #4806 ), #5150, .T. ) ;
#6131 = B_SPLINE_CURVE_WITH_KNOTS ( 'NONE', 3,
 ( #124, #1041, #18, #2159, #1638, #2272, #3790, #6435, #373, #6824, #4647 ),
 .UNSPECIFIED., .F., .F.,
 ( 4, 1, 1, 1, 1, 1, 1, 1, 4 ),
 ( 0.000000000000000000, 0.1323140339085640826, 0.2587000085531552251, 0.3809118214856542228, 0.5005348689728940093, 0.6209226176484483606, 0.7423757653984724980, 0.8682808341788561535, 1.000000000000000000 ),
 .UNSPECIFIED. ) ;
#6132 = CARTESIAN_POINT ( 'NONE',  ( 3.353211410255020120, 4.500000000000000888, 24.93017364992047646 ) ) ;
#6133 = EDGE_CURVE ( 'NONE', #1259, #1044, #4410, .T. ) ;
#6134 = EDGE_CURVE ( 'NONE', #5463, #2449, #5107, .T. ) ;
#6135 = CARTESIAN_POINT ( 'NONE',  ( 19.50000000000000355, 4.499999999999999112, 20.49999999999999645 ) ) ;
#6136 = ORIENTED_EDGE ( 'NONE', *, *, #6176, .T. ) ;
#6137 = CARTESIAN_POINT ( 'NONE',  ( -1.286254440447888614, 4.500000000000000888, 23.93190876832493075 ) ) ;
#6138 = CARTESIAN_POINT ( 'NONE',  ( 9.194470792384679569, 4.000000000000000000, 22.06520476112832441 ) ) ;
#6139 = CARTESIAN_POINT ( 'NONE',  ( 7.486931384351131591, 3.999999999999999112, 24.63718520842033044 ) ) ;
#6140 = CARTESIAN_POINT ( 'NONE',  ( 1.609752713673869184, 4.499999999999997335, 24.92835552584215719 ) ) ;
#6141 = VERTEX_POINT ( 'NONE', #6154 ) ;
#6142 = FACE_OUTER_BOUND ( 'NONE', #5732, .T. ) ;
#6143 = DIRECTION ( 'NONE',  ( -0.000000000000000000, -1.000000000000000000, -0.000000000000000000 ) ) ;
#6144 = CARTESIAN_POINT ( 'NONE',  ( 8.472353883941110553, 4.500000000000000888, 22.33201707265316571 ) ) ;
#6145 = ORIENTED_EDGE ( 'NONE', *, *, #1328, .T. ) ;
#6146 = CARTESIAN_POINT ( 'NONE',  ( -9.223046296806332478, 4.499999999999999112, 25.36758136476434800 ) ) ;
#6147 = CARTESIAN_POINT ( 'NONE',  ( 7.766473962068278780, 4.500000000000000888, 25.69251450514730095 ) ) ;
#6148 = DIRECTION ( 'NONE',  ( 0.000000000000000000, -1.000000000000000000, 0.000000000000000000 ) ) ;
#6149 = ORIENTED_EDGE ( 'NONE', *, *, #5612, .T. ) ;
#6150 = CARTESIAN_POINT ( 'NONE',  ( 5.633375276077825098E-16, 4.000000000000000000, -5.399999999999999467 ) ) ;
#6151 = CARTESIAN_POINT ( 'NONE',  ( -8.442029428734612040, 3.999999999999999112, 24.92718493407655700 ) ) ;
#6152 = CARTESIAN_POINT ( 'NONE',  ( -3.743303526166836814, 4.000000000000000000, 22.85191611093573982 ) ) ;
#6153 = LINE ( 'NONE', #98, #5934 ) ;
#6154 = CARTESIAN_POINT ( 'NONE',  ( -5.563034188034184702, 4.500000000000000888, 23.75057015710660124 ) ) ;
#6155 = AXIS2_PLACEMENT_3D ( 'NONE', #91, #3792, #4404 ) ;
#6156 = AXIS2_PLACEMENT_3D ( 'NONE', #5336, #2684, #5403 ) ;
#6157 = CARTESIAN_POINT ( 'NONE',  ( -8.106147741829008879, 4.499999999999999112, 24.80074852583870282 ) ) ;
#6158 = CARTESIAN_POINT ( 'NONE',  ( -1.289128193739596639, 4.000000000000000000, 24.59309115225482145 ) ) ;
#6159 = VECTOR ( 'NONE', #6960, 1000.000000000000000 ) ;
#6160 = CARTESIAN_POINT ( 'NONE',  ( 0.2189767175708113023, 4.500000000000000888, 22.13656570366598331 ) ) ;
#6161 = CARTESIAN_POINT ( 'NONE',  ( 4.589855840321966696, 4.500000000000000888, 24.94118681823607631 ) ) ;
#6162 = LINE ( 'NONE', #2787, #5360 ) ;
#6163 = ORIENTED_EDGE ( 'NONE', *, *, #940, .F. ) ;
#6164 = CARTESIAN_POINT ( 'NONE',  ( 4.203054654719477590, 4.000000000000000888, 24.72977232712458218 ) ) ;
#6165 = CARTESIAN_POINT ( 'NONE',  ( 7.547830047039920665, 4.499999999999999112, 22.22297937712744442 ) ) ;
#6166 = AXIS2_PLACEMENT_3D ( 'NONE', #1125, #3274, #5439 ) ;
#6167 = CARTESIAN_POINT ( 'NONE',  ( -8.156412559604085288, 4.500000000000000888, 25.69880878744128339 ) ) ;
#6168 = CARTESIAN_POINT ( 'NONE',  ( -2.242687095988750379, 4.000000000000000888, 23.79527090832252156 ) ) ;
#6169 = ORIENTED_EDGE ( 'NONE', *, *, #6000, .T. ) ;
#6170 = CARTESIAN_POINT ( 'NONE',  ( -1.262439844859612803, 4.500000000000000888, 23.99070536142652443 ) ) ;
#6171 = CARTESIAN_POINT ( 'NONE',  ( -4.971471190094550074, 3.999999999999999112, 22.97721271153130118 ) ) ;
#6172 = EDGE_CURVE ( 'NONE', #4778, #2057, #2705, .T. ) ;
#6173 = CARTESIAN_POINT ( 'NONE',  ( 7.875397624444611999, 4.000000000000007994, 25.70248283079440554 ) ) ;
#6174 = EDGE_CURVE ( 'NONE', #5813, #2909, #736, .T. ) ;
#6175 = CARTESIAN_POINT ( 'NONE',  ( 1.935189636752137954, 4.000000000000001776, 24.65371518915787874 ) ) ;
#6176 = EDGE_CURVE ( 'NONE', #6987, #2148, #2850, .T. ) ;
#6177 = ORIENTED_EDGE ( 'NONE', *, *, #380, .T. ) ;
#6178 = CARTESIAN_POINT ( 'NONE',  ( 0.7912194775850058814, 4.000000000000000000, 23.24309842269121162 ) ) ;
#6179 = CARTESIAN_POINT ( 'NONE',  ( 0.9293562530278191014, 4.499999999999999112, 24.55146669599631082 ) ) ;
#6180 = CARTESIAN_POINT ( 'NONE',  ( 17.50000000000000000, 4.000000000000000000, 27.50000000000000355 ) ) ;
#6181 = ORIENTED_EDGE ( 'NONE', *, *, #2355, .T. ) ;
#6182 = CARTESIAN_POINT ( 'NONE',  ( -9.353620009120264811, 4.500000000000000888, 25.24600727769450259 ) ) ;
#6183 = CARTESIAN_POINT ( 'NONE',  ( -1.543599963895188720, 4.000000000000000888, 24.87018787320161195 ) ) ;
#6184 = CARTESIAN_POINT ( 'NONE',  ( -2.131043554731823164, 4.000000000000000888, 25.68771921875660169 ) ) ;
#6185 = CARTESIAN_POINT ( 'NONE',  ( -1.577414543333541586, 4.500000000000000888, 23.63323322194408860 ) ) ;
#6186 = CARTESIAN_POINT ( 'NONE',  ( -1.939450038690327505, 4.500000000000000888, 22.84997272723476058 ) ) ;
#6187 = CARTESIAN_POINT ( 'NONE',  ( -4.504700854700851131, 4.500000000000000888, 23.66407175967070486 ) ) ;
#6188 = CARTESIAN_POINT ( 'NONE',  ( 5.031987350794649316, 4.000000000000000888, 22.85028754442216936 ) ) ;
#6189 = PLANE ( 'NONE',  #5394 ) ;
#6190 = CARTESIAN_POINT ( 'NONE',  ( 2.081899558550499885E-15, 4.000000000000000000, 16.99999999999999645 ) ) ;
#6191 = VECTOR ( 'NONE', #5852, 1000.000000000000000 ) ;
#6192 = CARTESIAN_POINT ( 'NONE',  ( 0.02926046610154170793, 3.999999999999998224, 23.24573155039960426 ) ) ;
#6193 = CARTESIAN_POINT ( 'NONE',  ( 0.8640473039203547811, 4.500000000000000888, 25.58129798973392965 ) ) ;
#6194 = CARTESIAN_POINT ( 'NONE',  ( 6.051495726495730310, 4.000000000000000000, 24.23139948402967292 ) ) ;
#6195 = ORIENTED_EDGE ( 'NONE', *, *, #4640, .T. ) ;
#6196 = CARTESIAN_POINT ( 'NONE',  ( 6.048019858652821767, 4.000000000000002665, 24.08312824301877342 ) ) ;
#6197 = CARTESIAN_POINT ( 'NONE',  ( 7.634090537663741571, 4.500000000000000888, 22.13396359926409929 ) ) ;
#6198 = VECTOR ( 'NONE', #332, 1000.000000000000000 ) ;
#6199 = CARTESIAN_POINT ( 'NONE',  ( 7.634090537663741571, 4.000000000000000888, 22.13396359926409929 ) ) ;
#6200 = CARTESIAN_POINT ( 'NONE',  ( 8.656623931623935064, 4.000000000000003553, 23.48089868274762537 ) ) ;
#6201 = ORIENTED_EDGE ( 'NONE', *, *, #6619, .T. ) ;
#6202 = DIRECTION ( 'NONE',  ( 0.000000000000000000, 0.000000000000000000, -1.000000000000000000 ) ) ;
#6203 = CARTESIAN_POINT ( 'NONE',  ( -19.49999999999999645, 4.499999999999999112, 20.49999999999999645 ) ) ;
#6204 = CARTESIAN_POINT ( 'NONE',  ( 7.060745936100991216, 4.000000000000007994, 25.35778078400520386 ) ) ;
#6205 = CARTESIAN_POINT ( 'NONE',  ( -0.4627594288551405421, 4.500000000000000888, 24.28204755736115317 ) ) ;
#6206 = ORIENTED_EDGE ( 'NONE', *, *, #6476, .F. ) ;
#6207 = CARTESIAN_POINT ( 'NONE',  ( 1.892425666041676724, 4.500000000000000888, 24.72110495530780483 ) ) ;
#6208 = CARTESIAN_POINT ( 'NONE',  ( 4.211284722222226051, 4.000000000000000000, 23.85826914214933225 ) ) ;
#6209 = CARTESIAN_POINT ( 'NONE',  ( 8.655807280086222022, 4.500000000000000888, 23.28573696152649575 ) ) ;
#6210 = EDGE_LOOP ( 'NONE', ( #1801, #1494, #6228, #3308 ) ) ;
#6211 = CARTESIAN_POINT ( 'NONE',  ( -1.812487163008474456, 4.000000000000000000, 24.94379940440517629 ) ) ;
#6212 = CARTESIAN_POINT ( 'NONE',  ( 19.50000000000000355, 0.000000000000000000, -19.49999999999999645 ) ) ;
#6213 = CARTESIAN_POINT ( 'NONE',  ( -4.372409188034183991, 4.000000000000000000, 25.59586930240574532 ) ) ;
#6214 = EDGE_CURVE ( 'NONE', #3875, #371, #3570, .T. ) ;
#6215 = CARTESIAN_POINT ( 'NONE',  ( -1.685901191660562182, 4.000000000000000888, 23.59892538212780977 ) ) ;
#6216 = EDGE_CURVE ( 'NONE', #3495, #6560, #4484, .T. ) ;
#6217 = ADVANCED_FACE ( 'NONE', ( #6662 ), #6698, .T. ) ;
#6218 = EDGE_CURVE ( 'NONE', #5314, #6560, #6050, .T. ) ;
#6219 = LINE ( 'NONE', #909, #4218 ) ;
#6220 = CARTESIAN_POINT ( 'NONE',  ( -3.728267821817226491, 4.499999999999999112, 22.75995705169386696 ) ) ;
#6221 = CARTESIAN_POINT ( 'NONE',  ( 1.935189636752138176, 4.500000000000000888, 24.65371518915788229 ) ) ;
#6222 = CARTESIAN_POINT ( 'NONE',  ( 4.032373465482356423, 4.499999999999999112, 25.58747074483705575 ) ) ;
#6223 = CARTESIAN_POINT ( 'NONE',  ( -8.059634484809009791, 4.500000000000000888, 24.37924521819747170 ) ) ;
#6224 = CARTESIAN_POINT ( 'NONE',  ( 5.162947253467972786, 4.500000000000000888, 23.82373472412802329 ) ) ;
#6225 = CARTESIAN_POINT ( 'NONE',  ( -3.469446951953612611E-15, 0.000000000000000000, -20.49999999999999289 ) ) ;
#6226 = PLANE ( 'NONE',  #4689 ) ;
#6227 = CARTESIAN_POINT ( 'NONE',  ( 2.574722020727105321, 4.000000000000002665, 21.86088100955442926 ) ) ;
#6228 = ORIENTED_EDGE ( 'NONE', *, *, #5647, .T. ) ;
#6229 = DIRECTION ( 'NONE',  ( 0.000000000000000000, 0.000000000000000000, 1.000000000000000000 ) ) ;
#6230 = B_SPLINE_SURFACE_WITH_KNOTS ( 'NONE', 3, 1, ( 
 ( #1042, #4833 ),
 ( #3155, #7019 ),
 ( #1604, #3754 ),
 ( #5253, #3226 ),
 ( #551, #4861 ),
 ( #4155, #6331 ),
 ( #3616, #5793 ),
 ( #2312, #3895 ),
 ( #3290, #5962 ),
 ( #3931, #3329 ),
 ( #6113, #1222 ),
 ( #2879, #4439 ),
 ( #4325, #2273 ),
 ( #2806, #5502 ),
 ( #2199, #6001 ),
 ( #19, #2237 ),
 ( #4474, #2160 ),
 ( #4403, #1147 ),
 ( #5461, #6499 ) ),
 .UNSPECIFIED., .F., .F., .F.,
 ( 4, 1, 1, 1, 1, 1, 1, 1, 1, 1, 1, 1, 1, 1, 1, 1, 4 ),
 ( 2, 2 ),
 ( 0.000000000000000000, 0.06376895995773869397, 0.1252623047603764750, 0.1854135826663902975, 0.2468067624960856021, 0.3094223888496970276, 0.3725326822170088037, 0.4377332507368574266, 0.5057495167426336868, 0.5440132631112706285, 0.5883695992066305669, 0.6403890193945122045, 0.6978974005877088826, 0.7632716192950985690, 0.8349786038393129939, 0.9138736558434374935, 1.000000000000000000 ),
 ( 0.000000000000000000, 1.000000000000000000 ),
 .UNSPECIFIED. ) ;
#6231 = CARTESIAN_POINT ( 'NONE',  ( -9.431024902839880042, 4.000000000000001776, 25.15271437432333101 ) ) ;
#6232 = CARTESIAN_POINT ( 'NONE',  ( 7.404108324205996183, 4.000000000000001776, 22.51995230601107778 ) ) ;
#6233 = CARTESIAN_POINT ( 'NONE',  ( -1.527441842803413552, 3.999999999999999112, 23.66114910138864502 ) ) ;
#6234 = DIRECTION ( 'NONE',  ( 0.7341804028261459392, 0.000000000000000000, -0.6789544433215221053 ) ) ;
#6235 = PLANE ( 'NONE',  #2542 ) ;
#6236 = CARTESIAN_POINT ( 'NONE',  ( -1.221153846153839595, 4.500000000000000888, 24.25768821266215269 ) ) ;
#6237 = CARTESIAN_POINT ( 'NONE',  ( 6.539957264957268812, 4.000000000000007994, 23.52075578744848272 ) ) ;
#6238 = CARTESIAN_POINT ( 'NONE',  ( -1.088350287250515525, 4.499999999999999112, 25.46672230019053274 ) ) ;
#6239 = ORIENTED_EDGE ( 'NONE', *, *, #6092, .T. ) ;
#6240 = CARTESIAN_POINT ( 'NONE',  ( 8.962811797047061546, 4.499999999999999112, 21.68611330603197374 ) ) ;
#6241 = CARTESIAN_POINT ( 'NONE',  ( -19.49999999999999645, 4.499999999999999112, 20.49999999999999645 ) ) ;
#6242 = CARTESIAN_POINT ( 'NONE',  ( 5.291666666666670515, 4.000000000000000000, 24.25768821266215625 ) ) ;
#6243 = VERTEX_POINT ( 'NONE', #1110 ) ;
#6244 = CARTESIAN_POINT ( 'NONE',  ( 8.645959542880707005, 4.500000000000000888, 23.85805946265852384 ) ) ;
#6245 = CARTESIAN_POINT ( 'NONE',  ( 1.734723475976806897E-15, 1.000000000000000000, 20.49999999999999645 ) ) ;
#6246 = CARTESIAN_POINT ( 'NONE',  ( 0.000000000000000000, 5.500000000000000000, 0.000000000000000000 ) ) ;
#6247 = ADVANCED_FACE ( 'NONE', ( #5501 ), #5460, .T. ) ;
#6248 = CARTESIAN_POINT ( 'NONE',  ( -1.876676014957258110, 4.000000000000000000, 25.70441631095274815 ) ) ;
#6249 = CARTESIAN_POINT ( 'NONE',  ( 8.656623931623935064, 4.000000000000000000, 23.48089868274762537 ) ) ;
#6250 = CARTESIAN_POINT ( 'NONE',  ( 7.299786324786328606, 4.500000000000000888, 23.52923602249121515 ) ) ;
#6251 = CARTESIAN_POINT ( 'NONE',  ( 2.029756791458644294, 4.500000000000000888, 24.44593175506041405 ) ) ;
#6252 = EDGE_CURVE ( 'NONE', #3864, #6243, #5423, .T. ) ;
#6253 = EDGE_CURVE ( 'NONE', #2064, #788, #89, .T. ) ;
#6254 = ORIENTED_EDGE ( 'NONE', *, *, #771, .F. ) ;
#6255 = EDGE_CURVE ( 'NONE', #1681, #235, #4364, .T. ) ;
#6256 = DIRECTION ( 'NONE',  ( -0.000000000000000000, -1.000000000000000000, -0.000000000000000000 ) ) ;
#6257 = CARTESIAN_POINT ( 'NONE',  ( -8.059670717505541759, 4.499999999999999112, 24.43609861243887238 ) ) ;
#6258 = ORIENTED_EDGE ( 'NONE', *, *, #2356, .T. ) ;
#6259 = DIRECTION ( 'NONE',  ( -0.000000000000000000, -1.000000000000000000, -0.000000000000000000 ) ) ;
#6260 = CARTESIAN_POINT ( 'NONE',  ( 0.3465572178531227121, 4.000000000000000000, 21.87640872641539147 ) ) ;
#6261 = CARTESIAN_POINT ( 'NONE',  ( 0.4156952105309008605, 4.500000000000000888, 25.20312390072007958 ) ) ;
#6262 = CARTESIAN_POINT ( 'NONE',  ( 2.728455207884469491, 4.499999999999999112, 22.17918809198780039 ) ) ;
#6263 = VERTEX_POINT ( 'NONE', #2727 ) ;
#6264 = AXIS2_PLACEMENT_3D ( 'NONE', #455, #6370, #6445 ) ;
#6265 = CARTESIAN_POINT ( 'NONE',  ( 5.274688993447731455, 4.000000000000002665, 22.92404526484313720 ) ) ;
#6266 = CARTESIAN_POINT ( 'NONE',  ( 20.50000000000000355, 3.000000000000006217, 0.000000000000000000 ) ) ;
#6267 = ORIENTED_EDGE ( 'NONE', *, *, #4128, .F. ) ;
#6268 = AXIS2_PLACEMENT_3D ( 'NONE', #5181, #4104, #4183 ) ;
#6269 = CARTESIAN_POINT ( 'NONE',  ( 8.645946846550984333, 4.499999999999999112, 23.10135215983902413 ) ) ;
#6270 = DIRECTION ( 'NONE',  ( 0.000000000000000000, 0.000000000000000000, -1.000000000000000000 ) ) ;
#6271 = FACE_OUTER_BOUND ( 'NONE', #4059, .T. ) ;
#6272 = CYLINDRICAL_SURFACE ( 'NONE', #2075, 1.000000000000000888 ) ;
#6273 = CARTESIAN_POINT ( 'NONE',  ( -4.496918135428424002, 4.500000000000000888, 22.42490470610081132 ) ) ;
#6274 = CARTESIAN_POINT ( 'NONE',  ( 6.674386980764081656, 4.499999999999999112, 24.68683647939790760 ) ) ;
#6275 = FACE_OUTER_BOUND ( 'NONE', #3220, .T. ) ;
#6276 = VECTOR ( 'NONE', #1224, 1000.000000000000000 ) ;
#6277 = VERTEX_POINT ( 'NONE', #3858 ) ;
#6278 = CARTESIAN_POINT ( 'NONE',  ( 9.318381662068894400, 4.500000000000000888, 22.43753286758764176 ) ) ;
#6279 = CARTESIAN_POINT ( 'NONE',  ( 5.997222222222226229, 4.500000000000000888, 22.06809152462796320 ) ) ;
#6280 = VECTOR ( 'NONE', #5481, 1000.000000000000000 ) ;
#6281 = CARTESIAN_POINT ( 'NONE',  ( 5.191297234081080347, 4.000000000000000000, 24.64919375333170493 ) ) ;
#6282 = EDGE_LOOP ( 'NONE', ( #6947, #1964, #5939, #4759, #4786, #1013 ) ) ;
#6283 = CARTESIAN_POINT ( 'NONE',  ( 6.674386980764081656, 4.499999999999999112, 24.68683647939790760 ) ) ;
#6284 = DIRECTION ( 'NONE',  ( -0.9782753810969015973, 0.000000000000000000, -0.2073096204707153001 ) ) ;
#6285 = CARTESIAN_POINT ( 'NONE',  ( 7.344837415256100677, 3.999999999999999112, 24.20365213543260552 ) ) ;
#6286 = ORIENTED_EDGE ( 'NONE', *, *, #3090, .F. ) ;
#6287 = CARTESIAN_POINT ( 'NONE',  ( -1.592803509325293909, 4.500000000000000888, 25.68078935812840768 ) ) ;
#6288 = CARTESIAN_POINT ( 'NONE',  ( 8.542577304279159733, 4.000000000000000000, 24.44593175506041050 ) ) ;
#6289 = CARTESIAN_POINT ( 'NONE',  ( 0.02753695913896481856, 4.000000000000000000, 23.58832387262626895 ) ) ;
#6290 = CARTESIAN_POINT ( 'NONE',  ( 4.813450211275752899, 4.000000000000000000, 22.82895205524461701 ) ) ;
#6291 = EDGE_LOOP ( 'NONE', ( #2334, #1358, #2232, #633 ) ) ;
#6292 = VECTOR ( 'NONE', #5824, 1000.000000000000000 ) ;
#6293 = CARTESIAN_POINT ( 'NONE',  ( 7.426969525208632739, 3.999999999999999112, 22.44835367751238309 ) ) ;
#6294 = EDGE_CURVE ( 'NONE', #4916, #6936, #5999, .T. ) ;
#6295 = CARTESIAN_POINT ( 'NONE',  ( -2.005314693115555436, 4.499999999999999112, 25.70112852877601384 ) ) ;
#6296 = ORIENTED_EDGE ( 'NONE', *, *, #3996, .F. ) ;
#6297 = EDGE_CURVE ( 'NONE', #638, #4865, #6539, .T. ) ;
#6298 = FACE_OUTER_BOUND ( 'NONE', #6543, .T. ) ;
#6299 = CARTESIAN_POINT ( 'NONE',  ( 0.2878598983335366457, 4.499999999999999112, 21.97319218339634972 ) ) ;
#6300 = EDGE_CURVE ( 'NONE', #2943, #1318, #4702, .T. ) ;
#6301 = FACE_OUTER_BOUND ( 'NONE', #1171, .T. ) ;
#6302 = CARTESIAN_POINT ( 'NONE',  ( 2.805561149248379849, 4.499999999999999112, 22.43753286758763466 ) ) ;
#6303 = ORIENTED_EDGE ( 'NONE', *, *, #1450, .F. ) ;
#6304 = CARTESIAN_POINT ( 'NONE',  ( 5.773378635233544998, 4.499999999999999112, 23.32244997179786594 ) ) ;
#6305 = CARTESIAN_POINT ( 'NONE',  ( 7.304039990405519767, 4.500000000000000888, 23.24309842269121873 ) ) ;
#6306 = VECTOR ( 'NONE', #53, 1000.000000000000114 ) ;
#6307 = VECTOR ( 'NONE', #3086, 1000.000000000000000 ) ;
#6308 = CARTESIAN_POINT ( 'NONE',  ( 7.984141292735046136, 4.500000000000000888, 22.01381802035446711 ) ) ;
#6309 = EDGE_CURVE ( 'NONE', #2025, #3228, #5837, .T. ) ;
#6310 = AXIS2_PLACEMENT_3D ( 'NONE', #5958, #4288, #4396 ) ;
#6311 = CARTESIAN_POINT ( 'NONE',  ( 0.000000000000000000, 4.000000000000000000, -18.00000000000000000 ) ) ;
#6312 = DIRECTION ( 'NONE',  ( 0.000000000000000000, 0.000000000000000000, -1.000000000000000000 ) ) ;
#6313 = ADVANCED_FACE ( 'NONE', ( #5961 ), #1672, .T. ) ;
#6314 = DIRECTION ( 'NONE',  ( 0.000000000000000000, 0.000000000000000000, -1.000000000000000000 ) ) ;
#6315 = CARTESIAN_POINT ( 'NONE',  ( -1.357753802808809862, 4.499999999999999112, 24.70276902679636422 ) ) ;
#6316 = CARTESIAN_POINT ( 'NONE',  ( 6.541134785097534099, 4.499999999999999112, 23.71955985808311596 ) ) ;
#6317 = CARTESIAN_POINT ( 'NONE',  ( -17.99999999999999645, 1.500000000000000000, 27.50000000000000355 ) ) ;
#6318 = ORIENTED_EDGE ( 'NONE', *, *, #5422, .T. ) ;
#6319 = AXIS2_PLACEMENT_3D ( 'NONE', #4363, #4799, #6036 ) ;
#6320 = VECTOR ( 'NONE', #4959, 1000.000000000000000 ) ;
#6321 = ORIENTED_EDGE ( 'NONE', *, *, #3259, .F. ) ;
#6322 = CARTESIAN_POINT ( 'NONE',  ( 8.660254037844389075, 1.000000000000000000, 9.600000000000001421 ) ) ;
#6323 = PLANE ( 'NONE',  #5512 ) ;
#6324 = CARTESIAN_POINT ( 'NONE',  ( -9.087653346913318941, 4.000000000000000000, 25.47213462129150230 ) ) ;
#6325 = ORIENTED_EDGE ( 'NONE', *, *, #6172, .F. ) ;
#6326 = CARTESIAN_POINT ( 'NONE',  ( -2.181688946271233220, 4.500000000000000888, 23.73952580383564026 ) ) ;
#6327 = CARTESIAN_POINT ( 'NONE',  ( 3.571875000000003908, 4.500000000000000888, 23.71156107591001572 ) ) ;
#6328 = CARTESIAN_POINT ( 'NONE',  ( -8.059670717505541759, 3.999999999999999112, 24.43609861243887238 ) ) ;
#6329 = ORIENTED_EDGE ( 'NONE', *, *, #1412, .T. ) ;
#6330 = CARTESIAN_POINT ( 'NONE',  ( 0.000000000000000000, 1.000000000000000000, 0.000000000000000000 ) ) ;
#6331 = CARTESIAN_POINT ( 'NONE',  ( -4.560313165648835820, 4.000000000000003553, 22.31244491517101025 ) ) ;
#6332 = CARTESIAN_POINT ( 'NONE',  ( 0.09473132166294674639, 3.999999999999999112, 24.41217644627272421 ) ) ;
#6333 = CARTESIAN_POINT ( 'NONE',  ( -8.660254037844389075, 17.01076477383247720, 4.999999999999998224 ) ) ;
#6334 = ORIENTED_EDGE ( 'NONE', *, *, #5332, .T. ) ;
#6335 = CARTESIAN_POINT ( 'NONE',  ( 7.304039990405519767, 4.500000000000000888, 23.24309842269121873 ) ) ;
#6336 = B_SPLINE_CURVE_WITH_KNOTS ( 'NONE', 3,
 ( #1123, #1158, #1755, #3871, #5515, #2781, #668, #2852, #2746, #3942, #4907 ),
 .UNSPECIFIED., .F., .F.,
 ( 4, 1, 1, 1, 1, 1, 1, 1, 4 ),
 ( 0.000000000000000000, 0.1240354330026173374, 0.2428459548115301792, 0.3603416824496182835, 0.4790424316556542439, 0.5993341100427895807, 0.7254884757708245369, 0.8585494285274613002, 1.000000000000000000 ),
 .UNSPECIFIED. ) ;
#6337 = PLANE ( 'NONE',  #4377 ) ;
#6338 = CARTESIAN_POINT ( 'NONE',  ( -8.895766559829057840, 4.500000000000000888, 24.57315295625190998 ) ) ;
#6339 = CARTESIAN_POINT ( 'NONE',  ( -5.266454874585813961, 4.000000000000001776, 21.36314317590489154 ) ) ;
#6340 = CARTESIAN_POINT ( 'NONE',  ( 1.474712873931625090, 4.000000000000003553, 25.70441631095275170 ) ) ;
#6341 = CARTESIAN_POINT ( 'NONE',  ( 1.964820646499129797, 4.500000000000000888, 21.34172374452541732 ) ) ;
#6342 = ORIENTED_EDGE ( 'NONE', *, *, #553, .T. ) ;
#6343 = CARTESIAN_POINT ( 'NONE',  ( 0.000000000000000000, 4.000000000000000000, 28.50000000000000355 ) ) ;
#6344 = DIRECTION ( 'NONE',  ( 0.000000000000000000, -1.000000000000000000, 0.000000000000000000 ) ) ;
#6345 = AXIS2_PLACEMENT_3D ( 'NONE', #2816, #3449, #2321 ) ;
#6346 = CARTESIAN_POINT ( 'NONE',  ( 8.423033253884774751, 4.499999999999999112, 22.25685131155952945 ) ) ;
#6347 = LINE ( 'NONE', #4704, #3759 ) ;
#6348 = ORIENTED_EDGE ( 'NONE', *, *, #3431, .T. ) ;
#6349 = PLANE ( 'NONE',  #6390 ) ;
#6350 = CARTESIAN_POINT ( 'NONE',  ( -3.469446951953612611E-15, 1.000000000000000000, -20.49999999999999289 ) ) ;
#6351 = CARTESIAN_POINT ( 'NONE',  ( 1.910212741064262421, 4.499999999999999112, 22.25685131155952945 ) ) ;
#6352 = DIRECTION ( 'NONE',  ( 0.000000000000000000, 0.000000000000000000, 1.000000000000000000 ) ) ;
#6353 = ORIENTED_EDGE ( 'NONE', *, *, #1707, .T. ) ;
#6354 = EDGE_CURVE ( 'NONE', #2773, #1980, #6414, .T. ) ;
#6355 = EDGE_CURVE ( 'NONE', #1985, #4778, #4831, .T. ) ;
#6356 = ORIENTED_EDGE ( 'NONE', *, *, #4076, .F. ) ;
#6357 = CARTESIAN_POINT ( 'NONE',  ( -1.876676014957258110, 4.500000000000000888, 25.70441631095274815 ) ) ;
#6358 = DIRECTION ( 'NONE',  ( -1.196716813021174003E-16, 0.7071067811865451302, -0.7071067811865500152 ) ) ;
#6359 = CARTESIAN_POINT ( 'NONE',  ( 7.984141292735046136, 4.000000000000000000, 24.94458725112369635 ) ) ;
#6360 = ORIENTED_EDGE ( 'NONE', *, *, #6568, .F. ) ;
#6361 = CARTESIAN_POINT ( 'NONE',  ( 0.7970104366529240369, 4.000000000000000000, 23.89502663644488933 ) ) ;
#6362 = CARTESIAN_POINT ( 'NONE',  ( 1.734723475976806897E-15, 4.000000000000000000, 20.49999999999999645 ) ) ;
#6363 = CARTESIAN_POINT ( 'NONE',  ( -2.415170940170933811, 4.000000000000000000, 24.56467272120915624 ) ) ;
#6364 = CARTESIAN_POINT ( 'NONE',  ( -1.592803509325293909, 4.000000000000000000, 25.68078935812840768 ) ) ;
#6365 = CARTESIAN_POINT ( 'NONE',  ( 2.004064173141347993, 4.500000000000000888, 22.42046165344465436 ) ) ;
#6366 = LINE ( 'NONE', #945, #2176 ) ;
#6367 = CARTESIAN_POINT ( 'NONE',  ( 2.143080589339188435, 4.499999999999999112, 23.54705030498525176 ) ) ;
#6368 = CARTESIAN_POINT ( 'NONE',  ( -5.563034188034184702, 4.500000000000000888, 22.12236502890147349 ) ) ;
#6369 = CARTESIAN_POINT ( 'NONE',  ( 0.7883490895425910860, 4.499999999999999112, 23.38308087929095080 ) ) ;
#6370 = DIRECTION ( 'NONE',  ( -0.000000000000000000, -1.000000000000000000, -0.000000000000000000 ) ) ;
#6371 = CARTESIAN_POINT ( 'NONE',  ( -4.403421007407252397, 4.500000000000000888, 21.48382314423678352 ) ) ;
#6372 = CARTESIAN_POINT ( 'NONE',  ( 9.085845380545876537, 3.999999999999999112, 25.11039986585088002 ) ) ;
#6373 = CARTESIAN_POINT ( 'NONE',  ( -8.059615384615382183, 4.000000000000000000, 21.36253596907242169 ) ) ;
#6374 = FACE_OUTER_BOUND ( 'NONE', #4084, .T. ) ;
#6375 = CARTESIAN_POINT ( 'NONE',  ( 7.217888295849212987, 3.999999999999998224, 21.47641234637067598 ) ) ;
#6376 = CIRCLE ( 'NONE', #4449, 0.5000000000000004441 ) ;
#6377 = VERTEX_POINT ( 'NONE', #1183 ) ;
#6378 = FACE_OUTER_BOUND ( 'NONE', #6997, .T. ) ;
#6379 = CARTESIAN_POINT ( 'NONE',  ( -1.399070842335349729, 4.500000000000002665, 24.75262651814961501 ) ) ;
#6380 = CARTESIAN_POINT ( 'NONE',  ( 2.902442625450435632, 4.499999999999999112, 23.68224423056512862 ) ) ;
#6381 = LINE ( 'NONE', #1524, #3699 ) ;
#6382 = VECTOR ( 'NONE', #169, 1000.000000000000000 ) ;
#6383 = ORIENTED_EDGE ( 'NONE', *, *, #2007, .T. ) ;
#6384 = CARTESIAN_POINT ( 'NONE',  ( 19.50000000000000355, 3.000000000000006217, 29.50000000000000000 ) ) ;
#6385 = LINE ( 'NONE', #3534, #543 ) ;
#6386 = ADVANCED_FACE ( 'NONE', ( #2700 ), #4929, .T. ) ;
#6387 = DIRECTION ( 'NONE',  ( -0.000000000000000000, -1.000000000000000000, -0.000000000000000000 ) ) ;
#6388 = EDGE_CURVE ( 'NONE', #267, #4250, #7018, .T. ) ;
#6389 = VERTEX_POINT ( 'NONE', #4963 ) ;
#6390 = AXIS2_PLACEMENT_3D ( 'NONE', #997, #1484, #6853 ) ;
#6391 = CARTESIAN_POINT ( 'NONE',  ( 1.194082024401377451, 4.000000000000000888, 24.86936163699443725 ) ) ;
#6392 = ADVANCED_FACE ( 'NONE', ( #1706 ), #3328, .F. ) ;
#6393 = CARTESIAN_POINT ( 'NONE',  ( -2.181688946271233220, 4.500000000000000888, 23.73952580383564026 ) ) ;
#6394 = CARTESIAN_POINT ( 'NONE',  ( 2.728455207884469491, 3.999999999999999112, 22.17918809198780039 ) ) ;
#6395 = VECTOR ( 'NONE', #2570, 1000.000000000000000 ) ;
#6396 = B_SPLINE_CURVE_WITH_KNOTS ( 'NONE', 3,
 ( #6046, #4372, #2778, #732, #697, #1153, #4935, #589, #2736, #2204, #6620, #2887, #168, #96, #1677, #3335, #2245, #6547, #5005 ),
 .UNSPECIFIED., .F., .F.,
 ( 4, 1, 1, 1, 1, 1, 1, 1, 1, 1, 1, 1, 1, 1, 1, 1, 4 ),
 ( 0.000000000000000000, 0.06874126307936596902, 0.1347890881950353503, 0.1985360495606908471, 0.2603856506059201159, 0.3209615782321956212, 0.3799038495841482455, 0.4385029357752677215, 0.4961543439762682306, 0.5542654832084998873, 0.6127487608156955146, 0.6725134425261782845, 0.7336464018979736990, 0.7967896194814542143, 0.8619356990410254049, 0.9293977347748989537, 1.000000000000000000 ),
 .UNSPECIFIED. ) ;
#6397 = CARTESIAN_POINT ( 'NONE',  ( -1.329605589410342237, 4.000000000000000000, 25.59959716518713080 ) ) ;
#6398 = ORIENTED_EDGE ( 'NONE', *, *, #2007, .F. ) ;
#6399 = DIRECTION ( 'NONE',  ( -0.000000000000000000, -1.000000000000000000, -0.000000000000000000 ) ) ;
#6400 = CARTESIAN_POINT ( 'NONE',  ( -2.006423611111104677, 4.000000000000000000, 22.86862571266215127 ) ) ;
#6401 = EDGE_LOOP ( 'NONE', ( #938, #6645, #1827, #5089 ) ) ;
#6402 = CARTESIAN_POINT ( 'NONE',  ( 2.728455207884469491, 4.499999999999999112, 22.17918809198780039 ) ) ;
#6403 = VECTOR ( 'NONE', #1554, 1000.000000000000000 ) ;
#6404 = ORIENTED_EDGE ( 'NONE', *, *, #849, .F. ) ;
#6405 = ORIENTED_EDGE ( 'NONE', *, *, #69, .F. ) ;
#6406 = CARTESIAN_POINT ( 'NONE',  ( 7.454857969264261364, 4.500000000000000888, 22.38369588974454061 ) ) ;
#6407 = FACE_OUTER_BOUND ( 'NONE', #6970, .T. ) ;
#6408 = ORIENTED_EDGE ( 'NONE', *, *, #4261, .F. ) ;
#6409 = CARTESIAN_POINT ( 'NONE',  ( 4.381776958088689611, 4.000000000000001776, 25.68771921875660524 ) ) ;
#6410 = CARTESIAN_POINT ( 'NONE',  ( 18.00000000000000355, 40.67424164178449786, 27.50000000000000355 ) ) ;
#6411 = CARTESIAN_POINT ( 'NONE',  ( 9.392224379565366377, 4.000000000000000000, 24.05754610470030386 ) ) ;
#6412 = CARTESIAN_POINT ( 'NONE',  ( -3.718622689247617963, 4.500000000000000888, 22.47038570732156870 ) ) ;
#6413 = CARTESIAN_POINT ( 'NONE',  ( 5.156282863529484395, 4.499999999999999112, 22.88068797650580777 ) ) ;
#6414 = CIRCLE ( 'NONE', #193, 1.600000000000000755 ) ;
#6415 = CARTESIAN_POINT ( 'NONE',  ( -1.744384348290591635, 4.000000000000000888, 22.82792058445702210 ) ) ;
#6416 = CARTESIAN_POINT ( 'NONE',  ( 7.799754261579304959, 4.000000000000000000, 21.25950552977899477 ) ) ;
#6417 = CARTESIAN_POINT ( 'NONE',  ( 2.860618558483197127, 4.000000000000000000, 24.22769272903781257 ) ) ;
#6418 = CARTESIAN_POINT ( 'NONE',  ( 9.416078890647964883, 4.000000000000000000, 23.41332857484017538 ) ) ;
#6419 = ORIENTED_EDGE ( 'NONE', *, *, #6033, .F. ) ;
#6420 = LINE ( 'NONE', #1029, #6403 ) ;
#6421 = CARTESIAN_POINT ( 'NONE',  ( 2.893978863937610946, 4.500000000000000888, 23.87572366836100457 ) ) ;
#6422 = CARTESIAN_POINT ( 'NONE',  ( -1.922964672498543637, 4.500000000000000888, 24.94118681823606920 ) ) ;
#6423 = AXIS2_PLACEMENT_3D ( 'NONE', #4245, #3693, #913 ) ;
#6424 = ORIENTED_EDGE ( 'NONE', *, *, #6354, .T. ) ;
#6425 = CARTESIAN_POINT ( 'NONE',  ( -8.660254037844389075, 17.01076477383247720, 4.999999999999998224 ) ) ;
#6426 = CARTESIAN_POINT ( 'NONE',  ( 8.410280440461072260, 4.499999999999999112, 25.65119496330757798 ) ) ;
#6427 = DIRECTION ( 'NONE',  ( -0.000000000000000000, -1.000000000000000000, -0.000000000000000000 ) ) ;
#6428 = ORIENTED_EDGE ( 'NONE', *, *, #6214, .F. ) ;
#6429 = VECTOR ( 'NONE', #3920, 1000.000000000000000 ) ;
#6430 = FACE_OUTER_BOUND ( 'NONE', #6098, .T. ) ;
#6431 = DIRECTION ( 'NONE',  ( 0.000000000000000000, 0.000000000000000000, 1.000000000000000000 ) ) ;
#6432 = CARTESIAN_POINT ( 'NONE',  ( 7.706902537221895777, 4.000000000000001776, 24.86936163699444791 ) ) ;
#6433 = CARTESIAN_POINT ( 'NONE',  ( 5.892391671478820925, 4.500000000000000888, 24.93270762785291339 ) ) ;
#6434 = CIRCLE ( 'NONE', #3134, 0.4999999999999970024 ) ;
#6435 = CARTESIAN_POINT ( 'NONE',  ( 7.640063872997786554, 4.000000000000001776, 21.28586822037969384 ) ) ;
#6436 = CARTESIAN_POINT ( 'NONE',  ( 1.680173342511992907, 4.000000000000000000, 22.05645255746070177 ) ) ;
#6437 = CARTESIAN_POINT ( 'NONE',  ( -1.744384348290591635, 4.000000000000000000, 22.82792058445702210 ) ) ;
#6438 = CARTESIAN_POINT ( 'NONE',  ( 2.861316987204110429, 4.500000000000000888, 22.74061880374977562 ) ) ;
#6439 = ORIENTED_EDGE ( 'NONE', *, *, #3691, .T. ) ;
#6440 = EDGE_CURVE ( 'NONE', #5755, #2557, #6131, .T. ) ;
#6441 = EDGE_CURVE ( 'NONE', #1833, #2992, #1360, .T. ) ;
#6442 = CARTESIAN_POINT ( 'NONE',  ( 7.875397624444611999, 4.000000000000000888, 25.70248283079440554 ) ) ;
#6443 = EDGE_CURVE ( 'NONE', #2453, #6523, #6525, .T. ) ;
#6444 = VERTEX_POINT ( 'NONE', #4680 ) ;
#6445 = DIRECTION ( 'NONE',  ( 0.000000000000000000, 0.000000000000000000, -1.000000000000000000 ) ) ;
#6446 = DIRECTION ( 'NONE',  ( 0.4512830391435767585, 0.000000000000000000, 0.8923808708064829842 ) ) ;
#6447 = CARTESIAN_POINT ( 'NONE',  ( -3.717735042735039741, 4.500000000000000888, 22.56503329813224212 ) ) ;
#6448 = CARTESIAN_POINT ( 'NONE',  ( 4.589855840321966696, 4.500000000000000888, 24.94118681823607631 ) ) ;
#6449 = CARTESIAN_POINT ( 'NONE',  ( -1.812487163008474456, 4.500000000000000888, 24.94379940440517629 ) ) ;
#6450 = CARTESIAN_POINT ( 'NONE',  ( 2.315397202437178503, 4.000000000000000000, 25.42492174664015536 ) ) ;
#6451 = CARTESIAN_POINT ( 'NONE',  ( 7.965484775641028747, 4.000000000000000000, 21.25398896052540465 ) ) ;
#6452 = VERTEX_POINT ( 'NONE', #3538 ) ;
#6453 = CARTESIAN_POINT ( 'NONE',  ( 2.725712533873065002, 3.999999999999998224, 24.79261773730350882 ) ) ;
#6454 = LINE ( 'NONE', #568, #6559 ) ;
#6455 = ORIENTED_EDGE ( 'NONE', *, *, #5790, .F. ) ;
#6456 = ORIENTED_EDGE ( 'NONE', *, *, #758, .F. ) ;
#6457 = CARTESIAN_POINT ( 'NONE',  ( 17.50000000000000000, 40.67424164178449786, 20.99999999999999645 ) ) ;
#6458 = CARTESIAN_POINT ( 'NONE',  ( 8.311262022861775733, 4.499999999999999112, 25.67419207169984574 ) ) ;
#6459 = CARTESIAN_POINT ( 'NONE',  ( 7.987533386752140530, 4.500000000000000888, 25.70441631095275525 ) ) ;
#6460 = ORIENTED_EDGE ( 'NONE', *, *, #5040, .F. ) ;
#6461 = FACE_OUTER_BOUND ( 'NONE', #5602, .T. ) ;
#6462 = CARTESIAN_POINT ( 'NONE',  ( -2.301535790598284059, 4.000000000000000888, 23.85826914214932870 ) ) ;
#6463 = FACE_OUTER_BOUND ( 'NONE', #836, .T. ) ;
#6464 = CARTESIAN_POINT ( 'NONE',  ( -7.339249161200984695, 4.500000000000000888, 24.85107779866617861 ) ) ;
#6465 = DIRECTION ( 'NONE',  ( -0.000000000000000000, -1.000000000000000000, -0.000000000000000000 ) ) ;
#6466 = CARTESIAN_POINT ( 'NONE',  ( 1.495704446163244716, 4.500000000000000888, 22.01481373781809481 ) ) ;
#6467 = CARTESIAN_POINT ( 'NONE',  ( -4.971471190094550074, 3.999999999999998224, 22.97721271153130118 ) ) ;
#6468 = EDGE_CURVE ( 'NONE', #2277, #766, #5146, .T. ) ;
#6469 = CARTESIAN_POINT ( 'NONE',  ( 2.805561149248379849, 4.000000000000002665, 22.43753286758763466 ) ) ;
#6470 = CARTESIAN_POINT ( 'NONE',  ( 6.868831182342009178, 4.000000000000000000, 25.11540116222560215 ) ) ;
#6471 = VERTEX_POINT ( 'NONE', #1913 ) ;
#6472 = CARTESIAN_POINT ( 'NONE',  ( 17.50000000000000000, 1.000000000000000000, 28.50000000000000355 ) ) ;
#6473 = CARTESIAN_POINT ( 'NONE',  ( -4.695906557032727413, 4.499999999999999112, 21.40934873743483635 ) ) ;
#6474 = EDGE_CURVE ( 'NONE', #1872, #5534, #306, .T. ) ;
#6475 = CARTESIAN_POINT ( 'NONE',  ( 19.50000000000000355, 3.000000000000006217, 29.50000000000000000 ) ) ;
#6476 = EDGE_CURVE ( 'NONE', #3495, #6141, #6864, .T. ) ;
#6477 = VECTOR ( 'NONE', #470, 1000.000000000000000 ) ;
#6478 = EDGE_CURVE ( 'NONE', #1065, #3784, #3612, .T. ) ;
#6479 = CARTESIAN_POINT ( 'NONE',  ( 4.689225822134932109, 4.000000000000000888, 23.58856714766718099 ) ) ;
#6480 = CARTESIAN_POINT ( 'NONE',  ( 4.506396901709405434, 4.500000000000000888, 22.86862571266215483 ) ) ;
#6481 = FACE_OUTER_BOUND ( 'NONE', #3930, .T. ) ;
#6482 = CARTESIAN_POINT ( 'NONE',  ( 1.990681993984839027, 4.000000000000000000, 25.61916075040024410 ) ) ;
#6483 = CARTESIAN_POINT ( 'NONE',  ( -0.5614367761446011906, 3.999999999999999112, 24.80460897103012030 ) ) ;
#6484 = EDGE_LOOP ( 'NONE', ( #4590, #7024, #3377, #5870 ) ) ;
#6485 = CARTESIAN_POINT ( 'NONE',  ( 2.679190916812371093, 4.000000000000000000, 24.90680124781274074 ) ) ;
#6486 = CARTESIAN_POINT ( 'NONE',  ( -1.480833162025863459, 4.000000000000001776, 22.85028754442216581 ) ) ;
#6487 = EDGE_LOOP ( 'NONE', ( #143, #6428, #3654, #1423 ) ) ;
#6488 = ORIENTED_EDGE ( 'NONE', *, *, #5777, .F. ) ;
#6489 = DIRECTION ( 'NONE',  ( 0.000000000000000000, 1.000000000000000000, -0.000000000000000000 ) ) ;
#6490 = CARTESIAN_POINT ( 'NONE',  ( 9.281764789589185938, 4.500000000000000888, 24.66871562668634610 ) ) ;
#6491 = CARTESIAN_POINT ( 'NONE',  ( 5.197463044495528983, 4.000000000000004441, 23.87615795581167788 ) ) ;
#6492 = VERTEX_POINT ( 'NONE', #1946 ) ;
#6493 = CARTESIAN_POINT ( 'NONE',  ( -5.230890390055166428, 4.500000000000000888, 22.99033357331166627 ) ) ;
#6494 = DIRECTION ( 'NONE',  ( 0.000000000000000000, -0.000000000000000000, 1.000000000000000000 ) ) ;
#6495 = CARTESIAN_POINT ( 'NONE',  ( 5.113749670485161047, 4.500000000000000888, 24.75262651814961856 ) ) ;
#6496 = AXIS2_PLACEMENT_3D ( 'NONE', #4445, #5398, #132 ) ;
#6497 = CARTESIAN_POINT ( 'NONE',  ( -20.08578643762690064, 3.414213562373098920, 20.49999999999999645 ) ) ;
#6498 = DIRECTION ( 'NONE',  ( -9.912705577010330480E-17, 0.000000000000000000, -1.000000000000000000 ) ) ;
#6499 = CARTESIAN_POINT ( 'NONE',  ( -5.304387019230766498, 4.000000000000003553, 22.12236502890147349 ) ) ;
#6500 = CARTESIAN_POINT ( 'NONE',  ( -5.267073985042731721, 4.000000000000000000, 22.99074109727754234 ) ) ;
#6501 = LINE ( 'NONE', #4893, #3438 ) ;
#6502 = VERTEX_POINT ( 'NONE', #1465 ) ;
#6503 = VECTOR ( 'NONE', #6652, 1000.000000000000000 ) ;
#6504 = CARTESIAN_POINT ( 'NONE',  ( 6.540357471959480584, 4.000000000000000888, 23.58832387262626895 ) ) ;
#6505 = ORIENTED_EDGE ( 'NONE', *, *, #4780, .T. ) ;
#6506 = B_SPLINE_SURFACE_WITH_KNOTS ( 'NONE', 3, 1, ( 
 ( #5064, #2373 ),
 ( #6714, #1843 ),
 ( #3990, #6173 ),
 ( #1321, #1352 ),
 ( #2480, #2445 ),
 ( #1486, #5743 ),
 ( #5169, #2515 ),
 ( #5204, #2554 ),
 ( #3498, #330 ),
 ( #2975, #5135 ),
 ( #1973, #365 ),
 ( #4671, #6204 ),
 ( #1938, #4709 ),
 ( #5237, #3043 ),
 ( #4605, #4093 ),
 ( #297, #6815 ),
 ( #4638, #895 ),
 ( #2409, #401 ),
 ( #6274, #3632 ),
 ( #3529, #5671 ),
 ( #1421, #6785 ),
 ( #1906, #261 ),
 ( #3600, #1457 ),
 ( #4057, #6748 ),
 ( #6316, #4570 ),
 ( #6855, #824 ),
 ( #4138, #6237 ) ),
 .UNSPECIFIED., .F., .F., .F.,
 ( 4, 1, 1, 1, 1, 1, 1, 1, 1, 1, 1, 1, 1, 1, 1, 1, 1, 1, 1, 1, 1, 1, 1, 1, 4 ),
 ( 2, 2 ),
 ( 0.000000000000000000, 0.03821733796913635156, 0.07486720303994344461, 0.1101580815531042756, 0.1444539266593011517, 0.1780797262741528886, 0.2111707725935978441, 0.2436870542144175256, 0.2758717334447993164, 0.3083755160139862728, 0.3412633249363585808, 0.3751503394709049255, 0.4096552607042125982, 0.4451573674923582358, 0.4820734672046715907, 0.5205757562184278875, 0.5605536808978375252, 0.6031075754382529963, 0.6486887095294880945, 0.6979476778875632892, 0.7507677670183539043, 0.8073094024459648299, 0.8676555707911414173, 0.9318612220995590167, 0.9999999999999998890 ),
 ( 0.000000000000000000, 1.000000000000000000 ),
 .UNSPECIFIED. ) ;
#6507 = CARTESIAN_POINT ( 'NONE',  ( -5.304387019230766498, 4.500000000000000888, 22.12236502890147349 ) ) ;
#6508 = VECTOR ( 'NONE', #6066, 1000.000000000000000 ) ;
#6509 = CARTESIAN_POINT ( 'NONE',  ( -4.005864426733152683, 4.000000000000000000, 21.75974733876264722 ) ) ;
#6510 = CARTESIAN_POINT ( 'NONE',  ( 20.50000000000000355, 0.000000000000000000, 29.50000000000000000 ) ) ;
#6511 = CARTESIAN_POINT ( 'NONE',  ( 5.911521335283087986, 4.499999999999999112, 23.54820870292009971 ) ) ;
#6512 = EDGE_CURVE ( 'NONE', #3461, #6891, #4616, .T. ) ;
#6513 = CARTESIAN_POINT ( 'NONE',  ( -7.300601662142308435, 4.000000000000000000, 24.33009433961813883 ) ) ;
#6514 = ADVANCED_FACE ( 'NONE', ( #3507 ), #4105, .F. ) ;
#6515 = CARTESIAN_POINT ( 'NONE',  ( 7.349455777212874352, 4.000000000000001776, 21.39517692837830154 ) ) ;
#6516 = CARTESIAN_POINT ( 'NONE',  ( 2.679190916812371093, 4.000000000000000000, 24.90680124781274074 ) ) ;
#6517 = DIRECTION ( 'NONE',  ( 0.000000000000000000, 0.000000000000000000, -1.000000000000000000 ) ) ;
#6518 = CARTESIAN_POINT ( 'NONE',  ( 2.903632478632479863, 4.500000000000000888, 23.48089868274762182 ) ) ;
#6519 = B_SPLINE_CURVE_WITH_KNOTS ( 'NONE', 3,
 ( #6221, #1370, #840, #6251, #5188, #6983, #1505, #3157, #1537, #6367, #3093 ),
 .UNSPECIFIED., .F., .F.,
 ( 4, 1, 1, 1, 1, 1, 1, 1, 4 ),
 ( 0.000000000000000000, 0.08887073112253521256, 0.1863547159714915302, 0.2940776543961753919, 0.4122365279576104546, 0.5417781444209649466, 0.6827026066315641240, 0.8350963526041684792, 1.000000000000000000 ),
 .UNSPECIFIED. ) ;
#6520 = CARTESIAN_POINT ( 'NONE',  ( -0.9184039202661343770, 4.499999999999999112, 23.12896089656210918 ) ) ;
#6521 = VERTEX_POINT ( 'NONE', #341 ) ;
#6522 = EDGE_CURVE ( 'NONE', #4265, #1028, #4751, .T. ) ;
#6523 = VERTEX_POINT ( 'NONE', #5248 ) ;
#6524 = LINE ( 'NONE', #6598, #1518 ) ;
#6525 = CIRCLE ( 'NONE', #3562, 0.4999999999999970024 ) ;
#6526 = CARTESIAN_POINT ( 'NONE',  ( 4.032373465482356423, 4.499999999999999112, 25.58747074483705575 ) ) ;
#6527 = ADVANCED_FACE ( 'NONE', ( #831 ), #1393, .T. ) ;
#6528 = EDGE_CURVE ( 'NONE', #3144, #1776, #6900, .T. ) ;
#6529 = CARTESIAN_POINT ( 'NONE',  ( 8.025431104359119772, 3.999999999999999112, 25.70377524983558359 ) ) ;
#6530 = LINE ( 'NONE', #44, #833 ) ;
#6531 = EDGE_LOOP ( 'NONE', ( #5191, #505, #1732, #5855 ) ) ;
#6532 = CARTESIAN_POINT ( 'NONE',  ( 1.541761466862934915, 4.000000000000001776, 24.94250479630325756 ) ) ;
#6533 = CARTESIAN_POINT ( 'NONE',  ( 7.325432382526878783, 4.500000000000000888, 24.05678228920865180 ) ) ;
#6534 = CARTESIAN_POINT ( 'NONE',  ( 1.471320779914531363, 4.500000000000000888, 24.94458725112369279 ) ) ;
#6535 = CIRCLE ( 'NONE', #2784, 1.000000000000000888 ) ;
#6536 = LINE ( 'NONE', #1670, #2679 ) ;
#6537 = CIRCLE ( 'NONE', #3800, 4.600000000000001421 ) ;
#6538 = CARTESIAN_POINT ( 'NONE',  ( 4.506396901709405434, 4.000000000000000000, 22.86862571266215483 ) ) ;
#6539 = LINE ( 'NONE', #5388, #3788 ) ;
#6540 = DIRECTION ( 'NONE',  ( 0.000000000000000000, -1.000000000000000000, 0.000000000000000000 ) ) ;
#6541 = CARTESIAN_POINT ( 'NONE',  ( 0.05120087813169067054, 4.499999999999999112, 24.08951470073433043 ) ) ;
#6542 = CARTESIAN_POINT ( 'NONE',  ( -17.49999999999999645, 40.67424164178449786, 28.00000000000000355 ) ) ;
#6543 = EDGE_LOOP ( 'NONE', ( #1129, #201, #345, #280 ) ) ;
#6544 = AXIS2_PLACEMENT_3D ( 'NONE', #3470, #5640, #796 ) ;
#6545 = LINE ( 'NONE', #1152, #2106 ) ;
#6546 = EDGE_LOOP ( 'NONE', ( #2068, #3679, #862, #4209 ) ) ;
#6547 = CARTESIAN_POINT ( 'NONE',  ( -4.472574547463158190, 4.000000000000000000, 23.65208032035053165 ) ) ;
#6548 = CARTESIAN_POINT ( 'NONE',  ( -3.718513930321499128, 4.000000000000000000, 22.59840437280676184 ) ) ;
#6549 = CARTESIAN_POINT ( 'NONE',  ( -19.50000000000000355, 5.500000000000000000, 19.49999999999999645 ) ) ;
#6550 = B_SPLINE_CURVE_WITH_KNOTS ( 'NONE', 3,
 ( #4947, #5055, #217, #6164, #2789, #599, #3980, #2365, #4530, #6556, #6128 ),
 .UNSPECIFIED., .F., .F.,
 ( 4, 1, 1, 1, 1, 1, 1, 1, 4 ),
 ( 0.000000000000000000, 0.1381137870618414365, 0.2684083835837762222, 0.3941909055405345974, 0.5170923452347711002, 0.6374931640526640964, 0.7570041724766218838, 0.8772941249553332099, 1.000000000000000000 ),
 .UNSPECIFIED. ) ;
#6551 = CARTESIAN_POINT ( 'NONE',  ( -3.766077287812867880, 4.499999999999999112, 22.93944690098338768 ) ) ;
#6552 = CARTESIAN_POINT ( 'NONE',  ( -7.313242097595730407, 4.000000000000000000, 24.61569499429588248 ) ) ;
#6553 = CARTESIAN_POINT ( 'NONE',  ( 0.7869658119658132778, 4.000000000000002665, 23.52923602249121160 ) ) ;
#6554 = CARTESIAN_POINT ( 'NONE',  ( 2.079696698104826158, 4.000000000000000888, 25.58232908777731041 ) ) ;
#6555 = CARTESIAN_POINT ( 'NONE',  ( 8.892726131727574312, 4.000000000000000888, 21.61037818605251459 ) ) ;
#6556 = CARTESIAN_POINT ( 'NONE',  ( 4.649350574209166531, 4.000000000000000000, 24.94344628544025610 ) ) ;
#6557 = FACE_OUTER_BOUND ( 'NONE', #5845, .T. ) ;
#6558 = ORIENTED_EDGE ( 'NONE', *, *, #4820, .T. ) ;
#6559 = VECTOR ( 'NONE', #500, 1000.000000000000000 ) ;
#6560 = VERTEX_POINT ( 'NONE', #6794 ) ;
#6561 = CARTESIAN_POINT ( 'NONE',  ( -4.326604524550933029, 4.000000000000000000, 21.51733631351854825 ) ) ;
#6562 = CARTESIAN_POINT ( 'NONE',  ( -7.376244764211198124, 4.500000000000000888, 25.03724315610851647 ) ) ;
#6563 = CARTESIAN_POINT ( 'NONE',  ( 9.416048689572326325, 3.999999999999999112, 23.54931416868776850 ) ) ;
#6564 = VERTEX_POINT ( 'NONE', #869 ) ;
#6565 = CARTESIAN_POINT ( 'NONE',  ( -4.816330800719718752, 4.500000000000000888, 22.95347117891797950 ) ) ;
#6566 = CARTESIAN_POINT ( 'NONE',  ( 2.805561149248379849, 4.499999999999999112, 22.43753286758763466 ) ) ;
#6567 = CARTESIAN_POINT ( 'NONE',  ( 7.646523356052705722, 3.999999999999999112, 24.82576275824146350 ) ) ;
#6568 = EDGE_CURVE ( 'NONE', #3366, #4851, #394, .T. ) ;
#6569 = CARTESIAN_POINT ( 'NONE',  ( -17.49999999999999645, 4.000000000000000000, 27.50000000000000355 ) ) ;
#6570 = EDGE_CURVE ( 'NONE', #3228, #2025, #4572, .T. ) ;
#6571 = VECTOR ( 'NONE', #5769, 1000.000000000000000 ) ;
#6572 = ORIENTED_EDGE ( 'NONE', *, *, #5258, .F. ) ;
#6573 = B_SPLINE_SURFACE_WITH_KNOTS ( 'NONE', 3, 1, ( 
 ( #680, #5491 ),
 ( #3460, #4954 ),
 ( #5631, #3393 ),
 ( #257, #4566 ),
 ( #3881, #6063 ),
 ( #2830, #4987 ),
 ( #184, #4088 ),
 ( #3563, #5165 ),
 ( #891, #6779 ),
 ( #5233, #1902 ),
 ( #3102, #6200 ) ),
 .UNSPECIFIED., .F., .F., .F.,
 ( 4, 1, 1, 1, 1, 1, 1, 1, 4 ),
 ( 2, 2 ),
 ( 0.000000000000000000, 0.08887073112253490725, 0.1863547159714914747, 0.2940776543961752254, 0.4122365279576105102, 0.5417781444209648356, 0.6827026066315641240, 0.8350963526041684792, 1.000000000000000000 ),
 ( 0.000000000000000000, 1.000000000000000000 ),
 .UNSPECIFIED. ) ;
#6574 = ORIENTED_EDGE ( 'NONE', *, *, #2447, .T. ) ;
#6575 = SURFACE_STYLE_FILL_AREA ( #5103 ) ;
#6576 = DIRECTION ( 'NONE',  ( 0.000000000000000000, 0.000000000000000000, -1.000000000000000000 ) ) ;
#6577 = DIRECTION ( 'NONE',  ( 0.000000000000000000, 0.000000000000000000, -1.000000000000000000 ) ) ;
#6578 = EDGE_CURVE ( 'NONE', #3795, #4281, #3016, .T. ) ;
#6579 = CARTESIAN_POINT ( 'NONE',  ( -0.6649337598150136808, 4.499999999999999112, 23.43197833215148762 ) ) ;
#6580 = CYLINDRICAL_SURFACE ( 'NONE', #1176, 4.600000000000001421 ) ;
#6581 = ORIENTED_EDGE ( 'NONE', *, *, #1954, .F. ) ;
#6582 = CARTESIAN_POINT ( 'NONE',  ( -8.059670717505541759, 4.000000000000001776, 24.43609861243887238 ) ) ;
#6583 = PLANE ( 'NONE',  #4511 ) ;
#6584 = FACE_OUTER_BOUND ( 'NONE', #1163, .T. ) ;
#6585 = PLANE ( 'NONE',  #5240 ) ;
#6586 = CARTESIAN_POINT ( 'NONE',  ( -3.861101257835901190, 4.499999999999999112, 21.96477478277622453 ) ) ;
#6587 = CARTESIAN_POINT ( 'NONE',  ( 8.660254037844389075, 1.000000000000000888, 4.999999999999998224 ) ) ;
#6588 = CARTESIAN_POINT ( 'NONE',  ( 4.393633908840368640, 4.000000000000000888, 23.69383538854215132 ) ) ;
#6589 = ORIENTED_EDGE ( 'NONE', *, *, #6570, .T. ) ;
#6590 = CARTESIAN_POINT ( 'NONE',  ( -8.156412559604085288, 4.000000000000000000, 25.69880878744128339 ) ) ;
#6591 = CARTESIAN_POINT ( 'NONE',  ( 17.50000000000000000, 4.000000000000003553, 21.50000000000000000 ) ) ;
#6592 = CARTESIAN_POINT ( 'NONE',  ( 4.113523508140849216, 4.500000000000000888, 24.59456299534029000 ) ) ;
#6593 = CARTESIAN_POINT ( 'NONE',  ( 5.892391671478820925, 4.500000000000000888, 24.93270762785291339 ) ) ;
#6594 = ORIENTED_EDGE ( 'NONE', *, *, #6478, .T. ) ;
#6595 = CARTESIAN_POINT ( 'NONE',  ( 1.474712873931625090, 4.000000000000000000, 25.70441631095275170 ) ) ;
#6596 = CARTESIAN_POINT ( 'NONE',  ( -0.6649337598150136808, 4.499999999999999112, 23.43197833215148762 ) ) ;
#6597 = VERTEX_POINT ( 'NONE', #4719 ) ;
#6598 = CARTESIAN_POINT ( 'NONE',  ( 2.143803418803420069, 4.500000000000000888, 23.48089868274762182 ) ) ;
#6599 = FACE_OUTER_BOUND ( 'NONE', #1323, .T. ) ;
#6600 = PLANE ( 'NONE',  #4266 ) ;
#6601 = ORIENTED_EDGE ( 'NONE', *, *, #33, .F. ) ;
#6602 = CARTESIAN_POINT ( 'NONE',  ( 0.000000000000000000, 17.01076477383247720, -10.00000000000000000 ) ) ;
#6603 = PLANE ( 'NONE',  #2767 ) ;
#6604 = CARTESIAN_POINT ( 'NONE',  ( 9.028354149493514669, 4.500000000000000888, 25.20157656953222869 ) ) ;
#6605 = CARTESIAN_POINT ( 'NONE',  ( -19.49999999999999645, 3.000000000000006217, 30.50000000000000000 ) ) ;
#6606 = AXIS2_PLACEMENT_3D ( 'NONE', #2627, #6427, #5414 ) ;
#6607 = VERTEX_POINT ( 'NONE', #3116 ) ;
#6608 = EDGE_CURVE ( 'NONE', #5547, #3382, #2074, .T. ) ;
#6609 = CARTESIAN_POINT ( 'NONE',  ( 0.8491497727962877828, 4.500000000000000888, 22.68245178002526075 ) ) ;
#6610 = ADVANCED_FACE ( 'NONE', ( #2596 ), #4312, .T. ) ;
#6611 = CARTESIAN_POINT ( 'NONE',  ( 19.50000000000000355, 1.000000000000000000, 19.49999999999999645 ) ) ;
#6612 = ADVANCED_FACE ( 'NONE', ( #512 ), #6117, .T. ) ;
#6613 = CARTESIAN_POINT ( 'NONE',  ( 3.725908381093180566, 4.000000000000000000, 25.40141974075250175 ) ) ;
#6614 = CARTESIAN_POINT ( 'NONE',  ( -0.4624987827899089687, 4.500000000000000888, 24.18131992960063670 ) ) ;
#6615 = CARTESIAN_POINT ( 'NONE',  ( 19.50000000000000355, 0.000000000000000000, 29.50000000000000000 ) ) ;
#6616 = CIRCLE ( 'NONE', #1396, 1.600000000000001643 ) ;
#6617 = LINE ( 'NONE', #3897, #6276 ) ;
#6618 = CARTESIAN_POINT ( 'NONE',  ( -1.221153846153839595, 4.500000000000000888, 24.25768821266215269 ) ) ;
#6619 = EDGE_CURVE ( 'NONE', #6141, #1681, #1564, .T. ) ;
#6620 = CARTESIAN_POINT ( 'NONE',  ( -3.964198804838588330, 4.000000000000000000, 23.31676906824563389 ) ) ;
#6621 = LINE ( 'NONE', #3372, #612 ) ;
#6622 = CARTESIAN_POINT ( 'NONE',  ( -0.5506864309092318610, 3.999999999999999112, 23.67186356956156956 ) ) ;
#6623 = AXIS2_PLACEMENT_3D ( 'NONE', #858, #466, #4204 ) ;
#6624 = CARTESIAN_POINT ( 'NONE',  ( 4.518508860510882741, 4.499999999999999112, 23.62511285261427574 ) ) ;
#6625 = VECTOR ( 'NONE', #6799, 1000.000000000000000 ) ;
#6626 = ORIENTED_EDGE ( 'NONE', *, *, #4123, .F. ) ;
#6627 = CARTESIAN_POINT ( 'NONE',  ( -7.409026432474091983, 4.000000000000000888, 25.13474016585519877 ) ) ;
#6628 = CARTESIAN_POINT ( 'NONE',  ( 1.397763285310763548, 4.499999999999999112, 24.94151834665948186 ) ) ;
#6629 = CARTESIAN_POINT ( 'NONE',  ( 8.304017285744960120, 4.499999999999999112, 24.83143169536590378 ) ) ;
#6630 = CARTESIAN_POINT ( 'NONE',  ( 5.306846502861407799, 4.500000000000000888, 25.54020816372400660 ) ) ;
#6631 = ORIENTED_EDGE ( 'NONE', *, *, #4479, .T. ) ;
#6632 = CARTESIAN_POINT ( 'NONE',  ( 0.1112184357483290004, 3.999999999999999112, 22.52044728277162022 ) ) ;
#6633 = CARTESIAN_POINT ( 'NONE',  ( 2.879403866744851825, 4.500000000000000888, 24.05754610470029675 ) ) ;
#6634 = ORIENTED_EDGE ( 'NONE', *, *, #2917, .T. ) ;
#6635 = FACE_OUTER_BOUND ( 'NONE', #6032, .T. ) ;
#6636 = CARTESIAN_POINT ( 'NONE',  ( -8.313174412393163237, 4.500000000000000888, 24.94458725112370701 ) ) ;
#6637 = CARTESIAN_POINT ( 'NONE',  ( -1.930930082298089268, 4.000000000000001776, 23.60353724680468801 ) ) ;
#6638 = ORIENTED_EDGE ( 'NONE', *, *, #3434, .T. ) ;
#6639 = CYLINDRICAL_SURFACE ( 'NONE', #4338, 4.600000000000001421 ) ;
#6640 = CARTESIAN_POINT ( 'NONE',  ( 8.892726131727574312, 4.500000000000000888, 21.61037818605251459 ) ) ;
#6641 = CARTESIAN_POINT ( 'NONE',  ( 8.025431104359119772, 4.500000000000000888, 25.70377524983558359 ) ) ;
#6642 = DIRECTION ( 'NONE',  ( -0.000000000000000000, -1.000000000000000000, -0.000000000000000000 ) ) ;
#6643 = B_SPLINE_CURVE_WITH_KNOTS ( 'NONE', 3,
 ( #1088, #632, #4906, #6012, #6413, #561, #2073, #1053, #4843, #1547, #592, #2207, #6511, #1583, #4376, #3734, #7028, #3801, #1649 ),
 .UNSPECIFIED., .F., .F.,
 ( 4, 1, 1, 1, 1, 1, 1, 1, 1, 1, 1, 1, 1, 1, 1, 1, 4 ),
 ( 0.000000000000000000, 0.06340052940042852081, 0.1249764099331408945, 0.1844921876584960652, 0.2434736282965415388, 0.3022637321141441458, 0.3613835718304164724, 0.4214817654110648015, 0.4834545367577938180, 0.5459360688045382659, 0.6081426980855856312, 0.6698202920949499761, 0.7323322942692649384, 0.7960922343214101859, 0.8616426668792314114, 0.9294352318828833504, 1.000000000000000000 ),
 .UNSPECIFIED. ) ;
#6644 = VERTEX_POINT ( 'NONE', #1599 ) ;
#6645 = ORIENTED_EDGE ( 'NONE', *, *, #5864, .F. ) ;
#6646 = CARTESIAN_POINT ( 'NONE',  ( 0.8076628735304103301, 4.500000000000000888, 22.99121859519941680 ) ) ;
#6647 = CARTESIAN_POINT ( 'NONE',  ( 4.211284722222226051, 4.500000000000000888, 23.85826914214933225 ) ) ;
#6648 = CARTESIAN_POINT ( 'NONE',  ( 8.612130354839548474, 4.500000000000000888, 22.78089819634744373 ) ) ;
#6649 = ORIENTED_EDGE ( 'NONE', *, *, #721, .F. ) ;
#6650 = CARTESIAN_POINT ( 'NONE',  ( 7.097157736857568011, 4.499999999999999112, 21.57693643308526177 ) ) ;
#6651 = CARTESIAN_POINT ( 'NONE',  ( -1.221562239438626074, 3.999999999999999112, 24.28230559511219155 ) ) ;
#6652 = DIRECTION ( 'NONE',  ( -0.000000000000000000, -1.000000000000000000, -0.000000000000000000 ) ) ;
#6653 = EDGE_CURVE ( 'NONE', #3283, #3921, #3655, .T. ) ;
#6654 = VECTOR ( 'NONE', #5311, 1000.000000000000000 ) ;
#6655 = CARTESIAN_POINT ( 'NONE',  ( -1.685901191660562182, 4.500000000000000888, 23.59892538212780977 ) ) ;
#6656 = LINE ( 'NONE', #1783, #272 ) ;
#6657 = CARTESIAN_POINT ( 'NONE',  ( -3.964198804838588330, 4.500000000000000888, 23.31676906824563389 ) ) ;
#6658 = CYLINDRICAL_SURFACE ( 'NONE', #5714, 4.600000000000001421 ) ;
#6659 = ADVANCED_FACE ( 'NONE', ( #15 ), #2155, .T. ) ;
#6660 = AXIS2_PLACEMENT_3D ( 'NONE', #2769, #4401, #6576 ) ;
#6661 = ADVANCED_FACE ( 'NONE', ( #1634 ), #3951, .T. ) ;
#6662 = FACE_OUTER_BOUND ( 'NONE', #5206, .T. ) ;
#6663 = EDGE_CURVE ( 'NONE', #3103, #3705, #1810, .T. ) ;
#6664 = ADVANCED_FACE ( 'NONE', ( #2904 ), #6506, .T. ) ;
#6665 = CARTESIAN_POINT ( 'NONE',  ( -7.323706563806175573, 3.999999999999999112, 24.73969323719608226 ) ) ;
#6666 = CARTESIAN_POINT ( 'NONE',  ( 1.023678628066455154, 4.000000000000002665, 24.71010576883794130 ) ) ;
#6667 = CARTESIAN_POINT ( 'NONE',  ( 5.080056381170061641, 4.000000000000004441, 23.73165337577945877 ) ) ;
#6668 = CARTESIAN_POINT ( 'NONE',  ( 4.203054654719477590, 4.500000000000000888, 24.72977232712458218 ) ) ;
#6669 = DIRECTION ( 'NONE',  ( 0.000000000000000000, 0.000000000000000000, 1.000000000000000000 ) ) ;
#6670 = VERTEX_POINT ( 'NONE', #5811 ) ;
#6671 = DIRECTION ( 'NONE',  ( 0.000000000000000000, 0.7071067811865451302, -0.7071067811865500152 ) ) ;
#6672 = CARTESIAN_POINT ( 'NONE',  ( 1.990681993984839027, 4.500000000000000888, 25.61916075040024410 ) ) ;
#6673 = ORIENTED_EDGE ( 'NONE', *, *, #418, .F. ) ;
#6674 = ORIENTED_EDGE ( 'NONE', *, *, #3171, .F. ) ;
#6675 = CARTESIAN_POINT ( 'NONE',  ( -7.313242097595730407, 4.500000000000000888, 24.61569499429588248 ) ) ;
#6676 = DIRECTION ( 'NONE',  ( 0.000000000000000000, -1.000000000000000000, 0.000000000000000000 ) ) ;
#6677 = ORIENTED_EDGE ( 'NONE', *, *, #1057, .T. ) ;
#6678 = VECTOR ( 'NONE', #1277, 1000.000000000000000 ) ;
#6679 = CARTESIAN_POINT ( 'NONE',  ( -1.432764131650448469, 4.500000000000000888, 23.73165337577945166 ) ) ;
#6680 = CARTESIAN_POINT ( 'NONE',  ( 9.027274747093413154, 4.000000000000000000, 21.76986819369852455 ) ) ;
#6681 = CARTESIAN_POINT ( 'NONE',  ( 8.899434794728170672, 4.500000000000000888, 25.35888116901130829 ) ) ;
#6682 = CARTESIAN_POINT ( 'NONE',  ( 1.935189636752137954, 4.500000000000000888, 24.65371518915787874 ) ) ;
#6683 = ORIENTED_EDGE ( 'NONE', *, *, #4303, .F. ) ;
#6684 = ORIENTED_EDGE ( 'NONE', *, *, #4949, .T. ) ;
#6685 = B_SPLINE_CURVE_WITH_KNOTS ( 'NONE', 3,
 ( #2174, #4342, #6513, #4450, #6552, #6665, #5975, #3907, #66, #6627, #136, #3836, #3343, #2208, #5548, #1720, #6590, #594, #6014 ),
 .UNSPECIFIED., .F., .F.,
 ( 4, 1, 1, 1, 1, 1, 1, 1, 1, 1, 1, 1, 1, 1, 1, 1, 4 ),
 ( 0.000000000000000000, 0.07640535060580211368, 0.1472180255805424220, 0.2120589935690655736, 0.2709994903097656671, 0.3241709926124717867, 0.3719698146158730845, 0.4141052302957762277, 0.4509812561318950475, 0.5180772093570270576, 0.5833196655471954983, 0.6487563826833597780, 0.7154498834567074583, 0.7831348772602141350, 0.8520849215224589601, 0.9238479620454235208, 1.000000000000000000 ),
 .UNSPECIFIED. ) ;
#6686 = B_SPLINE_CURVE_WITH_KNOTS ( 'NONE', 3,
 ( #4315, #1628, #5952, #571, #2186, #4354, #6526, #5020, #2829, #5526, #1837, #3353, #3390, #2756, #6132, #1802, #6024, #183, #5559 ),
 .UNSPECIFIED., .F., .F.,
 ( 4, 1, 1, 1, 1, 1, 1, 1, 1, 1, 1, 1, 1, 1, 1, 1, 4 ),
 ( 0.000000000000000000, 0.06593481762567708626, 0.1300372587941653890, 0.1923620702496509349, 0.2538195214289183932, 0.3141994357375419988, 0.3746698781567772696, 0.4351541180379869811, 0.4964786684939709316, 0.5578092661396401031, 0.6190309229821125969, 0.6796911875192902519, 0.7409612864102638197, 0.8033752905051755322, 0.8668176884999604370, 0.9323179771745065958, 1.000000000000000000 ),
 .UNSPECIFIED. ) ;
#6687 = CARTESIAN_POINT ( 'NONE',  ( 0.7912194775850058814, 4.500000000000000888, 23.24309842269121162 ) ) ;
#6688 = CARTESIAN_POINT ( 'NONE',  ( 0.7892269100753469546, 4.500000000000000888, 23.71728889920657579 ) ) ;
#6689 = DIRECTION ( 'NONE',  ( -0.000000000000000000, -1.000000000000000000, -0.000000000000000000 ) ) ;
#6690 = ORIENTED_EDGE ( 'NONE', *, *, #5788, .F. ) ;
#6691 = CARTESIAN_POINT ( 'NONE',  ( -8.796525304680727686, 4.499999999999999112, 25.62371435569273359 ) ) ;
#6692 = DIRECTION ( 'NONE',  ( 0.000000000000000000, 1.000000000000000000, -0.000000000000000000 ) ) ;
#6693 = CARTESIAN_POINT ( 'NONE',  ( -2.005314693115555436, 3.999999999999999112, 25.70112852877601384 ) ) ;
#6694 = LINE ( 'NONE', #2846, #5505 ) ;
#6695 = CARTESIAN_POINT ( 'NONE',  ( -5.133053106808287858, 4.000000000000000000, 22.12445441882625019 ) ) ;
#6696 = CARTESIAN_POINT ( 'NONE',  ( 6.542080978922055756, 4.000000000000000000, 23.24573155039961136 ) ) ;
#6697 = CARTESIAN_POINT ( 'NONE',  ( 1.127243360177269782, 4.000000000000000888, 21.28586822037969029 ) ) ;
#6698 = PLANE ( 'NONE',  #1436 ) ;
#6699 = ADVANCED_FACE ( 'NONE', ( #3567 ), #4026, .T. ) ;
#6700 = CARTESIAN_POINT ( 'NONE',  ( -8.313174412393163237, 4.500000000000000888, 24.94458725112370701 ) ) ;
#6701 = FACE_OUTER_BOUND ( 'NONE', #129, .T. ) ;
#6702 = CARTESIAN_POINT ( 'NONE',  ( 4.768436164529918031, 4.000000000000000000, 22.82792058445702565 ) ) ;
#6703 = EDGE_CURVE ( 'NONE', #4191, #2458, #5614, .T. ) ;
#6704 = CARTESIAN_POINT ( 'NONE',  ( 4.502497724547864344, 4.500000000000000888, 24.92311251492417412 ) ) ;
#6705 = CARTESIAN_POINT ( 'NONE',  ( 5.997222222222226229, 4.000000000000000000, 21.36253596907241104 ) ) ;
#6706 = ORIENTED_EDGE ( 'NONE', *, *, #5412, .F. ) ;
#6707 = LINE ( 'NONE', #6059, #3968 ) ;
#6708 = CARTESIAN_POINT ( 'NONE',  ( -17.99999999999999645, 40.67424164178449786, 27.50000000000000355 ) ) ;
#6709 = FACE_BOUND ( 'NONE', #2292, .T. ) ;
#6710 = LINE ( 'NONE', #2936, #6429 ) ;
#6711 = ORIENTED_EDGE ( 'NONE', *, *, #899, .T. ) ;
#6712 = CARTESIAN_POINT ( 'NONE',  ( -5.563034188034184702, 4.500000000000000888, 22.12236502890147349 ) ) ;
#6713 = CARTESIAN_POINT ( 'NONE',  ( -5.230890390055166428, 4.000000000000000000, 22.99033357331166627 ) ) ;
#6714 = CARTESIAN_POINT ( 'NONE',  ( 7.949636692046631481, 4.500000000000000888, 25.70376288419778632 ) ) ;
#6715 = LINE ( 'NONE', #1353, #6777 ) ;
#6716 = ORIENTED_EDGE ( 'NONE', *, *, #5382, .F. ) ;
#6717 = DIRECTION ( 'NONE',  ( 0.000000000000000000, -1.000000000000000000, 0.000000000000000000 ) ) ;
#6718 = PLANE ( 'NONE',  #6544 ) ;
#6719 = CARTESIAN_POINT ( 'NONE',  ( 4.032373465482356423, 3.999999999999998224, 25.58747074483705575 ) ) ;
#6720 = ORIENTED_EDGE ( 'NONE', *, *, #156, .F. ) ;
#6721 = CARTESIAN_POINT ( 'NONE',  ( 4.455548355813514050, 4.000000000000001776, 23.65487982036390591 ) ) ;
#6722 = CARTESIAN_POINT ( 'NONE',  ( -4.500107999474264986, 4.500000000000000888, 22.71133521318682469 ) ) ;
#6723 = DIRECTION ( 'NONE',  ( 0.000000000000000000, 0.000000000000000000, -1.000000000000000000 ) ) ;
#6724 = ORIENTED_EDGE ( 'NONE', *, *, #1236, .F. ) ;
#6725 = CARTESIAN_POINT ( 'NONE',  ( -1.389987121648015300, 4.000000000000002665, 23.77570635847973435 ) ) ;
#6726 = VECTOR ( 'NONE', #5224, 1000.000000000000000 ) ;
#6727 = CARTESIAN_POINT ( 'NONE',  ( 6.539957264957268812, 4.000000000000002665, 23.52075578744848272 ) ) ;
#6728 = CARTESIAN_POINT ( 'NONE',  ( -3.728267821817226491, 3.999999999999998224, 22.75995705169386696 ) ) ;
#6729 = B_SPLINE_CURVE_WITH_KNOTS ( 'NONE', 3,
 ( #1910, #1390, #5244, #2052, #3639, #4101, #5179, #370, #2486, #1004, #408, #3678, #3573, #2560, #4212, #4715, #902, #5854, #5313 ),
 .UNSPECIFIED., .F., .F.,
 ( 4, 1, 1, 1, 1, 1, 1, 1, 1, 1, 1, 1, 1, 1, 1, 1, 4 ),
 ( 0.000000000000000000, 0.06593481762567719728, 0.1300372587941655000, 0.1923620702496510460, 0.2538195214289185042, 0.3141994357375421099, 0.3746698781567771586, 0.4351541180379870366, 0.4964786684939709316, 0.5578092661396401031, 0.6190309229821125969, 0.6796911875192902519, 0.7409612864102638197, 0.8033752905051755322, 0.8668176884999604370, 0.9323179771745049305, 1.000000000000000000 ),
 .UNSPECIFIED. ) ;
#6730 = CARTESIAN_POINT ( 'NONE',  ( 5.962134081911279360, 4.000000000000000000, 23.67186356956158022 ) ) ;
#6731 = CIRCLE ( 'NONE', #4096, 1.000000000000000888 ) ;
#6732 = CARTESIAN_POINT ( 'NONE',  ( -3.036039704776460457, 4.499999999999999112, 25.14046628565722230 ) ) ;
#6733 = CARTESIAN_POINT ( 'NONE',  ( 5.080056381170061641, 4.500000000000000888, 23.73165337577945877 ) ) ;
#6734 = AXIS2_PLACEMENT_3D ( 'NONE', #307, #4582, #2883 ) ;
#6735 = CARTESIAN_POINT ( 'NONE',  ( 4.826919321159948595, 4.500000000000000888, 23.59892538212781332 ) ) ;
#6736 = CARTESIAN_POINT ( 'NONE',  ( 8.356805415023512040, 4.500000000000000888, 24.78103026854617852 ) ) ;
#6737 = FACE_OUTER_BOUND ( 'NONE', #2016, .T. ) ;
#6738 = ORIENTED_EDGE ( 'NONE', *, *, #1660, .F. ) ;
#6739 = CARTESIAN_POINT ( 'NONE',  ( -2.940945512820506202, 4.000000000000000000, 23.71156107591001216 ) ) ;
#6740 = CARTESIAN_POINT ( 'NONE',  ( 2.241719299435720458, 4.500000000000000888, 25.48500050962670116 ) ) ;
#6741 = VECTOR ( 'NONE', #2029, 1000.000000000000000 ) ;
#6742 = CARTESIAN_POINT ( 'NONE',  ( 8.554435509830621953, 4.500000000000000888, 22.52476926746560437 ) ) ;
#6743 = CARTESIAN_POINT ( 'NONE',  ( -2.281471416371272376, 4.000000000000000000, 23.83678998874535182 ) ) ;
#6744 = ORIENTED_EDGE ( 'NONE', *, *, #5476, .T. ) ;
#6745 = CARTESIAN_POINT ( 'NONE',  ( -5.563034188034184702, 4.500000000000000888, 22.12236502890147349 ) ) ;
#6746 = CARTESIAN_POINT ( 'NONE',  ( -4.542717599097450432, 4.000000000000000888, 22.79614455617737079 ) ) ;
#6747 = B_SPLINE_CURVE_WITH_KNOTS ( 'NONE', 3,
 ( #4726, #4758, #977, #5863, #6945, #6908, #3885, #2635, #2263, #2063, #6028, #2762, #1012, #4430, #4226, #4923, #1698, #6402, #2099, #6566, #4264, #6438, #1570, #1045, #5454, #609, #3320 ),
 .UNSPECIFIED., .F., .F.,
 ( 4, 1, 1, 1, 1, 1, 1, 1, 1, 1, 1, 1, 1, 1, 1, 1, 1, 1, 1, 1, 1, 1, 1, 1, 4 ),
 ( 0.000000000000000000, 0.03663489025512737390, 0.07203398234778962683, 0.1066259706074962621, 0.1403056939382974766, 0.1736194704926826426, 0.2064256725696813621, 0.2390670061327427598, 0.2718828805625945755, 0.3048398888131208517, 0.3385290337045872011, 0.3726161878593848842, 0.4075482500265396046, 0.4437189059571692296, 0.4813115090919062311, 0.5201129981462018215, 0.5609129028334484124, 0.6040246006136047452, 0.6500745638656778569, 0.6995722277770578534, 0.7523625390892976217, 0.8087887173463874646, 0.8689542125204779976, 0.9326747199379391562, 1.000000000000000000 ),
 .UNSPECIFIED. ) ;
#6748 = CARTESIAN_POINT ( 'NONE',  ( 6.549645558919965360, 4.000000000000007994, 23.91049027396239168 ) ) ;
#6749 = EDGE_CURVE ( 'NONE', #4281, #2121, #3142, .T. ) ;
#6750 = CARTESIAN_POINT ( 'NONE',  ( 9.416452991452995747, 4.000000000000001776, 23.48089868274762537 ) ) ;
#6751 = ADVANCED_FACE ( 'NONE', ( #1555 ), #2317, .T. ) ;
#6752 = EDGE_CURVE ( 'NONE', #3382, #167, #2822, .T. ) ;
#6753 = ORIENTED_EDGE ( 'NONE', *, *, #6255, .F. ) ;
#6754 = SURFACE_STYLE_USAGE ( .BOTH. , #1880 ) ;
#6755 = CARTESIAN_POINT ( 'NONE',  ( 1.650102818612085042E-15, 5.500000000000000000, 19.50000000000000355 ) ) ;
#6756 = CARTESIAN_POINT ( 'NONE',  ( 8.655807280086222022, 4.000000000000005329, 23.28573696152649575 ) ) ;
#6757 = ORIENTED_EDGE ( 'NONE', *, *, #2538, .F. ) ;
#6758 = CARTESIAN_POINT ( 'NONE',  ( 8.356805415023512040, 4.500000000000000888, 24.78103026854617852 ) ) ;
#6759 = CARTESIAN_POINT ( 'NONE',  ( -4.477564102564099535, 4.500000000000000888, 22.55485701608095894 ) ) ;
#6760 = DIRECTION ( 'NONE',  ( -0.000000000000000000, 1.000000000000000000, -0.000000000000000000 ) ) ;
#6761 = B_SPLINE_CURVE_WITH_KNOTS ( 'NONE', 3,
 ( #5613, #765, #5073, #5645, #4752, #1039, #942, #971, #1565, #443, #3085, #412, #2056, #3717, #1983, #2564, #3186, #6394, #5890, #1498, #6865, #5825, #5352, #2631, #513, #2525, #3117 ),
 .UNSPECIFIED., .F., .F.,
 ( 4, 1, 1, 1, 1, 1, 1, 1, 1, 1, 1, 1, 1, 1, 1, 1, 1, 1, 1, 1, 1, 1, 1, 1, 4 ),
 ( 0.000000000000000000, 0.03663489025512737390, 0.07203398234778962683, 0.1066259706074962621, 0.1403056939382974766, 0.1736194704926826426, 0.2064256725696813621, 0.2390670061327427598, 0.2718828805625945755, 0.3048398888131208517, 0.3385290337045872011, 0.3726161878593848842, 0.4075482500265396046, 0.4437189059571692296, 0.4813115090919062311, 0.5201129981462018215, 0.5609129028334484124, 0.6040246006136047452, 0.6500745638656778569, 0.6995722277770578534, 0.7523625390892976217, 0.8087887173463874646, 0.8689542125204779976, 0.9326747199379391562, 1.000000000000000000 ),
 .UNSPECIFIED. ) ;
#6762 = CARTESIAN_POINT ( 'NONE',  ( 0.3748263888888903606, 4.500000000000000888, 21.82979691992711224 ) ) ;
#6763 = CARTESIAN_POINT ( 'NONE',  ( 8.628231375708857342, 3.999999999999999112, 24.02681053684288770 ) ) ;
#6764 = CARTESIAN_POINT ( 'NONE',  ( 7.302047422895862283, 4.499999999999999112, 23.71728889920657224 ) ) ;
#6765 = CARTESIAN_POINT ( 'NONE',  ( 5.274688993447731455, 4.000000000000000000, 22.92404526484313720 ) ) ;
#6766 = CIRCLE ( 'NONE', #4028, 1.000000000000000888 ) ;
#6767 = CARTESIAN_POINT ( 'NONE',  ( -4.488540887684353109, 3.999999999999999112, 21.45411248845567442 ) ) ;
#6768 = CARTESIAN_POINT ( 'NONE',  ( -3.102448688268205412, 4.500000000000002665, 25.03905045217857861 ) ) ;
#6769 = CARTESIAN_POINT ( 'NONE',  ( -8.334149263730111556, 4.500000000000000888, 24.94341593875153862 ) ) ;
#6770 = CIRCLE ( 'NONE', #6660, 1.000000000000000888 ) ;
#6771 = CARTESIAN_POINT ( 'NONE',  ( 8.448010149572652949, 4.500000000000000888, 24.65371518915788229 ) ) ;
#6772 = CARTESIAN_POINT ( 'NONE',  ( 0.1248271799855840136, 4.000000000000003553, 24.55556511987972357 ) ) ;
#6773 = CARTESIAN_POINT ( 'NONE',  ( 2.226062541732349409, 4.499999999999999112, 21.48111679084876258 ) ) ;
#6774 = EDGE_LOOP ( 'NONE', ( #5028, #185, #1005, #6342 ) ) ;
#6775 = LINE ( 'NONE', #6739, #3821 ) ;
#6776 = CARTESIAN_POINT ( 'NONE',  ( -6.322863247863244496, 4.000000000000000000, 25.59586930240574532 ) ) ;
#6777 = VECTOR ( 'NONE', #2446, 1000.000000000000000 ) ;
#6778 = CARTESIAN_POINT ( 'NONE',  ( 7.513614785691350662, 4.000000000000000000, 22.27016922149068279 ) ) ;
#6779 = CARTESIAN_POINT ( 'NONE',  ( 8.654510278436442050, 4.000000000000003553, 23.67433516274655148 ) ) ;
#6780 = EDGE_CURVE ( 'NONE', #722, #3614, #6898, .T. ) ;
#6781 = DIRECTION ( 'NONE',  ( -0.000000000000000000, -1.000000000000000000, -0.000000000000000000 ) ) ;
#6782 = B_SPLINE_CURVE_WITH_KNOTS ( 'NONE', 3,
 ( #4587, #6290, #2533, #6188, #2988, #6765, #1860, #5153, #5219, #1339, #1437, #5723, #1891, #6730, #3618, #946, #6833, #3584, #3484 ),
 .UNSPECIFIED., .F., .F.,
 ( 4, 1, 1, 1, 1, 1, 1, 1, 1, 1, 1, 1, 1, 1, 1, 1, 4 ),
 ( 0.000000000000000000, 0.06340052940042852081, 0.1249764099331408945, 0.1844921876584960652, 0.2434736282965415388, 0.3022637321141441458, 0.3613835718304164724, 0.4214817654110648015, 0.4834545367577938180, 0.5459360688045382659, 0.6081426980855856312, 0.6698202920949499761, 0.7323322942692649384, 0.7960922343214101859, 0.8616426668792314114, 0.9294352318828833504, 1.000000000000000000 ),
 .UNSPECIFIED. ) ;
#6783 = CARTESIAN_POINT ( 'NONE',  ( -8.660254037844389075, 17.01076477383247720, 6.599999999999999645 ) ) ;
#6784 = CARTESIAN_POINT ( 'NONE',  ( 8.818534847719268654, 4.500000000000000888, 21.54151785463561453 ) ) ;
#6785 = CARTESIAN_POINT ( 'NONE',  ( 6.607551834483458286, 4.000000000000006217, 24.41217644627272421 ) ) ;
#6786 = CARTESIAN_POINT ( 'NONE',  ( -0.4613247863247799674, 4.500000000000000888, 24.23139948402967292 ) ) ;
#6787 = ORIENTED_EDGE ( 'NONE', *, *, #1057, .F. ) ;
#6788 = CARTESIAN_POINT ( 'NONE',  ( 1.935189636752138176, 4.500000000000000888, 24.65371518915788229 ) ) ;
#6789 = CARTESIAN_POINT ( 'NONE',  ( 8.315066441042771928, 4.000000000000005329, 22.13730806386320182 ) ) ;
#6790 = EDGE_CURVE ( 'NONE', #1597, #5947, #6707, .T. ) ;
#6791 = EDGE_LOOP ( 'NONE', ( #6931, #980, #710, #1574 ) ) ;
#6792 = CARTESIAN_POINT ( 'NONE',  ( 8.655901102159701210, 4.499999999999999112, 23.54705030498526241 ) ) ;
#6793 = EDGE_CURVE ( 'NONE', #5979, #75, #6550, .T. ) ;
#6794 = CARTESIAN_POINT ( 'NONE',  ( -5.305235042735039208, 4.000000000000000000, 23.75057015710660124 ) ) ;
#6795 = CARTESIAN_POINT ( 'NONE',  ( -8.059615384615382183, 4.500000000000000888, 24.34927475112370132 ) ) ;
#6796 = CARTESIAN_POINT ( 'NONE',  ( -0.4613247863247799674, 4.000000000000000000, 24.23139948402967292 ) ) ;
#6797 = CARTESIAN_POINT ( 'NONE',  ( -5.563034188034184702, 4.500000000000000888, 25.59586930240574532 ) ) ;
#6798 = CARTESIAN_POINT ( 'NONE',  ( -4.472574547463158190, 4.000000000000000000, 23.65208032035053165 ) ) ;
#6799 = DIRECTION ( 'NONE',  ( -0.000000000000000000, 1.000000000000000000, -0.000000000000000000 ) ) ;
#6800 = STYLED_ITEM ( 'NONE', ( #853 ), #6051 ) ;
#6801 = FACE_BOUND ( 'NONE', #3109, .T. ) ;
#6802 = CARTESIAN_POINT ( 'NONE',  ( -3.036039704776460457, 4.000000000000000000, 25.14046628565722230 ) ) ;
#6803 = CARTESIAN_POINT ( 'NONE',  ( 5.291666666666670515, 4.500000000000000888, 24.25768821266215625 ) ) ;
#6804 = CARTESIAN_POINT ( 'NONE',  ( 0.1584693988905294948, 4.000000000000000000, 22.31814654408258392 ) ) ;
#6805 = CARTESIAN_POINT ( 'NONE',  ( 1.362577111624095227, 4.000000000000003553, 25.70248283079439844 ) ) ;
#6806 = CARTESIAN_POINT ( 'NONE',  ( 2.379905618907059761, 4.500000000000000888, 21.61037818605249328 ) ) ;
#6807 = ORIENTED_EDGE ( 'NONE', *, *, #6512, .T. ) ;
#6808 = CARTESIAN_POINT ( 'NONE',  ( 5.687682251719667015, 4.500000000000000888, 23.22118538994499204 ) ) ;
#6809 = CARTESIAN_POINT ( 'NONE',  ( 7.310905717206375165, 4.500000000000000888, 23.11246591404397677 ) ) ;
#6810 = CARTESIAN_POINT ( 'NONE',  ( 6.051495726495730310, 4.000000000000000000, 24.23139948402967292 ) ) ;
#6811 = CARTESIAN_POINT ( 'NONE',  ( -1.630633217679936076, 3.999999999999999112, 23.61291665337054368 ) ) ;
#6812 = ORIENTED_EDGE ( 'NONE', *, *, #5556, .F. ) ;
#6813 = DIRECTION ( 'NONE',  ( -0.000000000000000000, -1.000000000000000000, -0.000000000000000000 ) ) ;
#6814 = CARTESIAN_POINT ( 'NONE',  ( 9.283128835433222648, 4.000000000000000000, 22.30282473879325877 ) ) ;
#6815 = CARTESIAN_POINT ( 'NONE',  ( 6.813708773187751255, 4.000000000000009770, 25.02010822166569071 ) ) ;
#6816 = DIRECTION ( 'NONE',  ( 0.000000000000000000, -1.000000000000000000, 0.000000000000000000 ) ) ;
#6817 = VERTEX_POINT ( 'NONE', #1242 ) ;
#6818 = ORIENTED_EDGE ( 'NONE', *, *, #1022, .T. ) ;
#6819 = CARTESIAN_POINT ( 'NONE',  ( 8.074580760835694093, 4.500000000000000888, 21.25560852118049837 ) ) ;
#6820 = CARTESIAN_POINT ( 'NONE',  ( 0.02713675213675360159, 4.500000000000000888, 23.52075578744847917 ) ) ;
#6821 = CARTESIAN_POINT ( 'NONE',  ( 8.192993855332510122, 4.000000000000005329, 22.05645255746070177 ) ) ;
#6822 = VERTEX_POINT ( 'NONE', #1725 ) ;
#6823 = CARTESIAN_POINT ( 'NONE',  ( 6.541134785097534099, 4.499999999999999112, 23.71955985808311596 ) ) ;
#6824 = CARTESIAN_POINT ( 'NONE',  ( 7.909416315151855059, 4.000000000000000000, 21.25585527673749198 ) ) ;
#6825 = CARTESIAN_POINT ( 'NONE',  ( 6.887646901709405967, 4.500000000000000888, 21.82979691992711579 ) ) ;
#6826 = EDGE_CURVE ( 'NONE', #4198, #5359, #5710, .T. ) ;
#6827 = EDGE_CURVE ( 'NONE', #5534, #2015, #4493, .T. ) ;
#6828 = ORIENTED_EDGE ( 'NONE', *, *, #2133, .F. ) ;
#6829 = ADVANCED_FACE ( 'NONE', ( #6019 ), #179, .F. ) ;
#6830 = CARTESIAN_POINT ( 'NONE',  ( -0.7754743787082943873, 4.500000000000000888, 25.17151586295906185 ) ) ;
#6831 = CARTESIAN_POINT ( 'NONE',  ( -8.334149263730111556, 4.000000000000000000, 24.94341593875153862 ) ) ;
#6832 = CARTESIAN_POINT ( 'NONE',  ( 6.800680411154053751, 3.999999999999999112, 21.97319218339634972 ) ) ;
#6833 = CARTESIAN_POINT ( 'NONE',  ( 6.048019858652821767, 4.000000000000000000, 24.08312824301877342 ) ) ;
#6834 = ORIENTED_EDGE ( 'NONE', *, *, #3263, .T. ) ;
#6835 = EDGE_CURVE ( 'NONE', #454, #2003, #5590, .T. ) ;
#6836 = VECTOR ( 'NONE', #277, 1000.000000000000000 ) ;
#6837 = CARTESIAN_POINT ( 'NONE',  ( 7.791122471339851252, 3.999999999999997335, 22.04471004017556979 ) ) ;
#6838 = ORIENTED_EDGE ( 'NONE', *, *, #2448, .T. ) ;
#6839 = FACE_OUTER_BOUND ( 'NONE', #2268, .T. ) ;
#6840 = DIRECTION ( 'NONE',  ( 0.000000000000000000, -1.000000000000000000, 0.000000000000000000 ) ) ;
#6841 = DIRECTION ( 'NONE',  ( -1.000000000000000000, 0.000000000000000000, 1.692413147294445723E-16 ) ) ;
#6842 = CARTESIAN_POINT ( 'NONE',  ( 0.02831427227701991886, 4.000000000000001776, 23.71955985808309819 ) ) ;
#6843 = CARTESIAN_POINT ( 'NONE',  ( 2.903632478632479863, 4.500000000000000888, 23.48089868274762182 ) ) ;
#6844 = ORIENTED_EDGE ( 'NONE', *, *, #4113, .F. ) ;
#6845 = CONICAL_SURFACE ( 'NONE', #1853, 0.9999999999999940048, 0.7853981633974447263 ) ;
#6846 = CARTESIAN_POINT ( 'NONE',  ( 5.911521335283087986, 4.499999999999999112, 23.54820870292009971 ) ) ;
#6847 = CARTESIAN_POINT ( 'NONE',  ( -8.944614340585321344, 4.000000000000001776, 25.55642439221706042 ) ) ;
#6848 = CIRCLE ( 'NONE', #164, 1.000000000000000888 ) ;
#6849 = CARTESIAN_POINT ( 'NONE',  ( 8.656623931623935064, 4.500000000000000888, 23.48089868274762537 ) ) ;
#6850 = UNCERTAINTY_MEASURE_WITH_UNIT (LENGTH_MEASURE( 1.000000000000000082E-05 ), #4272, 'distance_accuracy_value', 'NONE');
#6851 = DIRECTION ( 'NONE',  ( -0.000000000000000000, -1.000000000000000000, -0.000000000000000000 ) ) ;
#6852 = PLANE ( 'NONE',  #2989 ) ;
#6853 = DIRECTION ( 'NONE',  ( 0.000000000000000000, -8.269878933636750379E-13, 1.000000000000000000 ) ) ;
#6854 = CARTESIAN_POINT ( 'NONE',  ( -1.245482345234934618, 4.500000000000000888, 24.46845394324974521 ) ) ;
#6855 = CARTESIAN_POINT ( 'NONE',  ( 6.540357471959480584, 4.500000000000000888, 23.58832387262626895 ) ) ;
#6856 = CARTESIAN_POINT ( 'NONE',  ( 2.903632478632479863, 4.500000000000000888, 23.48089868274762182 ) ) ;
#6857 = VECTOR ( 'NONE', #431, 1000.000000000000000 ) ;
#6858 = EDGE_LOOP ( 'NONE', ( #5943, #4433, #1991 ) ) ;
#6859 = FACE_OUTER_BOUND ( 'NONE', #520, .T. ) ;
#6860 = AXIS2_PLACEMENT_3D ( 'NONE', #5840, #4804, #5900 ) ;
#6861 = CARTESIAN_POINT ( 'NONE',  ( -8.796525304680727686, 3.999999999999999112, 25.62371435569273359 ) ) ;
#6862 = ORIENTED_EDGE ( 'NONE', *, *, #3603, .F. ) ;
#6863 = CARTESIAN_POINT ( 'NONE',  ( 6.813708773187751255, 4.500000000000002665, 25.02010822166569071 ) ) ;
#6864 = LINE ( 'NONE', #5182, #190 ) ;
#6865 = CARTESIAN_POINT ( 'NONE',  ( 2.835796346977407012, 3.999999999999999112, 22.58334324113543801 ) ) ;
#6866 = VECTOR ( 'NONE', #646, 1000.000000000000000 ) ;
#6867 = CARTESIAN_POINT ( 'NONE',  ( -0.9767315831191729636, 4.500000000000000888, 25.37939423007210138 ) ) ;
#6868 = CARTESIAN_POINT ( 'NONE',  ( 6.559807300671367081, 4.500000000000000888, 22.98403156852398510 ) ) ;
#6869 = CARTESIAN_POINT ( 'NONE',  ( 0.8640473039203547811, 4.500000000000000888, 25.58129798973392965 ) ) ;
#6870 = CARTESIAN_POINT ( 'NONE',  ( 2.029756791458644294, 4.000000000000000000, 24.44593175506041405 ) ) ;
#6871 = EDGE_LOOP ( 'NONE', ( #4351, #557, #3266, #41 ) ) ;
#6872 = FACE_OUTER_BOUND ( 'NONE', #3467, .T. ) ;
#6873 = CARTESIAN_POINT ( 'NONE',  ( 1.959434878635765477E-16, 4.000000000000000000, -8.400000000000000355 ) ) ;
#6874 = CARTESIAN_POINT ( 'NONE',  ( 19.50000000000000355, 4.499999999999999112, 19.49999999999999645 ) ) ;
#6875 = DIRECTION ( 'NONE',  ( -0.000000000000000000, -1.000000000000000000, -0.000000000000000000 ) ) ;
#6876 = CARTESIAN_POINT ( 'NONE',  ( 0.09473132166294674639, 4.499999999999999112, 24.41217644627272421 ) ) ;
#6877 = ADVANCED_FACE ( 'NONE', ( #106 ), #804, .T. ) ;
#6878 = CARTESIAN_POINT ( 'NONE',  ( 1.561760248015180652, 4.499999999999999112, 21.25560852118048416 ) ) ;
#6879 = EDGE_CURVE ( 'NONE', #3864, #2377, #4166, .T. ) ;
#6880 = CARTESIAN_POINT ( 'NONE',  ( 5.274688993447731455, 4.500000000000000888, 22.92404526484313720 ) ) ;
#6881 = CARTESIAN_POINT ( 'NONE',  ( -9.353620009120264811, 4.500000000000000888, 25.24600727769450259 ) ) ;
#6882 = VECTOR ( 'NONE', #4179, 1000.000000000000000 ) ;
#6883 = CARTESIAN_POINT ( 'NONE',  ( 7.984141292735046136, 4.000000000000000000, 22.01381802035446711 ) ) ;
#6884 = CIRCLE ( 'NONE', #6310, 4.600000000000002309 ) ;
#6885 = DIRECTION ( 'NONE',  ( -0.000000000000000000, -1.000000000000000000, -0.000000000000000000 ) ) ;
#6886 = EDGE_LOOP ( 'NONE', ( #3761, #4579, #4982, #6925 ) ) ;
#6887 = DIRECTION ( 'NONE',  ( -0.4511465413988250406, 0.000000000000000000, -0.8924498855307664291 ) ) ;
#6888 = FACE_OUTER_BOUND ( 'NONE', #6210, .T. ) ;
#6889 = CARTESIAN_POINT ( 'NONE',  ( 2.099309842019033923, 4.500000000000000888, 22.78089819634744373 ) ) ;
#6890 = CARTESIAN_POINT ( 'NONE',  ( -7.299786324786322389, 4.000000000000000000, 21.36253596907242169 ) ) ;
#6891 = VERTEX_POINT ( 'NONE', #2546 ) ;
#6892 = VECTOR ( 'NONE', #1909, 1000.000000000000000 ) ;
#6893 = VERTEX_POINT ( 'NONE', #287 ) ;
#6894 = CARTESIAN_POINT ( 'NONE',  ( 8.568973114010725922, 4.499999999999999112, 21.38053348321520275 ) ) ;
#6895 = PLANE ( 'NONE',  #5745 ) ;
#6896 = CARTESIAN_POINT ( 'NONE',  ( 4.915786814508530611, 4.000000000000000000, 24.89701004282006025 ) ) ;
#6897 = ORIENTED_EDGE ( 'NONE', *, *, #3429, .F. ) ;
#6898 = B_SPLINE_CURVE_WITH_KNOTS ( 'NONE', 3,
 ( #2897, #3309, #4456, #639, #2752, #1759, #2328, #5442, #1276, #3914, #3841 ),
 .UNSPECIFIED., .F., .F.,
 ( 4, 1, 1, 1, 1, 1, 1, 1, 4 ),
 ( 0.000000000000000000, 0.1381137870618414365, 0.2684083835837758891, 0.3941909055405347084, 0.5170923452347711002, 0.6374931640526640964, 0.7570041724766218838, 0.8772941249553335430, 1.000000000000000000 ),
 .UNSPECIFIED. ) ;
#6899 = LINE ( 'NONE', #2489, #1295 ) ;
#6900 = LINE ( 'NONE', #3644, #615 ) ;
#6901 = CARTESIAN_POINT ( 'NONE',  ( 7.309830949473435702, 3.999999999999999112, 23.89502663644489289 ) ) ;
#6902 = VERTEX_POINT ( 'NONE', #886 ) ;
#6903 = ADVANCED_BREP_SHAPE_REPRESENTATION ( 'pcb-mural-board-holder-led', ( #6051, #1367, #4242 ), #2240 ) ;
#6904 = LINE ( 'NONE', #2460, #535 ) ;
#6905 = CARTESIAN_POINT ( 'NONE',  ( -6.322863247863244496, 4.500000000000000888, 25.59586930240574532 ) ) ;
#6906 = CARTESIAN_POINT ( 'NONE',  ( 1.436816179226117152, 4.499999999999999112, 25.70376288419777921 ) ) ;
#6907 = AXIS2_PLACEMENT_3D ( 'NONE', #1312, #921, #4700 ) ;
#6908 = CARTESIAN_POINT ( 'NONE',  ( 1.869955865010228147, 4.500000000000000888, 21.30930077504978470 ) ) ;
#6909 = AXIS2_PLACEMENT_3D ( 'NONE', #5554, #3421, #2858 ) ;
#6910 = ORIENTED_EDGE ( 'NONE', *, *, #6749, .T. ) ;
#6911 = CARTESIAN_POINT ( 'NONE',  ( -9.470726495726493610, 4.500000000000000888, 25.10486369343139401 ) ) ;
#6912 = CARTESIAN_POINT ( 'NONE',  ( 0.7050677830286968817, 4.499999999999999112, 21.47641234637067242 ) ) ;
#6913 = CARTESIAN_POINT ( 'NONE',  ( 4.144499593942790661, 4.000000000000000888, 25.62970012817013199 ) ) ;
#6914 = CARTESIAN_POINT ( 'NONE',  ( 0.9769588736027901010, 4.499999999999999112, 21.33111467115394433 ) ) ;
#6915 = CARTESIAN_POINT ( 'NONE',  ( 0.000000000000000000, 4.000000000000000000, 0.000000000000000000 ) ) ;
#6916 = ORIENTED_EDGE ( 'NONE', *, *, #2908, .F. ) ;
#6917 = PRODUCT_CONTEXT ( 'NONE', #3198, 'mechanical' ) ;
#6918 = SURFACE_STYLE_FILL_AREA ( #2582 ) ;
#6919 = COLOUR_RGB ( '',0.7921568627450980005, 0.8196078431372548767, 0.9333333333333333481 ) ;
#6920 = EDGE_CURVE ( 'NONE', #3342, #1872, #4560, .T. ) ;
#6921 = EDGE_CURVE ( 'NONE', #1665, #5066, #787, .T. ) ;
#6922 = CARTESIAN_POINT ( 'NONE',  ( 4.113523508140849216, 4.500000000000000888, 24.59456299534029000 ) ) ;
#6923 = ADVANCED_FACE ( 'NONE', ( #3592, #5768 ), #5627, .T. ) ;
#6924 = FACE_OUTER_BOUND ( 'NONE', #798, .T. ) ;
#6925 = ORIENTED_EDGE ( 'NONE', *, *, #1196, .T. ) ;
#6926 = CARTESIAN_POINT ( 'NONE',  ( 0.000000000000000000, 4.000000000000000000, -10.00000000000000000 ) ) ;
#6927 = CARTESIAN_POINT ( 'NONE',  ( 9.416078890647964883, 4.500000000000000888, 23.41332857484017538 ) ) ;
#6928 = CARTESIAN_POINT ( 'NONE',  ( 1.512610591538606108, 4.000000000000000000, 25.70377524983558359 ) ) ;
#6929 = DIRECTION ( 'NONE',  ( 0.000000000000000000, -1.000000000000000000, 0.000000000000000000 ) ) ;
#6930 = ORIENTED_EDGE ( 'NONE', *, *, #109, .F. ) ;
#6931 = ORIENTED_EDGE ( 'NONE', *, *, #4905, .F. ) ;
#6932 = EDGE_LOOP ( 'NONE', ( #4063, #688, #2080, #2257 ) ) ;
#6933 = CARTESIAN_POINT ( 'NONE',  ( 0.7883490895425910860, 3.999999999999999112, 23.38308087929095080 ) ) ;
#6934 = CARTESIAN_POINT ( 'NONE',  ( 2.029756791458644294, 4.000000000000001776, 24.44593175506041405 ) ) ;
#6935 = CARTESIAN_POINT ( 'NONE',  ( 8.256291878879897794, 4.500000000000000888, 22.09147355775840893 ) ) ;
#6936 = VERTEX_POINT ( 'NONE', #3457 ) ;
#6937 = CARTESIAN_POINT ( 'NONE',  ( 6.715669233304264019, 4.500000000000000888, 24.80708477985027116 ) ) ;
#6938 = DIRECTION ( 'NONE',  ( 0.000000000000000000, 0.000000000000000000, 1.000000000000000000 ) ) ;
#6939 = CARTESIAN_POINT ( 'NONE',  ( -8.200168772398839678, 4.000000000000000888, 24.91886595651153868 ) ) ;
#6940 = B_SPLINE_CURVE_WITH_KNOTS ( 'NONE', 3,
 ( #3129, #5459, #2197, #2574, #6912, #1510, #1180, #5291, #453, #4231, #1474 ),
 .UNSPECIFIED., .F., .F.,
 ( 4, 1, 1, 1, 1, 1, 1, 1, 4 ),
 ( 0.000000000000000000, 0.1323140339085643047, 0.2587000085531555027, 0.3809118214856546114, 0.5005348689728943423, 0.6209226176484484716, 0.7423757653984727201, 0.8682808341788564865, 1.000000000000000000 ),
 .UNSPECIFIED. ) ;
#6941 = CARTESIAN_POINT ( 'NONE',  ( -0.5166588395716115167, 4.000000000000000000, 24.66969030177810396 ) ) ;
#6942 = DIRECTION ( 'NONE',  ( 0.000000000000000000, 0.000000000000000000, -1.000000000000000000 ) ) ;
#6943 = CARTESIAN_POINT ( 'NONE',  ( 0.4793194680529171414, 4.499999999999999112, 25.28427818816853545 ) ) ;
#6944 = ORIENTED_EDGE ( 'NONE', *, *, #3376, .F. ) ;
#6945 = CARTESIAN_POINT ( 'NONE',  ( 1.770867811243734158, 4.499999999999999112, 21.28480221659676985 ) ) ;
#6946 = EDGE_LOOP ( 'NONE', ( #6127, #2498, #5393, #3674 ) ) ;
#6947 = ORIENTED_EDGE ( 'NONE', *, *, #5777, .T. ) ;
#6948 = DIRECTION ( 'NONE',  ( 0.000000000000000000, 0.000000000000000000, 1.000000000000000000 ) ) ;
#6949 = CARTESIAN_POINT ( 'NONE',  ( 20.50000000000000355, 4.499999999999999112, 19.49999999999999645 ) ) ;
#6950 = EDGE_LOOP ( 'NONE', ( #3276, #649, #6239, #5409 ) ) ;
#6951 = CARTESIAN_POINT ( 'NONE',  ( 3.823226384757564489, 3.999999999999998224, 25.47225833935340233 ) ) ;
#6952 = CARTESIAN_POINT ( 'NONE',  ( 1.474712873931625090, 4.500000000000000888, 25.70441631095275170 ) ) ;
#6953 = DIRECTION ( 'NONE',  ( -1.000000000000000000, 0.000000000000000000, 0.000000000000000000 ) ) ;
#6954 = CARTESIAN_POINT ( 'NONE',  ( -8.641357374462645069, 4.000000000000003553, 25.67025346290167676 ) ) ;
#6955 = CARTESIAN_POINT ( 'NONE',  ( -1.872500700577972133, 4.000000000000000888, 22.83755998255578135 ) ) ;
#6956 = CARTESIAN_POINT ( 'NONE',  ( 6.920516947292291832, 4.000000000000000000, 21.78400549577207101 ) ) ;
#6957 = VECTOR ( 'NONE', #1961, 1000.000000000000000 ) ;
#6958 = VECTOR ( 'NONE', #5543, 1000.000000000000000 ) ;
#6959 = CARTESIAN_POINT ( 'NONE',  ( 2.573024867725361986, 4.000000000000000000, 25.11039986585088002 ) ) ;
#6960 = DIRECTION ( 'NONE',  ( -0.000000000000000000, -1.000000000000000000, -0.000000000000000000 ) ) ;
#6961 = ORIENTED_EDGE ( 'NONE', *, *, #5646, .T. ) ;
#6962 = CARTESIAN_POINT ( 'NONE',  ( -1.265132659007193627, 4.499999999999999112, 24.53223885853339681 ) ) ;
#6963 = CARTESIAN_POINT ( 'NONE',  ( 2.386614281907655233, 4.499999999999999112, 25.35888116901129763 ) ) ;
#6964 = CARTESIAN_POINT ( 'NONE',  ( -2.309765858101034297, 4.500000000000000888, 24.72977232712458218 ) ) ;
#6965 = VERTEX_POINT ( 'NONE', #3068 ) ;
#6966 = ORIENTED_EDGE ( 'NONE', *, *, #6793, .F. ) ;
#6967 = CARTESIAN_POINT ( 'NONE',  ( 1.372887829125569059, 3.999999999999999112, 22.01848354652275930 ) ) ;
#6968 = CARTESIAN_POINT ( 'NONE',  ( 9.415263138270949739, 4.500000000000000888, 23.68224423056514283 ) ) ;
#6969 = CARTESIAN_POINT ( 'NONE',  ( 19.50000000000000355, 5.500000000000000000, 20.49999999999999645 ) ) ;
#6970 = EDGE_LOOP ( 'NONE', ( #3472, #6078, #5983, #4151 ) ) ;
#6971 = EDGE_CURVE ( 'NONE', #1438, #4281, #6775, .T. ) ;
#6972 = VECTOR ( 'NONE', #5809, 1000.000000000000000 ) ;
#6973 = CARTESIAN_POINT ( 'NONE',  ( 6.540357471959480584, 4.500000000000000888, 23.58832387262626895 ) ) ;
#6974 = DIRECTION ( 'NONE',  ( 1.000000000000000000, 0.000000000000000000, -0.000000000000000000 ) ) ;
#6975 = EDGE_CURVE ( 'NONE', #3333, #3342, #4049, .T. ) ;
#6976 = CARTESIAN_POINT ( 'NONE',  ( 7.486931384351131591, 3.999999999999999112, 24.63718520842033044 ) ) ;
#6977 = EDGE_CURVE ( 'NONE', #235, #5883, #2932, .T. ) ;
#6978 = VECTOR ( 'NONE', #2889, 1000.000000000000000 ) ;
#6979 = CARTESIAN_POINT ( 'NONE',  ( -7.409026432474091983, 4.500000000000000888, 25.13474016585519877 ) ) ;
#6980 = CARTESIAN_POINT ( 'NONE',  ( 1.857857386691965207, 4.500000000000000888, 22.19236491893299501 ) ) ;
#6981 = CARTESIAN_POINT ( 'NONE',  ( 0.6204694095416509736, 3.999999999999999112, 25.42445497820362732 ) ) ;
#6982 = ORIENTED_EDGE ( 'NONE', *, *, #2168, .T. ) ;
#6983 = CARTESIAN_POINT ( 'NONE',  ( 2.094825409703946928, 4.500000000000000888, 24.18143814742563436 ) ) ;
#6984 = ORIENTED_EDGE ( 'NONE', *, *, #7015, .F. ) ;
#6985 = CARTESIAN_POINT ( 'NONE',  ( 8.008524958983759490, 4.000000000000000000, 22.01481373781809481 ) ) ;
#6986 = CARTESIAN_POINT ( 'NONE',  ( 0.8179360346942544657, 4.500000000000002665, 22.87908637419468505 ) ) ;
#6987 = VERTEX_POINT ( 'NONE', #1378 ) ;
#6988 = DIRECTION ( 'NONE',  ( -0.000000000000000000, -1.000000000000000000, 0.000000000000000000 ) ) ;
#6989 = CARTESIAN_POINT ( 'NONE',  ( -4.488540887684353109, 4.499999999999999112, 21.45411248845567442 ) ) ;
#6990 = DIRECTION ( 'NONE',  ( -0.000000000000000000, -1.000000000000000000, -0.000000000000000000 ) ) ;
#6991 = CARTESIAN_POINT ( 'NONE',  ( -3.728846186962818443, 4.500000000000000888, 22.37812780176863114 ) ) ;
#6992 = LINE ( 'NONE', #3238, #1685 ) ;
#6993 = CARTESIAN_POINT ( 'NONE',  ( 4.826919321159948595, 4.000000000000000888, 23.59892538212781332 ) ) ;
#6994 = CARTESIAN_POINT ( 'NONE',  ( -9.470726495726493610, 4.500000000000000888, 25.10486369343139401 ) ) ;
#6995 = CARTESIAN_POINT ( 'NONE',  ( 2.452372023481253827, 4.000000000000000888, 25.28347534174718092 ) ) ;
#6996 = CARTESIAN_POINT ( 'NONE',  ( -0.7754743787082943873, 4.000000000000000000, 25.17151586295906185 ) ) ;
#6997 = EDGE_LOOP ( 'NONE', ( #5492, #192, #5637, #5144 ) ) ;
#6998 = CYLINDRICAL_SURFACE ( 'NONE', #6423, 1.600000000000001643 ) ;
#6999 = CARTESIAN_POINT ( 'NONE',  ( 2.893978863937610946, 4.000000000000000000, 23.87572366836100457 ) ) ;
#7000 = CARTESIAN_POINT ( 'NONE',  ( -0.7394418775869643357, 4.000000000000001776, 23.32244997179786594 ) ) ;
#7001 = EDGE_LOOP ( 'NONE', ( #5180, #3629, #4683, #2053 ) ) ;
#7002 = B_SPLINE_CURVE_WITH_KNOTS ( 'NONE', 3,
 ( #1639, #728, #656, #6650, #1778, #1708, #4891, #2771, #5424, #1673, #1260 ),
 .UNSPECIFIED., .F., .F.,
 ( 4, 1, 1, 1, 1, 1, 1, 1, 4 ),
 ( 0.000000000000000000, 0.1323140339085640826, 0.2587000085531552251, 0.3809118214856542228, 0.5005348689728940093, 0.6209226176484483606, 0.7423757653984724980, 0.8682808341788561535, 1.000000000000000000 ),
 .UNSPECIFIED. ) ;
#7003 = VECTOR ( 'NONE', #5782, 1000.000000000000000 ) ;
#7004 = ORIENTED_EDGE ( 'NONE', *, *, #5042, .F. ) ;
#7005 = AXIS2_PLACEMENT_3D ( 'NONE', #1914, #6148, #6723 ) ;
#7006 = DIRECTION ( 'NONE',  ( 0.000000000000000000, 0.000000000000000000, -1.000000000000000000 ) ) ;
#7007 = CARTESIAN_POINT ( 'NONE',  ( 8.754539812256235010, 4.500000000000000888, 25.48500050962670116 ) ) ;
#7008 = CARTESIAN_POINT ( 'NONE',  ( -6.322863247863244496, 4.000000000000000000, 21.36253596907241459 ) ) ;
#7009 = ORIENTED_EDGE ( 'NONE', *, *, #2908, .T. ) ;
#7010 = VECTOR ( 'NONE', #4703, 1000.000000000000000 ) ;
#7011 = CARTESIAN_POINT ( 'NONE',  ( -4.518751229425275184, 4.500000000000000888, 22.75589270529710006 ) ) ;
#7012 = CARTESIAN_POINT ( 'NONE',  ( -1.823594690685578001, 4.500000000000000888, 23.58856714766718099 ) ) ;
#7013 = CARTESIAN_POINT ( 'NONE',  ( 5.291258273381883370, 3.999999999999999112, 24.28230559511219866 ) ) ;
#7014 = CARTESIAN_POINT ( 'NONE',  ( 4.684542051403539631, 4.500000000000000888, 25.70306412226662829 ) ) ;
#7015 = EDGE_CURVE ( 'NONE', #5947, #286, #3905, .T. ) ;
#7016 = VECTOR ( 'NONE', #3775, 1000.000000000000000 ) ;
#7017 = ADVANCED_FACE ( 'NONE', ( #4968 ), #6583, .F. ) ;
#7018 = LINE ( 'NONE', #4324, #1089 ) ;
#7019 = CARTESIAN_POINT ( 'NONE',  ( -4.478425951149513473, 4.000000000000001776, 22.53242142451610519 ) ) ;
#7020 = DIRECTION ( 'NONE',  ( 0.000000000000000000, 0.000000000000000000, 1.000000000000000000 ) ) ;
#7021 = CARTESIAN_POINT ( 'NONE',  ( 2.379905618907059761, 4.000000000000004441, 21.61037818605249328 ) ) ;
#7022 = ORIENTED_EDGE ( 'NONE', *, *, #5258, .T. ) ;
#7023 = CARTESIAN_POINT ( 'NONE',  ( 6.992139980873431249, 4.000000000000000000, 25.28427818816854256 ) ) ;
#7024 = ORIENTED_EDGE ( 'NONE', *, *, #22, .T. ) ;
#7025 = CARTESIAN_POINT ( 'NONE',  ( 19.50000000000000355, 4.499999999999999112, -20.49999999999999645 ) ) ;
#7026 = CARTESIAN_POINT ( 'NONE',  ( -5.437526709401705460, 4.500000000000000888, 21.36253596907241459 ) ) ;
#7027 = PLANE ( 'NONE',  #5023 ) ;
#7028 = CARTESIAN_POINT ( 'NONE',  ( 6.048019858652821767, 4.500000000000000888, 24.08312824301877342 ) ) ;
ENDSEC;
END-ISO-10303-21;
