ISO-10303-21;
HEADER;
FILE_DESCRIPTION(('KiCad electronic assembly'),'2;1');
FILE_NAME('flashlight-led.step','2025-04-22T20:30:21',('Pcbnew'),(
    'Kicad'),'Open CASCADE STEP processor 7.8','KiCad to STEP converter'
  ,'Unknown');
FILE_SCHEMA(('AUTOMOTIVE_DESIGN { 1 0 10303 214 1 1 1 1 }'));
ENDSEC;
DATA;
#1 = APPLICATION_PROTOCOL_DEFINITION('international standard',
  'automotive_design',2000,#2);
#2 = APPLICATION_CONTEXT(
  'core data for automotive mechanical design processes');
#3 = SHAPE_DEFINITION_REPRESENTATION(#4,#10);
#4 = PRODUCT_DEFINITION_SHAPE('','',#5);
#5 = PRODUCT_DEFINITION('design','',#6,#9);
#6 = PRODUCT_DEFINITION_FORMATION('','',#7);
#7 = PRODUCT('flashlight-led 1','flashlight-led 1','',(#8));
#8 = PRODUCT_CONTEXT('',#2,'mechanical');
#9 = PRODUCT_DEFINITION_CONTEXT('part definition',#2,'design');
#10 = SHAPE_REPRESENTATION('',(#11,#15,#19,#23,#27,#31,#35,#39,#43,#47,
    #51,#55,#59,#63,#67,#71,#75,#79,#83,#87,#91,#95,#99,#103,#107,#111),
  #115);
#11 = AXIS2_PLACEMENT_3D('',#12,#13,#14);
#12 = CARTESIAN_POINT('',(0.,0.,0.));
#13 = DIRECTION('',(0.,0.,1.));
#14 = DIRECTION('',(1.,0.,-0.));
#15 = AXIS2_PLACEMENT_3D('',#16,#17,#18);
#16 = CARTESIAN_POINT('',(0.,8.5,1.65));
#17 = DIRECTION('',(-0.,0.,1.));
#18 = DIRECTION('',(1.110223024625E-16,-1.,0.));
#19 = AXIS2_PLACEMENT_3D('',#20,#21,#22);
#20 = CARTESIAN_POINT('',(-7.36,-4.25,1.65));
#21 = DIRECTION('',(0.,0.,1.));
#22 = DIRECTION('',(-0.866025403784,-0.5,0.));
#23 = AXIS2_PLACEMENT_3D('',#24,#25,#26);
#24 = CARTESIAN_POINT('',(7.36,-4.25,1.65));
#25 = DIRECTION('',(0.,0.,1.));
#26 = DIRECTION('',(-0.866025403784,0.5,0.));
#27 = AXIS2_PLACEMENT_3D('',#28,#29,#30);
#28 = CARTESIAN_POINT('',(0.,0.,0.));
#29 = DIRECTION('',(0.,0.,1.));
#30 = DIRECTION('',(1.,0.,-0.));
#31 = AXIS2_PLACEMENT_3D('',#32,#33,#34);
#32 = CARTESIAN_POINT('',(0.,0.,0.));
#33 = DIRECTION('',(0.,0.,1.));
#34 = DIRECTION('',(1.,0.,-0.));
#35 = AXIS2_PLACEMENT_3D('',#36,#37,#38);
#36 = CARTESIAN_POINT('',(0.,0.,0.));
#37 = DIRECTION('',(0.,0.,1.));
#38 = DIRECTION('',(1.,0.,-0.));
#39 = AXIS2_PLACEMENT_3D('',#40,#41,#42);
#40 = CARTESIAN_POINT('',(0.,0.,0.));
#41 = DIRECTION('',(0.,0.,1.));
#42 = DIRECTION('',(1.,0.,-0.));
#43 = AXIS2_PLACEMENT_3D('',#44,#45,#46);
#44 = CARTESIAN_POINT('',(0.,0.,0.));
#45 = DIRECTION('',(0.,0.,1.));
#46 = DIRECTION('',(1.,0.,-0.));
#47 = AXIS2_PLACEMENT_3D('',#48,#49,#50);
#48 = CARTESIAN_POINT('',(0.,0.,0.));
#49 = DIRECTION('',(0.,0.,1.));
#50 = DIRECTION('',(1.,0.,-0.));
#51 = AXIS2_PLACEMENT_3D('',#52,#53,#54);
#52 = CARTESIAN_POINT('',(0.,0.,0.));
#53 = DIRECTION('',(0.,0.,1.));
#54 = DIRECTION('',(1.,0.,-0.));
#55 = AXIS2_PLACEMENT_3D('',#56,#57,#58);
#56 = CARTESIAN_POINT('',(0.,0.,0.));
#57 = DIRECTION('',(0.,0.,1.));
#58 = DIRECTION('',(1.,0.,-0.));
#59 = AXIS2_PLACEMENT_3D('',#60,#61,#62);
#60 = CARTESIAN_POINT('',(0.,0.,0.));
#61 = DIRECTION('',(0.,0.,1.));
#62 = DIRECTION('',(1.,0.,-0.));
#63 = AXIS2_PLACEMENT_3D('',#64,#65,#66);
#64 = CARTESIAN_POINT('',(0.,0.,0.));
#65 = DIRECTION('',(0.,0.,1.));
#66 = DIRECTION('',(1.,0.,-0.));
#67 = AXIS2_PLACEMENT_3D('',#68,#69,#70);
#68 = CARTESIAN_POINT('',(0.,0.,0.));
#69 = DIRECTION('',(0.,0.,1.));
#70 = DIRECTION('',(1.,0.,-0.));
#71 = AXIS2_PLACEMENT_3D('',#72,#73,#74);
#72 = CARTESIAN_POINT('',(0.,0.,0.));
#73 = DIRECTION('',(0.,0.,1.));
#74 = DIRECTION('',(1.,0.,-0.));
#75 = AXIS2_PLACEMENT_3D('',#76,#77,#78);
#76 = CARTESIAN_POINT('',(0.,0.,0.));
#77 = DIRECTION('',(0.,0.,1.));
#78 = DIRECTION('',(1.,0.,-0.));
#79 = AXIS2_PLACEMENT_3D('',#80,#81,#82);
#80 = CARTESIAN_POINT('',(0.,0.,0.));
#81 = DIRECTION('',(0.,0.,1.));
#82 = DIRECTION('',(1.,0.,-0.));
#83 = AXIS2_PLACEMENT_3D('',#84,#85,#86);
#84 = CARTESIAN_POINT('',(0.,0.,0.));
#85 = DIRECTION('',(0.,0.,1.));
#86 = DIRECTION('',(1.,0.,-0.));
#87 = AXIS2_PLACEMENT_3D('',#88,#89,#90);
#88 = CARTESIAN_POINT('',(0.,0.,0.));
#89 = DIRECTION('',(0.,0.,1.));
#90 = DIRECTION('',(1.,0.,-0.));
#91 = AXIS2_PLACEMENT_3D('',#92,#93,#94);
#92 = CARTESIAN_POINT('',(0.,0.,0.));
#93 = DIRECTION('',(0.,0.,1.));
#94 = DIRECTION('',(1.,0.,-0.));
#95 = AXIS2_PLACEMENT_3D('',#96,#97,#98);
#96 = CARTESIAN_POINT('',(0.,0.,0.));
#97 = DIRECTION('',(0.,0.,1.));
#98 = DIRECTION('',(1.,0.,-0.));
#99 = AXIS2_PLACEMENT_3D('',#100,#101,#102);
#100 = CARTESIAN_POINT('',(0.,0.,0.));
#101 = DIRECTION('',(0.,0.,1.));
#102 = DIRECTION('',(1.,0.,-0.));
#103 = AXIS2_PLACEMENT_3D('',#104,#105,#106);
#104 = CARTESIAN_POINT('',(0.,0.,0.));
#105 = DIRECTION('',(0.,0.,1.));
#106 = DIRECTION('',(1.,0.,-0.));
#107 = AXIS2_PLACEMENT_3D('',#108,#109,#110);
#108 = CARTESIAN_POINT('',(0.,0.,0.));
#109 = DIRECTION('',(0.,0.,1.));
#110 = DIRECTION('',(1.,0.,-0.));
#111 = AXIS2_PLACEMENT_3D('',#112,#113,#114);
#112 = CARTESIAN_POINT('',(0.,0.,0.));
#113 = DIRECTION('',(0.,0.,1.));
#114 = DIRECTION('',(1.,0.,-0.));
#115 = ( GEOMETRIC_REPRESENTATION_CONTEXT(3) 
GLOBAL_UNCERTAINTY_ASSIGNED_CONTEXT((#119)) GLOBAL_UNIT_ASSIGNED_CONTEXT
((#116,#117,#118)) REPRESENTATION_CONTEXT('Context #1',
  '3D Context with UNIT and UNCERTAINTY') );
#116 = ( LENGTH_UNIT() NAMED_UNIT(*) SI_UNIT(.MILLI.,.METRE.) );
#117 = ( NAMED_UNIT(*) PLANE_ANGLE_UNIT() SI_UNIT($,.RADIAN.) );
#118 = ( NAMED_UNIT(*) SI_UNIT($,.STERADIAN.) SOLID_ANGLE_UNIT() );
#119 = UNCERTAINTY_MEASURE_WITH_UNIT(LENGTH_MEASURE(1.E-07),#116,
  'distance_accuracy_value','confusion accuracy');
#120 = PRODUCT_RELATED_PRODUCT_CATEGORY('part',$,(#7));
#121 = SHAPE_DEFINITION_REPRESENTATION(#122,#128);
#122 = PRODUCT_DEFINITION_SHAPE('','',#123);
#123 = PRODUCT_DEFINITION('design','',#124,#127);
#124 = PRODUCT_DEFINITION_FORMATION('','',#125);
#125 = PRODUCT('JR5050CWT-E-B30EB0000-N0000001',
  'JR5050CWT-E-B30EB0000-N0000001','',(#126));
#126 = PRODUCT_CONTEXT('',#2,'mechanical');
#127 = PRODUCT_DEFINITION_CONTEXT('part definition',#2,'design');
#128 = SHAPE_REPRESENTATION('',(#11,#129),#133);
#129 = AXIS2_PLACEMENT_3D('',#130,#131,#132);
#130 = CARTESIAN_POINT('',(0.,0.,0.));
#131 = DIRECTION('',(0.,0.,1.));
#132 = DIRECTION('',(1.,0.,-0.));
#133 = ( GEOMETRIC_REPRESENTATION_CONTEXT(3) 
GLOBAL_UNCERTAINTY_ASSIGNED_CONTEXT((#137)) GLOBAL_UNIT_ASSIGNED_CONTEXT
((#134,#135,#136)) REPRESENTATION_CONTEXT('Context #1',
  '3D Context with UNIT and UNCERTAINTY') );
#134 = ( LENGTH_UNIT() NAMED_UNIT(*) SI_UNIT(.MILLI.,.METRE.) );
#135 = ( NAMED_UNIT(*) PLANE_ANGLE_UNIT() SI_UNIT($,.RADIAN.) );
#136 = ( NAMED_UNIT(*) SI_UNIT($,.STERADIAN.) SOLID_ANGLE_UNIT() );
#137 = UNCERTAINTY_MEASURE_WITH_UNIT(LENGTH_MEASURE(1.E-07),#134,
  'distance_accuracy_value','confusion accuracy');
#138 = CONTEXT_DEPENDENT_SHAPE_REPRESENTATION(#139,#141);
#139 = ( REPRESENTATION_RELATIONSHIP('','',#128,#10) 
REPRESENTATION_RELATIONSHIP_WITH_TRANSFORMATION(#140) 
SHAPE_REPRESENTATION_RELATIONSHIP() );
#140 = ITEM_DEFINED_TRANSFORMATION('','',#11,#15);
#141 = PRODUCT_DEFINITION_SHAPE('Placement','Placement of an item',#142
  );
#142 = NEXT_ASSEMBLY_USAGE_OCCURRENCE('2','D1','',#5,#123,$);
#143 = PRODUCT_RELATED_PRODUCT_CATEGORY('part',$,(#125));
#144 = SHAPE_DEFINITION_REPRESENTATION(#145,#151);
#145 = PRODUCT_DEFINITION_SHAPE('','',#146);
#146 = PRODUCT_DEFINITION('design','',#147,#150);
#147 = PRODUCT_DEFINITION_FORMATION('','',#148);
#148 = PRODUCT('ASSEMBLY','ASSEMBLY','',(#149));
#149 = PRODUCT_CONTEXT('',#2,'mechanical');
#150 = PRODUCT_DEFINITION_CONTEXT('part definition',#2,'design');
#151 = SHAPE_REPRESENTATION('',(#11,#152,#302,#452,#602),#752);
#152 = MANIFOLD_SOLID_BREP('',#153);
#153 = CLOSED_SHELL('',(#154,#194,#225,#256,#278,#290));
#154 = ADVANCED_FACE('',(#155),#189,.T.);
#155 = FACE_BOUND('',#156,.T.);
#156 = EDGE_LOOP('',(#157,#167,#175,#183));
#157 = ORIENTED_EDGE('',*,*,#158,.T.);
#158 = EDGE_CURVE('',#159,#161,#163,.T.);
#159 = VERTEX_POINT('',#160);
#160 = CARTESIAN_POINT('',(-2.6,2.5,0.1));
#161 = VERTEX_POINT('',#162);
#162 = CARTESIAN_POINT('',(-2.6,2.5,1.05));
#163 = LINE('',#164,#165);
#164 = CARTESIAN_POINT('',(-2.6,2.5,0.1));
#165 = VECTOR('',#166,1.);
#166 = DIRECTION('',(0.,0.,1.));
#167 = ORIENTED_EDGE('',*,*,#168,.T.);
#168 = EDGE_CURVE('',#161,#169,#171,.T.);
#169 = VERTEX_POINT('',#170);
#170 = CARTESIAN_POINT('',(2.6,2.5,1.05));
#171 = LINE('',#172,#173);
#172 = CARTESIAN_POINT('',(-2.6,2.5,1.05));
#173 = VECTOR('',#174,1.);
#174 = DIRECTION('',(1.,0.,0.));
#175 = ORIENTED_EDGE('',*,*,#176,.F.);
#176 = EDGE_CURVE('',#177,#169,#179,.T.);
#177 = VERTEX_POINT('',#178);
#178 = CARTESIAN_POINT('',(2.6,2.5,0.1));
#179 = LINE('',#180,#181);
#180 = CARTESIAN_POINT('',(2.6,2.5,0.1));
#181 = VECTOR('',#182,1.);
#182 = DIRECTION('',(0.,0.,1.));
#183 = ORIENTED_EDGE('',*,*,#184,.F.);
#184 = EDGE_CURVE('',#159,#177,#185,.T.);
#185 = LINE('',#186,#187);
#186 = CARTESIAN_POINT('',(-2.6,2.5,0.1));
#187 = VECTOR('',#188,1.);
#188 = DIRECTION('',(1.,0.,0.));
#189 = PLANE('',#190);
#190 = AXIS2_PLACEMENT_3D('',#191,#192,#193);
#191 = CARTESIAN_POINT('',(-2.6,2.5,0.1));
#192 = DIRECTION('',(0.,1.,0.));
#193 = DIRECTION('',(1.,0.,0.));
#194 = ADVANCED_FACE('',(#195),#220,.T.);
#195 = FACE_BOUND('',#196,.T.);
#196 = EDGE_LOOP('',(#197,#198,#206,#214));
#197 = ORIENTED_EDGE('',*,*,#176,.T.);
#198 = ORIENTED_EDGE('',*,*,#199,.T.);
#199 = EDGE_CURVE('',#169,#200,#202,.T.);
#200 = VERTEX_POINT('',#201);
#201 = CARTESIAN_POINT('',(2.6,-2.5,1.05));
#202 = LINE('',#203,#204);
#203 = CARTESIAN_POINT('',(2.6,2.5,1.05));
#204 = VECTOR('',#205,1.);
#205 = DIRECTION('',(0.,-1.,0.));
#206 = ORIENTED_EDGE('',*,*,#207,.F.);
#207 = EDGE_CURVE('',#208,#200,#210,.T.);
#208 = VERTEX_POINT('',#209);
#209 = CARTESIAN_POINT('',(2.6,-2.5,0.1));
#210 = LINE('',#211,#212);
#211 = CARTESIAN_POINT('',(2.6,-2.5,0.1));
#212 = VECTOR('',#213,1.);
#213 = DIRECTION('',(0.,0.,1.));
#214 = ORIENTED_EDGE('',*,*,#215,.F.);
#215 = EDGE_CURVE('',#177,#208,#216,.T.);
#216 = LINE('',#217,#218);
#217 = CARTESIAN_POINT('',(2.6,2.5,0.1));
#218 = VECTOR('',#219,1.);
#219 = DIRECTION('',(0.,-1.,0.));
#220 = PLANE('',#221);
#221 = AXIS2_PLACEMENT_3D('',#222,#223,#224);
#222 = CARTESIAN_POINT('',(2.6,2.5,0.1));
#223 = DIRECTION('',(1.,0.,0.));
#224 = DIRECTION('',(0.,-1.,0.));
#225 = ADVANCED_FACE('',(#226),#251,.T.);
#226 = FACE_BOUND('',#227,.T.);
#227 = EDGE_LOOP('',(#228,#229,#237,#245));
#228 = ORIENTED_EDGE('',*,*,#207,.T.);
#229 = ORIENTED_EDGE('',*,*,#230,.T.);
#230 = EDGE_CURVE('',#200,#231,#233,.T.);
#231 = VERTEX_POINT('',#232);
#232 = CARTESIAN_POINT('',(-2.6,-2.5,1.05));
#233 = LINE('',#234,#235);
#234 = CARTESIAN_POINT('',(2.6,-2.5,1.05));
#235 = VECTOR('',#236,1.);
#236 = DIRECTION('',(-1.,0.,0.));
#237 = ORIENTED_EDGE('',*,*,#238,.F.);
#238 = EDGE_CURVE('',#239,#231,#241,.T.);
#239 = VERTEX_POINT('',#240);
#240 = CARTESIAN_POINT('',(-2.6,-2.5,0.1));
#241 = LINE('',#242,#243);
#242 = CARTESIAN_POINT('',(-2.6,-2.5,0.1));
#243 = VECTOR('',#244,1.);
#244 = DIRECTION('',(0.,0.,1.));
#245 = ORIENTED_EDGE('',*,*,#246,.F.);
#246 = EDGE_CURVE('',#208,#239,#247,.T.);
#247 = LINE('',#248,#249);
#248 = CARTESIAN_POINT('',(2.6,-2.5,0.1));
#249 = VECTOR('',#250,1.);
#250 = DIRECTION('',(-1.,0.,0.));
#251 = PLANE('',#252);
#252 = AXIS2_PLACEMENT_3D('',#253,#254,#255);
#253 = CARTESIAN_POINT('',(2.6,-2.5,0.1));
#254 = DIRECTION('',(0.,-1.,0.));
#255 = DIRECTION('',(-1.,0.,0.));
#256 = ADVANCED_FACE('',(#257),#273,.T.);
#257 = FACE_BOUND('',#258,.T.);
#258 = EDGE_LOOP('',(#259,#260,#266,#267));
#259 = ORIENTED_EDGE('',*,*,#238,.T.);
#260 = ORIENTED_EDGE('',*,*,#261,.T.);
#261 = EDGE_CURVE('',#231,#161,#262,.T.);
#262 = LINE('',#263,#264);
#263 = CARTESIAN_POINT('',(-2.6,-2.5,1.05));
#264 = VECTOR('',#265,1.);
#265 = DIRECTION('',(0.,1.,0.));
#266 = ORIENTED_EDGE('',*,*,#158,.F.);
#267 = ORIENTED_EDGE('',*,*,#268,.F.);
#268 = EDGE_CURVE('',#239,#159,#269,.T.);
#269 = LINE('',#270,#271);
#270 = CARTESIAN_POINT('',(-2.6,-2.5,0.1));
#271 = VECTOR('',#272,1.);
#272 = DIRECTION('',(0.,1.,0.));
#273 = PLANE('',#274);
#274 = AXIS2_PLACEMENT_3D('',#275,#276,#277);
#275 = CARTESIAN_POINT('',(-2.6,-2.5,0.1));
#276 = DIRECTION('',(-1.,0.,0.));
#277 = DIRECTION('',(0.,1.,0.));
#278 = ADVANCED_FACE('',(#279),#285,.T.);
#279 = FACE_BOUND('',#280,.T.);
#280 = EDGE_LOOP('',(#281,#282,#283,#284));
#281 = ORIENTED_EDGE('',*,*,#184,.T.);
#282 = ORIENTED_EDGE('',*,*,#215,.T.);
#283 = ORIENTED_EDGE('',*,*,#246,.T.);
#284 = ORIENTED_EDGE('',*,*,#268,.T.);
#285 = PLANE('',#286);
#286 = AXIS2_PLACEMENT_3D('',#287,#288,#289);
#287 = CARTESIAN_POINT('',(0.,0.,0.1));
#288 = DIRECTION('',(-0.,-0.,-1.));
#289 = DIRECTION('',(-1.,0.,0.));
#290 = ADVANCED_FACE('',(#291),#297,.F.);
#291 = FACE_BOUND('',#292,.F.);
#292 = EDGE_LOOP('',(#293,#294,#295,#296));
#293 = ORIENTED_EDGE('',*,*,#168,.T.);
#294 = ORIENTED_EDGE('',*,*,#199,.T.);
#295 = ORIENTED_EDGE('',*,*,#230,.T.);
#296 = ORIENTED_EDGE('',*,*,#261,.T.);
#297 = PLANE('',#298);
#298 = AXIS2_PLACEMENT_3D('',#299,#300,#301);
#299 = CARTESIAN_POINT('',(0.,0.,1.05));
#300 = DIRECTION('',(-0.,-0.,-1.));
#301 = DIRECTION('',(-1.,0.,0.));
#302 = MANIFOLD_SOLID_BREP('',#303);
#303 = CLOSED_SHELL('',(#304,#344,#384,#406,#428,#440));
#304 = ADVANCED_FACE('',(#305),#339,.F.);
#305 = FACE_BOUND('',#306,.F.);
#306 = EDGE_LOOP('',(#307,#317,#325,#333));
#307 = ORIENTED_EDGE('',*,*,#308,.F.);
#308 = EDGE_CURVE('',#309,#311,#313,.T.);
#309 = VERTEX_POINT('',#310);
#310 = CARTESIAN_POINT('',(-2.4275,-2.0575,0.));
#311 = VERTEX_POINT('',#312);
#312 = CARTESIAN_POINT('',(-2.4275,-2.0575,0.1));
#313 = LINE('',#314,#315);
#314 = CARTESIAN_POINT('',(-2.4275,-2.0575,0.));
#315 = VECTOR('',#316,1.);
#316 = DIRECTION('',(0.,0.,1.));
#317 = ORIENTED_EDGE('',*,*,#318,.T.);
#318 = EDGE_CURVE('',#309,#319,#321,.T.);
#319 = VERTEX_POINT('',#320);
#320 = CARTESIAN_POINT('',(-2.4275,2.0575,0.));
#321 = LINE('',#322,#323);
#322 = CARTESIAN_POINT('',(-2.4275,-2.0575,0.));
#323 = VECTOR('',#324,1.);
#324 = DIRECTION('',(0.,1.,0.));
#325 = ORIENTED_EDGE('',*,*,#326,.T.);
#326 = EDGE_CURVE('',#319,#327,#329,.T.);
#327 = VERTEX_POINT('',#328);
#328 = CARTESIAN_POINT('',(-2.4275,2.0575,0.1));
#329 = LINE('',#330,#331);
#330 = CARTESIAN_POINT('',(-2.4275,2.0575,0.));
#331 = VECTOR('',#332,1.);
#332 = DIRECTION('',(0.,0.,1.));
#333 = ORIENTED_EDGE('',*,*,#334,.F.);
#334 = EDGE_CURVE('',#311,#327,#335,.T.);
#335 = LINE('',#336,#337);
#336 = CARTESIAN_POINT('',(-2.4275,-2.0575,0.1));
#337 = VECTOR('',#338,1.);
#338 = DIRECTION('',(0.,1.,0.));
#339 = PLANE('',#340);
#340 = AXIS2_PLACEMENT_3D('',#341,#342,#343);
#341 = CARTESIAN_POINT('',(-2.4275,-2.0575,0.));
#342 = DIRECTION('',(1.,0.,0.));
#343 = DIRECTION('',(0.,0.,1.));
#344 = ADVANCED_FACE('',(#345),#379,.T.);
#345 = FACE_BOUND('',#346,.T.);
#346 = EDGE_LOOP('',(#347,#357,#365,#373));
#347 = ORIENTED_EDGE('',*,*,#348,.F.);
#348 = EDGE_CURVE('',#349,#351,#353,.T.);
#349 = VERTEX_POINT('',#350);
#350 = CARTESIAN_POINT('',(-1.0475,-2.0575,0.));
#351 = VERTEX_POINT('',#352);
#352 = CARTESIAN_POINT('',(-1.0475,-2.0575,0.1));
#353 = LINE('',#354,#355);
#354 = CARTESIAN_POINT('',(-1.0475,-2.0575,0.));
#355 = VECTOR('',#356,1.);
#356 = DIRECTION('',(0.,0.,1.));
#357 = ORIENTED_EDGE('',*,*,#358,.T.);
#358 = EDGE_CURVE('',#349,#359,#361,.T.);
#359 = VERTEX_POINT('',#360);
#360 = CARTESIAN_POINT('',(-1.0475,2.0575,0.));
#361 = LINE('',#362,#363);
#362 = CARTESIAN_POINT('',(-1.0475,-2.0575,0.));
#363 = VECTOR('',#364,1.);
#364 = DIRECTION('',(0.,1.,0.));
#365 = ORIENTED_EDGE('',*,*,#366,.T.);
#366 = EDGE_CURVE('',#359,#367,#369,.T.);
#367 = VERTEX_POINT('',#368);
#368 = CARTESIAN_POINT('',(-1.0475,2.0575,0.1));
#369 = LINE('',#370,#371);
#370 = CARTESIAN_POINT('',(-1.0475,2.0575,0.));
#371 = VECTOR('',#372,1.);
#372 = DIRECTION('',(0.,0.,1.));
#373 = ORIENTED_EDGE('',*,*,#374,.F.);
#374 = EDGE_CURVE('',#351,#367,#375,.T.);
#375 = LINE('',#376,#377);
#376 = CARTESIAN_POINT('',(-1.0475,-2.0575,0.1));
#377 = VECTOR('',#378,1.);
#378 = DIRECTION('',(0.,1.,0.));
#379 = PLANE('',#380);
#380 = AXIS2_PLACEMENT_3D('',#381,#382,#383);
#381 = CARTESIAN_POINT('',(-1.0475,-2.0575,0.));
#382 = DIRECTION('',(1.,0.,0.));
#383 = DIRECTION('',(0.,0.,1.));
#384 = ADVANCED_FACE('',(#385),#401,.F.);
#385 = FACE_BOUND('',#386,.F.);
#386 = EDGE_LOOP('',(#387,#393,#394,#400));
#387 = ORIENTED_EDGE('',*,*,#388,.F.);
#388 = EDGE_CURVE('',#309,#349,#389,.T.);
#389 = LINE('',#390,#391);
#390 = CARTESIAN_POINT('',(-2.4275,-2.0575,0.));
#391 = VECTOR('',#392,1.);
#392 = DIRECTION('',(1.,0.,0.));
#393 = ORIENTED_EDGE('',*,*,#308,.T.);
#394 = ORIENTED_EDGE('',*,*,#395,.T.);
#395 = EDGE_CURVE('',#311,#351,#396,.T.);
#396 = LINE('',#397,#398);
#397 = CARTESIAN_POINT('',(-2.4275,-2.0575,0.1));
#398 = VECTOR('',#399,1.);
#399 = DIRECTION('',(1.,0.,0.));
#400 = ORIENTED_EDGE('',*,*,#348,.F.);
#401 = PLANE('',#402);
#402 = AXIS2_PLACEMENT_3D('',#403,#404,#405);
#403 = CARTESIAN_POINT('',(-2.4275,-2.0575,0.));
#404 = DIRECTION('',(0.,1.,0.));
#405 = DIRECTION('',(0.,0.,1.));
#406 = ADVANCED_FACE('',(#407),#423,.T.);
#407 = FACE_BOUND('',#408,.T.);
#408 = EDGE_LOOP('',(#409,#415,#416,#422));
#409 = ORIENTED_EDGE('',*,*,#410,.F.);
#410 = EDGE_CURVE('',#319,#359,#411,.T.);
#411 = LINE('',#412,#413);
#412 = CARTESIAN_POINT('',(-2.4275,2.0575,0.));
#413 = VECTOR('',#414,1.);
#414 = DIRECTION('',(1.,0.,0.));
#415 = ORIENTED_EDGE('',*,*,#326,.T.);
#416 = ORIENTED_EDGE('',*,*,#417,.T.);
#417 = EDGE_CURVE('',#327,#367,#418,.T.);
#418 = LINE('',#419,#420);
#419 = CARTESIAN_POINT('',(-2.4275,2.0575,0.1));
#420 = VECTOR('',#421,1.);
#421 = DIRECTION('',(1.,0.,0.));
#422 = ORIENTED_EDGE('',*,*,#366,.F.);
#423 = PLANE('',#424);
#424 = AXIS2_PLACEMENT_3D('',#425,#426,#427);
#425 = CARTESIAN_POINT('',(-2.4275,2.0575,0.));
#426 = DIRECTION('',(0.,1.,0.));
#427 = DIRECTION('',(0.,0.,1.));
#428 = ADVANCED_FACE('',(#429),#435,.F.);
#429 = FACE_BOUND('',#430,.F.);
#430 = EDGE_LOOP('',(#431,#432,#433,#434));
#431 = ORIENTED_EDGE('',*,*,#318,.F.);
#432 = ORIENTED_EDGE('',*,*,#388,.T.);
#433 = ORIENTED_EDGE('',*,*,#358,.T.);
#434 = ORIENTED_EDGE('',*,*,#410,.F.);
#435 = PLANE('',#436);
#436 = AXIS2_PLACEMENT_3D('',#437,#438,#439);
#437 = CARTESIAN_POINT('',(-2.4275,-2.0575,0.));
#438 = DIRECTION('',(0.,0.,1.));
#439 = DIRECTION('',(1.,0.,0.));
#440 = ADVANCED_FACE('',(#441),#447,.T.);
#441 = FACE_BOUND('',#442,.T.);
#442 = EDGE_LOOP('',(#443,#444,#445,#446));
#443 = ORIENTED_EDGE('',*,*,#334,.F.);
#444 = ORIENTED_EDGE('',*,*,#395,.T.);
#445 = ORIENTED_EDGE('',*,*,#374,.T.);
#446 = ORIENTED_EDGE('',*,*,#417,.F.);
#447 = PLANE('',#448);
#448 = AXIS2_PLACEMENT_3D('',#449,#450,#451);
#449 = CARTESIAN_POINT('',(-2.4275,-2.0575,0.1));
#450 = DIRECTION('',(0.,0.,1.));
#451 = DIRECTION('',(1.,0.,0.));
#452 = MANIFOLD_SOLID_BREP('',#453);
#453 = CLOSED_SHELL('',(#454,#494,#534,#556,#578,#590));
#454 = ADVANCED_FACE('',(#455),#489,.F.);
#455 = FACE_BOUND('',#456,.F.);
#456 = EDGE_LOOP('',(#457,#467,#475,#483));
#457 = ORIENTED_EDGE('',*,*,#458,.F.);
#458 = EDGE_CURVE('',#459,#461,#463,.T.);
#459 = VERTEX_POINT('',#460);
#460 = CARTESIAN_POINT('',(1.0475,-2.0575,0.));
#461 = VERTEX_POINT('',#462);
#462 = CARTESIAN_POINT('',(1.0475,-2.0575,0.1));
#463 = LINE('',#464,#465);
#464 = CARTESIAN_POINT('',(1.0475,-2.0575,0.));
#465 = VECTOR('',#466,1.);
#466 = DIRECTION('',(0.,0.,1.));
#467 = ORIENTED_EDGE('',*,*,#468,.T.);
#468 = EDGE_CURVE('',#459,#469,#471,.T.);
#469 = VERTEX_POINT('',#470);
#470 = CARTESIAN_POINT('',(1.0475,2.0575,0.));
#471 = LINE('',#472,#473);
#472 = CARTESIAN_POINT('',(1.0475,-2.0575,0.));
#473 = VECTOR('',#474,1.);
#474 = DIRECTION('',(0.,1.,0.));
#475 = ORIENTED_EDGE('',*,*,#476,.T.);
#476 = EDGE_CURVE('',#469,#477,#479,.T.);
#477 = VERTEX_POINT('',#478);
#478 = CARTESIAN_POINT('',(1.0475,2.0575,0.1));
#479 = LINE('',#480,#481);
#480 = CARTESIAN_POINT('',(1.0475,2.0575,0.));
#481 = VECTOR('',#482,1.);
#482 = DIRECTION('',(0.,0.,1.));
#483 = ORIENTED_EDGE('',*,*,#484,.F.);
#484 = EDGE_CURVE('',#461,#477,#485,.T.);
#485 = LINE('',#486,#487);
#486 = CARTESIAN_POINT('',(1.0475,-2.0575,0.1));
#487 = VECTOR('',#488,1.);
#488 = DIRECTION('',(0.,1.,0.));
#489 = PLANE('',#490);
#490 = AXIS2_PLACEMENT_3D('',#491,#492,#493);
#491 = CARTESIAN_POINT('',(1.0475,-2.0575,0.));
#492 = DIRECTION('',(1.,0.,0.));
#493 = DIRECTION('',(0.,0.,1.));
#494 = ADVANCED_FACE('',(#495),#529,.T.);
#495 = FACE_BOUND('',#496,.T.);
#496 = EDGE_LOOP('',(#497,#507,#515,#523));
#497 = ORIENTED_EDGE('',*,*,#498,.F.);
#498 = EDGE_CURVE('',#499,#501,#503,.T.);
#499 = VERTEX_POINT('',#500);
#500 = CARTESIAN_POINT('',(2.4275,-2.0575,0.));
#501 = VERTEX_POINT('',#502);
#502 = CARTESIAN_POINT('',(2.4275,-2.0575,0.1));
#503 = LINE('',#504,#505);
#504 = CARTESIAN_POINT('',(2.4275,-2.0575,0.));
#505 = VECTOR('',#506,1.);
#506 = DIRECTION('',(0.,0.,1.));
#507 = ORIENTED_EDGE('',*,*,#508,.T.);
#508 = EDGE_CURVE('',#499,#509,#511,.T.);
#509 = VERTEX_POINT('',#510);
#510 = CARTESIAN_POINT('',(2.4275,2.0575,0.));
#511 = LINE('',#512,#513);
#512 = CARTESIAN_POINT('',(2.4275,-2.0575,0.));
#513 = VECTOR('',#514,1.);
#514 = DIRECTION('',(0.,1.,0.));
#515 = ORIENTED_EDGE('',*,*,#516,.T.);
#516 = EDGE_CURVE('',#509,#517,#519,.T.);
#517 = VERTEX_POINT('',#518);
#518 = CARTESIAN_POINT('',(2.4275,2.0575,0.1));
#519 = LINE('',#520,#521);
#520 = CARTESIAN_POINT('',(2.4275,2.0575,0.));
#521 = VECTOR('',#522,1.);
#522 = DIRECTION('',(0.,0.,1.));
#523 = ORIENTED_EDGE('',*,*,#524,.F.);
#524 = EDGE_CURVE('',#501,#517,#525,.T.);
#525 = LINE('',#526,#527);
#526 = CARTESIAN_POINT('',(2.4275,-2.0575,0.1));
#527 = VECTOR('',#528,1.);
#528 = DIRECTION('',(0.,1.,0.));
#529 = PLANE('',#530);
#530 = AXIS2_PLACEMENT_3D('',#531,#532,#533);
#531 = CARTESIAN_POINT('',(2.4275,-2.0575,0.));
#532 = DIRECTION('',(1.,0.,0.));
#533 = DIRECTION('',(0.,0.,1.));
#534 = ADVANCED_FACE('',(#535),#551,.F.);
#535 = FACE_BOUND('',#536,.F.);
#536 = EDGE_LOOP('',(#537,#543,#544,#550));
#537 = ORIENTED_EDGE('',*,*,#538,.F.);
#538 = EDGE_CURVE('',#459,#499,#539,.T.);
#539 = LINE('',#540,#541);
#540 = CARTESIAN_POINT('',(1.0475,-2.0575,0.));
#541 = VECTOR('',#542,1.);
#542 = DIRECTION('',(1.,0.,0.));
#543 = ORIENTED_EDGE('',*,*,#458,.T.);
#544 = ORIENTED_EDGE('',*,*,#545,.T.);
#545 = EDGE_CURVE('',#461,#501,#546,.T.);
#546 = LINE('',#547,#548);
#547 = CARTESIAN_POINT('',(1.0475,-2.0575,0.1));
#548 = VECTOR('',#549,1.);
#549 = DIRECTION('',(1.,0.,0.));
#550 = ORIENTED_EDGE('',*,*,#498,.F.);
#551 = PLANE('',#552);
#552 = AXIS2_PLACEMENT_3D('',#553,#554,#555);
#553 = CARTESIAN_POINT('',(1.0475,-2.0575,0.));
#554 = DIRECTION('',(0.,1.,0.));
#555 = DIRECTION('',(0.,0.,1.));
#556 = ADVANCED_FACE('',(#557),#573,.T.);
#557 = FACE_BOUND('',#558,.T.);
#558 = EDGE_LOOP('',(#559,#565,#566,#572));
#559 = ORIENTED_EDGE('',*,*,#560,.F.);
#560 = EDGE_CURVE('',#469,#509,#561,.T.);
#561 = LINE('',#562,#563);
#562 = CARTESIAN_POINT('',(1.0475,2.0575,0.));
#563 = VECTOR('',#564,1.);
#564 = DIRECTION('',(1.,0.,0.));
#565 = ORIENTED_EDGE('',*,*,#476,.T.);
#566 = ORIENTED_EDGE('',*,*,#567,.T.);
#567 = EDGE_CURVE('',#477,#517,#568,.T.);
#568 = LINE('',#569,#570);
#569 = CARTESIAN_POINT('',(1.0475,2.0575,0.1));
#570 = VECTOR('',#571,1.);
#571 = DIRECTION('',(1.,0.,0.));
#572 = ORIENTED_EDGE('',*,*,#516,.F.);
#573 = PLANE('',#574);
#574 = AXIS2_PLACEMENT_3D('',#575,#576,#577);
#575 = CARTESIAN_POINT('',(1.0475,2.0575,0.));
#576 = DIRECTION('',(0.,1.,0.));
#577 = DIRECTION('',(0.,0.,1.));
#578 = ADVANCED_FACE('',(#579),#585,.F.);
#579 = FACE_BOUND('',#580,.F.);
#580 = EDGE_LOOP('',(#581,#582,#583,#584));
#581 = ORIENTED_EDGE('',*,*,#468,.F.);
#582 = ORIENTED_EDGE('',*,*,#538,.T.);
#583 = ORIENTED_EDGE('',*,*,#508,.T.);
#584 = ORIENTED_EDGE('',*,*,#560,.F.);
#585 = PLANE('',#586);
#586 = AXIS2_PLACEMENT_3D('',#587,#588,#589);
#587 = CARTESIAN_POINT('',(1.0475,-2.0575,0.));
#588 = DIRECTION('',(0.,0.,1.));
#589 = DIRECTION('',(1.,0.,0.));
#590 = ADVANCED_FACE('',(#591),#597,.T.);
#591 = FACE_BOUND('',#592,.T.);
#592 = EDGE_LOOP('',(#593,#594,#595,#596));
#593 = ORIENTED_EDGE('',*,*,#484,.F.);
#594 = ORIENTED_EDGE('',*,*,#545,.T.);
#595 = ORIENTED_EDGE('',*,*,#524,.T.);
#596 = ORIENTED_EDGE('',*,*,#567,.F.);
#597 = PLANE('',#598);
#598 = AXIS2_PLACEMENT_3D('',#599,#600,#601);
#599 = CARTESIAN_POINT('',(1.0475,-2.0575,0.1));
#600 = DIRECTION('',(0.,0.,1.));
#601 = DIRECTION('',(1.,0.,0.));
#602 = MANIFOLD_SOLID_BREP('',#603);
#603 = CLOSED_SHELL('',(#604,#644,#684,#706,#728,#740));
#604 = ADVANCED_FACE('',(#605),#639,.F.);
#605 = FACE_BOUND('',#606,.F.);
#606 = EDGE_LOOP('',(#607,#617,#625,#633));
#607 = ORIENTED_EDGE('',*,*,#608,.F.);
#608 = EDGE_CURVE('',#609,#611,#613,.T.);
#609 = VERTEX_POINT('',#610);
#610 = CARTESIAN_POINT('',(-0.38,-2.405,0.));
#611 = VERTEX_POINT('',#612);
#612 = CARTESIAN_POINT('',(-0.38,-2.405,0.1));
#613 = LINE('',#614,#615);
#614 = CARTESIAN_POINT('',(-0.38,-2.405,0.));
#615 = VECTOR('',#616,1.);
#616 = DIRECTION('',(0.,0.,1.));
#617 = ORIENTED_EDGE('',*,*,#618,.T.);
#618 = EDGE_CURVE('',#609,#619,#621,.T.);
#619 = VERTEX_POINT('',#620);
#620 = CARTESIAN_POINT('',(-0.38,2.405,0.));
#621 = LINE('',#622,#623);
#622 = CARTESIAN_POINT('',(-0.38,-2.405,0.));
#623 = VECTOR('',#624,1.);
#624 = DIRECTION('',(0.,1.,0.));
#625 = ORIENTED_EDGE('',*,*,#626,.T.);
#626 = EDGE_CURVE('',#619,#627,#629,.T.);
#627 = VERTEX_POINT('',#628);
#628 = CARTESIAN_POINT('',(-0.38,2.405,0.1));
#629 = LINE('',#630,#631);
#630 = CARTESIAN_POINT('',(-0.38,2.405,0.));
#631 = VECTOR('',#632,1.);
#632 = DIRECTION('',(0.,0.,1.));
#633 = ORIENTED_EDGE('',*,*,#634,.F.);
#634 = EDGE_CURVE('',#611,#627,#635,.T.);
#635 = LINE('',#636,#637);
#636 = CARTESIAN_POINT('',(-0.38,-2.405,0.1));
#637 = VECTOR('',#638,1.);
#638 = DIRECTION('',(0.,1.,0.));
#639 = PLANE('',#640);
#640 = AXIS2_PLACEMENT_3D('',#641,#642,#643);
#641 = CARTESIAN_POINT('',(-0.38,-2.405,0.));
#642 = DIRECTION('',(1.,0.,0.));
#643 = DIRECTION('',(0.,0.,1.));
#644 = ADVANCED_FACE('',(#645),#679,.T.);
#645 = FACE_BOUND('',#646,.T.);
#646 = EDGE_LOOP('',(#647,#657,#665,#673));
#647 = ORIENTED_EDGE('',*,*,#648,.F.);
#648 = EDGE_CURVE('',#649,#651,#653,.T.);
#649 = VERTEX_POINT('',#650);
#650 = CARTESIAN_POINT('',(0.38,-2.405,0.));
#651 = VERTEX_POINT('',#652);
#652 = CARTESIAN_POINT('',(0.38,-2.405,0.1));
#653 = LINE('',#654,#655);
#654 = CARTESIAN_POINT('',(0.38,-2.405,0.));
#655 = VECTOR('',#656,1.);
#656 = DIRECTION('',(0.,0.,1.));
#657 = ORIENTED_EDGE('',*,*,#658,.T.);
#658 = EDGE_CURVE('',#649,#659,#661,.T.);
#659 = VERTEX_POINT('',#660);
#660 = CARTESIAN_POINT('',(0.38,2.405,0.));
#661 = LINE('',#662,#663);
#662 = CARTESIAN_POINT('',(0.38,-2.405,0.));
#663 = VECTOR('',#664,1.);
#664 = DIRECTION('',(0.,1.,0.));
#665 = ORIENTED_EDGE('',*,*,#666,.T.);
#666 = EDGE_CURVE('',#659,#667,#669,.T.);
#667 = VERTEX_POINT('',#668);
#668 = CARTESIAN_POINT('',(0.38,2.405,0.1));
#669 = LINE('',#670,#671);
#670 = CARTESIAN_POINT('',(0.38,2.405,0.));
#671 = VECTOR('',#672,1.);
#672 = DIRECTION('',(0.,0.,1.));
#673 = ORIENTED_EDGE('',*,*,#674,.F.);
#674 = EDGE_CURVE('',#651,#667,#675,.T.);
#675 = LINE('',#676,#677);
#676 = CARTESIAN_POINT('',(0.38,-2.405,0.1));
#677 = VECTOR('',#678,1.);
#678 = DIRECTION('',(0.,1.,0.));
#679 = PLANE('',#680);
#680 = AXIS2_PLACEMENT_3D('',#681,#682,#683);
#681 = CARTESIAN_POINT('',(0.38,-2.405,0.));
#682 = DIRECTION('',(1.,0.,0.));
#683 = DIRECTION('',(0.,0.,1.));
#684 = ADVANCED_FACE('',(#685),#701,.F.);
#685 = FACE_BOUND('',#686,.F.);
#686 = EDGE_LOOP('',(#687,#693,#694,#700));
#687 = ORIENTED_EDGE('',*,*,#688,.F.);
#688 = EDGE_CURVE('',#609,#649,#689,.T.);
#689 = LINE('',#690,#691);
#690 = CARTESIAN_POINT('',(-0.38,-2.405,0.));
#691 = VECTOR('',#692,1.);
#692 = DIRECTION('',(1.,0.,0.));
#693 = ORIENTED_EDGE('',*,*,#608,.T.);
#694 = ORIENTED_EDGE('',*,*,#695,.T.);
#695 = EDGE_CURVE('',#611,#651,#696,.T.);
#696 = LINE('',#697,#698);
#697 = CARTESIAN_POINT('',(-0.38,-2.405,0.1));
#698 = VECTOR('',#699,1.);
#699 = DIRECTION('',(1.,0.,0.));
#700 = ORIENTED_EDGE('',*,*,#648,.F.);
#701 = PLANE('',#702);
#702 = AXIS2_PLACEMENT_3D('',#703,#704,#705);
#703 = CARTESIAN_POINT('',(-0.38,-2.405,0.));
#704 = DIRECTION('',(0.,1.,0.));
#705 = DIRECTION('',(0.,0.,1.));
#706 = ADVANCED_FACE('',(#707),#723,.T.);
#707 = FACE_BOUND('',#708,.T.);
#708 = EDGE_LOOP('',(#709,#715,#716,#722));
#709 = ORIENTED_EDGE('',*,*,#710,.F.);
#710 = EDGE_CURVE('',#619,#659,#711,.T.);
#711 = LINE('',#712,#713);
#712 = CARTESIAN_POINT('',(-0.38,2.405,0.));
#713 = VECTOR('',#714,1.);
#714 = DIRECTION('',(1.,0.,0.));
#715 = ORIENTED_EDGE('',*,*,#626,.T.);
#716 = ORIENTED_EDGE('',*,*,#717,.T.);
#717 = EDGE_CURVE('',#627,#667,#718,.T.);
#718 = LINE('',#719,#720);
#719 = CARTESIAN_POINT('',(-0.38,2.405,0.1));
#720 = VECTOR('',#721,1.);
#721 = DIRECTION('',(1.,0.,0.));
#722 = ORIENTED_EDGE('',*,*,#666,.F.);
#723 = PLANE('',#724);
#724 = AXIS2_PLACEMENT_3D('',#725,#726,#727);
#725 = CARTESIAN_POINT('',(-0.38,2.405,0.));
#726 = DIRECTION('',(0.,1.,0.));
#727 = DIRECTION('',(0.,0.,1.));
#728 = ADVANCED_FACE('',(#729),#735,.F.);
#729 = FACE_BOUND('',#730,.F.);
#730 = EDGE_LOOP('',(#731,#732,#733,#734));
#731 = ORIENTED_EDGE('',*,*,#618,.F.);
#732 = ORIENTED_EDGE('',*,*,#688,.T.);
#733 = ORIENTED_EDGE('',*,*,#658,.T.);
#734 = ORIENTED_EDGE('',*,*,#710,.F.);
#735 = PLANE('',#736);
#736 = AXIS2_PLACEMENT_3D('',#737,#738,#739);
#737 = CARTESIAN_POINT('',(-0.38,-2.405,0.));
#738 = DIRECTION('',(0.,0.,1.));
#739 = DIRECTION('',(1.,0.,0.));
#740 = ADVANCED_FACE('',(#741),#747,.T.);
#741 = FACE_BOUND('',#742,.T.);
#742 = EDGE_LOOP('',(#743,#744,#745,#746));
#743 = ORIENTED_EDGE('',*,*,#634,.F.);
#744 = ORIENTED_EDGE('',*,*,#695,.T.);
#745 = ORIENTED_EDGE('',*,*,#674,.T.);
#746 = ORIENTED_EDGE('',*,*,#717,.F.);
#747 = PLANE('',#748);
#748 = AXIS2_PLACEMENT_3D('',#749,#750,#751);
#749 = CARTESIAN_POINT('',(-0.38,-2.405,0.1));
#750 = DIRECTION('',(0.,0.,1.));
#751 = DIRECTION('',(1.,0.,0.));
#752 = ( GEOMETRIC_REPRESENTATION_CONTEXT(3) 
GLOBAL_UNCERTAINTY_ASSIGNED_CONTEXT((#756)) GLOBAL_UNIT_ASSIGNED_CONTEXT
((#753,#754,#755)) REPRESENTATION_CONTEXT('Context #1',
  '3D Context with UNIT and UNCERTAINTY') );
#753 = ( LENGTH_UNIT() NAMED_UNIT(*) SI_UNIT(.MILLI.,.METRE.) );
#754 = ( NAMED_UNIT(*) PLANE_ANGLE_UNIT() SI_UNIT($,.RADIAN.) );
#755 = ( NAMED_UNIT(*) SI_UNIT($,.STERADIAN.) SOLID_ANGLE_UNIT() );
#756 = UNCERTAINTY_MEASURE_WITH_UNIT(LENGTH_MEASURE(1.E-07),#753,
  'distance_accuracy_value','confusion accuracy');
#757 = CONTEXT_DEPENDENT_SHAPE_REPRESENTATION(#758,#760);
#758 = ( REPRESENTATION_RELATIONSHIP('','',#151,#128) 
REPRESENTATION_RELATIONSHIP_WITH_TRANSFORMATION(#759) 
SHAPE_REPRESENTATION_RELATIONSHIP() );
#759 = ITEM_DEFINED_TRANSFORMATION('','',#11,#129);
#760 = PRODUCT_DEFINITION_SHAPE('Placement','Placement of an item',#761
  );
#761 = NEXT_ASSEMBLY_USAGE_OCCURRENCE('1','=>[0:1:1:3]','',#123,#146,$);
#762 = PRODUCT_RELATED_PRODUCT_CATEGORY('part',$,(#148));
#763 = CONTEXT_DEPENDENT_SHAPE_REPRESENTATION(#764,#766);
#764 = ( REPRESENTATION_RELATIONSHIP('','',#128,#10) 
REPRESENTATION_RELATIONSHIP_WITH_TRANSFORMATION(#765) 
SHAPE_REPRESENTATION_RELATIONSHIP() );
#765 = ITEM_DEFINED_TRANSFORMATION('','',#11,#19);
#766 = PRODUCT_DEFINITION_SHAPE('Placement','Placement of an item',#767
  );
#767 = NEXT_ASSEMBLY_USAGE_OCCURRENCE('3','D2','',#5,#123,$);
#768 = CONTEXT_DEPENDENT_SHAPE_REPRESENTATION(#769,#771);
#769 = ( REPRESENTATION_RELATIONSHIP('','',#128,#10) 
REPRESENTATION_RELATIONSHIP_WITH_TRANSFORMATION(#770) 
SHAPE_REPRESENTATION_RELATIONSHIP() );
#770 = ITEM_DEFINED_TRANSFORMATION('','',#11,#23);
#771 = PRODUCT_DEFINITION_SHAPE('Placement','Placement of an item',#772
  );
#772 = NEXT_ASSEMBLY_USAGE_OCCURRENCE('4','D3','',#5,#123,$);
#773 = SHAPE_DEFINITION_REPRESENTATION(#774,#780);
#774 = PRODUCT_DEFINITION_SHAPE('','',#775);
#775 = PRODUCT_DEFINITION('design','',#776,#779);
#776 = PRODUCT_DEFINITION_FORMATION('','',#777);
#777 = PRODUCT('flashlight-led_pad_1','flashlight-led_pad_1','',(#778));
#778 = PRODUCT_CONTEXT('',#2,'mechanical');
#779 = PRODUCT_DEFINITION_CONTEXT('part definition',#2,'design');
#780 = ADVANCED_BREP_SHAPE_REPRESENTATION('',(#11,#781),#931);
#781 = MANIFOLD_SOLID_BREP('',#782);
#782 = CLOSED_SHELL('',(#783,#823,#854,#885,#907,#919));
#783 = ADVANCED_FACE('',(#784),#818,.T.);
#784 = FACE_BOUND('',#785,.T.);
#785 = EDGE_LOOP('',(#786,#796,#804,#812));
#786 = ORIENTED_EDGE('',*,*,#787,.T.);
#787 = EDGE_CURVE('',#788,#790,#792,.T.);
#788 = VERTEX_POINT('',#789);
#789 = CARTESIAN_POINT('',(2.23,9.375,1.6));
#790 = VERTEX_POINT('',#791);
#791 = CARTESIAN_POINT('',(2.23,9.375,1.635));
#792 = LINE('',#793,#794);
#793 = CARTESIAN_POINT('',(2.23,9.375,1.6));
#794 = VECTOR('',#795,1.);
#795 = DIRECTION('',(0.,0.,1.));
#796 = ORIENTED_EDGE('',*,*,#797,.T.);
#797 = EDGE_CURVE('',#790,#798,#800,.T.);
#798 = VERTEX_POINT('',#799);
#799 = CARTESIAN_POINT('',(-2.23,9.375,1.635));
#800 = LINE('',#801,#802);
#801 = CARTESIAN_POINT('',(2.23,9.375,1.635));
#802 = VECTOR('',#803,1.);
#803 = DIRECTION('',(-1.,0.,0.));
#804 = ORIENTED_EDGE('',*,*,#805,.F.);
#805 = EDGE_CURVE('',#806,#798,#808,.T.);
#806 = VERTEX_POINT('',#807);
#807 = CARTESIAN_POINT('',(-2.23,9.375,1.6));
#808 = LINE('',#809,#810);
#809 = CARTESIAN_POINT('',(-2.23,9.375,1.6));
#810 = VECTOR('',#811,1.);
#811 = DIRECTION('',(0.,0.,1.));
#812 = ORIENTED_EDGE('',*,*,#813,.F.);
#813 = EDGE_CURVE('',#788,#806,#814,.T.);
#814 = LINE('',#815,#816);
#815 = CARTESIAN_POINT('',(2.23,9.375,1.6));
#816 = VECTOR('',#817,1.);
#817 = DIRECTION('',(-1.,0.,0.));
#818 = PLANE('',#819);
#819 = AXIS2_PLACEMENT_3D('',#820,#821,#822);
#820 = CARTESIAN_POINT('',(2.23,9.375,1.6));
#821 = DIRECTION('',(0.,-1.,0.));
#822 = DIRECTION('',(-1.,0.,0.));
#823 = ADVANCED_FACE('',(#824),#849,.T.);
#824 = FACE_BOUND('',#825,.T.);
#825 = EDGE_LOOP('',(#826,#827,#835,#843));
#826 = ORIENTED_EDGE('',*,*,#805,.T.);
#827 = ORIENTED_EDGE('',*,*,#828,.T.);
#828 = EDGE_CURVE('',#798,#829,#831,.T.);
#829 = VERTEX_POINT('',#830);
#830 = CARTESIAN_POINT('',(-2.23,11.105,1.635));
#831 = LINE('',#832,#833);
#832 = CARTESIAN_POINT('',(-2.23,9.375,1.635));
#833 = VECTOR('',#834,1.);
#834 = DIRECTION('',(0.,1.,0.));
#835 = ORIENTED_EDGE('',*,*,#836,.F.);
#836 = EDGE_CURVE('',#837,#829,#839,.T.);
#837 = VERTEX_POINT('',#838);
#838 = CARTESIAN_POINT('',(-2.23,11.105,1.6));
#839 = LINE('',#840,#841);
#840 = CARTESIAN_POINT('',(-2.23,11.105,1.6));
#841 = VECTOR('',#842,1.);
#842 = DIRECTION('',(0.,0.,1.));
#843 = ORIENTED_EDGE('',*,*,#844,.F.);
#844 = EDGE_CURVE('',#806,#837,#845,.T.);
#845 = LINE('',#846,#847);
#846 = CARTESIAN_POINT('',(-2.23,9.375,1.6));
#847 = VECTOR('',#848,1.);
#848 = DIRECTION('',(0.,1.,0.));
#849 = PLANE('',#850);
#850 = AXIS2_PLACEMENT_3D('',#851,#852,#853);
#851 = CARTESIAN_POINT('',(-2.23,9.375,1.6));
#852 = DIRECTION('',(-1.,0.,0.));
#853 = DIRECTION('',(0.,1.,0.));
#854 = ADVANCED_FACE('',(#855),#880,.T.);
#855 = FACE_BOUND('',#856,.T.);
#856 = EDGE_LOOP('',(#857,#858,#866,#874));
#857 = ORIENTED_EDGE('',*,*,#836,.T.);
#858 = ORIENTED_EDGE('',*,*,#859,.T.);
#859 = EDGE_CURVE('',#829,#860,#862,.T.);
#860 = VERTEX_POINT('',#861);
#861 = CARTESIAN_POINT('',(2.23,11.105,1.635));
#862 = LINE('',#863,#864);
#863 = CARTESIAN_POINT('',(-2.23,11.105,1.635));
#864 = VECTOR('',#865,1.);
#865 = DIRECTION('',(1.,0.,0.));
#866 = ORIENTED_EDGE('',*,*,#867,.F.);
#867 = EDGE_CURVE('',#868,#860,#870,.T.);
#868 = VERTEX_POINT('',#869);
#869 = CARTESIAN_POINT('',(2.23,11.105,1.6));
#870 = LINE('',#871,#872);
#871 = CARTESIAN_POINT('',(2.23,11.105,1.6));
#872 = VECTOR('',#873,1.);
#873 = DIRECTION('',(0.,0.,1.));
#874 = ORIENTED_EDGE('',*,*,#875,.F.);
#875 = EDGE_CURVE('',#837,#868,#876,.T.);
#876 = LINE('',#877,#878);
#877 = CARTESIAN_POINT('',(-2.23,11.105,1.6));
#878 = VECTOR('',#879,1.);
#879 = DIRECTION('',(1.,0.,0.));
#880 = PLANE('',#881);
#881 = AXIS2_PLACEMENT_3D('',#882,#883,#884);
#882 = CARTESIAN_POINT('',(-2.23,11.105,1.6));
#883 = DIRECTION('',(0.,1.,0.));
#884 = DIRECTION('',(1.,0.,0.));
#885 = ADVANCED_FACE('',(#886),#902,.T.);
#886 = FACE_BOUND('',#887,.T.);
#887 = EDGE_LOOP('',(#888,#889,#895,#896));
#888 = ORIENTED_EDGE('',*,*,#867,.T.);
#889 = ORIENTED_EDGE('',*,*,#890,.T.);
#890 = EDGE_CURVE('',#860,#790,#891,.T.);
#891 = LINE('',#892,#893);
#892 = CARTESIAN_POINT('',(2.23,11.105,1.635));
#893 = VECTOR('',#894,1.);
#894 = DIRECTION('',(0.,-1.,0.));
#895 = ORIENTED_EDGE('',*,*,#787,.F.);
#896 = ORIENTED_EDGE('',*,*,#897,.F.);
#897 = EDGE_CURVE('',#868,#788,#898,.T.);
#898 = LINE('',#899,#900);
#899 = CARTESIAN_POINT('',(2.23,11.105,1.6));
#900 = VECTOR('',#901,1.);
#901 = DIRECTION('',(0.,-1.,0.));
#902 = PLANE('',#903);
#903 = AXIS2_PLACEMENT_3D('',#904,#905,#906);
#904 = CARTESIAN_POINT('',(2.23,11.105,1.6));
#905 = DIRECTION('',(1.,0.,-0.));
#906 = DIRECTION('',(0.,-1.,0.));
#907 = ADVANCED_FACE('',(#908),#914,.F.);
#908 = FACE_BOUND('',#909,.T.);
#909 = EDGE_LOOP('',(#910,#911,#912,#913));
#910 = ORIENTED_EDGE('',*,*,#813,.T.);
#911 = ORIENTED_EDGE('',*,*,#844,.T.);
#912 = ORIENTED_EDGE('',*,*,#875,.T.);
#913 = ORIENTED_EDGE('',*,*,#897,.T.);
#914 = PLANE('',#915);
#915 = AXIS2_PLACEMENT_3D('',#916,#917,#918);
#916 = CARTESIAN_POINT('',(0.,0.,1.6));
#917 = DIRECTION('',(0.,0.,1.));
#918 = DIRECTION('',(1.,0.,-0.));
#919 = ADVANCED_FACE('',(#920),#926,.T.);
#920 = FACE_BOUND('',#921,.F.);
#921 = EDGE_LOOP('',(#922,#923,#924,#925));
#922 = ORIENTED_EDGE('',*,*,#797,.T.);
#923 = ORIENTED_EDGE('',*,*,#828,.T.);
#924 = ORIENTED_EDGE('',*,*,#859,.T.);
#925 = ORIENTED_EDGE('',*,*,#890,.T.);
#926 = PLANE('',#927);
#927 = AXIS2_PLACEMENT_3D('',#928,#929,#930);
#928 = CARTESIAN_POINT('',(0.,0.,1.635));
#929 = DIRECTION('',(0.,0.,1.));
#930 = DIRECTION('',(1.,0.,-0.));
#931 = ( GEOMETRIC_REPRESENTATION_CONTEXT(3) 
GLOBAL_UNCERTAINTY_ASSIGNED_CONTEXT((#935)) GLOBAL_UNIT_ASSIGNED_CONTEXT
((#932,#933,#934)) REPRESENTATION_CONTEXT('Context #1',
  '3D Context with UNIT and UNCERTAINTY') );
#932 = ( LENGTH_UNIT() NAMED_UNIT(*) SI_UNIT(.MILLI.,.METRE.) );
#933 = ( NAMED_UNIT(*) PLANE_ANGLE_UNIT() SI_UNIT($,.RADIAN.) );
#934 = ( NAMED_UNIT(*) SI_UNIT($,.STERADIAN.) SOLID_ANGLE_UNIT() );
#935 = UNCERTAINTY_MEASURE_WITH_UNIT(LENGTH_MEASURE(1.E-07),#932,
  'distance_accuracy_value','confusion accuracy');
#936 = CONTEXT_DEPENDENT_SHAPE_REPRESENTATION(#937,#939);
#937 = ( REPRESENTATION_RELATIONSHIP('','',#780,#10) 
REPRESENTATION_RELATIONSHIP_WITH_TRANSFORMATION(#938) 
SHAPE_REPRESENTATION_RELATIONSHIP() );
#938 = ITEM_DEFINED_TRANSFORMATION('','',#11,#27);
#939 = PRODUCT_DEFINITION_SHAPE('Placement','Placement of an item',#940
  );
#940 = NEXT_ASSEMBLY_USAGE_OCCURRENCE('5','=>[0:1:1:4]','',#5,#775,$);
#941 = PRODUCT_RELATED_PRODUCT_CATEGORY('part',$,(#777));
#942 = SHAPE_DEFINITION_REPRESENTATION(#943,#949);
#943 = PRODUCT_DEFINITION_SHAPE('','',#944);
#944 = PRODUCT_DEFINITION('design','',#945,#948);
#945 = PRODUCT_DEFINITION_FORMATION('','',#946);
#946 = PRODUCT('flashlight-led_pad_2','flashlight-led_pad_2','',(#947));
#947 = PRODUCT_CONTEXT('',#2,'mechanical');
#948 = PRODUCT_DEFINITION_CONTEXT('part definition',#2,'design');
#949 = ADVANCED_BREP_SHAPE_REPRESENTATION('',(#11,#950),#1100);
#950 = MANIFOLD_SOLID_BREP('',#951);
#951 = CLOSED_SHELL('',(#952,#992,#1023,#1054,#1076,#1088));
#952 = ADVANCED_FACE('',(#953),#987,.T.);
#953 = FACE_BOUND('',#954,.T.);
#954 = EDGE_LOOP('',(#955,#965,#973,#981));
#955 = ORIENTED_EDGE('',*,*,#956,.T.);
#956 = EDGE_CURVE('',#957,#959,#961,.T.);
#957 = VERTEX_POINT('',#958);
#958 = CARTESIAN_POINT('',(2.23,5.895,1.6));
#959 = VERTEX_POINT('',#960);
#960 = CARTESIAN_POINT('',(2.23,5.895,1.635));
#961 = LINE('',#962,#963);
#962 = CARTESIAN_POINT('',(2.23,5.895,1.6));
#963 = VECTOR('',#964,1.);
#964 = DIRECTION('',(0.,0.,1.));
#965 = ORIENTED_EDGE('',*,*,#966,.T.);
#966 = EDGE_CURVE('',#959,#967,#969,.T.);
#967 = VERTEX_POINT('',#968);
#968 = CARTESIAN_POINT('',(-2.23,5.895,1.635));
#969 = LINE('',#970,#971);
#970 = CARTESIAN_POINT('',(2.23,5.895,1.635));
#971 = VECTOR('',#972,1.);
#972 = DIRECTION('',(-1.,0.,0.));
#973 = ORIENTED_EDGE('',*,*,#974,.F.);
#974 = EDGE_CURVE('',#975,#967,#977,.T.);
#975 = VERTEX_POINT('',#976);
#976 = CARTESIAN_POINT('',(-2.23,5.895,1.6));
#977 = LINE('',#978,#979);
#978 = CARTESIAN_POINT('',(-2.23,5.895,1.6));
#979 = VECTOR('',#980,1.);
#980 = DIRECTION('',(0.,0.,1.));
#981 = ORIENTED_EDGE('',*,*,#982,.F.);
#982 = EDGE_CURVE('',#957,#975,#983,.T.);
#983 = LINE('',#984,#985);
#984 = CARTESIAN_POINT('',(2.23,5.895,1.6));
#985 = VECTOR('',#986,1.);
#986 = DIRECTION('',(-1.,0.,0.));
#987 = PLANE('',#988);
#988 = AXIS2_PLACEMENT_3D('',#989,#990,#991);
#989 = CARTESIAN_POINT('',(2.23,5.895,1.6));
#990 = DIRECTION('',(0.,-1.,0.));
#991 = DIRECTION('',(-1.,0.,0.));
#992 = ADVANCED_FACE('',(#993),#1018,.T.);
#993 = FACE_BOUND('',#994,.T.);
#994 = EDGE_LOOP('',(#995,#996,#1004,#1012));
#995 = ORIENTED_EDGE('',*,*,#974,.T.);
#996 = ORIENTED_EDGE('',*,*,#997,.T.);
#997 = EDGE_CURVE('',#967,#998,#1000,.T.);
#998 = VERTEX_POINT('',#999);
#999 = CARTESIAN_POINT('',(-2.23,7.625,1.635));
#1000 = LINE('',#1001,#1002);
#1001 = CARTESIAN_POINT('',(-2.23,5.895,1.635));
#1002 = VECTOR('',#1003,1.);
#1003 = DIRECTION('',(0.,1.,0.));
#1004 = ORIENTED_EDGE('',*,*,#1005,.F.);
#1005 = EDGE_CURVE('',#1006,#998,#1008,.T.);
#1006 = VERTEX_POINT('',#1007);
#1007 = CARTESIAN_POINT('',(-2.23,7.625,1.6));
#1008 = LINE('',#1009,#1010);
#1009 = CARTESIAN_POINT('',(-2.23,7.625,1.6));
#1010 = VECTOR('',#1011,1.);
#1011 = DIRECTION('',(0.,0.,1.));
#1012 = ORIENTED_EDGE('',*,*,#1013,.F.);
#1013 = EDGE_CURVE('',#975,#1006,#1014,.T.);
#1014 = LINE('',#1015,#1016);
#1015 = CARTESIAN_POINT('',(-2.23,5.895,1.6));
#1016 = VECTOR('',#1017,1.);
#1017 = DIRECTION('',(0.,1.,0.));
#1018 = PLANE('',#1019);
#1019 = AXIS2_PLACEMENT_3D('',#1020,#1021,#1022);
#1020 = CARTESIAN_POINT('',(-2.23,5.895,1.6));
#1021 = DIRECTION('',(-1.,0.,0.));
#1022 = DIRECTION('',(0.,1.,0.));
#1023 = ADVANCED_FACE('',(#1024),#1049,.T.);
#1024 = FACE_BOUND('',#1025,.T.);
#1025 = EDGE_LOOP('',(#1026,#1027,#1035,#1043));
#1026 = ORIENTED_EDGE('',*,*,#1005,.T.);
#1027 = ORIENTED_EDGE('',*,*,#1028,.T.);
#1028 = EDGE_CURVE('',#998,#1029,#1031,.T.);
#1029 = VERTEX_POINT('',#1030);
#1030 = CARTESIAN_POINT('',(2.23,7.625,1.635));
#1031 = LINE('',#1032,#1033);
#1032 = CARTESIAN_POINT('',(-2.23,7.625,1.635));
#1033 = VECTOR('',#1034,1.);
#1034 = DIRECTION('',(1.,0.,0.));
#1035 = ORIENTED_EDGE('',*,*,#1036,.F.);
#1036 = EDGE_CURVE('',#1037,#1029,#1039,.T.);
#1037 = VERTEX_POINT('',#1038);
#1038 = CARTESIAN_POINT('',(2.23,7.625,1.6));
#1039 = LINE('',#1040,#1041);
#1040 = CARTESIAN_POINT('',(2.23,7.625,1.6));
#1041 = VECTOR('',#1042,1.);
#1042 = DIRECTION('',(0.,0.,1.));
#1043 = ORIENTED_EDGE('',*,*,#1044,.F.);
#1044 = EDGE_CURVE('',#1006,#1037,#1045,.T.);
#1045 = LINE('',#1046,#1047);
#1046 = CARTESIAN_POINT('',(-2.23,7.625,1.6));
#1047 = VECTOR('',#1048,1.);
#1048 = DIRECTION('',(1.,0.,0.));
#1049 = PLANE('',#1050);
#1050 = AXIS2_PLACEMENT_3D('',#1051,#1052,#1053);
#1051 = CARTESIAN_POINT('',(-2.23,7.625,1.6));
#1052 = DIRECTION('',(0.,1.,0.));
#1053 = DIRECTION('',(1.,0.,0.));
#1054 = ADVANCED_FACE('',(#1055),#1071,.T.);
#1055 = FACE_BOUND('',#1056,.T.);
#1056 = EDGE_LOOP('',(#1057,#1058,#1064,#1065));
#1057 = ORIENTED_EDGE('',*,*,#1036,.T.);
#1058 = ORIENTED_EDGE('',*,*,#1059,.T.);
#1059 = EDGE_CURVE('',#1029,#959,#1060,.T.);
#1060 = LINE('',#1061,#1062);
#1061 = CARTESIAN_POINT('',(2.23,7.625,1.635));
#1062 = VECTOR('',#1063,1.);
#1063 = DIRECTION('',(0.,-1.,0.));
#1064 = ORIENTED_EDGE('',*,*,#956,.F.);
#1065 = ORIENTED_EDGE('',*,*,#1066,.F.);
#1066 = EDGE_CURVE('',#1037,#957,#1067,.T.);
#1067 = LINE('',#1068,#1069);
#1068 = CARTESIAN_POINT('',(2.23,7.625,1.6));
#1069 = VECTOR('',#1070,1.);
#1070 = DIRECTION('',(0.,-1.,0.));
#1071 = PLANE('',#1072);
#1072 = AXIS2_PLACEMENT_3D('',#1073,#1074,#1075);
#1073 = CARTESIAN_POINT('',(2.23,7.625,1.6));
#1074 = DIRECTION('',(1.,0.,-0.));
#1075 = DIRECTION('',(0.,-1.,0.));
#1076 = ADVANCED_FACE('',(#1077),#1083,.F.);
#1077 = FACE_BOUND('',#1078,.T.);
#1078 = EDGE_LOOP('',(#1079,#1080,#1081,#1082));
#1079 = ORIENTED_EDGE('',*,*,#982,.T.);
#1080 = ORIENTED_EDGE('',*,*,#1013,.T.);
#1081 = ORIENTED_EDGE('',*,*,#1044,.T.);
#1082 = ORIENTED_EDGE('',*,*,#1066,.T.);
#1083 = PLANE('',#1084);
#1084 = AXIS2_PLACEMENT_3D('',#1085,#1086,#1087);
#1085 = CARTESIAN_POINT('',(0.,0.,1.6));
#1086 = DIRECTION('',(0.,0.,1.));
#1087 = DIRECTION('',(1.,0.,-0.));
#1088 = ADVANCED_FACE('',(#1089),#1095,.T.);
#1089 = FACE_BOUND('',#1090,.F.);
#1090 = EDGE_LOOP('',(#1091,#1092,#1093,#1094));
#1091 = ORIENTED_EDGE('',*,*,#966,.T.);
#1092 = ORIENTED_EDGE('',*,*,#997,.T.);
#1093 = ORIENTED_EDGE('',*,*,#1028,.T.);
#1094 = ORIENTED_EDGE('',*,*,#1059,.T.);
#1095 = PLANE('',#1096);
#1096 = AXIS2_PLACEMENT_3D('',#1097,#1098,#1099);
#1097 = CARTESIAN_POINT('',(0.,0.,1.635));
#1098 = DIRECTION('',(0.,0.,1.));
#1099 = DIRECTION('',(1.,0.,-0.));
#1100 = ( GEOMETRIC_REPRESENTATION_CONTEXT(3) 
GLOBAL_UNCERTAINTY_ASSIGNED_CONTEXT((#1104)) 
GLOBAL_UNIT_ASSIGNED_CONTEXT((#1101,#1102,#1103)) REPRESENTATION_CONTEXT
('Context #1','3D Context with UNIT and UNCERTAINTY') );
#1101 = ( LENGTH_UNIT() NAMED_UNIT(*) SI_UNIT(.MILLI.,.METRE.) );
#1102 = ( NAMED_UNIT(*) PLANE_ANGLE_UNIT() SI_UNIT($,.RADIAN.) );
#1103 = ( NAMED_UNIT(*) SI_UNIT($,.STERADIAN.) SOLID_ANGLE_UNIT() );
#1104 = UNCERTAINTY_MEASURE_WITH_UNIT(LENGTH_MEASURE(1.E-07),#1101,
  'distance_accuracy_value','confusion accuracy');
#1105 = CONTEXT_DEPENDENT_SHAPE_REPRESENTATION(#1106,#1108);
#1106 = ( REPRESENTATION_RELATIONSHIP('','',#949,#10) 
REPRESENTATION_RELATIONSHIP_WITH_TRANSFORMATION(#1107) 
SHAPE_REPRESENTATION_RELATIONSHIP() );
#1107 = ITEM_DEFINED_TRANSFORMATION('','',#11,#31);
#1108 = PRODUCT_DEFINITION_SHAPE('Placement','Placement of an item',
  #1109);
#1109 = NEXT_ASSEMBLY_USAGE_OCCURRENCE('6','=>[0:1:1:5]','',#5,#944,$);
#1110 = PRODUCT_RELATED_PRODUCT_CATEGORY('part',$,(#946));
#1111 = SHAPE_DEFINITION_REPRESENTATION(#1112,#1118);
#1112 = PRODUCT_DEFINITION_SHAPE('','',#1113);
#1113 = PRODUCT_DEFINITION('design','',#1114,#1117);
#1114 = PRODUCT_DEFINITION_FORMATION('','',#1115);
#1115 = PRODUCT('flashlight-led_pad_3','flashlight-led_pad_3','',(#1116)
  );
#1116 = PRODUCT_CONTEXT('',#2,'mechanical');
#1117 = PRODUCT_DEFINITION_CONTEXT('part definition',#2,'design');
#1118 = ADVANCED_BREP_SHAPE_REPRESENTATION('',(#11,#1119),#1269);
#1119 = MANIFOLD_SOLID_BREP('',#1120);
#1120 = CLOSED_SHELL('',(#1121,#1161,#1192,#1223,#1245,#1257));
#1121 = ADVANCED_FACE('',(#1122),#1156,.T.);
#1122 = FACE_BOUND('',#1123,.T.);
#1123 = EDGE_LOOP('',(#1124,#1134,#1142,#1150));
#1124 = ORIENTED_EDGE('',*,*,#1125,.T.);
#1125 = EDGE_CURVE('',#1126,#1128,#1130,.T.);
#1126 = VERTEX_POINT('',#1127);
#1127 = CARTESIAN_POINT('',(2.53,8.025,1.6));
#1128 = VERTEX_POINT('',#1129);
#1129 = CARTESIAN_POINT('',(2.53,8.025,1.635));
#1130 = LINE('',#1131,#1132);
#1131 = CARTESIAN_POINT('',(2.53,8.025,1.6));
#1132 = VECTOR('',#1133,1.);
#1133 = DIRECTION('',(0.,0.,1.));
#1134 = ORIENTED_EDGE('',*,*,#1135,.T.);
#1135 = EDGE_CURVE('',#1128,#1136,#1138,.T.);
#1136 = VERTEX_POINT('',#1137);
#1137 = CARTESIAN_POINT('',(-2.53,8.025,1.635));
#1138 = LINE('',#1139,#1140);
#1139 = CARTESIAN_POINT('',(2.53,8.025,1.635));
#1140 = VECTOR('',#1141,1.);
#1141 = DIRECTION('',(-1.,0.,0.));
#1142 = ORIENTED_EDGE('',*,*,#1143,.F.);
#1143 = EDGE_CURVE('',#1144,#1136,#1146,.T.);
#1144 = VERTEX_POINT('',#1145);
#1145 = CARTESIAN_POINT('',(-2.53,8.025,1.6));
#1146 = LINE('',#1147,#1148);
#1147 = CARTESIAN_POINT('',(-2.53,8.025,1.6));
#1148 = VECTOR('',#1149,1.);
#1149 = DIRECTION('',(0.,0.,1.));
#1150 = ORIENTED_EDGE('',*,*,#1151,.F.);
#1151 = EDGE_CURVE('',#1126,#1144,#1152,.T.);
#1152 = LINE('',#1153,#1154);
#1153 = CARTESIAN_POINT('',(2.53,8.025,1.6));
#1154 = VECTOR('',#1155,1.);
#1155 = DIRECTION('',(-1.,0.,0.));
#1156 = PLANE('',#1157);
#1157 = AXIS2_PLACEMENT_3D('',#1158,#1159,#1160);
#1158 = CARTESIAN_POINT('',(2.53,8.025,1.6));
#1159 = DIRECTION('',(0.,-1.,0.));
#1160 = DIRECTION('',(-1.,0.,0.));
#1161 = ADVANCED_FACE('',(#1162),#1187,.T.);
#1162 = FACE_BOUND('',#1163,.T.);
#1163 = EDGE_LOOP('',(#1164,#1165,#1173,#1181));
#1164 = ORIENTED_EDGE('',*,*,#1143,.T.);
#1165 = ORIENTED_EDGE('',*,*,#1166,.T.);
#1166 = EDGE_CURVE('',#1136,#1167,#1169,.T.);
#1167 = VERTEX_POINT('',#1168);
#1168 = CARTESIAN_POINT('',(-2.53,8.975,1.635));
#1169 = LINE('',#1170,#1171);
#1170 = CARTESIAN_POINT('',(-2.53,8.025,1.635));
#1171 = VECTOR('',#1172,1.);
#1172 = DIRECTION('',(0.,1.,0.));
#1173 = ORIENTED_EDGE('',*,*,#1174,.F.);
#1174 = EDGE_CURVE('',#1175,#1167,#1177,.T.);
#1175 = VERTEX_POINT('',#1176);
#1176 = CARTESIAN_POINT('',(-2.53,8.975,1.6));
#1177 = LINE('',#1178,#1179);
#1178 = CARTESIAN_POINT('',(-2.53,8.975,1.6));
#1179 = VECTOR('',#1180,1.);
#1180 = DIRECTION('',(0.,0.,1.));
#1181 = ORIENTED_EDGE('',*,*,#1182,.F.);
#1182 = EDGE_CURVE('',#1144,#1175,#1183,.T.);
#1183 = LINE('',#1184,#1185);
#1184 = CARTESIAN_POINT('',(-2.53,8.025,1.6));
#1185 = VECTOR('',#1186,1.);
#1186 = DIRECTION('',(0.,1.,0.));
#1187 = PLANE('',#1188);
#1188 = AXIS2_PLACEMENT_3D('',#1189,#1190,#1191);
#1189 = CARTESIAN_POINT('',(-2.53,8.025,1.6));
#1190 = DIRECTION('',(-1.,0.,0.));
#1191 = DIRECTION('',(0.,1.,0.));
#1192 = ADVANCED_FACE('',(#1193),#1218,.T.);
#1193 = FACE_BOUND('',#1194,.T.);
#1194 = EDGE_LOOP('',(#1195,#1196,#1204,#1212));
#1195 = ORIENTED_EDGE('',*,*,#1174,.T.);
#1196 = ORIENTED_EDGE('',*,*,#1197,.T.);
#1197 = EDGE_CURVE('',#1167,#1198,#1200,.T.);
#1198 = VERTEX_POINT('',#1199);
#1199 = CARTESIAN_POINT('',(2.53,8.975,1.635));
#1200 = LINE('',#1201,#1202);
#1201 = CARTESIAN_POINT('',(-2.53,8.975,1.635));
#1202 = VECTOR('',#1203,1.);
#1203 = DIRECTION('',(1.,0.,0.));
#1204 = ORIENTED_EDGE('',*,*,#1205,.F.);
#1205 = EDGE_CURVE('',#1206,#1198,#1208,.T.);
#1206 = VERTEX_POINT('',#1207);
#1207 = CARTESIAN_POINT('',(2.53,8.975,1.6));
#1208 = LINE('',#1209,#1210);
#1209 = CARTESIAN_POINT('',(2.53,8.975,1.6));
#1210 = VECTOR('',#1211,1.);
#1211 = DIRECTION('',(0.,0.,1.));
#1212 = ORIENTED_EDGE('',*,*,#1213,.F.);
#1213 = EDGE_CURVE('',#1175,#1206,#1214,.T.);
#1214 = LINE('',#1215,#1216);
#1215 = CARTESIAN_POINT('',(-2.53,8.975,1.6));
#1216 = VECTOR('',#1217,1.);
#1217 = DIRECTION('',(1.,0.,0.));
#1218 = PLANE('',#1219);
#1219 = AXIS2_PLACEMENT_3D('',#1220,#1221,#1222);
#1220 = CARTESIAN_POINT('',(-2.53,8.975,1.6));
#1221 = DIRECTION('',(0.,1.,0.));
#1222 = DIRECTION('',(1.,0.,0.));
#1223 = ADVANCED_FACE('',(#1224),#1240,.T.);
#1224 = FACE_BOUND('',#1225,.T.);
#1225 = EDGE_LOOP('',(#1226,#1227,#1233,#1234));
#1226 = ORIENTED_EDGE('',*,*,#1205,.T.);
#1227 = ORIENTED_EDGE('',*,*,#1228,.T.);
#1228 = EDGE_CURVE('',#1198,#1128,#1229,.T.);
#1229 = LINE('',#1230,#1231);
#1230 = CARTESIAN_POINT('',(2.53,8.975,1.635));
#1231 = VECTOR('',#1232,1.);
#1232 = DIRECTION('',(0.,-1.,0.));
#1233 = ORIENTED_EDGE('',*,*,#1125,.F.);
#1234 = ORIENTED_EDGE('',*,*,#1235,.F.);
#1235 = EDGE_CURVE('',#1206,#1126,#1236,.T.);
#1236 = LINE('',#1237,#1238);
#1237 = CARTESIAN_POINT('',(2.53,8.975,1.6));
#1238 = VECTOR('',#1239,1.);
#1239 = DIRECTION('',(0.,-1.,0.));
#1240 = PLANE('',#1241);
#1241 = AXIS2_PLACEMENT_3D('',#1242,#1243,#1244);
#1242 = CARTESIAN_POINT('',(2.53,8.975,1.6));
#1243 = DIRECTION('',(1.,0.,-0.));
#1244 = DIRECTION('',(0.,-1.,0.));
#1245 = ADVANCED_FACE('',(#1246),#1252,.F.);
#1246 = FACE_BOUND('',#1247,.T.);
#1247 = EDGE_LOOP('',(#1248,#1249,#1250,#1251));
#1248 = ORIENTED_EDGE('',*,*,#1151,.T.);
#1249 = ORIENTED_EDGE('',*,*,#1182,.T.);
#1250 = ORIENTED_EDGE('',*,*,#1213,.T.);
#1251 = ORIENTED_EDGE('',*,*,#1235,.T.);
#1252 = PLANE('',#1253);
#1253 = AXIS2_PLACEMENT_3D('',#1254,#1255,#1256);
#1254 = CARTESIAN_POINT('',(0.,0.,1.6));
#1255 = DIRECTION('',(0.,0.,1.));
#1256 = DIRECTION('',(1.,0.,-0.));
#1257 = ADVANCED_FACE('',(#1258),#1264,.T.);
#1258 = FACE_BOUND('',#1259,.F.);
#1259 = EDGE_LOOP('',(#1260,#1261,#1262,#1263));
#1260 = ORIENTED_EDGE('',*,*,#1135,.T.);
#1261 = ORIENTED_EDGE('',*,*,#1166,.T.);
#1262 = ORIENTED_EDGE('',*,*,#1197,.T.);
#1263 = ORIENTED_EDGE('',*,*,#1228,.T.);
#1264 = PLANE('',#1265);
#1265 = AXIS2_PLACEMENT_3D('',#1266,#1267,#1268);
#1266 = CARTESIAN_POINT('',(0.,0.,1.635));
#1267 = DIRECTION('',(0.,0.,1.));
#1268 = DIRECTION('',(1.,0.,-0.));
#1269 = ( GEOMETRIC_REPRESENTATION_CONTEXT(3) 
GLOBAL_UNCERTAINTY_ASSIGNED_CONTEXT((#1273)) 
GLOBAL_UNIT_ASSIGNED_CONTEXT((#1270,#1271,#1272)) REPRESENTATION_CONTEXT
('Context #1','3D Context with UNIT and UNCERTAINTY') );
#1270 = ( LENGTH_UNIT() NAMED_UNIT(*) SI_UNIT(.MILLI.,.METRE.) );
#1271 = ( NAMED_UNIT(*) PLANE_ANGLE_UNIT() SI_UNIT($,.RADIAN.) );
#1272 = ( NAMED_UNIT(*) SI_UNIT($,.STERADIAN.) SOLID_ANGLE_UNIT() );
#1273 = UNCERTAINTY_MEASURE_WITH_UNIT(LENGTH_MEASURE(1.E-07),#1270,
  'distance_accuracy_value','confusion accuracy');
#1274 = CONTEXT_DEPENDENT_SHAPE_REPRESENTATION(#1275,#1277);
#1275 = ( REPRESENTATION_RELATIONSHIP('','',#1118,#10) 
REPRESENTATION_RELATIONSHIP_WITH_TRANSFORMATION(#1276) 
SHAPE_REPRESENTATION_RELATIONSHIP() );
#1276 = ITEM_DEFINED_TRANSFORMATION('','',#11,#35);
#1277 = PRODUCT_DEFINITION_SHAPE('Placement','Placement of an item',
  #1278);
#1278 = NEXT_ASSEMBLY_USAGE_OCCURRENCE('7','=>[0:1:1:6]','',#5,#1113,$);
#1279 = PRODUCT_RELATED_PRODUCT_CATEGORY('part',$,(#1115));
#1280 = SHAPE_DEFINITION_REPRESENTATION(#1281,#1287);
#1281 = PRODUCT_DEFINITION_SHAPE('','',#1282);
#1282 = PRODUCT_DEFINITION('design','',#1283,#1286);
#1283 = PRODUCT_DEFINITION_FORMATION('','',#1284);
#1284 = PRODUCT('flashlight-led_pad_4','flashlight-led_pad_4','',(#1285)
  );
#1285 = PRODUCT_CONTEXT('',#2,'mechanical');
#1286 = PRODUCT_DEFINITION_CONTEXT('part definition',#2,'design');
#1287 = ADVANCED_BREP_SHAPE_REPRESENTATION('',(#11,#1288),#1438);
#1288 = MANIFOLD_SOLID_BREP('',#1289);
#1289 = CLOSED_SHELL('',(#1290,#1330,#1361,#1392,#1414,#1426));
#1290 = ADVANCED_FACE('',(#1291),#1325,.T.);
#1291 = FACE_BOUND('',#1292,.T.);
#1292 = EDGE_LOOP('',(#1293,#1303,#1311,#1319));
#1293 = ORIENTED_EDGE('',*,*,#1294,.T.);
#1294 = EDGE_CURVE('',#1295,#1297,#1299,.T.);
#1295 = VERTEX_POINT('',#1296);
#1296 = CARTESIAN_POINT('',(-3.989003,-4.878738,1.6));
#1297 = VERTEX_POINT('',#1298);
#1298 = CARTESIAN_POINT('',(-3.989003,-4.878738,1.635));
#1299 = LINE('',#1300,#1301);
#1300 = CARTESIAN_POINT('',(-3.989003,-4.878738,1.6));
#1301 = VECTOR('',#1302,1.);
#1302 = DIRECTION('',(0.,0.,1.));
#1303 = ORIENTED_EDGE('',*,*,#1304,.T.);
#1304 = EDGE_CURVE('',#1297,#1305,#1307,.T.);
#1305 = VERTEX_POINT('',#1306);
#1306 = CARTESIAN_POINT('',(-5.487227,-5.743738,1.635));
#1307 = LINE('',#1308,#1309);
#1308 = CARTESIAN_POINT('',(-3.989003,-4.878738,1.635));
#1309 = VECTOR('',#1310,1.);
#1310 = DIRECTION('',(-0.86602541122,-0.499999987122,0.));
#1311 = ORIENTED_EDGE('',*,*,#1312,.F.);
#1312 = EDGE_CURVE('',#1313,#1305,#1315,.T.);
#1313 = VERTEX_POINT('',#1314);
#1314 = CARTESIAN_POINT('',(-5.487227,-5.743738,1.6));
#1315 = LINE('',#1316,#1317);
#1316 = CARTESIAN_POINT('',(-5.487227,-5.743738,1.6));
#1317 = VECTOR('',#1318,1.);
#1318 = DIRECTION('',(0.,0.,1.));
#1319 = ORIENTED_EDGE('',*,*,#1320,.F.);
#1320 = EDGE_CURVE('',#1295,#1313,#1321,.T.);
#1321 = LINE('',#1322,#1323);
#1322 = CARTESIAN_POINT('',(-3.989003,-4.878738,1.6));
#1323 = VECTOR('',#1324,1.);
#1324 = DIRECTION('',(-0.86602541122,-0.499999987122,0.));
#1325 = PLANE('',#1326);
#1326 = AXIS2_PLACEMENT_3D('',#1327,#1328,#1329);
#1327 = CARTESIAN_POINT('',(-3.989003,-4.878738,1.6));
#1328 = DIRECTION('',(0.499999987122,-0.86602541122,0.));
#1329 = DIRECTION('',(-0.86602541122,-0.499999987122,0.));
#1330 = ADVANCED_FACE('',(#1331),#1356,.T.);
#1331 = FACE_BOUND('',#1332,.T.);
#1332 = EDGE_LOOP('',(#1333,#1334,#1342,#1350));
#1333 = ORIENTED_EDGE('',*,*,#1312,.T.);
#1334 = ORIENTED_EDGE('',*,*,#1335,.T.);
#1335 = EDGE_CURVE('',#1305,#1336,#1338,.T.);
#1336 = VERTEX_POINT('',#1337);
#1337 = CARTESIAN_POINT('',(-7.717227,-1.881264,1.635));
#1338 = LINE('',#1339,#1340);
#1339 = CARTESIAN_POINT('',(-5.487227,-5.743738,1.635));
#1340 = VECTOR('',#1341,1.);
#1341 = DIRECTION('',(-0.499999932124,0.866025442973,0.));
#1342 = ORIENTED_EDGE('',*,*,#1343,.F.);
#1343 = EDGE_CURVE('',#1344,#1336,#1346,.T.);
#1344 = VERTEX_POINT('',#1345);
#1345 = CARTESIAN_POINT('',(-7.717227,-1.881264,1.6));
#1346 = LINE('',#1347,#1348);
#1347 = CARTESIAN_POINT('',(-7.717227,-1.881264,1.6));
#1348 = VECTOR('',#1349,1.);
#1349 = DIRECTION('',(0.,0.,1.));
#1350 = ORIENTED_EDGE('',*,*,#1351,.F.);
#1351 = EDGE_CURVE('',#1313,#1344,#1352,.T.);
#1352 = LINE('',#1353,#1354);
#1353 = CARTESIAN_POINT('',(-5.487227,-5.743738,1.6));
#1354 = VECTOR('',#1355,1.);
#1355 = DIRECTION('',(-0.499999932124,0.866025442973,0.));
#1356 = PLANE('',#1357);
#1357 = AXIS2_PLACEMENT_3D('',#1358,#1359,#1360);
#1358 = CARTESIAN_POINT('',(-5.487227,-5.743738,1.6));
#1359 = DIRECTION('',(-0.866025442973,-0.499999932124,0.));
#1360 = DIRECTION('',(-0.499999932124,0.866025442973,0.));
#1361 = ADVANCED_FACE('',(#1362),#1387,.T.);
#1362 = FACE_BOUND('',#1363,.T.);
#1363 = EDGE_LOOP('',(#1364,#1365,#1373,#1381));
#1364 = ORIENTED_EDGE('',*,*,#1343,.T.);
#1365 = ORIENTED_EDGE('',*,*,#1366,.T.);
#1366 = EDGE_CURVE('',#1336,#1367,#1369,.T.);
#1367 = VERTEX_POINT('',#1368);
#1368 = CARTESIAN_POINT('',(-6.219003,-1.016264,1.635));
#1369 = LINE('',#1370,#1371);
#1370 = CARTESIAN_POINT('',(-7.717227,-1.881264,1.635));
#1371 = VECTOR('',#1372,1.);
#1372 = DIRECTION('',(0.86602541122,0.499999987122,0.));
#1373 = ORIENTED_EDGE('',*,*,#1374,.F.);
#1374 = EDGE_CURVE('',#1375,#1367,#1377,.T.);
#1375 = VERTEX_POINT('',#1376);
#1376 = CARTESIAN_POINT('',(-6.219003,-1.016264,1.6));
#1377 = LINE('',#1378,#1379);
#1378 = CARTESIAN_POINT('',(-6.219003,-1.016264,1.6));
#1379 = VECTOR('',#1380,1.);
#1380 = DIRECTION('',(0.,0.,1.));
#1381 = ORIENTED_EDGE('',*,*,#1382,.F.);
#1382 = EDGE_CURVE('',#1344,#1375,#1383,.T.);
#1383 = LINE('',#1384,#1385);
#1384 = CARTESIAN_POINT('',(-7.717227,-1.881264,1.6));
#1385 = VECTOR('',#1386,1.);
#1386 = DIRECTION('',(0.86602541122,0.499999987122,0.));
#1387 = PLANE('',#1388);
#1388 = AXIS2_PLACEMENT_3D('',#1389,#1390,#1391);
#1389 = CARTESIAN_POINT('',(-7.717227,-1.881264,1.6));
#1390 = DIRECTION('',(-0.499999987122,0.86602541122,0.));
#1391 = DIRECTION('',(0.86602541122,0.499999987122,0.));
#1392 = ADVANCED_FACE('',(#1393),#1409,.T.);
#1393 = FACE_BOUND('',#1394,.T.);
#1394 = EDGE_LOOP('',(#1395,#1396,#1402,#1403));
#1395 = ORIENTED_EDGE('',*,*,#1374,.T.);
#1396 = ORIENTED_EDGE('',*,*,#1397,.T.);
#1397 = EDGE_CURVE('',#1367,#1297,#1398,.T.);
#1398 = LINE('',#1399,#1400);
#1399 = CARTESIAN_POINT('',(-6.219003,-1.016264,1.635));
#1400 = VECTOR('',#1401,1.);
#1401 = DIRECTION('',(0.499999932124,-0.866025442973,0.));
#1402 = ORIENTED_EDGE('',*,*,#1294,.F.);
#1403 = ORIENTED_EDGE('',*,*,#1404,.F.);
#1404 = EDGE_CURVE('',#1375,#1295,#1405,.T.);
#1405 = LINE('',#1406,#1407);
#1406 = CARTESIAN_POINT('',(-6.219003,-1.016264,1.6));
#1407 = VECTOR('',#1408,1.);
#1408 = DIRECTION('',(0.499999932124,-0.866025442973,0.));
#1409 = PLANE('',#1410);
#1410 = AXIS2_PLACEMENT_3D('',#1411,#1412,#1413);
#1411 = CARTESIAN_POINT('',(-6.219003,-1.016264,1.6));
#1412 = DIRECTION('',(0.866025442973,0.499999932124,-0.));
#1413 = DIRECTION('',(0.499999932124,-0.866025442973,0.));
#1414 = ADVANCED_FACE('',(#1415),#1421,.F.);
#1415 = FACE_BOUND('',#1416,.T.);
#1416 = EDGE_LOOP('',(#1417,#1418,#1419,#1420));
#1417 = ORIENTED_EDGE('',*,*,#1320,.T.);
#1418 = ORIENTED_EDGE('',*,*,#1351,.T.);
#1419 = ORIENTED_EDGE('',*,*,#1382,.T.);
#1420 = ORIENTED_EDGE('',*,*,#1404,.T.);
#1421 = PLANE('',#1422);
#1422 = AXIS2_PLACEMENT_3D('',#1423,#1424,#1425);
#1423 = CARTESIAN_POINT('',(0.,0.,1.6));
#1424 = DIRECTION('',(0.,0.,1.));
#1425 = DIRECTION('',(1.,0.,-0.));
#1426 = ADVANCED_FACE('',(#1427),#1433,.T.);
#1427 = FACE_BOUND('',#1428,.F.);
#1428 = EDGE_LOOP('',(#1429,#1430,#1431,#1432));
#1429 = ORIENTED_EDGE('',*,*,#1304,.T.);
#1430 = ORIENTED_EDGE('',*,*,#1335,.T.);
#1431 = ORIENTED_EDGE('',*,*,#1366,.T.);
#1432 = ORIENTED_EDGE('',*,*,#1397,.T.);
#1433 = PLANE('',#1434);
#1434 = AXIS2_PLACEMENT_3D('',#1435,#1436,#1437);
#1435 = CARTESIAN_POINT('',(0.,0.,1.635));
#1436 = DIRECTION('',(0.,0.,1.));
#1437 = DIRECTION('',(1.,0.,-0.));
#1438 = ( GEOMETRIC_REPRESENTATION_CONTEXT(3) 
GLOBAL_UNCERTAINTY_ASSIGNED_CONTEXT((#1442)) 
GLOBAL_UNIT_ASSIGNED_CONTEXT((#1439,#1440,#1441)) REPRESENTATION_CONTEXT
('Context #1','3D Context with UNIT and UNCERTAINTY') );
#1439 = ( LENGTH_UNIT() NAMED_UNIT(*) SI_UNIT(.MILLI.,.METRE.) );
#1440 = ( NAMED_UNIT(*) PLANE_ANGLE_UNIT() SI_UNIT($,.RADIAN.) );
#1441 = ( NAMED_UNIT(*) SI_UNIT($,.STERADIAN.) SOLID_ANGLE_UNIT() );
#1442 = UNCERTAINTY_MEASURE_WITH_UNIT(LENGTH_MEASURE(1.E-07),#1439,
  'distance_accuracy_value','confusion accuracy');
#1443 = CONTEXT_DEPENDENT_SHAPE_REPRESENTATION(#1444,#1446);
#1444 = ( REPRESENTATION_RELATIONSHIP('','',#1287,#10) 
REPRESENTATION_RELATIONSHIP_WITH_TRANSFORMATION(#1445) 
SHAPE_REPRESENTATION_RELATIONSHIP() );
#1445 = ITEM_DEFINED_TRANSFORMATION('','',#11,#39);
#1446 = PRODUCT_DEFINITION_SHAPE('Placement','Placement of an item',
  #1447);
#1447 = NEXT_ASSEMBLY_USAGE_OCCURRENCE('8','=>[0:1:1:7]','',#5,#1282,$);
#1448 = PRODUCT_RELATED_PRODUCT_CATEGORY('part',$,(#1284));
#1449 = SHAPE_DEFINITION_REPRESENTATION(#1450,#1456);
#1450 = PRODUCT_DEFINITION_SHAPE('','',#1451);
#1451 = PRODUCT_DEFINITION('design','',#1452,#1455);
#1452 = PRODUCT_DEFINITION_FORMATION('','',#1453);
#1453 = PRODUCT('flashlight-led_pad_5','flashlight-led_pad_5','',(#1454)
  );
#1454 = PRODUCT_CONTEXT('',#2,'mechanical');
#1455 = PRODUCT_DEFINITION_CONTEXT('part definition',#2,'design');
#1456 = ADVANCED_BREP_SHAPE_REPRESENTATION('',(#11,#1457),#1607);
#1457 = MANIFOLD_SOLID_BREP('',#1458);
#1458 = CLOSED_SHELL('',(#1459,#1499,#1530,#1561,#1583,#1595));
#1459 = ADVANCED_FACE('',(#1460),#1494,.T.);
#1460 = FACE_BOUND('',#1461,.T.);
#1461 = EDGE_LOOP('',(#1462,#1472,#1480,#1488));
#1462 = ORIENTED_EDGE('',*,*,#1463,.T.);
#1463 = EDGE_CURVE('',#1464,#1466,#1468,.T.);
#1464 = VERTEX_POINT('',#1465);
#1465 = CARTESIAN_POINT('',(-7.002773,-6.618736,1.6));
#1466 = VERTEX_POINT('',#1467);
#1467 = CARTESIAN_POINT('',(-7.002773,-6.618736,1.635));
#1468 = LINE('',#1469,#1470);
#1469 = CARTESIAN_POINT('',(-7.002773,-6.618736,1.6));
#1470 = VECTOR('',#1471,1.);
#1471 = DIRECTION('',(0.,0.,1.));
#1472 = ORIENTED_EDGE('',*,*,#1473,.T.);
#1473 = EDGE_CURVE('',#1466,#1474,#1476,.T.);
#1474 = VERTEX_POINT('',#1475);
#1475 = CARTESIAN_POINT('',(-8.500997,-7.483736,1.635));
#1476 = LINE('',#1477,#1478);
#1477 = CARTESIAN_POINT('',(-7.002773,-6.618736,1.635));
#1478 = VECTOR('',#1479,1.);
#1479 = DIRECTION('',(-0.86602541122,-0.499999987122,0.));
#1480 = ORIENTED_EDGE('',*,*,#1481,.F.);
#1481 = EDGE_CURVE('',#1482,#1474,#1484,.T.);
#1482 = VERTEX_POINT('',#1483);
#1483 = CARTESIAN_POINT('',(-8.500997,-7.483736,1.6));
#1484 = LINE('',#1485,#1486);
#1485 = CARTESIAN_POINT('',(-8.500997,-7.483736,1.6));
#1486 = VECTOR('',#1487,1.);
#1487 = DIRECTION('',(0.,0.,1.));
#1488 = ORIENTED_EDGE('',*,*,#1489,.F.);
#1489 = EDGE_CURVE('',#1464,#1482,#1490,.T.);
#1490 = LINE('',#1491,#1492);
#1491 = CARTESIAN_POINT('',(-7.002773,-6.618736,1.6));
#1492 = VECTOR('',#1493,1.);
#1493 = DIRECTION('',(-0.86602541122,-0.499999987122,0.));
#1494 = PLANE('',#1495);
#1495 = AXIS2_PLACEMENT_3D('',#1496,#1497,#1498);
#1496 = CARTESIAN_POINT('',(-7.002773,-6.618736,1.6));
#1497 = DIRECTION('',(0.499999987122,-0.86602541122,0.));
#1498 = DIRECTION('',(-0.86602541122,-0.499999987122,0.));
#1499 = ADVANCED_FACE('',(#1500),#1525,.T.);
#1500 = FACE_BOUND('',#1501,.T.);
#1501 = EDGE_LOOP('',(#1502,#1503,#1511,#1519));
#1502 = ORIENTED_EDGE('',*,*,#1481,.T.);
#1503 = ORIENTED_EDGE('',*,*,#1504,.T.);
#1504 = EDGE_CURVE('',#1474,#1505,#1507,.T.);
#1505 = VERTEX_POINT('',#1506);
#1506 = CARTESIAN_POINT('',(-10.730997,-3.621262,1.635));
#1507 = LINE('',#1508,#1509);
#1508 = CARTESIAN_POINT('',(-8.500997,-7.483736,1.635));
#1509 = VECTOR('',#1510,1.);
#1510 = DIRECTION('',(-0.499999932124,0.866025442973,0.));
#1511 = ORIENTED_EDGE('',*,*,#1512,.F.);
#1512 = EDGE_CURVE('',#1513,#1505,#1515,.T.);
#1513 = VERTEX_POINT('',#1514);
#1514 = CARTESIAN_POINT('',(-10.730997,-3.621262,1.6));
#1515 = LINE('',#1516,#1517);
#1516 = CARTESIAN_POINT('',(-10.730997,-3.621262,1.6));
#1517 = VECTOR('',#1518,1.);
#1518 = DIRECTION('',(0.,0.,1.));
#1519 = ORIENTED_EDGE('',*,*,#1520,.F.);
#1520 = EDGE_CURVE('',#1482,#1513,#1521,.T.);
#1521 = LINE('',#1522,#1523);
#1522 = CARTESIAN_POINT('',(-8.500997,-7.483736,1.6));
#1523 = VECTOR('',#1524,1.);
#1524 = DIRECTION('',(-0.499999932124,0.866025442973,0.));
#1525 = PLANE('',#1526);
#1526 = AXIS2_PLACEMENT_3D('',#1527,#1528,#1529);
#1527 = CARTESIAN_POINT('',(-8.500997,-7.483736,1.6));
#1528 = DIRECTION('',(-0.866025442973,-0.499999932124,0.));
#1529 = DIRECTION('',(-0.499999932124,0.866025442973,0.));
#1530 = ADVANCED_FACE('',(#1531),#1556,.T.);
#1531 = FACE_BOUND('',#1532,.T.);
#1532 = EDGE_LOOP('',(#1533,#1534,#1542,#1550));
#1533 = ORIENTED_EDGE('',*,*,#1512,.T.);
#1534 = ORIENTED_EDGE('',*,*,#1535,.T.);
#1535 = EDGE_CURVE('',#1505,#1536,#1538,.T.);
#1536 = VERTEX_POINT('',#1537);
#1537 = CARTESIAN_POINT('',(-9.232773,-2.756262,1.635));
#1538 = LINE('',#1539,#1540);
#1539 = CARTESIAN_POINT('',(-10.730997,-3.621262,1.635));
#1540 = VECTOR('',#1541,1.);
#1541 = DIRECTION('',(0.86602541122,0.499999987122,0.));
#1542 = ORIENTED_EDGE('',*,*,#1543,.F.);
#1543 = EDGE_CURVE('',#1544,#1536,#1546,.T.);
#1544 = VERTEX_POINT('',#1545);
#1545 = CARTESIAN_POINT('',(-9.232773,-2.756262,1.6));
#1546 = LINE('',#1547,#1548);
#1547 = CARTESIAN_POINT('',(-9.232773,-2.756262,1.6));
#1548 = VECTOR('',#1549,1.);
#1549 = DIRECTION('',(0.,0.,1.));
#1550 = ORIENTED_EDGE('',*,*,#1551,.F.);
#1551 = EDGE_CURVE('',#1513,#1544,#1552,.T.);
#1552 = LINE('',#1553,#1554);
#1553 = CARTESIAN_POINT('',(-10.730997,-3.621262,1.6));
#1554 = VECTOR('',#1555,1.);
#1555 = DIRECTION('',(0.86602541122,0.499999987122,0.));
#1556 = PLANE('',#1557);
#1557 = AXIS2_PLACEMENT_3D('',#1558,#1559,#1560);
#1558 = CARTESIAN_POINT('',(-10.730997,-3.621262,1.6));
#1559 = DIRECTION('',(-0.499999987122,0.86602541122,0.));
#1560 = DIRECTION('',(0.86602541122,0.499999987122,0.));
#1561 = ADVANCED_FACE('',(#1562),#1578,.T.);
#1562 = FACE_BOUND('',#1563,.T.);
#1563 = EDGE_LOOP('',(#1564,#1565,#1571,#1572));
#1564 = ORIENTED_EDGE('',*,*,#1543,.T.);
#1565 = ORIENTED_EDGE('',*,*,#1566,.T.);
#1566 = EDGE_CURVE('',#1536,#1466,#1567,.T.);
#1567 = LINE('',#1568,#1569);
#1568 = CARTESIAN_POINT('',(-9.232773,-2.756262,1.635));
#1569 = VECTOR('',#1570,1.);
#1570 = DIRECTION('',(0.499999932124,-0.866025442973,0.));
#1571 = ORIENTED_EDGE('',*,*,#1463,.F.);
#1572 = ORIENTED_EDGE('',*,*,#1573,.F.);
#1573 = EDGE_CURVE('',#1544,#1464,#1574,.T.);
#1574 = LINE('',#1575,#1576);
#1575 = CARTESIAN_POINT('',(-9.232773,-2.756262,1.6));
#1576 = VECTOR('',#1577,1.);
#1577 = DIRECTION('',(0.499999932124,-0.866025442973,0.));
#1578 = PLANE('',#1579);
#1579 = AXIS2_PLACEMENT_3D('',#1580,#1581,#1582);
#1580 = CARTESIAN_POINT('',(-9.232773,-2.756262,1.6));
#1581 = DIRECTION('',(0.866025442973,0.499999932124,-0.));
#1582 = DIRECTION('',(0.499999932124,-0.866025442973,0.));
#1583 = ADVANCED_FACE('',(#1584),#1590,.F.);
#1584 = FACE_BOUND('',#1585,.T.);
#1585 = EDGE_LOOP('',(#1586,#1587,#1588,#1589));
#1586 = ORIENTED_EDGE('',*,*,#1489,.T.);
#1587 = ORIENTED_EDGE('',*,*,#1520,.T.);
#1588 = ORIENTED_EDGE('',*,*,#1551,.T.);
#1589 = ORIENTED_EDGE('',*,*,#1573,.T.);
#1590 = PLANE('',#1591);
#1591 = AXIS2_PLACEMENT_3D('',#1592,#1593,#1594);
#1592 = CARTESIAN_POINT('',(0.,0.,1.6));
#1593 = DIRECTION('',(0.,0.,1.));
#1594 = DIRECTION('',(1.,0.,-0.));
#1595 = ADVANCED_FACE('',(#1596),#1602,.T.);
#1596 = FACE_BOUND('',#1597,.F.);
#1597 = EDGE_LOOP('',(#1598,#1599,#1600,#1601));
#1598 = ORIENTED_EDGE('',*,*,#1473,.T.);
#1599 = ORIENTED_EDGE('',*,*,#1504,.T.);
#1600 = ORIENTED_EDGE('',*,*,#1535,.T.);
#1601 = ORIENTED_EDGE('',*,*,#1566,.T.);
#1602 = PLANE('',#1603);
#1603 = AXIS2_PLACEMENT_3D('',#1604,#1605,#1606);
#1604 = CARTESIAN_POINT('',(0.,0.,1.635));
#1605 = DIRECTION('',(0.,0.,1.));
#1606 = DIRECTION('',(1.,0.,-0.));
#1607 = ( GEOMETRIC_REPRESENTATION_CONTEXT(3) 
GLOBAL_UNCERTAINTY_ASSIGNED_CONTEXT((#1611)) 
GLOBAL_UNIT_ASSIGNED_CONTEXT((#1608,#1609,#1610)) REPRESENTATION_CONTEXT
('Context #1','3D Context with UNIT and UNCERTAINTY') );
#1608 = ( LENGTH_UNIT() NAMED_UNIT(*) SI_UNIT(.MILLI.,.METRE.) );
#1609 = ( NAMED_UNIT(*) PLANE_ANGLE_UNIT() SI_UNIT($,.RADIAN.) );
#1610 = ( NAMED_UNIT(*) SI_UNIT($,.STERADIAN.) SOLID_ANGLE_UNIT() );
#1611 = UNCERTAINTY_MEASURE_WITH_UNIT(LENGTH_MEASURE(1.E-07),#1608,
  'distance_accuracy_value','confusion accuracy');
#1612 = CONTEXT_DEPENDENT_SHAPE_REPRESENTATION(#1613,#1615);
#1613 = ( REPRESENTATION_RELATIONSHIP('','',#1456,#10) 
REPRESENTATION_RELATIONSHIP_WITH_TRANSFORMATION(#1614) 
SHAPE_REPRESENTATION_RELATIONSHIP() );
#1614 = ITEM_DEFINED_TRANSFORMATION('','',#11,#43);
#1615 = PRODUCT_DEFINITION_SHAPE('Placement','Placement of an item',
  #1616);
#1616 = NEXT_ASSEMBLY_USAGE_OCCURRENCE('9','=>[0:1:1:8]','',#5,#1451,$);
#1617 = PRODUCT_RELATED_PRODUCT_CATEGORY('part',$,(#1453));
#1618 = SHAPE_DEFINITION_REPRESENTATION(#1619,#1625);
#1619 = PRODUCT_DEFINITION_SHAPE('','',#1620);
#1620 = PRODUCT_DEFINITION('design','',#1621,#1624);
#1621 = PRODUCT_DEFINITION_FORMATION('','',#1622);
#1622 = PRODUCT('flashlight-led_pad_6','flashlight-led_pad_6','',(#1623)
  );
#1623 = PRODUCT_CONTEXT('',#2,'mechanical');
#1624 = PRODUCT_DEFINITION_CONTEXT('part definition',#2,'design');
#1625 = ADVANCED_BREP_SHAPE_REPRESENTATION('',(#11,#1626),#1776);
#1626 = MANIFOLD_SOLID_BREP('',#1627);
#1627 = CLOSED_SHELL('',(#1628,#1668,#1699,#1730,#1752,#1764));
#1628 = ADVANCED_FACE('',(#1629),#1663,.T.);
#1629 = FACE_BOUND('',#1630,.T.);
#1630 = EDGE_LOOP('',(#1631,#1641,#1649,#1657));
#1631 = ORIENTED_EDGE('',*,*,#1632,.T.);
#1632 = EDGE_CURVE('',#1633,#1635,#1637,.T.);
#1633 = VERTEX_POINT('',#1634);
#1634 = CARTESIAN_POINT('',(-5.683638,-6.203544,1.6));
#1635 = VERTEX_POINT('',#1636);
#1636 = CARTESIAN_POINT('',(-5.683638,-6.203544,1.635));
#1637 = LINE('',#1638,#1639);
#1638 = CARTESIAN_POINT('',(-5.683638,-6.203544,1.6));
#1639 = VECTOR('',#1640,1.);
#1640 = DIRECTION('',(0.,0.,1.));
#1641 = ORIENTED_EDGE('',*,*,#1642,.T.);
#1642 = EDGE_CURVE('',#1635,#1643,#1645,.T.);
#1643 = VERTEX_POINT('',#1644);
#1644 = CARTESIAN_POINT('',(-6.506362,-6.678544,1.635));
#1645 = LINE('',#1646,#1647);
#1646 = CARTESIAN_POINT('',(-5.683638,-6.203544,1.635));
#1647 = VECTOR('',#1648,1.);
#1648 = DIRECTION('',(-0.866025368628,-0.500000060893,0.));
#1649 = ORIENTED_EDGE('',*,*,#1650,.F.);
#1650 = EDGE_CURVE('',#1651,#1643,#1653,.T.);
#1651 = VERTEX_POINT('',#1652);
#1652 = CARTESIAN_POINT('',(-6.506362,-6.678544,1.6));
#1653 = LINE('',#1654,#1655);
#1654 = CARTESIAN_POINT('',(-6.506362,-6.678544,1.6));
#1655 = VECTOR('',#1656,1.);
#1656 = DIRECTION('',(0.,0.,1.));
#1657 = ORIENTED_EDGE('',*,*,#1658,.F.);
#1658 = EDGE_CURVE('',#1633,#1651,#1659,.T.);
#1659 = LINE('',#1660,#1661);
#1660 = CARTESIAN_POINT('',(-5.683638,-6.203544,1.6));
#1661 = VECTOR('',#1662,1.);
#1662 = DIRECTION('',(-0.866025368628,-0.500000060893,0.));
#1663 = PLANE('',#1664);
#1664 = AXIS2_PLACEMENT_3D('',#1665,#1666,#1667);
#1665 = CARTESIAN_POINT('',(-5.683638,-6.203544,1.6));
#1666 = DIRECTION('',(0.500000060893,-0.866025368628,0.));
#1667 = DIRECTION('',(-0.866025368628,-0.500000060893,0.));
#1668 = ADVANCED_FACE('',(#1669),#1694,.T.);
#1669 = FACE_BOUND('',#1670,.T.);
#1670 = EDGE_LOOP('',(#1671,#1672,#1680,#1688));
#1671 = ORIENTED_EDGE('',*,*,#1650,.T.);
#1672 = ORIENTED_EDGE('',*,*,#1673,.T.);
#1673 = EDGE_CURVE('',#1643,#1674,#1676,.T.);
#1674 = VERTEX_POINT('',#1675);
#1675 = CARTESIAN_POINT('',(-9.036362,-2.296456,1.635));
#1676 = LINE('',#1677,#1678);
#1677 = CARTESIAN_POINT('',(-6.506362,-6.678544,1.635));
#1678 = VECTOR('',#1679,1.);
#1679 = DIRECTION('',(-0.50000004648,0.866025376949,0.));
#1680 = ORIENTED_EDGE('',*,*,#1681,.F.);
#1681 = EDGE_CURVE('',#1682,#1674,#1684,.T.);
#1682 = VERTEX_POINT('',#1683);
#1683 = CARTESIAN_POINT('',(-9.036362,-2.296456,1.6));
#1684 = LINE('',#1685,#1686);
#1685 = CARTESIAN_POINT('',(-9.036362,-2.296456,1.6));
#1686 = VECTOR('',#1687,1.);
#1687 = DIRECTION('',(0.,0.,1.));
#1688 = ORIENTED_EDGE('',*,*,#1689,.F.);
#1689 = EDGE_CURVE('',#1651,#1682,#1690,.T.);
#1690 = LINE('',#1691,#1692);
#1691 = CARTESIAN_POINT('',(-6.506362,-6.678544,1.6));
#1692 = VECTOR('',#1693,1.);
#1693 = DIRECTION('',(-0.50000004648,0.866025376949,0.));
#1694 = PLANE('',#1695);
#1695 = AXIS2_PLACEMENT_3D('',#1696,#1697,#1698);
#1696 = CARTESIAN_POINT('',(-6.506362,-6.678544,1.6));
#1697 = DIRECTION('',(-0.866025376949,-0.50000004648,0.));
#1698 = DIRECTION('',(-0.50000004648,0.866025376949,0.));
#1699 = ADVANCED_FACE('',(#1700),#1725,.T.);
#1700 = FACE_BOUND('',#1701,.T.);
#1701 = EDGE_LOOP('',(#1702,#1703,#1711,#1719));
#1702 = ORIENTED_EDGE('',*,*,#1681,.T.);
#1703 = ORIENTED_EDGE('',*,*,#1704,.T.);
#1704 = EDGE_CURVE('',#1674,#1705,#1707,.T.);
#1705 = VERTEX_POINT('',#1706);
#1706 = CARTESIAN_POINT('',(-8.213638,-1.821456,1.635));
#1707 = LINE('',#1708,#1709);
#1708 = CARTESIAN_POINT('',(-9.036362,-2.296456,1.635));
#1709 = VECTOR('',#1710,1.);
#1710 = DIRECTION('',(0.866025368628,0.500000060893,0.));
#1711 = ORIENTED_EDGE('',*,*,#1712,.F.);
#1712 = EDGE_CURVE('',#1713,#1705,#1715,.T.);
#1713 = VERTEX_POINT('',#1714);
#1714 = CARTESIAN_POINT('',(-8.213638,-1.821456,1.6));
#1715 = LINE('',#1716,#1717);
#1716 = CARTESIAN_POINT('',(-8.213638,-1.821456,1.6));
#1717 = VECTOR('',#1718,1.);
#1718 = DIRECTION('',(0.,0.,1.));
#1719 = ORIENTED_EDGE('',*,*,#1720,.F.);
#1720 = EDGE_CURVE('',#1682,#1713,#1721,.T.);
#1721 = LINE('',#1722,#1723);
#1722 = CARTESIAN_POINT('',(-9.036362,-2.296456,1.6));
#1723 = VECTOR('',#1724,1.);
#1724 = DIRECTION('',(0.866025368628,0.500000060893,0.));
#1725 = PLANE('',#1726);
#1726 = AXIS2_PLACEMENT_3D('',#1727,#1728,#1729);
#1727 = CARTESIAN_POINT('',(-9.036362,-2.296456,1.6));
#1728 = DIRECTION('',(-0.500000060893,0.866025368628,0.));
#1729 = DIRECTION('',(0.866025368628,0.500000060893,0.));
#1730 = ADVANCED_FACE('',(#1731),#1747,.T.);
#1731 = FACE_BOUND('',#1732,.T.);
#1732 = EDGE_LOOP('',(#1733,#1734,#1740,#1741));
#1733 = ORIENTED_EDGE('',*,*,#1712,.T.);
#1734 = ORIENTED_EDGE('',*,*,#1735,.T.);
#1735 = EDGE_CURVE('',#1705,#1635,#1736,.T.);
#1736 = LINE('',#1737,#1738);
#1737 = CARTESIAN_POINT('',(-8.213638,-1.821456,1.635));
#1738 = VECTOR('',#1739,1.);
#1739 = DIRECTION('',(0.50000004648,-0.866025376949,0.));
#1740 = ORIENTED_EDGE('',*,*,#1632,.F.);
#1741 = ORIENTED_EDGE('',*,*,#1742,.F.);
#1742 = EDGE_CURVE('',#1713,#1633,#1743,.T.);
#1743 = LINE('',#1744,#1745);
#1744 = CARTESIAN_POINT('',(-8.213638,-1.821456,1.6));
#1745 = VECTOR('',#1746,1.);
#1746 = DIRECTION('',(0.50000004648,-0.866025376949,0.));
#1747 = PLANE('',#1748);
#1748 = AXIS2_PLACEMENT_3D('',#1749,#1750,#1751);
#1749 = CARTESIAN_POINT('',(-8.213638,-1.821456,1.6));
#1750 = DIRECTION('',(0.866025376949,0.50000004648,-0.));
#1751 = DIRECTION('',(0.50000004648,-0.866025376949,0.));
#1752 = ADVANCED_FACE('',(#1753),#1759,.F.);
#1753 = FACE_BOUND('',#1754,.T.);
#1754 = EDGE_LOOP('',(#1755,#1756,#1757,#1758));
#1755 = ORIENTED_EDGE('',*,*,#1658,.T.);
#1756 = ORIENTED_EDGE('',*,*,#1689,.T.);
#1757 = ORIENTED_EDGE('',*,*,#1720,.T.);
#1758 = ORIENTED_EDGE('',*,*,#1742,.T.);
#1759 = PLANE('',#1760);
#1760 = AXIS2_PLACEMENT_3D('',#1761,#1762,#1763);
#1761 = CARTESIAN_POINT('',(0.,0.,1.6));
#1762 = DIRECTION('',(0.,0.,1.));
#1763 = DIRECTION('',(1.,0.,-0.));
#1764 = ADVANCED_FACE('',(#1765),#1771,.T.);
#1765 = FACE_BOUND('',#1766,.F.);
#1766 = EDGE_LOOP('',(#1767,#1768,#1769,#1770));
#1767 = ORIENTED_EDGE('',*,*,#1642,.T.);
#1768 = ORIENTED_EDGE('',*,*,#1673,.T.);
#1769 = ORIENTED_EDGE('',*,*,#1704,.T.);
#1770 = ORIENTED_EDGE('',*,*,#1735,.T.);
#1771 = PLANE('',#1772);
#1772 = AXIS2_PLACEMENT_3D('',#1773,#1774,#1775);
#1773 = CARTESIAN_POINT('',(0.,0.,1.635));
#1774 = DIRECTION('',(0.,0.,1.));
#1775 = DIRECTION('',(1.,0.,-0.));
#1776 = ( GEOMETRIC_REPRESENTATION_CONTEXT(3) 
GLOBAL_UNCERTAINTY_ASSIGNED_CONTEXT((#1780)) 
GLOBAL_UNIT_ASSIGNED_CONTEXT((#1777,#1778,#1779)) REPRESENTATION_CONTEXT
('Context #1','3D Context with UNIT and UNCERTAINTY') );
#1777 = ( LENGTH_UNIT() NAMED_UNIT(*) SI_UNIT(.MILLI.,.METRE.) );
#1778 = ( NAMED_UNIT(*) PLANE_ANGLE_UNIT() SI_UNIT($,.RADIAN.) );
#1779 = ( NAMED_UNIT(*) SI_UNIT($,.STERADIAN.) SOLID_ANGLE_UNIT() );
#1780 = UNCERTAINTY_MEASURE_WITH_UNIT(LENGTH_MEASURE(1.E-07),#1777,
  'distance_accuracy_value','confusion accuracy');
#1781 = CONTEXT_DEPENDENT_SHAPE_REPRESENTATION(#1782,#1784);
#1782 = ( REPRESENTATION_RELATIONSHIP('','',#1625,#10) 
REPRESENTATION_RELATIONSHIP_WITH_TRANSFORMATION(#1783) 
SHAPE_REPRESENTATION_RELATIONSHIP() );
#1783 = ITEM_DEFINED_TRANSFORMATION('','',#11,#47);
#1784 = PRODUCT_DEFINITION_SHAPE('Placement','Placement of an item',
  #1785);
#1785 = NEXT_ASSEMBLY_USAGE_OCCURRENCE('10','=>[0:1:1:9]','',#5,#1620,$
  );
#1786 = PRODUCT_RELATED_PRODUCT_CATEGORY('part',$,(#1622));
#1787 = SHAPE_DEFINITION_REPRESENTATION(#1788,#1794);
#1788 = PRODUCT_DEFINITION_SHAPE('','',#1789);
#1789 = PRODUCT_DEFINITION('design','',#1790,#1793);
#1790 = PRODUCT_DEFINITION_FORMATION('','',#1791);
#1791 = PRODUCT('flashlight-led_pad_7','flashlight-led_pad_7','',(#1792)
  );
#1792 = PRODUCT_CONTEXT('',#2,'mechanical');
#1793 = PRODUCT_DEFINITION_CONTEXT('part definition',#2,'design');
#1794 = SHAPE_REPRESENTATION('',(#11),#1795);
#1795 = ( GEOMETRIC_REPRESENTATION_CONTEXT(3) 
GLOBAL_UNCERTAINTY_ASSIGNED_CONTEXT((#1799)) 
GLOBAL_UNIT_ASSIGNED_CONTEXT((#1796,#1797,#1798)) REPRESENTATION_CONTEXT
('Context #1','3D Context with UNIT and UNCERTAINTY') );
#1796 = ( LENGTH_UNIT() NAMED_UNIT(*) SI_UNIT(.MILLI.,.METRE.) );
#1797 = ( NAMED_UNIT(*) PLANE_ANGLE_UNIT() SI_UNIT($,.RADIAN.) );
#1798 = ( NAMED_UNIT(*) SI_UNIT($,.STERADIAN.) SOLID_ANGLE_UNIT() );
#1799 = UNCERTAINTY_MEASURE_WITH_UNIT(LENGTH_MEASURE(1.E-07),#1796,
  'distance_accuracy_value','confusion accuracy');
#1800 = CONTEXT_DEPENDENT_SHAPE_REPRESENTATION(#1801,#1803);
#1801 = ( REPRESENTATION_RELATIONSHIP('','',#1794,#10) 
REPRESENTATION_RELATIONSHIP_WITH_TRANSFORMATION(#1802) 
SHAPE_REPRESENTATION_RELATIONSHIP() );
#1802 = ITEM_DEFINED_TRANSFORMATION('','',#11,#51);
#1803 = PRODUCT_DEFINITION_SHAPE('Placement','Placement of an item',
  #1804);
#1804 = NEXT_ASSEMBLY_USAGE_OCCURRENCE('11','=>[0:1:1:10]','',#5,#1789,$
  );
#1805 = PRODUCT_RELATED_PRODUCT_CATEGORY('part',$,(#1791));
#1806 = SHAPE_DEFINITION_REPRESENTATION(#1807,#1813);
#1807 = PRODUCT_DEFINITION_SHAPE('','',#1808);
#1808 = PRODUCT_DEFINITION('design','',#1809,#1812);
#1809 = PRODUCT_DEFINITION_FORMATION('','',#1810);
#1810 = PRODUCT('flashlight-led_pad_8','flashlight-led_pad_8','',(#1811)
  );
#1811 = PRODUCT_CONTEXT('',#2,'mechanical');
#1812 = PRODUCT_DEFINITION_CONTEXT('part definition',#2,'design');
#1813 = SHAPE_REPRESENTATION('',(#11),#1814);
#1814 = ( GEOMETRIC_REPRESENTATION_CONTEXT(3) 
GLOBAL_UNCERTAINTY_ASSIGNED_CONTEXT((#1818)) 
GLOBAL_UNIT_ASSIGNED_CONTEXT((#1815,#1816,#1817)) REPRESENTATION_CONTEXT
('Context #1','3D Context with UNIT and UNCERTAINTY') );
#1815 = ( LENGTH_UNIT() NAMED_UNIT(*) SI_UNIT(.MILLI.,.METRE.) );
#1816 = ( NAMED_UNIT(*) PLANE_ANGLE_UNIT() SI_UNIT($,.RADIAN.) );
#1817 = ( NAMED_UNIT(*) SI_UNIT($,.STERADIAN.) SOLID_ANGLE_UNIT() );
#1818 = UNCERTAINTY_MEASURE_WITH_UNIT(LENGTH_MEASURE(1.E-07),#1815,
  'distance_accuracy_value','confusion accuracy');
#1819 = CONTEXT_DEPENDENT_SHAPE_REPRESENTATION(#1820,#1822);
#1820 = ( REPRESENTATION_RELATIONSHIP('','',#1813,#10) 
REPRESENTATION_RELATIONSHIP_WITH_TRANSFORMATION(#1821) 
SHAPE_REPRESENTATION_RELATIONSHIP() );
#1821 = ITEM_DEFINED_TRANSFORMATION('','',#11,#55);
#1822 = PRODUCT_DEFINITION_SHAPE('Placement','Placement of an item',
  #1823);
#1823 = NEXT_ASSEMBLY_USAGE_OCCURRENCE('12','=>[0:1:1:11]','',#5,#1808,$
  );
#1824 = PRODUCT_RELATED_PRODUCT_CATEGORY('part',$,(#1810));
#1825 = SHAPE_DEFINITION_REPRESENTATION(#1826,#1832);
#1826 = PRODUCT_DEFINITION_SHAPE('','',#1827);
#1827 = PRODUCT_DEFINITION('design','',#1828,#1831);
#1828 = PRODUCT_DEFINITION_FORMATION('','',#1829);
#1829 = PRODUCT('flashlight-led_pad_9','flashlight-led_pad_9','',(#1830)
  );
#1830 = PRODUCT_CONTEXT('',#2,'mechanical');
#1831 = PRODUCT_DEFINITION_CONTEXT('part definition',#2,'design');
#1832 = ADVANCED_BREP_SHAPE_REPRESENTATION('',(#11,#1833),#1925);
#1833 = MANIFOLD_SOLID_BREP('',#1834);
#1834 = CLOSED_SHELL('',(#1835,#1868,#1888,#1908));
#1835 = ADVANCED_FACE('',(#1836),#1863,.T.);
#1836 = FACE_BOUND('',#1837,.T.);
#1837 = EDGE_LOOP('',(#1838,#1847,#1855,#1862));
#1838 = ORIENTED_EDGE('',*,*,#1839,.F.);
#1839 = EDGE_CURVE('',#1840,#1840,#1842,.T.);
#1840 = VERTEX_POINT('',#1841);
#1841 = CARTESIAN_POINT('',(-1.9641,2.,1.635));
#1842 = CIRCLE('',#1843,1.5);
#1843 = AXIS2_PLACEMENT_3D('',#1844,#1845,#1846);
#1844 = CARTESIAN_POINT('',(-3.4641,2.,1.635));
#1845 = DIRECTION('',(0.,0.,1.));
#1846 = DIRECTION('',(1.,0.,-0.));
#1847 = ORIENTED_EDGE('',*,*,#1848,.F.);
#1848 = EDGE_CURVE('',#1849,#1840,#1851,.T.);
#1849 = VERTEX_POINT('',#1850);
#1850 = CARTESIAN_POINT('',(-1.9641,2.,1.6));
#1851 = LINE('',#1852,#1853);
#1852 = CARTESIAN_POINT('',(-1.9641,2.,1.6));
#1853 = VECTOR('',#1854,1.);
#1854 = DIRECTION('',(0.,0.,1.));
#1855 = ORIENTED_EDGE('',*,*,#1856,.T.);
#1856 = EDGE_CURVE('',#1849,#1849,#1857,.T.);
#1857 = CIRCLE('',#1858,1.5);
#1858 = AXIS2_PLACEMENT_3D('',#1859,#1860,#1861);
#1859 = CARTESIAN_POINT('',(-3.4641,2.,1.6));
#1860 = DIRECTION('',(0.,0.,1.));
#1861 = DIRECTION('',(1.,0.,-0.));
#1862 = ORIENTED_EDGE('',*,*,#1848,.T.);
#1863 = CYLINDRICAL_SURFACE('',#1864,1.5);
#1864 = AXIS2_PLACEMENT_3D('',#1865,#1866,#1867);
#1865 = CARTESIAN_POINT('',(-3.4641,2.,1.6));
#1866 = DIRECTION('',(0.,0.,1.));
#1867 = DIRECTION('',(1.,0.,-0.));
#1868 = ADVANCED_FACE('',(#1869,#1872),#1883,.T.);
#1869 = FACE_BOUND('',#1870,.T.);
#1870 = EDGE_LOOP('',(#1871));
#1871 = ORIENTED_EDGE('',*,*,#1839,.T.);
#1872 = FACE_BOUND('',#1873,.T.);
#1873 = EDGE_LOOP('',(#1874));
#1874 = ORIENTED_EDGE('',*,*,#1875,.T.);
#1875 = EDGE_CURVE('',#1876,#1876,#1878,.T.);
#1876 = VERTEX_POINT('',#1877);
#1877 = CARTESIAN_POINT('',(-3.4641,1.275,1.635));
#1878 = CIRCLE('',#1879,0.725);
#1879 = AXIS2_PLACEMENT_3D('',#1880,#1881,#1882);
#1880 = CARTESIAN_POINT('',(-3.4641,2.,1.635));
#1881 = DIRECTION('',(-0.,0.,-1.));
#1882 = DIRECTION('',(-0.,-1.,0.));
#1883 = PLANE('',#1884);
#1884 = AXIS2_PLACEMENT_3D('',#1885,#1886,#1887);
#1885 = CARTESIAN_POINT('',(-3.4641,2.,1.635));
#1886 = DIRECTION('',(0.,0.,1.));
#1887 = DIRECTION('',(1.,0.,-0.));
#1888 = ADVANCED_FACE('',(#1889,#1892),#1903,.F.);
#1889 = FACE_BOUND('',#1890,.F.);
#1890 = EDGE_LOOP('',(#1891));
#1891 = ORIENTED_EDGE('',*,*,#1856,.T.);
#1892 = FACE_BOUND('',#1893,.F.);
#1893 = EDGE_LOOP('',(#1894));
#1894 = ORIENTED_EDGE('',*,*,#1895,.T.);
#1895 = EDGE_CURVE('',#1896,#1896,#1898,.T.);
#1896 = VERTEX_POINT('',#1897);
#1897 = CARTESIAN_POINT('',(-3.4641,1.275,1.6));
#1898 = CIRCLE('',#1899,0.725);
#1899 = AXIS2_PLACEMENT_3D('',#1900,#1901,#1902);
#1900 = CARTESIAN_POINT('',(-3.4641,2.,1.6));
#1901 = DIRECTION('',(-0.,0.,-1.));
#1902 = DIRECTION('',(-0.,-1.,0.));
#1903 = PLANE('',#1904);
#1904 = AXIS2_PLACEMENT_3D('',#1905,#1906,#1907);
#1905 = CARTESIAN_POINT('',(-3.4641,2.,1.6));
#1906 = DIRECTION('',(0.,0.,1.));
#1907 = DIRECTION('',(1.,0.,-0.));
#1908 = ADVANCED_FACE('',(#1909),#1920,.F.);
#1909 = FACE_BOUND('',#1910,.T.);
#1910 = EDGE_LOOP('',(#1911,#1912,#1918,#1919));
#1911 = ORIENTED_EDGE('',*,*,#1895,.T.);
#1912 = ORIENTED_EDGE('',*,*,#1913,.T.);
#1913 = EDGE_CURVE('',#1896,#1876,#1914,.T.);
#1914 = LINE('',#1915,#1916);
#1915 = CARTESIAN_POINT('',(-3.4641,1.275,-4.5E-02));
#1916 = VECTOR('',#1917,1.);
#1917 = DIRECTION('',(0.,0.,1.));
#1918 = ORIENTED_EDGE('',*,*,#1875,.F.);
#1919 = ORIENTED_EDGE('',*,*,#1913,.F.);
#1920 = CYLINDRICAL_SURFACE('',#1921,0.725);
#1921 = AXIS2_PLACEMENT_3D('',#1922,#1923,#1924);
#1922 = CARTESIAN_POINT('',(-3.4641,2.,-4.5E-02));
#1923 = DIRECTION('',(-0.,-0.,-1.));
#1924 = DIRECTION('',(-0.,-1.,0.));
#1925 = ( GEOMETRIC_REPRESENTATION_CONTEXT(3) 
GLOBAL_UNCERTAINTY_ASSIGNED_CONTEXT((#1929)) 
GLOBAL_UNIT_ASSIGNED_CONTEXT((#1926,#1927,#1928)) REPRESENTATION_CONTEXT
('Context #1','3D Context with UNIT and UNCERTAINTY') );
#1926 = ( LENGTH_UNIT() NAMED_UNIT(*) SI_UNIT(.MILLI.,.METRE.) );
#1927 = ( NAMED_UNIT(*) PLANE_ANGLE_UNIT() SI_UNIT($,.RADIAN.) );
#1928 = ( NAMED_UNIT(*) SI_UNIT($,.STERADIAN.) SOLID_ANGLE_UNIT() );
#1929 = UNCERTAINTY_MEASURE_WITH_UNIT(LENGTH_MEASURE(1.E-07),#1926,
  'distance_accuracy_value','confusion accuracy');
#1930 = CONTEXT_DEPENDENT_SHAPE_REPRESENTATION(#1931,#1933);
#1931 = ( REPRESENTATION_RELATIONSHIP('','',#1832,#10) 
REPRESENTATION_RELATIONSHIP_WITH_TRANSFORMATION(#1932) 
SHAPE_REPRESENTATION_RELATIONSHIP() );
#1932 = ITEM_DEFINED_TRANSFORMATION('','',#11,#59);
#1933 = PRODUCT_DEFINITION_SHAPE('Placement','Placement of an item',
  #1934);
#1934 = NEXT_ASSEMBLY_USAGE_OCCURRENCE('13','=>[0:1:1:12]','',#5,#1827,$
  );
#1935 = PRODUCT_RELATED_PRODUCT_CATEGORY('part',$,(#1829));
#1936 = SHAPE_DEFINITION_REPRESENTATION(#1937,#1943);
#1937 = PRODUCT_DEFINITION_SHAPE('','',#1938);
#1938 = PRODUCT_DEFINITION('design','',#1939,#1942);
#1939 = PRODUCT_DEFINITION_FORMATION('','',#1940);
#1940 = PRODUCT('flashlight-led_pad_10','flashlight-led_pad_10','',(
    #1941));
#1941 = PRODUCT_CONTEXT('',#2,'mechanical');
#1942 = PRODUCT_DEFINITION_CONTEXT('part definition',#2,'design');
#1943 = ADVANCED_BREP_SHAPE_REPRESENTATION('',(#11,#1944),#2036);
#1944 = MANIFOLD_SOLID_BREP('',#1945);
#1945 = CLOSED_SHELL('',(#1946,#1979,#1999,#2019));
#1946 = ADVANCED_FACE('',(#1947),#1974,.T.);
#1947 = FACE_BOUND('',#1948,.T.);
#1948 = EDGE_LOOP('',(#1949,#1958,#1966,#1973));
#1949 = ORIENTED_EDGE('',*,*,#1950,.F.);
#1950 = EDGE_CURVE('',#1951,#1951,#1953,.T.);
#1951 = VERTEX_POINT('',#1952);
#1952 = CARTESIAN_POINT('',(-1.9641,2.,0.));
#1953 = CIRCLE('',#1954,1.5);
#1954 = AXIS2_PLACEMENT_3D('',#1955,#1956,#1957);
#1955 = CARTESIAN_POINT('',(-3.4641,2.,0.));
#1956 = DIRECTION('',(0.,0.,1.));
#1957 = DIRECTION('',(1.,0.,-0.));
#1958 = ORIENTED_EDGE('',*,*,#1959,.F.);
#1959 = EDGE_CURVE('',#1960,#1951,#1962,.T.);
#1960 = VERTEX_POINT('',#1961);
#1961 = CARTESIAN_POINT('',(-1.9641,2.,-3.5E-02));
#1962 = LINE('',#1963,#1964);
#1963 = CARTESIAN_POINT('',(-1.9641,2.,-3.5E-02));
#1964 = VECTOR('',#1965,1.);
#1965 = DIRECTION('',(0.,0.,1.));
#1966 = ORIENTED_EDGE('',*,*,#1967,.T.);
#1967 = EDGE_CURVE('',#1960,#1960,#1968,.T.);
#1968 = CIRCLE('',#1969,1.5);
#1969 = AXIS2_PLACEMENT_3D('',#1970,#1971,#1972);
#1970 = CARTESIAN_POINT('',(-3.4641,2.,-3.5E-02));
#1971 = DIRECTION('',(0.,0.,1.));
#1972 = DIRECTION('',(1.,0.,-0.));
#1973 = ORIENTED_EDGE('',*,*,#1959,.T.);
#1974 = CYLINDRICAL_SURFACE('',#1975,1.5);
#1975 = AXIS2_PLACEMENT_3D('',#1976,#1977,#1978);
#1976 = CARTESIAN_POINT('',(-3.4641,2.,-3.5E-02));
#1977 = DIRECTION('',(0.,0.,1.));
#1978 = DIRECTION('',(1.,0.,-0.));
#1979 = ADVANCED_FACE('',(#1980,#1983),#1994,.T.);
#1980 = FACE_BOUND('',#1981,.T.);
#1981 = EDGE_LOOP('',(#1982));
#1982 = ORIENTED_EDGE('',*,*,#1950,.T.);
#1983 = FACE_BOUND('',#1984,.T.);
#1984 = EDGE_LOOP('',(#1985));
#1985 = ORIENTED_EDGE('',*,*,#1986,.T.);
#1986 = EDGE_CURVE('',#1987,#1987,#1989,.T.);
#1987 = VERTEX_POINT('',#1988);
#1988 = CARTESIAN_POINT('',(-3.4641,1.275,0.));
#1989 = CIRCLE('',#1990,0.725);
#1990 = AXIS2_PLACEMENT_3D('',#1991,#1992,#1993);
#1991 = CARTESIAN_POINT('',(-3.4641,2.,0.));
#1992 = DIRECTION('',(-0.,0.,-1.));
#1993 = DIRECTION('',(-0.,-1.,0.));
#1994 = PLANE('',#1995);
#1995 = AXIS2_PLACEMENT_3D('',#1996,#1997,#1998);
#1996 = CARTESIAN_POINT('',(-3.4641,2.,0.));
#1997 = DIRECTION('',(0.,0.,1.));
#1998 = DIRECTION('',(1.,0.,-0.));
#1999 = ADVANCED_FACE('',(#2000,#2003),#2014,.F.);
#2000 = FACE_BOUND('',#2001,.F.);
#2001 = EDGE_LOOP('',(#2002));
#2002 = ORIENTED_EDGE('',*,*,#1967,.T.);
#2003 = FACE_BOUND('',#2004,.F.);
#2004 = EDGE_LOOP('',(#2005));
#2005 = ORIENTED_EDGE('',*,*,#2006,.T.);
#2006 = EDGE_CURVE('',#2007,#2007,#2009,.T.);
#2007 = VERTEX_POINT('',#2008);
#2008 = CARTESIAN_POINT('',(-3.4641,1.275,-3.5E-02));
#2009 = CIRCLE('',#2010,0.725);
#2010 = AXIS2_PLACEMENT_3D('',#2011,#2012,#2013);
#2011 = CARTESIAN_POINT('',(-3.4641,2.,-3.5E-02));
#2012 = DIRECTION('',(-0.,0.,-1.));
#2013 = DIRECTION('',(-0.,-1.,0.));
#2014 = PLANE('',#2015);
#2015 = AXIS2_PLACEMENT_3D('',#2016,#2017,#2018);
#2016 = CARTESIAN_POINT('',(-3.4641,2.,-3.5E-02));
#2017 = DIRECTION('',(0.,0.,1.));
#2018 = DIRECTION('',(1.,0.,-0.));
#2019 = ADVANCED_FACE('',(#2020),#2031,.F.);
#2020 = FACE_BOUND('',#2021,.T.);
#2021 = EDGE_LOOP('',(#2022,#2023,#2029,#2030));
#2022 = ORIENTED_EDGE('',*,*,#2006,.T.);
#2023 = ORIENTED_EDGE('',*,*,#2024,.T.);
#2024 = EDGE_CURVE('',#2007,#1987,#2025,.T.);
#2025 = LINE('',#2026,#2027);
#2026 = CARTESIAN_POINT('',(-3.4641,1.275,-4.5E-02));
#2027 = VECTOR('',#2028,1.);
#2028 = DIRECTION('',(0.,0.,1.));
#2029 = ORIENTED_EDGE('',*,*,#1986,.F.);
#2030 = ORIENTED_EDGE('',*,*,#2024,.F.);
#2031 = CYLINDRICAL_SURFACE('',#2032,0.725);
#2032 = AXIS2_PLACEMENT_3D('',#2033,#2034,#2035);
#2033 = CARTESIAN_POINT('',(-3.4641,2.,-4.5E-02));
#2034 = DIRECTION('',(-0.,-0.,-1.));
#2035 = DIRECTION('',(-0.,-1.,0.));
#2036 = ( GEOMETRIC_REPRESENTATION_CONTEXT(3) 
GLOBAL_UNCERTAINTY_ASSIGNED_CONTEXT((#2040)) 
GLOBAL_UNIT_ASSIGNED_CONTEXT((#2037,#2038,#2039)) REPRESENTATION_CONTEXT
('Context #1','3D Context with UNIT and UNCERTAINTY') );
#2037 = ( LENGTH_UNIT() NAMED_UNIT(*) SI_UNIT(.MILLI.,.METRE.) );
#2038 = ( NAMED_UNIT(*) PLANE_ANGLE_UNIT() SI_UNIT($,.RADIAN.) );
#2039 = ( NAMED_UNIT(*) SI_UNIT($,.STERADIAN.) SOLID_ANGLE_UNIT() );
#2040 = UNCERTAINTY_MEASURE_WITH_UNIT(LENGTH_MEASURE(1.E-07),#2037,
  'distance_accuracy_value','confusion accuracy');
#2041 = CONTEXT_DEPENDENT_SHAPE_REPRESENTATION(#2042,#2044);
#2042 = ( REPRESENTATION_RELATIONSHIP('','',#1943,#10) 
REPRESENTATION_RELATIONSHIP_WITH_TRANSFORMATION(#2043) 
SHAPE_REPRESENTATION_RELATIONSHIP() );
#2043 = ITEM_DEFINED_TRANSFORMATION('','',#11,#63);
#2044 = PRODUCT_DEFINITION_SHAPE('Placement','Placement of an item',
  #2045);
#2045 = NEXT_ASSEMBLY_USAGE_OCCURRENCE('14','=>[0:1:1:13]','',#5,#1938,$
  );
#2046 = PRODUCT_RELATED_PRODUCT_CATEGORY('part',$,(#1940));
#2047 = SHAPE_DEFINITION_REPRESENTATION(#2048,#2054);
#2048 = PRODUCT_DEFINITION_SHAPE('','',#2049);
#2049 = PRODUCT_DEFINITION('design','',#2050,#2053);
#2050 = PRODUCT_DEFINITION_FORMATION('','',#2051);
#2051 = PRODUCT('flashlight-led_pad_11','flashlight-led_pad_11','',(
    #2052));
#2052 = PRODUCT_CONTEXT('',#2,'mechanical');
#2053 = PRODUCT_DEFINITION_CONTEXT('part definition',#2,'design');
#2054 = ADVANCED_BREP_SHAPE_REPRESENTATION('',(#11,#2055),#2147);
#2055 = MANIFOLD_SOLID_BREP('',#2056);
#2056 = CLOSED_SHELL('',(#2057,#2090,#2110,#2130));
#2057 = ADVANCED_FACE('',(#2058),#2085,.T.);
#2058 = FACE_BOUND('',#2059,.F.);
#2059 = EDGE_LOOP('',(#2060,#2070,#2077,#2078));
#2060 = ORIENTED_EDGE('',*,*,#2061,.T.);
#2061 = EDGE_CURVE('',#2062,#2064,#2066,.T.);
#2062 = VERTEX_POINT('',#2063);
#2063 = CARTESIAN_POINT('',(-3.4641,1.25,-3.5E-02));
#2064 = VERTEX_POINT('',#2065);
#2065 = CARTESIAN_POINT('',(-3.4641,1.25,1.635));
#2066 = LINE('',#2067,#2068);
#2067 = CARTESIAN_POINT('',(-3.4641,1.25,-3.5E-02));
#2068 = VECTOR('',#2069,1.);
#2069 = DIRECTION('',(0.,0.,1.));
#2070 = ORIENTED_EDGE('',*,*,#2071,.T.);
#2071 = EDGE_CURVE('',#2064,#2064,#2072,.T.);
#2072 = CIRCLE('',#2073,0.75);
#2073 = AXIS2_PLACEMENT_3D('',#2074,#2075,#2076);
#2074 = CARTESIAN_POINT('',(-3.4641,2.,1.635));
#2075 = DIRECTION('',(0.,0.,1.));
#2076 = DIRECTION('',(-0.,-1.,0.));
#2077 = ORIENTED_EDGE('',*,*,#2061,.F.);
#2078 = ORIENTED_EDGE('',*,*,#2079,.F.);
#2079 = EDGE_CURVE('',#2062,#2062,#2080,.T.);
#2080 = CIRCLE('',#2081,0.75);
#2081 = AXIS2_PLACEMENT_3D('',#2082,#2083,#2084);
#2082 = CARTESIAN_POINT('',(-3.4641,2.,-3.5E-02));
#2083 = DIRECTION('',(0.,0.,1.));
#2084 = DIRECTION('',(-0.,-1.,0.));
#2085 = CYLINDRICAL_SURFACE('',#2086,0.75);
#2086 = AXIS2_PLACEMENT_3D('',#2087,#2088,#2089);
#2087 = CARTESIAN_POINT('',(-3.4641,2.,-3.5E-02));
#2088 = DIRECTION('',(-0.,-0.,-1.));
#2089 = DIRECTION('',(-0.,-1.,0.));
#2090 = ADVANCED_FACE('',(#2091,#2094),#2105,.F.);
#2091 = FACE_BOUND('',#2092,.F.);
#2092 = EDGE_LOOP('',(#2093));
#2093 = ORIENTED_EDGE('',*,*,#2079,.T.);
#2094 = FACE_BOUND('',#2095,.F.);
#2095 = EDGE_LOOP('',(#2096));
#2096 = ORIENTED_EDGE('',*,*,#2097,.T.);
#2097 = EDGE_CURVE('',#2098,#2098,#2100,.T.);
#2098 = VERTEX_POINT('',#2099);
#2099 = CARTESIAN_POINT('',(-3.4641,1.275,-3.5E-02));
#2100 = CIRCLE('',#2101,0.725);
#2101 = AXIS2_PLACEMENT_3D('',#2102,#2103,#2104);
#2102 = CARTESIAN_POINT('',(-3.4641,2.,-3.5E-02));
#2103 = DIRECTION('',(-0.,0.,-1.));
#2104 = DIRECTION('',(-0.,-1.,0.));
#2105 = PLANE('',#2106);
#2106 = AXIS2_PLACEMENT_3D('',#2107,#2108,#2109);
#2107 = CARTESIAN_POINT('',(-3.4641,1.25,-3.5E-02));
#2108 = DIRECTION('',(0.,0.,1.));
#2109 = DIRECTION('',(1.,0.,-0.));
#2110 = ADVANCED_FACE('',(#2111,#2114),#2125,.T.);
#2111 = FACE_BOUND('',#2112,.T.);
#2112 = EDGE_LOOP('',(#2113));
#2113 = ORIENTED_EDGE('',*,*,#2071,.T.);
#2114 = FACE_BOUND('',#2115,.T.);
#2115 = EDGE_LOOP('',(#2116));
#2116 = ORIENTED_EDGE('',*,*,#2117,.T.);
#2117 = EDGE_CURVE('',#2118,#2118,#2120,.T.);
#2118 = VERTEX_POINT('',#2119);
#2119 = CARTESIAN_POINT('',(-3.4641,1.275,1.635));
#2120 = CIRCLE('',#2121,0.725);
#2121 = AXIS2_PLACEMENT_3D('',#2122,#2123,#2124);
#2122 = CARTESIAN_POINT('',(-3.4641,2.,1.635));
#2123 = DIRECTION('',(-0.,0.,-1.));
#2124 = DIRECTION('',(-0.,-1.,0.));
#2125 = PLANE('',#2126);
#2126 = AXIS2_PLACEMENT_3D('',#2127,#2128,#2129);
#2127 = CARTESIAN_POINT('',(-3.4641,1.25,1.635));
#2128 = DIRECTION('',(0.,0.,1.));
#2129 = DIRECTION('',(1.,0.,-0.));
#2130 = ADVANCED_FACE('',(#2131),#2142,.F.);
#2131 = FACE_BOUND('',#2132,.T.);
#2132 = EDGE_LOOP('',(#2133,#2134,#2140,#2141));
#2133 = ORIENTED_EDGE('',*,*,#2097,.T.);
#2134 = ORIENTED_EDGE('',*,*,#2135,.T.);
#2135 = EDGE_CURVE('',#2098,#2118,#2136,.T.);
#2136 = LINE('',#2137,#2138);
#2137 = CARTESIAN_POINT('',(-3.4641,1.275,-4.5E-02));
#2138 = VECTOR('',#2139,1.);
#2139 = DIRECTION('',(0.,0.,1.));
#2140 = ORIENTED_EDGE('',*,*,#2117,.F.);
#2141 = ORIENTED_EDGE('',*,*,#2135,.F.);
#2142 = CYLINDRICAL_SURFACE('',#2143,0.725);
#2143 = AXIS2_PLACEMENT_3D('',#2144,#2145,#2146);
#2144 = CARTESIAN_POINT('',(-3.4641,2.,-4.5E-02));
#2145 = DIRECTION('',(-0.,-0.,-1.));
#2146 = DIRECTION('',(-0.,-1.,0.));
#2147 = ( GEOMETRIC_REPRESENTATION_CONTEXT(3) 
GLOBAL_UNCERTAINTY_ASSIGNED_CONTEXT((#2151)) 
GLOBAL_UNIT_ASSIGNED_CONTEXT((#2148,#2149,#2150)) REPRESENTATION_CONTEXT
('Context #1','3D Context with UNIT and UNCERTAINTY') );
#2148 = ( LENGTH_UNIT() NAMED_UNIT(*) SI_UNIT(.MILLI.,.METRE.) );
#2149 = ( NAMED_UNIT(*) PLANE_ANGLE_UNIT() SI_UNIT($,.RADIAN.) );
#2150 = ( NAMED_UNIT(*) SI_UNIT($,.STERADIAN.) SOLID_ANGLE_UNIT() );
#2151 = UNCERTAINTY_MEASURE_WITH_UNIT(LENGTH_MEASURE(1.E-07),#2148,
  'distance_accuracy_value','confusion accuracy');
#2152 = CONTEXT_DEPENDENT_SHAPE_REPRESENTATION(#2153,#2155);
#2153 = ( REPRESENTATION_RELATIONSHIP('','',#2054,#10) 
REPRESENTATION_RELATIONSHIP_WITH_TRANSFORMATION(#2154) 
SHAPE_REPRESENTATION_RELATIONSHIP() );
#2154 = ITEM_DEFINED_TRANSFORMATION('','',#11,#67);
#2155 = PRODUCT_DEFINITION_SHAPE('Placement','Placement of an item',
  #2156);
#2156 = NEXT_ASSEMBLY_USAGE_OCCURRENCE('15','=>[0:1:1:14]','',#5,#2049,$
  );
#2157 = PRODUCT_RELATED_PRODUCT_CATEGORY('part',$,(#2051));
#2158 = SHAPE_DEFINITION_REPRESENTATION(#2159,#2165);
#2159 = PRODUCT_DEFINITION_SHAPE('','',#2160);
#2160 = PRODUCT_DEFINITION('design','',#2161,#2164);
#2161 = PRODUCT_DEFINITION_FORMATION('','',#2162);
#2162 = PRODUCT('flashlight-led_pad_12','flashlight-led_pad_12','',(
    #2163));
#2163 = PRODUCT_CONTEXT('',#2,'mechanical');
#2164 = PRODUCT_DEFINITION_CONTEXT('part definition',#2,'design');
#2165 = SHAPE_REPRESENTATION('',(#11),#2166);
#2166 = ( GEOMETRIC_REPRESENTATION_CONTEXT(3) 
GLOBAL_UNCERTAINTY_ASSIGNED_CONTEXT((#2170)) 
GLOBAL_UNIT_ASSIGNED_CONTEXT((#2167,#2168,#2169)) REPRESENTATION_CONTEXT
('Context #1','3D Context with UNIT and UNCERTAINTY') );
#2167 = ( LENGTH_UNIT() NAMED_UNIT(*) SI_UNIT(.MILLI.,.METRE.) );
#2168 = ( NAMED_UNIT(*) PLANE_ANGLE_UNIT() SI_UNIT($,.RADIAN.) );
#2169 = ( NAMED_UNIT(*) SI_UNIT($,.STERADIAN.) SOLID_ANGLE_UNIT() );
#2170 = UNCERTAINTY_MEASURE_WITH_UNIT(LENGTH_MEASURE(1.E-07),#2167,
  'distance_accuracy_value','confusion accuracy');
#2171 = CONTEXT_DEPENDENT_SHAPE_REPRESENTATION(#2172,#2174);
#2172 = ( REPRESENTATION_RELATIONSHIP('','',#2165,#10) 
REPRESENTATION_RELATIONSHIP_WITH_TRANSFORMATION(#2173) 
SHAPE_REPRESENTATION_RELATIONSHIP() );
#2173 = ITEM_DEFINED_TRANSFORMATION('','',#11,#71);
#2174 = PRODUCT_DEFINITION_SHAPE('Placement','Placement of an item',
  #2175);
#2175 = NEXT_ASSEMBLY_USAGE_OCCURRENCE('16','=>[0:1:1:15]','',#5,#2160,$
  );
#2176 = PRODUCT_RELATED_PRODUCT_CATEGORY('part',$,(#2162));
#2177 = SHAPE_DEFINITION_REPRESENTATION(#2178,#2184);
#2178 = PRODUCT_DEFINITION_SHAPE('','',#2179);
#2179 = PRODUCT_DEFINITION('design','',#2180,#2183);
#2180 = PRODUCT_DEFINITION_FORMATION('','',#2181);
#2181 = PRODUCT('flashlight-led_pad_13','flashlight-led_pad_13','',(
    #2182));
#2182 = PRODUCT_CONTEXT('',#2,'mechanical');
#2183 = PRODUCT_DEFINITION_CONTEXT('part definition',#2,'design');
#2184 = SHAPE_REPRESENTATION('',(#11),#2185);
#2185 = ( GEOMETRIC_REPRESENTATION_CONTEXT(3) 
GLOBAL_UNCERTAINTY_ASSIGNED_CONTEXT((#2189)) 
GLOBAL_UNIT_ASSIGNED_CONTEXT((#2186,#2187,#2188)) REPRESENTATION_CONTEXT
('Context #1','3D Context with UNIT and UNCERTAINTY') );
#2186 = ( LENGTH_UNIT() NAMED_UNIT(*) SI_UNIT(.MILLI.,.METRE.) );
#2187 = ( NAMED_UNIT(*) PLANE_ANGLE_UNIT() SI_UNIT($,.RADIAN.) );
#2188 = ( NAMED_UNIT(*) SI_UNIT($,.STERADIAN.) SOLID_ANGLE_UNIT() );
#2189 = UNCERTAINTY_MEASURE_WITH_UNIT(LENGTH_MEASURE(1.E-07),#2186,
  'distance_accuracy_value','confusion accuracy');
#2190 = CONTEXT_DEPENDENT_SHAPE_REPRESENTATION(#2191,#2193);
#2191 = ( REPRESENTATION_RELATIONSHIP('','',#2184,#10) 
REPRESENTATION_RELATIONSHIP_WITH_TRANSFORMATION(#2192) 
SHAPE_REPRESENTATION_RELATIONSHIP() );
#2192 = ITEM_DEFINED_TRANSFORMATION('','',#11,#75);
#2193 = PRODUCT_DEFINITION_SHAPE('Placement','Placement of an item',
  #2194);
#2194 = NEXT_ASSEMBLY_USAGE_OCCURRENCE('17','=>[0:1:1:16]','',#5,#2179,$
  );
#2195 = PRODUCT_RELATED_PRODUCT_CATEGORY('part',$,(#2181));
#2196 = SHAPE_DEFINITION_REPRESENTATION(#2197,#2203);
#2197 = PRODUCT_DEFINITION_SHAPE('','',#2198);
#2198 = PRODUCT_DEFINITION('design','',#2199,#2202);
#2199 = PRODUCT_DEFINITION_FORMATION('','',#2200);
#2200 = PRODUCT('flashlight-led_pad_14','flashlight-led_pad_14','',(
    #2201));
#2201 = PRODUCT_CONTEXT('',#2,'mechanical');
#2202 = PRODUCT_DEFINITION_CONTEXT('part definition',#2,'design');
#2203 = ADVANCED_BREP_SHAPE_REPRESENTATION('',(#11,#2204),#2354);
#2204 = MANIFOLD_SOLID_BREP('',#2205);
#2205 = CLOSED_SHELL('',(#2206,#2246,#2277,#2308,#2330,#2342));
#2206 = ADVANCED_FACE('',(#2207),#2241,.T.);
#2207 = FACE_BOUND('',#2208,.T.);
#2208 = EDGE_LOOP('',(#2209,#2219,#2227,#2235));
#2209 = ORIENTED_EDGE('',*,*,#2210,.T.);
#2210 = EDGE_CURVE('',#2211,#2213,#2215,.T.);
#2211 = VERTEX_POINT('',#2212);
#2212 = CARTESIAN_POINT('',(10.730996,-3.621265,1.6));
#2213 = VERTEX_POINT('',#2214);
#2214 = CARTESIAN_POINT('',(10.730996,-3.621265,1.635));
#2215 = LINE('',#2216,#2217);
#2216 = CARTESIAN_POINT('',(10.730996,-3.621265,1.6));
#2217 = VECTOR('',#2218,1.);
#2218 = DIRECTION('',(0.,0.,1.));
#2219 = ORIENTED_EDGE('',*,*,#2220,.T.);
#2220 = EDGE_CURVE('',#2213,#2221,#2223,.T.);
#2221 = VERTEX_POINT('',#2222);
#2222 = CARTESIAN_POINT('',(8.500996,-7.483739,1.635));
#2223 = LINE('',#2224,#2225);
#2224 = CARTESIAN_POINT('',(10.730996,-3.621265,1.635));
#2225 = VECTOR('',#2226,1.);
#2226 = DIRECTION('',(-0.499999932124,-0.866025442973,0.));
#2227 = ORIENTED_EDGE('',*,*,#2228,.F.);
#2228 = EDGE_CURVE('',#2229,#2221,#2231,.T.);
#2229 = VERTEX_POINT('',#2230);
#2230 = CARTESIAN_POINT('',(8.500996,-7.483739,1.6));
#2231 = LINE('',#2232,#2233);
#2232 = CARTESIAN_POINT('',(8.500996,-7.483739,1.6));
#2233 = VECTOR('',#2234,1.);
#2234 = DIRECTION('',(0.,0.,1.));
#2235 = ORIENTED_EDGE('',*,*,#2236,.F.);
#2236 = EDGE_CURVE('',#2211,#2229,#2237,.T.);
#2237 = LINE('',#2238,#2239);
#2238 = CARTESIAN_POINT('',(10.730996,-3.621265,1.6));
#2239 = VECTOR('',#2240,1.);
#2240 = DIRECTION('',(-0.499999932124,-0.866025442973,0.));
#2241 = PLANE('',#2242);
#2242 = AXIS2_PLACEMENT_3D('',#2243,#2244,#2245);
#2243 = CARTESIAN_POINT('',(10.730996,-3.621265,1.6));
#2244 = DIRECTION('',(0.866025442973,-0.499999932124,0.));
#2245 = DIRECTION('',(-0.499999932124,-0.866025442973,0.));
#2246 = ADVANCED_FACE('',(#2247),#2272,.T.);
#2247 = FACE_BOUND('',#2248,.T.);
#2248 = EDGE_LOOP('',(#2249,#2250,#2258,#2266));
#2249 = ORIENTED_EDGE('',*,*,#2228,.T.);
#2250 = ORIENTED_EDGE('',*,*,#2251,.T.);
#2251 = EDGE_CURVE('',#2221,#2252,#2254,.T.);
#2252 = VERTEX_POINT('',#2253);
#2253 = CARTESIAN_POINT('',(7.002772,-6.618739,1.635));
#2254 = LINE('',#2255,#2256);
#2255 = CARTESIAN_POINT('',(8.500996,-7.483739,1.635));
#2256 = VECTOR('',#2257,1.);
#2257 = DIRECTION('',(-0.86602541122,0.499999987122,0.));
#2258 = ORIENTED_EDGE('',*,*,#2259,.F.);
#2259 = EDGE_CURVE('',#2260,#2252,#2262,.T.);
#2260 = VERTEX_POINT('',#2261);
#2261 = CARTESIAN_POINT('',(7.002772,-6.618739,1.6));
#2262 = LINE('',#2263,#2264);
#2263 = CARTESIAN_POINT('',(7.002772,-6.618739,1.6));
#2264 = VECTOR('',#2265,1.);
#2265 = DIRECTION('',(0.,0.,1.));
#2266 = ORIENTED_EDGE('',*,*,#2267,.F.);
#2267 = EDGE_CURVE('',#2229,#2260,#2268,.T.);
#2268 = LINE('',#2269,#2270);
#2269 = CARTESIAN_POINT('',(8.500996,-7.483739,1.6));
#2270 = VECTOR('',#2271,1.);
#2271 = DIRECTION('',(-0.86602541122,0.499999987122,0.));
#2272 = PLANE('',#2273);
#2273 = AXIS2_PLACEMENT_3D('',#2274,#2275,#2276);
#2274 = CARTESIAN_POINT('',(8.500996,-7.483739,1.6));
#2275 = DIRECTION('',(-0.499999987122,-0.86602541122,0.));
#2276 = DIRECTION('',(-0.86602541122,0.499999987122,0.));
#2277 = ADVANCED_FACE('',(#2278),#2303,.T.);
#2278 = FACE_BOUND('',#2279,.T.);
#2279 = EDGE_LOOP('',(#2280,#2281,#2289,#2297));
#2280 = ORIENTED_EDGE('',*,*,#2259,.T.);
#2281 = ORIENTED_EDGE('',*,*,#2282,.T.);
#2282 = EDGE_CURVE('',#2252,#2283,#2285,.T.);
#2283 = VERTEX_POINT('',#2284);
#2284 = CARTESIAN_POINT('',(9.232772,-2.756265,1.635));
#2285 = LINE('',#2286,#2287);
#2286 = CARTESIAN_POINT('',(7.002772,-6.618739,1.635));
#2287 = VECTOR('',#2288,1.);
#2288 = DIRECTION('',(0.499999932124,0.866025442973,0.));
#2289 = ORIENTED_EDGE('',*,*,#2290,.F.);
#2290 = EDGE_CURVE('',#2291,#2283,#2293,.T.);
#2291 = VERTEX_POINT('',#2292);
#2292 = CARTESIAN_POINT('',(9.232772,-2.756265,1.6));
#2293 = LINE('',#2294,#2295);
#2294 = CARTESIAN_POINT('',(9.232772,-2.756265,1.6));
#2295 = VECTOR('',#2296,1.);
#2296 = DIRECTION('',(0.,0.,1.));
#2297 = ORIENTED_EDGE('',*,*,#2298,.F.);
#2298 = EDGE_CURVE('',#2260,#2291,#2299,.T.);
#2299 = LINE('',#2300,#2301);
#2300 = CARTESIAN_POINT('',(7.002772,-6.618739,1.6));
#2301 = VECTOR('',#2302,1.);
#2302 = DIRECTION('',(0.499999932124,0.866025442973,0.));
#2303 = PLANE('',#2304);
#2304 = AXIS2_PLACEMENT_3D('',#2305,#2306,#2307);
#2305 = CARTESIAN_POINT('',(7.002772,-6.618739,1.6));
#2306 = DIRECTION('',(-0.866025442973,0.499999932124,0.));
#2307 = DIRECTION('',(0.499999932124,0.866025442973,0.));
#2308 = ADVANCED_FACE('',(#2309),#2325,.T.);
#2309 = FACE_BOUND('',#2310,.T.);
#2310 = EDGE_LOOP('',(#2311,#2312,#2318,#2319));
#2311 = ORIENTED_EDGE('',*,*,#2290,.T.);
#2312 = ORIENTED_EDGE('',*,*,#2313,.T.);
#2313 = EDGE_CURVE('',#2283,#2213,#2314,.T.);
#2314 = LINE('',#2315,#2316);
#2315 = CARTESIAN_POINT('',(9.232772,-2.756265,1.635));
#2316 = VECTOR('',#2317,1.);
#2317 = DIRECTION('',(0.86602541122,-0.499999987122,0.));
#2318 = ORIENTED_EDGE('',*,*,#2210,.F.);
#2319 = ORIENTED_EDGE('',*,*,#2320,.F.);
#2320 = EDGE_CURVE('',#2291,#2211,#2321,.T.);
#2321 = LINE('',#2322,#2323);
#2322 = CARTESIAN_POINT('',(9.232772,-2.756265,1.6));
#2323 = VECTOR('',#2324,1.);
#2324 = DIRECTION('',(0.86602541122,-0.499999987122,0.));
#2325 = PLANE('',#2326);
#2326 = AXIS2_PLACEMENT_3D('',#2327,#2328,#2329);
#2327 = CARTESIAN_POINT('',(9.232772,-2.756265,1.6));
#2328 = DIRECTION('',(0.499999987122,0.86602541122,-0.));
#2329 = DIRECTION('',(0.86602541122,-0.499999987122,0.));
#2330 = ADVANCED_FACE('',(#2331),#2337,.F.);
#2331 = FACE_BOUND('',#2332,.T.);
#2332 = EDGE_LOOP('',(#2333,#2334,#2335,#2336));
#2333 = ORIENTED_EDGE('',*,*,#2236,.T.);
#2334 = ORIENTED_EDGE('',*,*,#2267,.T.);
#2335 = ORIENTED_EDGE('',*,*,#2298,.T.);
#2336 = ORIENTED_EDGE('',*,*,#2320,.T.);
#2337 = PLANE('',#2338);
#2338 = AXIS2_PLACEMENT_3D('',#2339,#2340,#2341);
#2339 = CARTESIAN_POINT('',(0.,0.,1.6));
#2340 = DIRECTION('',(0.,0.,1.));
#2341 = DIRECTION('',(1.,0.,-0.));
#2342 = ADVANCED_FACE('',(#2343),#2349,.T.);
#2343 = FACE_BOUND('',#2344,.F.);
#2344 = EDGE_LOOP('',(#2345,#2346,#2347,#2348));
#2345 = ORIENTED_EDGE('',*,*,#2220,.T.);
#2346 = ORIENTED_EDGE('',*,*,#2251,.T.);
#2347 = ORIENTED_EDGE('',*,*,#2282,.T.);
#2348 = ORIENTED_EDGE('',*,*,#2313,.T.);
#2349 = PLANE('',#2350);
#2350 = AXIS2_PLACEMENT_3D('',#2351,#2352,#2353);
#2351 = CARTESIAN_POINT('',(0.,0.,1.635));
#2352 = DIRECTION('',(0.,0.,1.));
#2353 = DIRECTION('',(1.,0.,-0.));
#2354 = ( GEOMETRIC_REPRESENTATION_CONTEXT(3) 
GLOBAL_UNCERTAINTY_ASSIGNED_CONTEXT((#2358)) 
GLOBAL_UNIT_ASSIGNED_CONTEXT((#2355,#2356,#2357)) REPRESENTATION_CONTEXT
('Context #1','3D Context with UNIT and UNCERTAINTY') );
#2355 = ( LENGTH_UNIT() NAMED_UNIT(*) SI_UNIT(.MILLI.,.METRE.) );
#2356 = ( NAMED_UNIT(*) PLANE_ANGLE_UNIT() SI_UNIT($,.RADIAN.) );
#2357 = ( NAMED_UNIT(*) SI_UNIT($,.STERADIAN.) SOLID_ANGLE_UNIT() );
#2358 = UNCERTAINTY_MEASURE_WITH_UNIT(LENGTH_MEASURE(1.E-07),#2355,
  'distance_accuracy_value','confusion accuracy');
#2359 = CONTEXT_DEPENDENT_SHAPE_REPRESENTATION(#2360,#2362);
#2360 = ( REPRESENTATION_RELATIONSHIP('','',#2203,#10) 
REPRESENTATION_RELATIONSHIP_WITH_TRANSFORMATION(#2361) 
SHAPE_REPRESENTATION_RELATIONSHIP() );
#2361 = ITEM_DEFINED_TRANSFORMATION('','',#11,#79);
#2362 = PRODUCT_DEFINITION_SHAPE('Placement','Placement of an item',
  #2363);
#2363 = NEXT_ASSEMBLY_USAGE_OCCURRENCE('18','=>[0:1:1:17]','',#5,#2198,$
  );
#2364 = PRODUCT_RELATED_PRODUCT_CATEGORY('part',$,(#2200));
#2365 = SHAPE_DEFINITION_REPRESENTATION(#2366,#2372);
#2366 = PRODUCT_DEFINITION_SHAPE('','',#2367);
#2367 = PRODUCT_DEFINITION('design','',#2368,#2371);
#2368 = PRODUCT_DEFINITION_FORMATION('','',#2369);
#2369 = PRODUCT('flashlight-led_pad_15','flashlight-led_pad_15','',(
    #2370));
#2370 = PRODUCT_CONTEXT('',#2,'mechanical');
#2371 = PRODUCT_DEFINITION_CONTEXT('part definition',#2,'design');
#2372 = ADVANCED_BREP_SHAPE_REPRESENTATION('',(#11,#2373),#2523);
#2373 = MANIFOLD_SOLID_BREP('',#2374);
#2374 = CLOSED_SHELL('',(#2375,#2415,#2446,#2477,#2499,#2511));
#2375 = ADVANCED_FACE('',(#2376),#2410,.T.);
#2376 = FACE_BOUND('',#2377,.T.);
#2377 = EDGE_LOOP('',(#2378,#2388,#2396,#2404));
#2378 = ORIENTED_EDGE('',*,*,#2379,.T.);
#2379 = EDGE_CURVE('',#2380,#2382,#2384,.T.);
#2380 = VERTEX_POINT('',#2381);
#2381 = CARTESIAN_POINT('',(7.717228,-1.881261,1.6));
#2382 = VERTEX_POINT('',#2383);
#2383 = CARTESIAN_POINT('',(7.717228,-1.881261,1.635));
#2384 = LINE('',#2385,#2386);
#2385 = CARTESIAN_POINT('',(7.717228,-1.881261,1.6));
#2386 = VECTOR('',#2387,1.);
#2387 = DIRECTION('',(0.,0.,1.));
#2388 = ORIENTED_EDGE('',*,*,#2389,.T.);
#2389 = EDGE_CURVE('',#2382,#2390,#2392,.T.);
#2390 = VERTEX_POINT('',#2391);
#2391 = CARTESIAN_POINT('',(5.487228,-5.743735,1.635));
#2392 = LINE('',#2393,#2394);
#2393 = CARTESIAN_POINT('',(7.717228,-1.881261,1.635));
#2394 = VECTOR('',#2395,1.);
#2395 = DIRECTION('',(-0.499999932124,-0.866025442973,0.));
#2396 = ORIENTED_EDGE('',*,*,#2397,.F.);
#2397 = EDGE_CURVE('',#2398,#2390,#2400,.T.);
#2398 = VERTEX_POINT('',#2399);
#2399 = CARTESIAN_POINT('',(5.487228,-5.743735,1.6));
#2400 = LINE('',#2401,#2402);
#2401 = CARTESIAN_POINT('',(5.487228,-5.743735,1.6));
#2402 = VECTOR('',#2403,1.);
#2403 = DIRECTION('',(0.,0.,1.));
#2404 = ORIENTED_EDGE('',*,*,#2405,.F.);
#2405 = EDGE_CURVE('',#2380,#2398,#2406,.T.);
#2406 = LINE('',#2407,#2408);
#2407 = CARTESIAN_POINT('',(7.717228,-1.881261,1.6));
#2408 = VECTOR('',#2409,1.);
#2409 = DIRECTION('',(-0.499999932124,-0.866025442973,0.));
#2410 = PLANE('',#2411);
#2411 = AXIS2_PLACEMENT_3D('',#2412,#2413,#2414);
#2412 = CARTESIAN_POINT('',(7.717228,-1.881261,1.6));
#2413 = DIRECTION('',(0.866025442973,-0.499999932124,0.));
#2414 = DIRECTION('',(-0.499999932124,-0.866025442973,0.));
#2415 = ADVANCED_FACE('',(#2416),#2441,.T.);
#2416 = FACE_BOUND('',#2417,.T.);
#2417 = EDGE_LOOP('',(#2418,#2419,#2427,#2435));
#2418 = ORIENTED_EDGE('',*,*,#2397,.T.);
#2419 = ORIENTED_EDGE('',*,*,#2420,.T.);
#2420 = EDGE_CURVE('',#2390,#2421,#2423,.T.);
#2421 = VERTEX_POINT('',#2422);
#2422 = CARTESIAN_POINT('',(3.989004,-4.878735,1.635));
#2423 = LINE('',#2424,#2425);
#2424 = CARTESIAN_POINT('',(5.487228,-5.743735,1.635));
#2425 = VECTOR('',#2426,1.);
#2426 = DIRECTION('',(-0.86602541122,0.499999987122,0.));
#2427 = ORIENTED_EDGE('',*,*,#2428,.F.);
#2428 = EDGE_CURVE('',#2429,#2421,#2431,.T.);
#2429 = VERTEX_POINT('',#2430);
#2430 = CARTESIAN_POINT('',(3.989004,-4.878735,1.6));
#2431 = LINE('',#2432,#2433);
#2432 = CARTESIAN_POINT('',(3.989004,-4.878735,1.6));
#2433 = VECTOR('',#2434,1.);
#2434 = DIRECTION('',(0.,0.,1.));
#2435 = ORIENTED_EDGE('',*,*,#2436,.F.);
#2436 = EDGE_CURVE('',#2398,#2429,#2437,.T.);
#2437 = LINE('',#2438,#2439);
#2438 = CARTESIAN_POINT('',(5.487228,-5.743735,1.6));
#2439 = VECTOR('',#2440,1.);
#2440 = DIRECTION('',(-0.86602541122,0.499999987122,0.));
#2441 = PLANE('',#2442);
#2442 = AXIS2_PLACEMENT_3D('',#2443,#2444,#2445);
#2443 = CARTESIAN_POINT('',(5.487228,-5.743735,1.6));
#2444 = DIRECTION('',(-0.499999987122,-0.86602541122,0.));
#2445 = DIRECTION('',(-0.86602541122,0.499999987122,0.));
#2446 = ADVANCED_FACE('',(#2447),#2472,.T.);
#2447 = FACE_BOUND('',#2448,.T.);
#2448 = EDGE_LOOP('',(#2449,#2450,#2458,#2466));
#2449 = ORIENTED_EDGE('',*,*,#2428,.T.);
#2450 = ORIENTED_EDGE('',*,*,#2451,.T.);
#2451 = EDGE_CURVE('',#2421,#2452,#2454,.T.);
#2452 = VERTEX_POINT('',#2453);
#2453 = CARTESIAN_POINT('',(6.219004,-1.016261,1.635));
#2454 = LINE('',#2455,#2456);
#2455 = CARTESIAN_POINT('',(3.989004,-4.878735,1.635));
#2456 = VECTOR('',#2457,1.);
#2457 = DIRECTION('',(0.499999932124,0.866025442973,0.));
#2458 = ORIENTED_EDGE('',*,*,#2459,.F.);
#2459 = EDGE_CURVE('',#2460,#2452,#2462,.T.);
#2460 = VERTEX_POINT('',#2461);
#2461 = CARTESIAN_POINT('',(6.219004,-1.016261,1.6));
#2462 = LINE('',#2463,#2464);
#2463 = CARTESIAN_POINT('',(6.219004,-1.016261,1.6));
#2464 = VECTOR('',#2465,1.);
#2465 = DIRECTION('',(0.,0.,1.));
#2466 = ORIENTED_EDGE('',*,*,#2467,.F.);
#2467 = EDGE_CURVE('',#2429,#2460,#2468,.T.);
#2468 = LINE('',#2469,#2470);
#2469 = CARTESIAN_POINT('',(3.989004,-4.878735,1.6));
#2470 = VECTOR('',#2471,1.);
#2471 = DIRECTION('',(0.499999932124,0.866025442973,0.));
#2472 = PLANE('',#2473);
#2473 = AXIS2_PLACEMENT_3D('',#2474,#2475,#2476);
#2474 = CARTESIAN_POINT('',(3.989004,-4.878735,1.6));
#2475 = DIRECTION('',(-0.866025442973,0.499999932124,0.));
#2476 = DIRECTION('',(0.499999932124,0.866025442973,0.));
#2477 = ADVANCED_FACE('',(#2478),#2494,.T.);
#2478 = FACE_BOUND('',#2479,.T.);
#2479 = EDGE_LOOP('',(#2480,#2481,#2487,#2488));
#2480 = ORIENTED_EDGE('',*,*,#2459,.T.);
#2481 = ORIENTED_EDGE('',*,*,#2482,.T.);
#2482 = EDGE_CURVE('',#2452,#2382,#2483,.T.);
#2483 = LINE('',#2484,#2485);
#2484 = CARTESIAN_POINT('',(6.219004,-1.016261,1.635));
#2485 = VECTOR('',#2486,1.);
#2486 = DIRECTION('',(0.86602541122,-0.499999987122,0.));
#2487 = ORIENTED_EDGE('',*,*,#2379,.F.);
#2488 = ORIENTED_EDGE('',*,*,#2489,.F.);
#2489 = EDGE_CURVE('',#2460,#2380,#2490,.T.);
#2490 = LINE('',#2491,#2492);
#2491 = CARTESIAN_POINT('',(6.219004,-1.016261,1.6));
#2492 = VECTOR('',#2493,1.);
#2493 = DIRECTION('',(0.86602541122,-0.499999987122,0.));
#2494 = PLANE('',#2495);
#2495 = AXIS2_PLACEMENT_3D('',#2496,#2497,#2498);
#2496 = CARTESIAN_POINT('',(6.219004,-1.016261,1.6));
#2497 = DIRECTION('',(0.499999987122,0.86602541122,-0.));
#2498 = DIRECTION('',(0.86602541122,-0.499999987122,0.));
#2499 = ADVANCED_FACE('',(#2500),#2506,.F.);
#2500 = FACE_BOUND('',#2501,.T.);
#2501 = EDGE_LOOP('',(#2502,#2503,#2504,#2505));
#2502 = ORIENTED_EDGE('',*,*,#2405,.T.);
#2503 = ORIENTED_EDGE('',*,*,#2436,.T.);
#2504 = ORIENTED_EDGE('',*,*,#2467,.T.);
#2505 = ORIENTED_EDGE('',*,*,#2489,.T.);
#2506 = PLANE('',#2507);
#2507 = AXIS2_PLACEMENT_3D('',#2508,#2509,#2510);
#2508 = CARTESIAN_POINT('',(0.,0.,1.6));
#2509 = DIRECTION('',(0.,0.,1.));
#2510 = DIRECTION('',(1.,0.,-0.));
#2511 = ADVANCED_FACE('',(#2512),#2518,.T.);
#2512 = FACE_BOUND('',#2513,.F.);
#2513 = EDGE_LOOP('',(#2514,#2515,#2516,#2517));
#2514 = ORIENTED_EDGE('',*,*,#2389,.T.);
#2515 = ORIENTED_EDGE('',*,*,#2420,.T.);
#2516 = ORIENTED_EDGE('',*,*,#2451,.T.);
#2517 = ORIENTED_EDGE('',*,*,#2482,.T.);
#2518 = PLANE('',#2519);
#2519 = AXIS2_PLACEMENT_3D('',#2520,#2521,#2522);
#2520 = CARTESIAN_POINT('',(0.,0.,1.635));
#2521 = DIRECTION('',(0.,0.,1.));
#2522 = DIRECTION('',(1.,0.,-0.));
#2523 = ( GEOMETRIC_REPRESENTATION_CONTEXT(3) 
GLOBAL_UNCERTAINTY_ASSIGNED_CONTEXT((#2527)) 
GLOBAL_UNIT_ASSIGNED_CONTEXT((#2524,#2525,#2526)) REPRESENTATION_CONTEXT
('Context #1','3D Context with UNIT and UNCERTAINTY') );
#2524 = ( LENGTH_UNIT() NAMED_UNIT(*) SI_UNIT(.MILLI.,.METRE.) );
#2525 = ( NAMED_UNIT(*) PLANE_ANGLE_UNIT() SI_UNIT($,.RADIAN.) );
#2526 = ( NAMED_UNIT(*) SI_UNIT($,.STERADIAN.) SOLID_ANGLE_UNIT() );
#2527 = UNCERTAINTY_MEASURE_WITH_UNIT(LENGTH_MEASURE(1.E-07),#2524,
  'distance_accuracy_value','confusion accuracy');
#2528 = CONTEXT_DEPENDENT_SHAPE_REPRESENTATION(#2529,#2531);
#2529 = ( REPRESENTATION_RELATIONSHIP('','',#2372,#10) 
REPRESENTATION_RELATIONSHIP_WITH_TRANSFORMATION(#2530) 
SHAPE_REPRESENTATION_RELATIONSHIP() );
#2530 = ITEM_DEFINED_TRANSFORMATION('','',#11,#83);
#2531 = PRODUCT_DEFINITION_SHAPE('Placement','Placement of an item',
  #2532);
#2532 = NEXT_ASSEMBLY_USAGE_OCCURRENCE('19','=>[0:1:1:18]','',#5,#2367,$
  );
#2533 = PRODUCT_RELATED_PRODUCT_CATEGORY('part',$,(#2369));
#2534 = SHAPE_DEFINITION_REPRESENTATION(#2535,#2541);
#2535 = PRODUCT_DEFINITION_SHAPE('','',#2536);
#2536 = PRODUCT_DEFINITION('design','',#2537,#2540);
#2537 = PRODUCT_DEFINITION_FORMATION('','',#2538);
#2538 = PRODUCT('flashlight-led_pad_16','flashlight-led_pad_16','',(
    #2539));
#2539 = PRODUCT_CONTEXT('',#2,'mechanical');
#2540 = PRODUCT_DEFINITION_CONTEXT('part definition',#2,'design');
#2541 = ADVANCED_BREP_SHAPE_REPRESENTATION('',(#11,#2542),#2692);
#2542 = MANIFOLD_SOLID_BREP('',#2543);
#2543 = CLOSED_SHELL('',(#2544,#2584,#2615,#2646,#2668,#2680));
#2544 = ADVANCED_FACE('',(#2545),#2579,.T.);
#2545 = FACE_BOUND('',#2546,.T.);
#2546 = EDGE_LOOP('',(#2547,#2557,#2565,#2573));
#2547 = ORIENTED_EDGE('',*,*,#2548,.T.);
#2548 = EDGE_CURVE('',#2549,#2551,#2553,.T.);
#2549 = VERTEX_POINT('',#2550);
#2550 = CARTESIAN_POINT('',(9.036362,-2.296456,1.6));
#2551 = VERTEX_POINT('',#2552);
#2552 = CARTESIAN_POINT('',(9.036362,-2.296456,1.635));
#2553 = LINE('',#2554,#2555);
#2554 = CARTESIAN_POINT('',(9.036362,-2.296456,1.6));
#2555 = VECTOR('',#2556,1.);
#2556 = DIRECTION('',(0.,0.,1.));
#2557 = ORIENTED_EDGE('',*,*,#2558,.T.);
#2558 = EDGE_CURVE('',#2551,#2559,#2561,.T.);
#2559 = VERTEX_POINT('',#2560);
#2560 = CARTESIAN_POINT('',(6.506362,-6.678544,1.635));
#2561 = LINE('',#2562,#2563);
#2562 = CARTESIAN_POINT('',(9.036362,-2.296456,1.635));
#2563 = VECTOR('',#2564,1.);
#2564 = DIRECTION('',(-0.50000004648,-0.866025376949,0.));
#2565 = ORIENTED_EDGE('',*,*,#2566,.F.);
#2566 = EDGE_CURVE('',#2567,#2559,#2569,.T.);
#2567 = VERTEX_POINT('',#2568);
#2568 = CARTESIAN_POINT('',(6.506362,-6.678544,1.6));
#2569 = LINE('',#2570,#2571);
#2570 = CARTESIAN_POINT('',(6.506362,-6.678544,1.6));
#2571 = VECTOR('',#2572,1.);
#2572 = DIRECTION('',(0.,0.,1.));
#2573 = ORIENTED_EDGE('',*,*,#2574,.F.);
#2574 = EDGE_CURVE('',#2549,#2567,#2575,.T.);
#2575 = LINE('',#2576,#2577);
#2576 = CARTESIAN_POINT('',(9.036362,-2.296456,1.6));
#2577 = VECTOR('',#2578,1.);
#2578 = DIRECTION('',(-0.50000004648,-0.866025376949,0.));
#2579 = PLANE('',#2580);
#2580 = AXIS2_PLACEMENT_3D('',#2581,#2582,#2583);
#2581 = CARTESIAN_POINT('',(9.036362,-2.296456,1.6));
#2582 = DIRECTION('',(0.866025376949,-0.50000004648,0.));
#2583 = DIRECTION('',(-0.50000004648,-0.866025376949,0.));
#2584 = ADVANCED_FACE('',(#2585),#2610,.T.);
#2585 = FACE_BOUND('',#2586,.T.);
#2586 = EDGE_LOOP('',(#2587,#2588,#2596,#2604));
#2587 = ORIENTED_EDGE('',*,*,#2566,.T.);
#2588 = ORIENTED_EDGE('',*,*,#2589,.T.);
#2589 = EDGE_CURVE('',#2559,#2590,#2592,.T.);
#2590 = VERTEX_POINT('',#2591);
#2591 = CARTESIAN_POINT('',(5.683638,-6.203544,1.635));
#2592 = LINE('',#2593,#2594);
#2593 = CARTESIAN_POINT('',(6.506362,-6.678544,1.635));
#2594 = VECTOR('',#2595,1.);
#2595 = DIRECTION('',(-0.866025368628,0.500000060893,0.));
#2596 = ORIENTED_EDGE('',*,*,#2597,.F.);
#2597 = EDGE_CURVE('',#2598,#2590,#2600,.T.);
#2598 = VERTEX_POINT('',#2599);
#2599 = CARTESIAN_POINT('',(5.683638,-6.203544,1.6));
#2600 = LINE('',#2601,#2602);
#2601 = CARTESIAN_POINT('',(5.683638,-6.203544,1.6));
#2602 = VECTOR('',#2603,1.);
#2603 = DIRECTION('',(0.,0.,1.));
#2604 = ORIENTED_EDGE('',*,*,#2605,.F.);
#2605 = EDGE_CURVE('',#2567,#2598,#2606,.T.);
#2606 = LINE('',#2607,#2608);
#2607 = CARTESIAN_POINT('',(6.506362,-6.678544,1.6));
#2608 = VECTOR('',#2609,1.);
#2609 = DIRECTION('',(-0.866025368628,0.500000060893,0.));
#2610 = PLANE('',#2611);
#2611 = AXIS2_PLACEMENT_3D('',#2612,#2613,#2614);
#2612 = CARTESIAN_POINT('',(6.506362,-6.678544,1.6));
#2613 = DIRECTION('',(-0.500000060893,-0.866025368628,0.));
#2614 = DIRECTION('',(-0.866025368628,0.500000060893,0.));
#2615 = ADVANCED_FACE('',(#2616),#2641,.T.);
#2616 = FACE_BOUND('',#2617,.T.);
#2617 = EDGE_LOOP('',(#2618,#2619,#2627,#2635));
#2618 = ORIENTED_EDGE('',*,*,#2597,.T.);
#2619 = ORIENTED_EDGE('',*,*,#2620,.T.);
#2620 = EDGE_CURVE('',#2590,#2621,#2623,.T.);
#2621 = VERTEX_POINT('',#2622);
#2622 = CARTESIAN_POINT('',(8.213638,-1.821456,1.635));
#2623 = LINE('',#2624,#2625);
#2624 = CARTESIAN_POINT('',(5.683638,-6.203544,1.635));
#2625 = VECTOR('',#2626,1.);
#2626 = DIRECTION('',(0.50000004648,0.866025376949,0.));
#2627 = ORIENTED_EDGE('',*,*,#2628,.F.);
#2628 = EDGE_CURVE('',#2629,#2621,#2631,.T.);
#2629 = VERTEX_POINT('',#2630);
#2630 = CARTESIAN_POINT('',(8.213638,-1.821456,1.6));
#2631 = LINE('',#2632,#2633);
#2632 = CARTESIAN_POINT('',(8.213638,-1.821456,1.6));
#2633 = VECTOR('',#2634,1.);
#2634 = DIRECTION('',(0.,0.,1.));
#2635 = ORIENTED_EDGE('',*,*,#2636,.F.);
#2636 = EDGE_CURVE('',#2598,#2629,#2637,.T.);
#2637 = LINE('',#2638,#2639);
#2638 = CARTESIAN_POINT('',(5.683638,-6.203544,1.6));
#2639 = VECTOR('',#2640,1.);
#2640 = DIRECTION('',(0.50000004648,0.866025376949,0.));
#2641 = PLANE('',#2642);
#2642 = AXIS2_PLACEMENT_3D('',#2643,#2644,#2645);
#2643 = CARTESIAN_POINT('',(5.683638,-6.203544,1.6));
#2644 = DIRECTION('',(-0.866025376949,0.50000004648,0.));
#2645 = DIRECTION('',(0.50000004648,0.866025376949,0.));
#2646 = ADVANCED_FACE('',(#2647),#2663,.T.);
#2647 = FACE_BOUND('',#2648,.T.);
#2648 = EDGE_LOOP('',(#2649,#2650,#2656,#2657));
#2649 = ORIENTED_EDGE('',*,*,#2628,.T.);
#2650 = ORIENTED_EDGE('',*,*,#2651,.T.);
#2651 = EDGE_CURVE('',#2621,#2551,#2652,.T.);
#2652 = LINE('',#2653,#2654);
#2653 = CARTESIAN_POINT('',(8.213638,-1.821456,1.635));
#2654 = VECTOR('',#2655,1.);
#2655 = DIRECTION('',(0.866025368628,-0.500000060893,0.));
#2656 = ORIENTED_EDGE('',*,*,#2548,.F.);
#2657 = ORIENTED_EDGE('',*,*,#2658,.F.);
#2658 = EDGE_CURVE('',#2629,#2549,#2659,.T.);
#2659 = LINE('',#2660,#2661);
#2660 = CARTESIAN_POINT('',(8.213638,-1.821456,1.6));
#2661 = VECTOR('',#2662,1.);
#2662 = DIRECTION('',(0.866025368628,-0.500000060893,0.));
#2663 = PLANE('',#2664);
#2664 = AXIS2_PLACEMENT_3D('',#2665,#2666,#2667);
#2665 = CARTESIAN_POINT('',(8.213638,-1.821456,1.6));
#2666 = DIRECTION('',(0.500000060893,0.866025368628,-0.));
#2667 = DIRECTION('',(0.866025368628,-0.500000060893,0.));
#2668 = ADVANCED_FACE('',(#2669),#2675,.F.);
#2669 = FACE_BOUND('',#2670,.T.);
#2670 = EDGE_LOOP('',(#2671,#2672,#2673,#2674));
#2671 = ORIENTED_EDGE('',*,*,#2574,.T.);
#2672 = ORIENTED_EDGE('',*,*,#2605,.T.);
#2673 = ORIENTED_EDGE('',*,*,#2636,.T.);
#2674 = ORIENTED_EDGE('',*,*,#2658,.T.);
#2675 = PLANE('',#2676);
#2676 = AXIS2_PLACEMENT_3D('',#2677,#2678,#2679);
#2677 = CARTESIAN_POINT('',(0.,0.,1.6));
#2678 = DIRECTION('',(0.,0.,1.));
#2679 = DIRECTION('',(1.,0.,-0.));
#2680 = ADVANCED_FACE('',(#2681),#2687,.T.);
#2681 = FACE_BOUND('',#2682,.F.);
#2682 = EDGE_LOOP('',(#2683,#2684,#2685,#2686));
#2683 = ORIENTED_EDGE('',*,*,#2558,.T.);
#2684 = ORIENTED_EDGE('',*,*,#2589,.T.);
#2685 = ORIENTED_EDGE('',*,*,#2620,.T.);
#2686 = ORIENTED_EDGE('',*,*,#2651,.T.);
#2687 = PLANE('',#2688);
#2688 = AXIS2_PLACEMENT_3D('',#2689,#2690,#2691);
#2689 = CARTESIAN_POINT('',(0.,0.,1.635));
#2690 = DIRECTION('',(0.,0.,1.));
#2691 = DIRECTION('',(1.,0.,-0.));
#2692 = ( GEOMETRIC_REPRESENTATION_CONTEXT(3) 
GLOBAL_UNCERTAINTY_ASSIGNED_CONTEXT((#2696)) 
GLOBAL_UNIT_ASSIGNED_CONTEXT((#2693,#2694,#2695)) REPRESENTATION_CONTEXT
('Context #1','3D Context with UNIT and UNCERTAINTY') );
#2693 = ( LENGTH_UNIT() NAMED_UNIT(*) SI_UNIT(.MILLI.,.METRE.) );
#2694 = ( NAMED_UNIT(*) PLANE_ANGLE_UNIT() SI_UNIT($,.RADIAN.) );
#2695 = ( NAMED_UNIT(*) SI_UNIT($,.STERADIAN.) SOLID_ANGLE_UNIT() );
#2696 = UNCERTAINTY_MEASURE_WITH_UNIT(LENGTH_MEASURE(1.E-07),#2693,
  'distance_accuracy_value','confusion accuracy');
#2697 = CONTEXT_DEPENDENT_SHAPE_REPRESENTATION(#2698,#2700);
#2698 = ( REPRESENTATION_RELATIONSHIP('','',#2541,#10) 
REPRESENTATION_RELATIONSHIP_WITH_TRANSFORMATION(#2699) 
SHAPE_REPRESENTATION_RELATIONSHIP() );
#2699 = ITEM_DEFINED_TRANSFORMATION('','',#11,#87);
#2700 = PRODUCT_DEFINITION_SHAPE('Placement','Placement of an item',
  #2701);
#2701 = NEXT_ASSEMBLY_USAGE_OCCURRENCE('20','=>[0:1:1:19]','',#5,#2536,$
  );
#2702 = PRODUCT_RELATED_PRODUCT_CATEGORY('part',$,(#2538));
#2703 = SHAPE_DEFINITION_REPRESENTATION(#2704,#2710);
#2704 = PRODUCT_DEFINITION_SHAPE('','',#2705);
#2705 = PRODUCT_DEFINITION('design','',#2706,#2709);
#2706 = PRODUCT_DEFINITION_FORMATION('','',#2707);
#2707 = PRODUCT('flashlight-led_pad_17','flashlight-led_pad_17','',(
    #2708));
#2708 = PRODUCT_CONTEXT('',#2,'mechanical');
#2709 = PRODUCT_DEFINITION_CONTEXT('part definition',#2,'design');
#2710 = SHAPE_REPRESENTATION('',(#11),#2711);
#2711 = ( GEOMETRIC_REPRESENTATION_CONTEXT(3) 
GLOBAL_UNCERTAINTY_ASSIGNED_CONTEXT((#2715)) 
GLOBAL_UNIT_ASSIGNED_CONTEXT((#2712,#2713,#2714)) REPRESENTATION_CONTEXT
('Context #1','3D Context with UNIT and UNCERTAINTY') );
#2712 = ( LENGTH_UNIT() NAMED_UNIT(*) SI_UNIT(.MILLI.,.METRE.) );
#2713 = ( NAMED_UNIT(*) PLANE_ANGLE_UNIT() SI_UNIT($,.RADIAN.) );
#2714 = ( NAMED_UNIT(*) SI_UNIT($,.STERADIAN.) SOLID_ANGLE_UNIT() );
#2715 = UNCERTAINTY_MEASURE_WITH_UNIT(LENGTH_MEASURE(1.E-07),#2712,
  'distance_accuracy_value','confusion accuracy');
#2716 = CONTEXT_DEPENDENT_SHAPE_REPRESENTATION(#2717,#2719);
#2717 = ( REPRESENTATION_RELATIONSHIP('','',#2710,#10) 
REPRESENTATION_RELATIONSHIP_WITH_TRANSFORMATION(#2718) 
SHAPE_REPRESENTATION_RELATIONSHIP() );
#2718 = ITEM_DEFINED_TRANSFORMATION('','',#11,#91);
#2719 = PRODUCT_DEFINITION_SHAPE('Placement','Placement of an item',
  #2720);
#2720 = NEXT_ASSEMBLY_USAGE_OCCURRENCE('21','=>[0:1:1:20]','',#5,#2705,$
  );
#2721 = PRODUCT_RELATED_PRODUCT_CATEGORY('part',$,(#2707));
#2722 = SHAPE_DEFINITION_REPRESENTATION(#2723,#2729);
#2723 = PRODUCT_DEFINITION_SHAPE('','',#2724);
#2724 = PRODUCT_DEFINITION('design','',#2725,#2728);
#2725 = PRODUCT_DEFINITION_FORMATION('','',#2726);
#2726 = PRODUCT('flashlight-led_pad_18','flashlight-led_pad_18','',(
    #2727));
#2727 = PRODUCT_CONTEXT('',#2,'mechanical');
#2728 = PRODUCT_DEFINITION_CONTEXT('part definition',#2,'design');
#2729 = SHAPE_REPRESENTATION('',(#11),#2730);
#2730 = ( GEOMETRIC_REPRESENTATION_CONTEXT(3) 
GLOBAL_UNCERTAINTY_ASSIGNED_CONTEXT((#2734)) 
GLOBAL_UNIT_ASSIGNED_CONTEXT((#2731,#2732,#2733)) REPRESENTATION_CONTEXT
('Context #1','3D Context with UNIT and UNCERTAINTY') );
#2731 = ( LENGTH_UNIT() NAMED_UNIT(*) SI_UNIT(.MILLI.,.METRE.) );
#2732 = ( NAMED_UNIT(*) PLANE_ANGLE_UNIT() SI_UNIT($,.RADIAN.) );
#2733 = ( NAMED_UNIT(*) SI_UNIT($,.STERADIAN.) SOLID_ANGLE_UNIT() );
#2734 = UNCERTAINTY_MEASURE_WITH_UNIT(LENGTH_MEASURE(1.E-07),#2731,
  'distance_accuracy_value','confusion accuracy');
#2735 = CONTEXT_DEPENDENT_SHAPE_REPRESENTATION(#2736,#2738);
#2736 = ( REPRESENTATION_RELATIONSHIP('','',#2729,#10) 
REPRESENTATION_RELATIONSHIP_WITH_TRANSFORMATION(#2737) 
SHAPE_REPRESENTATION_RELATIONSHIP() );
#2737 = ITEM_DEFINED_TRANSFORMATION('','',#11,#95);
#2738 = PRODUCT_DEFINITION_SHAPE('Placement','Placement of an item',
  #2739);
#2739 = NEXT_ASSEMBLY_USAGE_OCCURRENCE('22','=>[0:1:1:21]','',#5,#2724,$
  );
#2740 = PRODUCT_RELATED_PRODUCT_CATEGORY('part',$,(#2726));
#2741 = SHAPE_DEFINITION_REPRESENTATION(#2742,#2748);
#2742 = PRODUCT_DEFINITION_SHAPE('','',#2743);
#2743 = PRODUCT_DEFINITION('design','',#2744,#2747);
#2744 = PRODUCT_DEFINITION_FORMATION('','',#2745);
#2745 = PRODUCT('flashlight-led_pad_19','flashlight-led_pad_19','',(
    #2746));
#2746 = PRODUCT_CONTEXT('',#2,'mechanical');
#2747 = PRODUCT_DEFINITION_CONTEXT('part definition',#2,'design');
#2748 = ADVANCED_BREP_SHAPE_REPRESENTATION('',(#11,#2749),#2841);
#2749 = MANIFOLD_SOLID_BREP('',#2750);
#2750 = CLOSED_SHELL('',(#2751,#2784,#2804,#2824));
#2751 = ADVANCED_FACE('',(#2752),#2779,.T.);
#2752 = FACE_BOUND('',#2753,.T.);
#2753 = EDGE_LOOP('',(#2754,#2763,#2771,#2778));
#2754 = ORIENTED_EDGE('',*,*,#2755,.F.);
#2755 = EDGE_CURVE('',#2756,#2756,#2758,.T.);
#2756 = VERTEX_POINT('',#2757);
#2757 = CARTESIAN_POINT('',(4.9641,2.,1.635));
#2758 = CIRCLE('',#2759,1.5);
#2759 = AXIS2_PLACEMENT_3D('',#2760,#2761,#2762);
#2760 = CARTESIAN_POINT('',(3.4641,2.,1.635));
#2761 = DIRECTION('',(0.,0.,1.));
#2762 = DIRECTION('',(1.,0.,-0.));
#2763 = ORIENTED_EDGE('',*,*,#2764,.F.);
#2764 = EDGE_CURVE('',#2765,#2756,#2767,.T.);
#2765 = VERTEX_POINT('',#2766);
#2766 = CARTESIAN_POINT('',(4.9641,2.,1.6));
#2767 = LINE('',#2768,#2769);
#2768 = CARTESIAN_POINT('',(4.9641,2.,1.6));
#2769 = VECTOR('',#2770,1.);
#2770 = DIRECTION('',(0.,0.,1.));
#2771 = ORIENTED_EDGE('',*,*,#2772,.T.);
#2772 = EDGE_CURVE('',#2765,#2765,#2773,.T.);
#2773 = CIRCLE('',#2774,1.5);
#2774 = AXIS2_PLACEMENT_3D('',#2775,#2776,#2777);
#2775 = CARTESIAN_POINT('',(3.4641,2.,1.6));
#2776 = DIRECTION('',(0.,0.,1.));
#2777 = DIRECTION('',(1.,0.,-0.));
#2778 = ORIENTED_EDGE('',*,*,#2764,.T.);
#2779 = CYLINDRICAL_SURFACE('',#2780,1.5);
#2780 = AXIS2_PLACEMENT_3D('',#2781,#2782,#2783);
#2781 = CARTESIAN_POINT('',(3.4641,2.,1.6));
#2782 = DIRECTION('',(0.,0.,1.));
#2783 = DIRECTION('',(1.,0.,-0.));
#2784 = ADVANCED_FACE('',(#2785,#2788),#2799,.T.);
#2785 = FACE_BOUND('',#2786,.T.);
#2786 = EDGE_LOOP('',(#2787));
#2787 = ORIENTED_EDGE('',*,*,#2755,.T.);
#2788 = FACE_BOUND('',#2789,.T.);
#2789 = EDGE_LOOP('',(#2790));
#2790 = ORIENTED_EDGE('',*,*,#2791,.T.);
#2791 = EDGE_CURVE('',#2792,#2792,#2794,.T.);
#2792 = VERTEX_POINT('',#2793);
#2793 = CARTESIAN_POINT('',(3.4641,1.275,1.635));
#2794 = CIRCLE('',#2795,0.725);
#2795 = AXIS2_PLACEMENT_3D('',#2796,#2797,#2798);
#2796 = CARTESIAN_POINT('',(3.4641,2.,1.635));
#2797 = DIRECTION('',(-0.,0.,-1.));
#2798 = DIRECTION('',(-0.,-1.,0.));
#2799 = PLANE('',#2800);
#2800 = AXIS2_PLACEMENT_3D('',#2801,#2802,#2803);
#2801 = CARTESIAN_POINT('',(3.4641,2.,1.635));
#2802 = DIRECTION('',(0.,0.,1.));
#2803 = DIRECTION('',(1.,0.,-0.));
#2804 = ADVANCED_FACE('',(#2805,#2808),#2819,.F.);
#2805 = FACE_BOUND('',#2806,.F.);
#2806 = EDGE_LOOP('',(#2807));
#2807 = ORIENTED_EDGE('',*,*,#2772,.T.);
#2808 = FACE_BOUND('',#2809,.F.);
#2809 = EDGE_LOOP('',(#2810));
#2810 = ORIENTED_EDGE('',*,*,#2811,.T.);
#2811 = EDGE_CURVE('',#2812,#2812,#2814,.T.);
#2812 = VERTEX_POINT('',#2813);
#2813 = CARTESIAN_POINT('',(3.4641,1.275,1.6));
#2814 = CIRCLE('',#2815,0.725);
#2815 = AXIS2_PLACEMENT_3D('',#2816,#2817,#2818);
#2816 = CARTESIAN_POINT('',(3.4641,2.,1.6));
#2817 = DIRECTION('',(-0.,0.,-1.));
#2818 = DIRECTION('',(-0.,-1.,0.));
#2819 = PLANE('',#2820);
#2820 = AXIS2_PLACEMENT_3D('',#2821,#2822,#2823);
#2821 = CARTESIAN_POINT('',(3.4641,2.,1.6));
#2822 = DIRECTION('',(0.,0.,1.));
#2823 = DIRECTION('',(1.,0.,-0.));
#2824 = ADVANCED_FACE('',(#2825),#2836,.F.);
#2825 = FACE_BOUND('',#2826,.T.);
#2826 = EDGE_LOOP('',(#2827,#2828,#2834,#2835));
#2827 = ORIENTED_EDGE('',*,*,#2811,.T.);
#2828 = ORIENTED_EDGE('',*,*,#2829,.T.);
#2829 = EDGE_CURVE('',#2812,#2792,#2830,.T.);
#2830 = LINE('',#2831,#2832);
#2831 = CARTESIAN_POINT('',(3.4641,1.275,-4.5E-02));
#2832 = VECTOR('',#2833,1.);
#2833 = DIRECTION('',(0.,0.,1.));
#2834 = ORIENTED_EDGE('',*,*,#2791,.F.);
#2835 = ORIENTED_EDGE('',*,*,#2829,.F.);
#2836 = CYLINDRICAL_SURFACE('',#2837,0.725);
#2837 = AXIS2_PLACEMENT_3D('',#2838,#2839,#2840);
#2838 = CARTESIAN_POINT('',(3.4641,2.,-4.5E-02));
#2839 = DIRECTION('',(-0.,-0.,-1.));
#2840 = DIRECTION('',(-0.,-1.,0.));
#2841 = ( GEOMETRIC_REPRESENTATION_CONTEXT(3) 
GLOBAL_UNCERTAINTY_ASSIGNED_CONTEXT((#2845)) 
GLOBAL_UNIT_ASSIGNED_CONTEXT((#2842,#2843,#2844)) REPRESENTATION_CONTEXT
('Context #1','3D Context with UNIT and UNCERTAINTY') );
#2842 = ( LENGTH_UNIT() NAMED_UNIT(*) SI_UNIT(.MILLI.,.METRE.) );
#2843 = ( NAMED_UNIT(*) PLANE_ANGLE_UNIT() SI_UNIT($,.RADIAN.) );
#2844 = ( NAMED_UNIT(*) SI_UNIT($,.STERADIAN.) SOLID_ANGLE_UNIT() );
#2845 = UNCERTAINTY_MEASURE_WITH_UNIT(LENGTH_MEASURE(1.E-07),#2842,
  'distance_accuracy_value','confusion accuracy');
#2846 = CONTEXT_DEPENDENT_SHAPE_REPRESENTATION(#2847,#2849);
#2847 = ( REPRESENTATION_RELATIONSHIP('','',#2748,#10) 
REPRESENTATION_RELATIONSHIP_WITH_TRANSFORMATION(#2848) 
SHAPE_REPRESENTATION_RELATIONSHIP() );
#2848 = ITEM_DEFINED_TRANSFORMATION('','',#11,#99);
#2849 = PRODUCT_DEFINITION_SHAPE('Placement','Placement of an item',
  #2850);
#2850 = NEXT_ASSEMBLY_USAGE_OCCURRENCE('23','=>[0:1:1:22]','',#5,#2743,$
  );
#2851 = PRODUCT_RELATED_PRODUCT_CATEGORY('part',$,(#2745));
#2852 = SHAPE_DEFINITION_REPRESENTATION(#2853,#2859);
#2853 = PRODUCT_DEFINITION_SHAPE('','',#2854);
#2854 = PRODUCT_DEFINITION('design','',#2855,#2858);
#2855 = PRODUCT_DEFINITION_FORMATION('','',#2856);
#2856 = PRODUCT('flashlight-led_pad_20','flashlight-led_pad_20','',(
    #2857));
#2857 = PRODUCT_CONTEXT('',#2,'mechanical');
#2858 = PRODUCT_DEFINITION_CONTEXT('part definition',#2,'design');
#2859 = ADVANCED_BREP_SHAPE_REPRESENTATION('',(#11,#2860),#2952);
#2860 = MANIFOLD_SOLID_BREP('',#2861);
#2861 = CLOSED_SHELL('',(#2862,#2895,#2915,#2935));
#2862 = ADVANCED_FACE('',(#2863),#2890,.T.);
#2863 = FACE_BOUND('',#2864,.T.);
#2864 = EDGE_LOOP('',(#2865,#2874,#2882,#2889));
#2865 = ORIENTED_EDGE('',*,*,#2866,.F.);
#2866 = EDGE_CURVE('',#2867,#2867,#2869,.T.);
#2867 = VERTEX_POINT('',#2868);
#2868 = CARTESIAN_POINT('',(4.9641,2.,0.));
#2869 = CIRCLE('',#2870,1.5);
#2870 = AXIS2_PLACEMENT_3D('',#2871,#2872,#2873);
#2871 = CARTESIAN_POINT('',(3.4641,2.,0.));
#2872 = DIRECTION('',(0.,0.,1.));
#2873 = DIRECTION('',(1.,0.,-0.));
#2874 = ORIENTED_EDGE('',*,*,#2875,.F.);
#2875 = EDGE_CURVE('',#2876,#2867,#2878,.T.);
#2876 = VERTEX_POINT('',#2877);
#2877 = CARTESIAN_POINT('',(4.9641,2.,-3.5E-02));
#2878 = LINE('',#2879,#2880);
#2879 = CARTESIAN_POINT('',(4.9641,2.,-3.5E-02));
#2880 = VECTOR('',#2881,1.);
#2881 = DIRECTION('',(0.,0.,1.));
#2882 = ORIENTED_EDGE('',*,*,#2883,.T.);
#2883 = EDGE_CURVE('',#2876,#2876,#2884,.T.);
#2884 = CIRCLE('',#2885,1.5);
#2885 = AXIS2_PLACEMENT_3D('',#2886,#2887,#2888);
#2886 = CARTESIAN_POINT('',(3.4641,2.,-3.5E-02));
#2887 = DIRECTION('',(0.,0.,1.));
#2888 = DIRECTION('',(1.,0.,-0.));
#2889 = ORIENTED_EDGE('',*,*,#2875,.T.);
#2890 = CYLINDRICAL_SURFACE('',#2891,1.5);
#2891 = AXIS2_PLACEMENT_3D('',#2892,#2893,#2894);
#2892 = CARTESIAN_POINT('',(3.4641,2.,-3.5E-02));
#2893 = DIRECTION('',(0.,0.,1.));
#2894 = DIRECTION('',(1.,0.,-0.));
#2895 = ADVANCED_FACE('',(#2896,#2899),#2910,.T.);
#2896 = FACE_BOUND('',#2897,.T.);
#2897 = EDGE_LOOP('',(#2898));
#2898 = ORIENTED_EDGE('',*,*,#2866,.T.);
#2899 = FACE_BOUND('',#2900,.T.);
#2900 = EDGE_LOOP('',(#2901));
#2901 = ORIENTED_EDGE('',*,*,#2902,.T.);
#2902 = EDGE_CURVE('',#2903,#2903,#2905,.T.);
#2903 = VERTEX_POINT('',#2904);
#2904 = CARTESIAN_POINT('',(3.4641,1.275,0.));
#2905 = CIRCLE('',#2906,0.725);
#2906 = AXIS2_PLACEMENT_3D('',#2907,#2908,#2909);
#2907 = CARTESIAN_POINT('',(3.4641,2.,0.));
#2908 = DIRECTION('',(-0.,0.,-1.));
#2909 = DIRECTION('',(-0.,-1.,0.));
#2910 = PLANE('',#2911);
#2911 = AXIS2_PLACEMENT_3D('',#2912,#2913,#2914);
#2912 = CARTESIAN_POINT('',(3.4641,2.,0.));
#2913 = DIRECTION('',(0.,0.,1.));
#2914 = DIRECTION('',(1.,0.,-0.));
#2915 = ADVANCED_FACE('',(#2916,#2919),#2930,.F.);
#2916 = FACE_BOUND('',#2917,.F.);
#2917 = EDGE_LOOP('',(#2918));
#2918 = ORIENTED_EDGE('',*,*,#2883,.T.);
#2919 = FACE_BOUND('',#2920,.F.);
#2920 = EDGE_LOOP('',(#2921));
#2921 = ORIENTED_EDGE('',*,*,#2922,.T.);
#2922 = EDGE_CURVE('',#2923,#2923,#2925,.T.);
#2923 = VERTEX_POINT('',#2924);
#2924 = CARTESIAN_POINT('',(3.4641,1.275,-3.5E-02));
#2925 = CIRCLE('',#2926,0.725);
#2926 = AXIS2_PLACEMENT_3D('',#2927,#2928,#2929);
#2927 = CARTESIAN_POINT('',(3.4641,2.,-3.5E-02));
#2928 = DIRECTION('',(-0.,0.,-1.));
#2929 = DIRECTION('',(-0.,-1.,0.));
#2930 = PLANE('',#2931);
#2931 = AXIS2_PLACEMENT_3D('',#2932,#2933,#2934);
#2932 = CARTESIAN_POINT('',(3.4641,2.,-3.5E-02));
#2933 = DIRECTION('',(0.,0.,1.));
#2934 = DIRECTION('',(1.,0.,-0.));
#2935 = ADVANCED_FACE('',(#2936),#2947,.F.);
#2936 = FACE_BOUND('',#2937,.T.);
#2937 = EDGE_LOOP('',(#2938,#2939,#2945,#2946));
#2938 = ORIENTED_EDGE('',*,*,#2922,.T.);
#2939 = ORIENTED_EDGE('',*,*,#2940,.T.);
#2940 = EDGE_CURVE('',#2923,#2903,#2941,.T.);
#2941 = LINE('',#2942,#2943);
#2942 = CARTESIAN_POINT('',(3.4641,1.275,-4.5E-02));
#2943 = VECTOR('',#2944,1.);
#2944 = DIRECTION('',(0.,0.,1.));
#2945 = ORIENTED_EDGE('',*,*,#2902,.F.);
#2946 = ORIENTED_EDGE('',*,*,#2940,.F.);
#2947 = CYLINDRICAL_SURFACE('',#2948,0.725);
#2948 = AXIS2_PLACEMENT_3D('',#2949,#2950,#2951);
#2949 = CARTESIAN_POINT('',(3.4641,2.,-4.5E-02));
#2950 = DIRECTION('',(-0.,-0.,-1.));
#2951 = DIRECTION('',(-0.,-1.,0.));
#2952 = ( GEOMETRIC_REPRESENTATION_CONTEXT(3) 
GLOBAL_UNCERTAINTY_ASSIGNED_CONTEXT((#2956)) 
GLOBAL_UNIT_ASSIGNED_CONTEXT((#2953,#2954,#2955)) REPRESENTATION_CONTEXT
('Context #1','3D Context with UNIT and UNCERTAINTY') );
#2953 = ( LENGTH_UNIT() NAMED_UNIT(*) SI_UNIT(.MILLI.,.METRE.) );
#2954 = ( NAMED_UNIT(*) PLANE_ANGLE_UNIT() SI_UNIT($,.RADIAN.) );
#2955 = ( NAMED_UNIT(*) SI_UNIT($,.STERADIAN.) SOLID_ANGLE_UNIT() );
#2956 = UNCERTAINTY_MEASURE_WITH_UNIT(LENGTH_MEASURE(1.E-07),#2953,
  'distance_accuracy_value','confusion accuracy');
#2957 = CONTEXT_DEPENDENT_SHAPE_REPRESENTATION(#2958,#2960);
#2958 = ( REPRESENTATION_RELATIONSHIP('','',#2859,#10) 
REPRESENTATION_RELATIONSHIP_WITH_TRANSFORMATION(#2959) 
SHAPE_REPRESENTATION_RELATIONSHIP() );
#2959 = ITEM_DEFINED_TRANSFORMATION('','',#11,#103);
#2960 = PRODUCT_DEFINITION_SHAPE('Placement','Placement of an item',
  #2961);
#2961 = NEXT_ASSEMBLY_USAGE_OCCURRENCE('24','=>[0:1:1:23]','',#5,#2854,$
  );
#2962 = PRODUCT_RELATED_PRODUCT_CATEGORY('part',$,(#2856));
#2963 = SHAPE_DEFINITION_REPRESENTATION(#2964,#2970);
#2964 = PRODUCT_DEFINITION_SHAPE('','',#2965);
#2965 = PRODUCT_DEFINITION('design','',#2966,#2969);
#2966 = PRODUCT_DEFINITION_FORMATION('','',#2967);
#2967 = PRODUCT('flashlight-led_pad_21','flashlight-led_pad_21','',(
    #2968));
#2968 = PRODUCT_CONTEXT('',#2,'mechanical');
#2969 = PRODUCT_DEFINITION_CONTEXT('part definition',#2,'design');
#2970 = ADVANCED_BREP_SHAPE_REPRESENTATION('',(#11,#2971),#3063);
#2971 = MANIFOLD_SOLID_BREP('',#2972);
#2972 = CLOSED_SHELL('',(#2973,#3006,#3026,#3046));
#2973 = ADVANCED_FACE('',(#2974),#3001,.T.);
#2974 = FACE_BOUND('',#2975,.F.);
#2975 = EDGE_LOOP('',(#2976,#2986,#2993,#2994));
#2976 = ORIENTED_EDGE('',*,*,#2977,.T.);
#2977 = EDGE_CURVE('',#2978,#2980,#2982,.T.);
#2978 = VERTEX_POINT('',#2979);
#2979 = CARTESIAN_POINT('',(3.4641,1.25,-3.5E-02));
#2980 = VERTEX_POINT('',#2981);
#2981 = CARTESIAN_POINT('',(3.4641,1.25,1.635));
#2982 = LINE('',#2983,#2984);
#2983 = CARTESIAN_POINT('',(3.4641,1.25,-3.5E-02));
#2984 = VECTOR('',#2985,1.);
#2985 = DIRECTION('',(0.,0.,1.));
#2986 = ORIENTED_EDGE('',*,*,#2987,.T.);
#2987 = EDGE_CURVE('',#2980,#2980,#2988,.T.);
#2988 = CIRCLE('',#2989,0.75);
#2989 = AXIS2_PLACEMENT_3D('',#2990,#2991,#2992);
#2990 = CARTESIAN_POINT('',(3.4641,2.,1.635));
#2991 = DIRECTION('',(0.,0.,1.));
#2992 = DIRECTION('',(-0.,-1.,0.));
#2993 = ORIENTED_EDGE('',*,*,#2977,.F.);
#2994 = ORIENTED_EDGE('',*,*,#2995,.F.);
#2995 = EDGE_CURVE('',#2978,#2978,#2996,.T.);
#2996 = CIRCLE('',#2997,0.75);
#2997 = AXIS2_PLACEMENT_3D('',#2998,#2999,#3000);
#2998 = CARTESIAN_POINT('',(3.4641,2.,-3.5E-02));
#2999 = DIRECTION('',(0.,0.,1.));
#3000 = DIRECTION('',(-0.,-1.,0.));
#3001 = CYLINDRICAL_SURFACE('',#3002,0.75);
#3002 = AXIS2_PLACEMENT_3D('',#3003,#3004,#3005);
#3003 = CARTESIAN_POINT('',(3.4641,2.,-3.5E-02));
#3004 = DIRECTION('',(-0.,-0.,-1.));
#3005 = DIRECTION('',(-0.,-1.,0.));
#3006 = ADVANCED_FACE('',(#3007,#3010),#3021,.F.);
#3007 = FACE_BOUND('',#3008,.F.);
#3008 = EDGE_LOOP('',(#3009));
#3009 = ORIENTED_EDGE('',*,*,#2995,.T.);
#3010 = FACE_BOUND('',#3011,.F.);
#3011 = EDGE_LOOP('',(#3012));
#3012 = ORIENTED_EDGE('',*,*,#3013,.T.);
#3013 = EDGE_CURVE('',#3014,#3014,#3016,.T.);
#3014 = VERTEX_POINT('',#3015);
#3015 = CARTESIAN_POINT('',(3.4641,1.275,-3.5E-02));
#3016 = CIRCLE('',#3017,0.725);
#3017 = AXIS2_PLACEMENT_3D('',#3018,#3019,#3020);
#3018 = CARTESIAN_POINT('',(3.4641,2.,-3.5E-02));
#3019 = DIRECTION('',(-0.,0.,-1.));
#3020 = DIRECTION('',(-0.,-1.,0.));
#3021 = PLANE('',#3022);
#3022 = AXIS2_PLACEMENT_3D('',#3023,#3024,#3025);
#3023 = CARTESIAN_POINT('',(3.4641,1.25,-3.5E-02));
#3024 = DIRECTION('',(0.,0.,1.));
#3025 = DIRECTION('',(1.,0.,-0.));
#3026 = ADVANCED_FACE('',(#3027,#3030),#3041,.T.);
#3027 = FACE_BOUND('',#3028,.T.);
#3028 = EDGE_LOOP('',(#3029));
#3029 = ORIENTED_EDGE('',*,*,#2987,.T.);
#3030 = FACE_BOUND('',#3031,.T.);
#3031 = EDGE_LOOP('',(#3032));
#3032 = ORIENTED_EDGE('',*,*,#3033,.T.);
#3033 = EDGE_CURVE('',#3034,#3034,#3036,.T.);
#3034 = VERTEX_POINT('',#3035);
#3035 = CARTESIAN_POINT('',(3.4641,1.275,1.635));
#3036 = CIRCLE('',#3037,0.725);
#3037 = AXIS2_PLACEMENT_3D('',#3038,#3039,#3040);
#3038 = CARTESIAN_POINT('',(3.4641,2.,1.635));
#3039 = DIRECTION('',(-0.,0.,-1.));
#3040 = DIRECTION('',(-0.,-1.,0.));
#3041 = PLANE('',#3042);
#3042 = AXIS2_PLACEMENT_3D('',#3043,#3044,#3045);
#3043 = CARTESIAN_POINT('',(3.4641,1.25,1.635));
#3044 = DIRECTION('',(0.,0.,1.));
#3045 = DIRECTION('',(1.,0.,-0.));
#3046 = ADVANCED_FACE('',(#3047),#3058,.F.);
#3047 = FACE_BOUND('',#3048,.T.);
#3048 = EDGE_LOOP('',(#3049,#3050,#3056,#3057));
#3049 = ORIENTED_EDGE('',*,*,#3013,.T.);
#3050 = ORIENTED_EDGE('',*,*,#3051,.T.);
#3051 = EDGE_CURVE('',#3014,#3034,#3052,.T.);
#3052 = LINE('',#3053,#3054);
#3053 = CARTESIAN_POINT('',(3.4641,1.275,-4.5E-02));
#3054 = VECTOR('',#3055,1.);
#3055 = DIRECTION('',(0.,0.,1.));
#3056 = ORIENTED_EDGE('',*,*,#3033,.F.);
#3057 = ORIENTED_EDGE('',*,*,#3051,.F.);
#3058 = CYLINDRICAL_SURFACE('',#3059,0.725);
#3059 = AXIS2_PLACEMENT_3D('',#3060,#3061,#3062);
#3060 = CARTESIAN_POINT('',(3.4641,2.,-4.5E-02));
#3061 = DIRECTION('',(-0.,-0.,-1.));
#3062 = DIRECTION('',(-0.,-1.,0.));
#3063 = ( GEOMETRIC_REPRESENTATION_CONTEXT(3) 
GLOBAL_UNCERTAINTY_ASSIGNED_CONTEXT((#3067)) 
GLOBAL_UNIT_ASSIGNED_CONTEXT((#3064,#3065,#3066)) REPRESENTATION_CONTEXT
('Context #1','3D Context with UNIT and UNCERTAINTY') );
#3064 = ( LENGTH_UNIT() NAMED_UNIT(*) SI_UNIT(.MILLI.,.METRE.) );
#3065 = ( NAMED_UNIT(*) PLANE_ANGLE_UNIT() SI_UNIT($,.RADIAN.) );
#3066 = ( NAMED_UNIT(*) SI_UNIT($,.STERADIAN.) SOLID_ANGLE_UNIT() );
#3067 = UNCERTAINTY_MEASURE_WITH_UNIT(LENGTH_MEASURE(1.E-07),#3064,
  'distance_accuracy_value','confusion accuracy');
#3068 = CONTEXT_DEPENDENT_SHAPE_REPRESENTATION(#3069,#3071);
#3069 = ( REPRESENTATION_RELATIONSHIP('','',#2970,#10) 
REPRESENTATION_RELATIONSHIP_WITH_TRANSFORMATION(#3070) 
SHAPE_REPRESENTATION_RELATIONSHIP() );
#3070 = ITEM_DEFINED_TRANSFORMATION('','',#11,#107);
#3071 = PRODUCT_DEFINITION_SHAPE('Placement','Placement of an item',
  #3072);
#3072 = NEXT_ASSEMBLY_USAGE_OCCURRENCE('25','=>[0:1:1:24]','',#5,#2965,$
  );
#3073 = PRODUCT_RELATED_PRODUCT_CATEGORY('part',$,(#2967));
#3074 = SHAPE_DEFINITION_REPRESENTATION(#3075,#3081);
#3075 = PRODUCT_DEFINITION_SHAPE('','',#3076);
#3076 = PRODUCT_DEFINITION('design','',#3077,#3080);
#3077 = PRODUCT_DEFINITION_FORMATION('','',#3078);
#3078 = PRODUCT('flashlight-led_PCB','flashlight-led_PCB','',(#3079));
#3079 = PRODUCT_CONTEXT('',#2,'mechanical');
#3080 = PRODUCT_DEFINITION_CONTEXT('part definition',#2,'design');
#3081 = ADVANCED_BREP_SHAPE_REPRESENTATION('',(#11,#3082),#3486);
#3082 = MANIFOLD_SOLID_BREP('',#3083);
#3083 = CLOSED_SHELL('',(#3084,#3117,#3225,#3333,#3350,#3367,#3384,#3401
    ,#3418,#3435,#3452,#3469));
#3084 = ADVANCED_FACE('',(#3085),#3112,.T.);
#3085 = FACE_BOUND('',#3086,.F.);
#3086 = EDGE_LOOP('',(#3087,#3097,#3104,#3105));
#3087 = ORIENTED_EDGE('',*,*,#3088,.T.);
#3088 = EDGE_CURVE('',#3089,#3091,#3093,.T.);
#3089 = VERTEX_POINT('',#3090);
#3090 = CARTESIAN_POINT('',(16.,0.,0.));
#3091 = VERTEX_POINT('',#3092);
#3092 = CARTESIAN_POINT('',(16.,0.,1.6));
#3093 = LINE('',#3094,#3095);
#3094 = CARTESIAN_POINT('',(16.,0.,0.));
#3095 = VECTOR('',#3096,1.);
#3096 = DIRECTION('',(0.,0.,1.));
#3097 = ORIENTED_EDGE('',*,*,#3098,.T.);
#3098 = EDGE_CURVE('',#3091,#3091,#3099,.T.);
#3099 = CIRCLE('',#3100,16.);
#3100 = AXIS2_PLACEMENT_3D('',#3101,#3102,#3103);
#3101 = CARTESIAN_POINT('',(0.,0.,1.6));
#3102 = DIRECTION('',(0.,0.,1.));
#3103 = DIRECTION('',(1.,0.,-0.));
#3104 = ORIENTED_EDGE('',*,*,#3088,.F.);
#3105 = ORIENTED_EDGE('',*,*,#3106,.F.);
#3106 = EDGE_CURVE('',#3089,#3089,#3107,.T.);
#3107 = CIRCLE('',#3108,16.);
#3108 = AXIS2_PLACEMENT_3D('',#3109,#3110,#3111);
#3109 = CARTESIAN_POINT('',(0.,-0.,0.));
#3110 = DIRECTION('',(0.,0.,1.));
#3111 = DIRECTION('',(1.,0.,-0.));
#3112 = CYLINDRICAL_SURFACE('',#3113,16.);
#3113 = AXIS2_PLACEMENT_3D('',#3114,#3115,#3116);
#3114 = CARTESIAN_POINT('',(0.,-0.,0.));
#3115 = DIRECTION('',(-0.,-0.,-1.));
#3116 = DIRECTION('',(1.,0.,-0.));
#3117 = ADVANCED_FACE('',(#3118,#3121,#3132,#3143,#3154,#3165,#3176,
    #3187,#3198,#3209),#3220,.F.);
#3118 = FACE_BOUND('',#3119,.F.);
#3119 = EDGE_LOOP('',(#3120));
#3120 = ORIENTED_EDGE('',*,*,#3106,.T.);
#3121 = FACE_BOUND('',#3122,.F.);
#3122 = EDGE_LOOP('',(#3123));
#3123 = ORIENTED_EDGE('',*,*,#3124,.F.);
#3124 = EDGE_CURVE('',#3125,#3125,#3127,.T.);
#3125 = VERTEX_POINT('',#3126);
#3126 = CARTESIAN_POINT('',(1.08,-14.,0.));
#3127 = CIRCLE('',#3128,1.08);
#3128 = AXIS2_PLACEMENT_3D('',#3129,#3130,#3131);
#3129 = CARTESIAN_POINT('',(0.,-14.,0.));
#3130 = DIRECTION('',(0.,0.,1.));
#3131 = DIRECTION('',(1.,0.,-0.));
#3132 = FACE_BOUND('',#3133,.F.);
#3133 = EDGE_LOOP('',(#3134));
#3134 = ORIENTED_EDGE('',*,*,#3135,.T.);
#3135 = EDGE_CURVE('',#3136,#3136,#3138,.T.);
#3136 = VERTEX_POINT('',#3137);
#3137 = CARTESIAN_POINT('',(-1.232595164408E-32,-11.1,0.));
#3138 = CIRCLE('',#3139,1.1);
#3139 = AXIS2_PLACEMENT_3D('',#3140,#3141,#3142);
#3140 = CARTESIAN_POINT('',(5.551115123126E-17,-10.,0.));
#3141 = DIRECTION('',(-0.,0.,-1.));
#3142 = DIRECTION('',(-5.046468293751E-17,-1.,0.));
#3143 = FACE_BOUND('',#3144,.F.);
#3144 = EDGE_LOOP('',(#3145));
#3145 = ORIENTED_EDGE('',*,*,#3146,.T.);
#3146 = EDGE_CURVE('',#3147,#3147,#3149,.T.);
#3147 = VERTEX_POINT('',#3148);
#3148 = CARTESIAN_POINT('',(-3.4641,1.25,0.));
#3149 = CIRCLE('',#3150,0.75);
#3150 = AXIS2_PLACEMENT_3D('',#3151,#3152,#3153);
#3151 = CARTESIAN_POINT('',(-3.4641,2.,0.));
#3152 = DIRECTION('',(-0.,0.,-1.));
#3153 = DIRECTION('',(-0.,-1.,0.));
#3154 = FACE_BOUND('',#3155,.F.);
#3155 = EDGE_LOOP('',(#3156));
#3156 = ORIENTED_EDGE('',*,*,#3157,.T.);
#3157 = EDGE_CURVE('',#3158,#3158,#3160,.T.);
#3158 = VERTEX_POINT('',#3159);
#3159 = CARTESIAN_POINT('',(-8.66,3.9,0.));
#3160 = CIRCLE('',#3161,1.1);
#3161 = AXIS2_PLACEMENT_3D('',#3162,#3163,#3164);
#3162 = CARTESIAN_POINT('',(-8.66,5.,0.));
#3163 = DIRECTION('',(-0.,0.,-1.));
#3164 = DIRECTION('',(-0.,-1.,0.));
#3165 = FACE_BOUND('',#3166,.F.);
#3166 = EDGE_LOOP('',(#3167));
#3167 = ORIENTED_EDGE('',*,*,#3168,.F.);
#3168 = EDGE_CURVE('',#3169,#3169,#3171,.T.);
#3169 = VERTEX_POINT('',#3170);
#3170 = CARTESIAN_POINT('',(-11.04,7.,0.));
#3171 = CIRCLE('',#3172,1.08);
#3172 = AXIS2_PLACEMENT_3D('',#3173,#3174,#3175);
#3173 = CARTESIAN_POINT('',(-12.12,7.,0.));
#3174 = DIRECTION('',(0.,0.,1.));
#3175 = DIRECTION('',(1.,0.,-0.));
#3176 = FACE_BOUND('',#3177,.F.);
#3177 = EDGE_LOOP('',(#3178));
#3178 = ORIENTED_EDGE('',*,*,#3179,.F.);
#3179 = EDGE_CURVE('',#3180,#3180,#3182,.T.);
#3180 = VERTEX_POINT('',#3181);
#3181 = CARTESIAN_POINT('',(1.5,0.,0.));
#3182 = CIRCLE('',#3183,1.5);
#3183 = AXIS2_PLACEMENT_3D('',#3184,#3185,#3186);
#3184 = CARTESIAN_POINT('',(0.,-0.,0.));
#3185 = DIRECTION('',(0.,0.,1.));
#3186 = DIRECTION('',(1.,0.,-0.));
#3187 = FACE_BOUND('',#3188,.F.);
#3188 = EDGE_LOOP('',(#3189));
#3189 = ORIENTED_EDGE('',*,*,#3190,.T.);
#3190 = EDGE_CURVE('',#3191,#3191,#3193,.T.);
#3191 = VERTEX_POINT('',#3192);
#3192 = CARTESIAN_POINT('',(3.4641,1.25,0.));
#3193 = CIRCLE('',#3194,0.75);
#3194 = AXIS2_PLACEMENT_3D('',#3195,#3196,#3197);
#3195 = CARTESIAN_POINT('',(3.4641,2.,0.));
#3196 = DIRECTION('',(-0.,0.,-1.));
#3197 = DIRECTION('',(-0.,-1.,0.));
#3198 = FACE_BOUND('',#3199,.F.);
#3199 = EDGE_LOOP('',(#3200));
#3200 = ORIENTED_EDGE('',*,*,#3201,.T.);
#3201 = EDGE_CURVE('',#3202,#3202,#3204,.T.);
#3202 = VERTEX_POINT('',#3203);
#3203 = CARTESIAN_POINT('',(8.66,3.9,0.));
#3204 = CIRCLE('',#3205,1.1);
#3205 = AXIS2_PLACEMENT_3D('',#3206,#3207,#3208);
#3206 = CARTESIAN_POINT('',(8.66,5.,0.));
#3207 = DIRECTION('',(-0.,0.,-1.));
#3208 = DIRECTION('',(-0.,-1.,0.));
#3209 = FACE_BOUND('',#3210,.F.);
#3210 = EDGE_LOOP('',(#3211));
#3211 = ORIENTED_EDGE('',*,*,#3212,.F.);
#3212 = EDGE_CURVE('',#3213,#3213,#3215,.T.);
#3213 = VERTEX_POINT('',#3214);
#3214 = CARTESIAN_POINT('',(13.2,7.,0.));
#3215 = CIRCLE('',#3216,1.08);
#3216 = AXIS2_PLACEMENT_3D('',#3217,#3218,#3219);
#3217 = CARTESIAN_POINT('',(12.12,7.,0.));
#3218 = DIRECTION('',(0.,0.,1.));
#3219 = DIRECTION('',(1.,0.,-0.));
#3220 = PLANE('',#3221);
#3221 = AXIS2_PLACEMENT_3D('',#3222,#3223,#3224);
#3222 = CARTESIAN_POINT('',(0.,0.,0.));
#3223 = DIRECTION('',(0.,0.,1.));
#3224 = DIRECTION('',(1.,0.,-0.));
#3225 = ADVANCED_FACE('',(#3226,#3229,#3240,#3251,#3262,#3273,#3284,
    #3295,#3306,#3317),#3328,.T.);
#3226 = FACE_BOUND('',#3227,.T.);
#3227 = EDGE_LOOP('',(#3228));
#3228 = ORIENTED_EDGE('',*,*,#3098,.T.);
#3229 = FACE_BOUND('',#3230,.T.);
#3230 = EDGE_LOOP('',(#3231));
#3231 = ORIENTED_EDGE('',*,*,#3232,.F.);
#3232 = EDGE_CURVE('',#3233,#3233,#3235,.T.);
#3233 = VERTEX_POINT('',#3234);
#3234 = CARTESIAN_POINT('',(1.08,-14.,1.6));
#3235 = CIRCLE('',#3236,1.08);
#3236 = AXIS2_PLACEMENT_3D('',#3237,#3238,#3239);
#3237 = CARTESIAN_POINT('',(0.,-14.,1.6));
#3238 = DIRECTION('',(0.,0.,1.));
#3239 = DIRECTION('',(1.,0.,-0.));
#3240 = FACE_BOUND('',#3241,.T.);
#3241 = EDGE_LOOP('',(#3242));
#3242 = ORIENTED_EDGE('',*,*,#3243,.T.);
#3243 = EDGE_CURVE('',#3244,#3244,#3246,.T.);
#3244 = VERTEX_POINT('',#3245);
#3245 = CARTESIAN_POINT('',(-1.232595164408E-32,-11.1,1.6));
#3246 = CIRCLE('',#3247,1.1);
#3247 = AXIS2_PLACEMENT_3D('',#3248,#3249,#3250);
#3248 = CARTESIAN_POINT('',(5.551115123126E-17,-10.,1.6));
#3249 = DIRECTION('',(-0.,0.,-1.));
#3250 = DIRECTION('',(-5.046468293751E-17,-1.,0.));
#3251 = FACE_BOUND('',#3252,.T.);
#3252 = EDGE_LOOP('',(#3253));
#3253 = ORIENTED_EDGE('',*,*,#3254,.T.);
#3254 = EDGE_CURVE('',#3255,#3255,#3257,.T.);
#3255 = VERTEX_POINT('',#3256);
#3256 = CARTESIAN_POINT('',(-3.4641,1.25,1.6));
#3257 = CIRCLE('',#3258,0.75);
#3258 = AXIS2_PLACEMENT_3D('',#3259,#3260,#3261);
#3259 = CARTESIAN_POINT('',(-3.4641,2.,1.6));
#3260 = DIRECTION('',(-0.,0.,-1.));
#3261 = DIRECTION('',(-0.,-1.,0.));
#3262 = FACE_BOUND('',#3263,.T.);
#3263 = EDGE_LOOP('',(#3264));
#3264 = ORIENTED_EDGE('',*,*,#3265,.T.);
#3265 = EDGE_CURVE('',#3266,#3266,#3268,.T.);
#3266 = VERTEX_POINT('',#3267);
#3267 = CARTESIAN_POINT('',(-8.66,3.9,1.6));
#3268 = CIRCLE('',#3269,1.1);
#3269 = AXIS2_PLACEMENT_3D('',#3270,#3271,#3272);
#3270 = CARTESIAN_POINT('',(-8.66,5.,1.6));
#3271 = DIRECTION('',(-0.,0.,-1.));
#3272 = DIRECTION('',(-0.,-1.,0.));
#3273 = FACE_BOUND('',#3274,.T.);
#3274 = EDGE_LOOP('',(#3275));
#3275 = ORIENTED_EDGE('',*,*,#3276,.F.);
#3276 = EDGE_CURVE('',#3277,#3277,#3279,.T.);
#3277 = VERTEX_POINT('',#3278);
#3278 = CARTESIAN_POINT('',(-11.04,7.,1.6));
#3279 = CIRCLE('',#3280,1.08);
#3280 = AXIS2_PLACEMENT_3D('',#3281,#3282,#3283);
#3281 = CARTESIAN_POINT('',(-12.12,7.,1.6));
#3282 = DIRECTION('',(0.,0.,1.));
#3283 = DIRECTION('',(1.,0.,-0.));
#3284 = FACE_BOUND('',#3285,.T.);
#3285 = EDGE_LOOP('',(#3286));
#3286 = ORIENTED_EDGE('',*,*,#3287,.F.);
#3287 = EDGE_CURVE('',#3288,#3288,#3290,.T.);
#3288 = VERTEX_POINT('',#3289);
#3289 = CARTESIAN_POINT('',(1.5,0.,1.6));
#3290 = CIRCLE('',#3291,1.5);
#3291 = AXIS2_PLACEMENT_3D('',#3292,#3293,#3294);
#3292 = CARTESIAN_POINT('',(0.,0.,1.6));
#3293 = DIRECTION('',(0.,0.,1.));
#3294 = DIRECTION('',(1.,0.,-0.));
#3295 = FACE_BOUND('',#3296,.T.);
#3296 = EDGE_LOOP('',(#3297));
#3297 = ORIENTED_EDGE('',*,*,#3298,.T.);
#3298 = EDGE_CURVE('',#3299,#3299,#3301,.T.);
#3299 = VERTEX_POINT('',#3300);
#3300 = CARTESIAN_POINT('',(3.4641,1.25,1.6));
#3301 = CIRCLE('',#3302,0.75);
#3302 = AXIS2_PLACEMENT_3D('',#3303,#3304,#3305);
#3303 = CARTESIAN_POINT('',(3.4641,2.,1.6));
#3304 = DIRECTION('',(-0.,0.,-1.));
#3305 = DIRECTION('',(-0.,-1.,0.));
#3306 = FACE_BOUND('',#3307,.T.);
#3307 = EDGE_LOOP('',(#3308));
#3308 = ORIENTED_EDGE('',*,*,#3309,.T.);
#3309 = EDGE_CURVE('',#3310,#3310,#3312,.T.);
#3310 = VERTEX_POINT('',#3311);
#3311 = CARTESIAN_POINT('',(8.66,3.9,1.6));
#3312 = CIRCLE('',#3313,1.1);
#3313 = AXIS2_PLACEMENT_3D('',#3314,#3315,#3316);
#3314 = CARTESIAN_POINT('',(8.66,5.,1.6));
#3315 = DIRECTION('',(-0.,0.,-1.));
#3316 = DIRECTION('',(-0.,-1.,0.));
#3317 = FACE_BOUND('',#3318,.T.);
#3318 = EDGE_LOOP('',(#3319));
#3319 = ORIENTED_EDGE('',*,*,#3320,.F.);
#3320 = EDGE_CURVE('',#3321,#3321,#3323,.T.);
#3321 = VERTEX_POINT('',#3322);
#3322 = CARTESIAN_POINT('',(13.2,7.,1.6));
#3323 = CIRCLE('',#3324,1.08);
#3324 = AXIS2_PLACEMENT_3D('',#3325,#3326,#3327);
#3325 = CARTESIAN_POINT('',(12.12,7.,1.6));
#3326 = DIRECTION('',(0.,0.,1.));
#3327 = DIRECTION('',(1.,0.,-0.));
#3328 = PLANE('',#3329);
#3329 = AXIS2_PLACEMENT_3D('',#3330,#3331,#3332);
#3330 = CARTESIAN_POINT('',(0.,0.,1.6));
#3331 = DIRECTION('',(0.,0.,1.));
#3332 = DIRECTION('',(1.,0.,-0.));
#3333 = ADVANCED_FACE('',(#3334),#3345,.F.);
#3334 = FACE_BOUND('',#3335,.T.);
#3335 = EDGE_LOOP('',(#3336,#3342,#3343,#3344));
#3336 = ORIENTED_EDGE('',*,*,#3337,.T.);
#3337 = EDGE_CURVE('',#3125,#3233,#3338,.T.);
#3338 = LINE('',#3339,#3340);
#3339 = CARTESIAN_POINT('',(1.08,-14.,0.));
#3340 = VECTOR('',#3341,1.);
#3341 = DIRECTION('',(0.,0.,1.));
#3342 = ORIENTED_EDGE('',*,*,#3232,.T.);
#3343 = ORIENTED_EDGE('',*,*,#3337,.F.);
#3344 = ORIENTED_EDGE('',*,*,#3124,.F.);
#3345 = CYLINDRICAL_SURFACE('',#3346,1.08);
#3346 = AXIS2_PLACEMENT_3D('',#3347,#3348,#3349);
#3347 = CARTESIAN_POINT('',(0.,-14.,0.));
#3348 = DIRECTION('',(-0.,-0.,-1.));
#3349 = DIRECTION('',(1.,0.,-0.));
#3350 = ADVANCED_FACE('',(#3351),#3362,.F.);
#3351 = FACE_BOUND('',#3352,.T.);
#3352 = EDGE_LOOP('',(#3353,#3354,#3360,#3361));
#3353 = ORIENTED_EDGE('',*,*,#3135,.T.);
#3354 = ORIENTED_EDGE('',*,*,#3355,.T.);
#3355 = EDGE_CURVE('',#3136,#3244,#3356,.T.);
#3356 = LINE('',#3357,#3358);
#3357 = CARTESIAN_POINT('',(-1.232595164408E-32,-11.1,-4.5E-02));
#3358 = VECTOR('',#3359,1.);
#3359 = DIRECTION('',(0.,0.,1.));
#3360 = ORIENTED_EDGE('',*,*,#3243,.F.);
#3361 = ORIENTED_EDGE('',*,*,#3355,.F.);
#3362 = CYLINDRICAL_SURFACE('',#3363,1.1);
#3363 = AXIS2_PLACEMENT_3D('',#3364,#3365,#3366);
#3364 = CARTESIAN_POINT('',(5.551115123126E-17,-10.,-4.5E-02));
#3365 = DIRECTION('',(-0.,-0.,-1.));
#3366 = DIRECTION('',(-5.046468293751E-17,-1.,0.));
#3367 = ADVANCED_FACE('',(#3368),#3379,.F.);
#3368 = FACE_BOUND('',#3369,.T.);
#3369 = EDGE_LOOP('',(#3370,#3371,#3377,#3378));
#3370 = ORIENTED_EDGE('',*,*,#3146,.T.);
#3371 = ORIENTED_EDGE('',*,*,#3372,.T.);
#3372 = EDGE_CURVE('',#3147,#3255,#3373,.T.);
#3373 = LINE('',#3374,#3375);
#3374 = CARTESIAN_POINT('',(-3.4641,1.25,-4.5E-02));
#3375 = VECTOR('',#3376,1.);
#3376 = DIRECTION('',(0.,0.,1.));
#3377 = ORIENTED_EDGE('',*,*,#3254,.F.);
#3378 = ORIENTED_EDGE('',*,*,#3372,.F.);
#3379 = CYLINDRICAL_SURFACE('',#3380,0.75);
#3380 = AXIS2_PLACEMENT_3D('',#3381,#3382,#3383);
#3381 = CARTESIAN_POINT('',(-3.4641,2.,-4.5E-02));
#3382 = DIRECTION('',(-0.,-0.,-1.));
#3383 = DIRECTION('',(-0.,-1.,0.));
#3384 = ADVANCED_FACE('',(#3385),#3396,.F.);
#3385 = FACE_BOUND('',#3386,.T.);
#3386 = EDGE_LOOP('',(#3387,#3388,#3394,#3395));
#3387 = ORIENTED_EDGE('',*,*,#3157,.T.);
#3388 = ORIENTED_EDGE('',*,*,#3389,.T.);
#3389 = EDGE_CURVE('',#3158,#3266,#3390,.T.);
#3390 = LINE('',#3391,#3392);
#3391 = CARTESIAN_POINT('',(-8.66,3.9,-4.5E-02));
#3392 = VECTOR('',#3393,1.);
#3393 = DIRECTION('',(0.,0.,1.));
#3394 = ORIENTED_EDGE('',*,*,#3265,.F.);
#3395 = ORIENTED_EDGE('',*,*,#3389,.F.);
#3396 = CYLINDRICAL_SURFACE('',#3397,1.1);
#3397 = AXIS2_PLACEMENT_3D('',#3398,#3399,#3400);
#3398 = CARTESIAN_POINT('',(-8.66,5.,-4.5E-02));
#3399 = DIRECTION('',(-0.,-0.,-1.));
#3400 = DIRECTION('',(-0.,-1.,0.));
#3401 = ADVANCED_FACE('',(#3402),#3413,.F.);
#3402 = FACE_BOUND('',#3403,.T.);
#3403 = EDGE_LOOP('',(#3404,#3410,#3411,#3412));
#3404 = ORIENTED_EDGE('',*,*,#3405,.T.);
#3405 = EDGE_CURVE('',#3169,#3277,#3406,.T.);
#3406 = LINE('',#3407,#3408);
#3407 = CARTESIAN_POINT('',(-11.04,7.,0.));
#3408 = VECTOR('',#3409,1.);
#3409 = DIRECTION('',(0.,0.,1.));
#3410 = ORIENTED_EDGE('',*,*,#3276,.T.);
#3411 = ORIENTED_EDGE('',*,*,#3405,.F.);
#3412 = ORIENTED_EDGE('',*,*,#3168,.F.);
#3413 = CYLINDRICAL_SURFACE('',#3414,1.08);
#3414 = AXIS2_PLACEMENT_3D('',#3415,#3416,#3417);
#3415 = CARTESIAN_POINT('',(-12.12,7.,0.));
#3416 = DIRECTION('',(-0.,-0.,-1.));
#3417 = DIRECTION('',(1.,0.,-0.));
#3418 = ADVANCED_FACE('',(#3419),#3430,.F.);
#3419 = FACE_BOUND('',#3420,.T.);
#3420 = EDGE_LOOP('',(#3421,#3427,#3428,#3429));
#3421 = ORIENTED_EDGE('',*,*,#3422,.T.);
#3422 = EDGE_CURVE('',#3180,#3288,#3423,.T.);
#3423 = LINE('',#3424,#3425);
#3424 = CARTESIAN_POINT('',(1.5,0.,0.));
#3425 = VECTOR('',#3426,1.);
#3426 = DIRECTION('',(0.,0.,1.));
#3427 = ORIENTED_EDGE('',*,*,#3287,.T.);
#3428 = ORIENTED_EDGE('',*,*,#3422,.F.);
#3429 = ORIENTED_EDGE('',*,*,#3179,.F.);
#3430 = CYLINDRICAL_SURFACE('',#3431,1.5);
#3431 = AXIS2_PLACEMENT_3D('',#3432,#3433,#3434);
#3432 = CARTESIAN_POINT('',(0.,-0.,0.));
#3433 = DIRECTION('',(-0.,-0.,-1.));
#3434 = DIRECTION('',(1.,0.,-0.));
#3435 = ADVANCED_FACE('',(#3436),#3447,.F.);
#3436 = FACE_BOUND('',#3437,.T.);
#3437 = EDGE_LOOP('',(#3438,#3439,#3445,#3446));
#3438 = ORIENTED_EDGE('',*,*,#3190,.T.);
#3439 = ORIENTED_EDGE('',*,*,#3440,.T.);
#3440 = EDGE_CURVE('',#3191,#3299,#3441,.T.);
#3441 = LINE('',#3442,#3443);
#3442 = CARTESIAN_POINT('',(3.4641,1.25,-4.5E-02));
#3443 = VECTOR('',#3444,1.);
#3444 = DIRECTION('',(0.,0.,1.));
#3445 = ORIENTED_EDGE('',*,*,#3298,.F.);
#3446 = ORIENTED_EDGE('',*,*,#3440,.F.);
#3447 = CYLINDRICAL_SURFACE('',#3448,0.75);
#3448 = AXIS2_PLACEMENT_3D('',#3449,#3450,#3451);
#3449 = CARTESIAN_POINT('',(3.4641,2.,-4.5E-02));
#3450 = DIRECTION('',(-0.,-0.,-1.));
#3451 = DIRECTION('',(-0.,-1.,0.));
#3452 = ADVANCED_FACE('',(#3453),#3464,.F.);
#3453 = FACE_BOUND('',#3454,.T.);
#3454 = EDGE_LOOP('',(#3455,#3456,#3462,#3463));
#3455 = ORIENTED_EDGE('',*,*,#3201,.T.);
#3456 = ORIENTED_EDGE('',*,*,#3457,.T.);
#3457 = EDGE_CURVE('',#3202,#3310,#3458,.T.);
#3458 = LINE('',#3459,#3460);
#3459 = CARTESIAN_POINT('',(8.66,3.9,-4.5E-02));
#3460 = VECTOR('',#3461,1.);
#3461 = DIRECTION('',(0.,0.,1.));
#3462 = ORIENTED_EDGE('',*,*,#3309,.F.);
#3463 = ORIENTED_EDGE('',*,*,#3457,.F.);
#3464 = CYLINDRICAL_SURFACE('',#3465,1.1);
#3465 = AXIS2_PLACEMENT_3D('',#3466,#3467,#3468);
#3466 = CARTESIAN_POINT('',(8.66,5.,-4.5E-02));
#3467 = DIRECTION('',(-0.,-0.,-1.));
#3468 = DIRECTION('',(-0.,-1.,0.));
#3469 = ADVANCED_FACE('',(#3470),#3481,.F.);
#3470 = FACE_BOUND('',#3471,.T.);
#3471 = EDGE_LOOP('',(#3472,#3478,#3479,#3480));
#3472 = ORIENTED_EDGE('',*,*,#3473,.T.);
#3473 = EDGE_CURVE('',#3213,#3321,#3474,.T.);
#3474 = LINE('',#3475,#3476);
#3475 = CARTESIAN_POINT('',(13.2,7.,0.));
#3476 = VECTOR('',#3477,1.);
#3477 = DIRECTION('',(0.,0.,1.));
#3478 = ORIENTED_EDGE('',*,*,#3320,.T.);
#3479 = ORIENTED_EDGE('',*,*,#3473,.F.);
#3480 = ORIENTED_EDGE('',*,*,#3212,.F.);
#3481 = CYLINDRICAL_SURFACE('',#3482,1.08);
#3482 = AXIS2_PLACEMENT_3D('',#3483,#3484,#3485);
#3483 = CARTESIAN_POINT('',(12.12,7.,0.));
#3484 = DIRECTION('',(-0.,-0.,-1.));
#3485 = DIRECTION('',(1.,0.,-0.));
#3486 = ( GEOMETRIC_REPRESENTATION_CONTEXT(3) 
GLOBAL_UNCERTAINTY_ASSIGNED_CONTEXT((#3490)) 
GLOBAL_UNIT_ASSIGNED_CONTEXT((#3487,#3488,#3489)) REPRESENTATION_CONTEXT
('Context #1','3D Context with UNIT and UNCERTAINTY') );
#3487 = ( LENGTH_UNIT() NAMED_UNIT(*) SI_UNIT(.MILLI.,.METRE.) );
#3488 = ( NAMED_UNIT(*) PLANE_ANGLE_UNIT() SI_UNIT($,.RADIAN.) );
#3489 = ( NAMED_UNIT(*) SI_UNIT($,.STERADIAN.) SOLID_ANGLE_UNIT() );
#3490 = UNCERTAINTY_MEASURE_WITH_UNIT(LENGTH_MEASURE(1.E-07),#3487,
  'distance_accuracy_value','confusion accuracy');
#3491 = CONTEXT_DEPENDENT_SHAPE_REPRESENTATION(#3492,#3494);
#3492 = ( REPRESENTATION_RELATIONSHIP('','',#3081,#10) 
REPRESENTATION_RELATIONSHIP_WITH_TRANSFORMATION(#3493) 
SHAPE_REPRESENTATION_RELATIONSHIP() );
#3493 = ITEM_DEFINED_TRANSFORMATION('','',#11,#111);
#3494 = PRODUCT_DEFINITION_SHAPE('Placement','Placement of an item',
  #3495);
#3495 = NEXT_ASSEMBLY_USAGE_OCCURRENCE('26','=>[0:1:1:25]','',#5,#3076,$
  );
#3496 = PRODUCT_RELATED_PRODUCT_CATEGORY('part',$,(#3078));
#3497 = MECHANICAL_DESIGN_GEOMETRIC_PRESENTATION_REPRESENTATION('',(
    #3498),#3486);
#3498 = STYLED_ITEM('color',(#3499),#3082);
#3499 = PRESENTATION_STYLE_ASSIGNMENT((#3500));
#3500 = SURFACE_STYLE_USAGE(.BOTH.,#3501);
#3501 = SURFACE_SIDE_STYLE('',(#3502));
#3502 = SURFACE_STYLE_FILL_AREA(#3503);
#3503 = FILL_AREA_STYLE('',(#3504));
#3504 = FILL_AREA_STYLE_COLOUR('',#3505);
#3505 = COLOUR_RGB('',0.313304153717,0.484529207832,0.410020903123);
#3506 = MECHANICAL_DESIGN_GEOMETRIC_PRESENTATION_REPRESENTATION('',(
    #3507),#2354);
#3507 = STYLED_ITEM('color',(#3508),#2204);
#3508 = PRESENTATION_STYLE_ASSIGNMENT((#3509));
#3509 = SURFACE_STYLE_USAGE(.BOTH.,#3510);
#3510 = SURFACE_SIDE_STYLE('',(#3511));
#3511 = SURFACE_STYLE_FILL_AREA(#3512);
#3512 = FILL_AREA_STYLE('',(#3513));
#3513 = FILL_AREA_STYLE_COLOUR('',#3514);
#3514 = COLOUR_RGB('',0.854305825093,0.803630995277,0.);
#3515 = MECHANICAL_DESIGN_GEOMETRIC_PRESENTATION_REPRESENTATION('',(
    #3516),#2523);
#3516 = STYLED_ITEM('color',(#3517),#2373);
#3517 = PRESENTATION_STYLE_ASSIGNMENT((#3518));
#3518 = SURFACE_STYLE_USAGE(.BOTH.,#3519);
#3519 = SURFACE_SIDE_STYLE('',(#3520));
#3520 = SURFACE_STYLE_FILL_AREA(#3521);
#3521 = FILL_AREA_STYLE('',(#3522));
#3522 = FILL_AREA_STYLE_COLOUR('',#3514);
#3523 = MECHANICAL_DESIGN_GEOMETRIC_PRESENTATION_REPRESENTATION('',(
    #3524),#2147);
#3524 = STYLED_ITEM('color',(#3525),#2055);
#3525 = PRESENTATION_STYLE_ASSIGNMENT((#3526));
#3526 = SURFACE_STYLE_USAGE(.BOTH.,#3527);
#3527 = SURFACE_SIDE_STYLE('',(#3528));
#3528 = SURFACE_STYLE_FILL_AREA(#3529);
#3529 = FILL_AREA_STYLE('',(#3530));
#3530 = FILL_AREA_STYLE_COLOUR('',#3514);
#3531 = MECHANICAL_DESIGN_GEOMETRIC_PRESENTATION_REPRESENTATION('',(
    #3532),#931);
#3532 = STYLED_ITEM('color',(#3533),#781);
#3533 = PRESENTATION_STYLE_ASSIGNMENT((#3534));
#3534 = SURFACE_STYLE_USAGE(.BOTH.,#3535);
#3535 = SURFACE_SIDE_STYLE('',(#3536));
#3536 = SURFACE_STYLE_FILL_AREA(#3537);
#3537 = FILL_AREA_STYLE('',(#3538));
#3538 = FILL_AREA_STYLE_COLOUR('',#3514);
#3539 = MECHANICAL_DESIGN_GEOMETRIC_PRESENTATION_REPRESENTATION('',(
    #3540),#1925);
#3540 = STYLED_ITEM('color',(#3541),#1833);
#3541 = PRESENTATION_STYLE_ASSIGNMENT((#3542));
#3542 = SURFACE_STYLE_USAGE(.BOTH.,#3543);
#3543 = SURFACE_SIDE_STYLE('',(#3544));
#3544 = SURFACE_STYLE_FILL_AREA(#3545);
#3545 = FILL_AREA_STYLE('',(#3546));
#3546 = FILL_AREA_STYLE_COLOUR('',#3514);
#3547 = MECHANICAL_DESIGN_GEOMETRIC_PRESENTATION_REPRESENTATION('',(
    #3548),#2841);
#3548 = STYLED_ITEM('color',(#3549),#2749);
#3549 = PRESENTATION_STYLE_ASSIGNMENT((#3550));
#3550 = SURFACE_STYLE_USAGE(.BOTH.,#3551);
#3551 = SURFACE_SIDE_STYLE('',(#3552));
#3552 = SURFACE_STYLE_FILL_AREA(#3553);
#3553 = FILL_AREA_STYLE('',(#3554));
#3554 = FILL_AREA_STYLE_COLOUR('',#3514);
#3555 = MECHANICAL_DESIGN_GEOMETRIC_PRESENTATION_REPRESENTATION('',(
    #3556),#1776);
#3556 = STYLED_ITEM('color',(#3557),#1626);
#3557 = PRESENTATION_STYLE_ASSIGNMENT((#3558));
#3558 = SURFACE_STYLE_USAGE(.BOTH.,#3559);
#3559 = SURFACE_SIDE_STYLE('',(#3560));
#3560 = SURFACE_STYLE_FILL_AREA(#3561);
#3561 = FILL_AREA_STYLE('',(#3562));
#3562 = FILL_AREA_STYLE_COLOUR('',#3514);
#3563 = MECHANICAL_DESIGN_GEOMETRIC_PRESENTATION_REPRESENTATION('',(
    #3564),#752);
#3564 = STYLED_ITEM('color',(#3565),#152);
#3565 = PRESENTATION_STYLE_ASSIGNMENT((#3566,#3572));
#3566 = SURFACE_STYLE_USAGE(.BOTH.,#3567);
#3567 = SURFACE_SIDE_STYLE('',(#3568));
#3568 = SURFACE_STYLE_FILL_AREA(#3569);
#3569 = FILL_AREA_STYLE('',(#3570));
#3570 = FILL_AREA_STYLE_COLOUR('',#3571);
#3571 = COLOUR_RGB('',0.300000011149,0.300000011149,0.300000011149);
#3572 = CURVE_STYLE('',#3573,POSITIVE_LENGTH_MEASURE(0.1),#3571);
#3573 = DRAUGHTING_PRE_DEFINED_CURVE_FONT('continuous');
#3574 = MECHANICAL_DESIGN_GEOMETRIC_PRESENTATION_REPRESENTATION('',(
    #3575),#2952);
#3575 = STYLED_ITEM('color',(#3576),#2860);
#3576 = PRESENTATION_STYLE_ASSIGNMENT((#3577));
#3577 = SURFACE_STYLE_USAGE(.BOTH.,#3578);
#3578 = SURFACE_SIDE_STYLE('',(#3579));
#3579 = SURFACE_STYLE_FILL_AREA(#3580);
#3580 = FILL_AREA_STYLE('',(#3581));
#3581 = FILL_AREA_STYLE_COLOUR('',#3514);
#3582 = MECHANICAL_DESIGN_GEOMETRIC_PRESENTATION_REPRESENTATION('',(
    #3583),#3063);
#3583 = STYLED_ITEM('color',(#3584),#2971);
#3584 = PRESENTATION_STYLE_ASSIGNMENT((#3585));
#3585 = SURFACE_STYLE_USAGE(.BOTH.,#3586);
#3586 = SURFACE_SIDE_STYLE('',(#3587));
#3587 = SURFACE_STYLE_FILL_AREA(#3588);
#3588 = FILL_AREA_STYLE('',(#3589));
#3589 = FILL_AREA_STYLE_COLOUR('',#3514);
#3590 = MECHANICAL_DESIGN_GEOMETRIC_PRESENTATION_REPRESENTATION('',(
    #3591),#1438);
#3591 = STYLED_ITEM('color',(#3592),#1288);
#3592 = PRESENTATION_STYLE_ASSIGNMENT((#3593));
#3593 = SURFACE_STYLE_USAGE(.BOTH.,#3594);
#3594 = SURFACE_SIDE_STYLE('',(#3595));
#3595 = SURFACE_STYLE_FILL_AREA(#3596);
#3596 = FILL_AREA_STYLE('',(#3597));
#3597 = FILL_AREA_STYLE_COLOUR('',#3514);
#3598 = MECHANICAL_DESIGN_GEOMETRIC_PRESENTATION_REPRESENTATION('',(
    #3599),#1607);
#3599 = STYLED_ITEM('color',(#3600),#1457);
#3600 = PRESENTATION_STYLE_ASSIGNMENT((#3601));
#3601 = SURFACE_STYLE_USAGE(.BOTH.,#3602);
#3602 = SURFACE_SIDE_STYLE('',(#3603));
#3603 = SURFACE_STYLE_FILL_AREA(#3604);
#3604 = FILL_AREA_STYLE('',(#3605));
#3605 = FILL_AREA_STYLE_COLOUR('',#3514);
#3606 = MECHANICAL_DESIGN_GEOMETRIC_PRESENTATION_REPRESENTATION('',(
    #3607),#1269);
#3607 = STYLED_ITEM('color',(#3608),#1119);
#3608 = PRESENTATION_STYLE_ASSIGNMENT((#3609));
#3609 = SURFACE_STYLE_USAGE(.BOTH.,#3610);
#3610 = SURFACE_SIDE_STYLE('',(#3611));
#3611 = SURFACE_STYLE_FILL_AREA(#3612);
#3612 = FILL_AREA_STYLE('',(#3613));
#3613 = FILL_AREA_STYLE_COLOUR('',#3514);
#3614 = MECHANICAL_DESIGN_GEOMETRIC_PRESENTATION_REPRESENTATION('',(
    #3615),#2692);
#3615 = STYLED_ITEM('color',(#3616),#2542);
#3616 = PRESENTATION_STYLE_ASSIGNMENT((#3617));
#3617 = SURFACE_STYLE_USAGE(.BOTH.,#3618);
#3618 = SURFACE_SIDE_STYLE('',(#3619));
#3619 = SURFACE_STYLE_FILL_AREA(#3620);
#3620 = FILL_AREA_STYLE('',(#3621));
#3621 = FILL_AREA_STYLE_COLOUR('',#3514);
#3622 = MECHANICAL_DESIGN_GEOMETRIC_PRESENTATION_REPRESENTATION('',(
    #3623),#1100);
#3623 = STYLED_ITEM('color',(#3624),#950);
#3624 = PRESENTATION_STYLE_ASSIGNMENT((#3625));
#3625 = SURFACE_STYLE_USAGE(.BOTH.,#3626);
#3626 = SURFACE_SIDE_STYLE('',(#3627));
#3627 = SURFACE_STYLE_FILL_AREA(#3628);
#3628 = FILL_AREA_STYLE('',(#3629));
#3629 = FILL_AREA_STYLE_COLOUR('',#3514);
#3630 = MECHANICAL_DESIGN_GEOMETRIC_PRESENTATION_REPRESENTATION('',(
    #3631),#2036);
#3631 = STYLED_ITEM('color',(#3632),#1944);
#3632 = PRESENTATION_STYLE_ASSIGNMENT((#3633));
#3633 = SURFACE_STYLE_USAGE(.BOTH.,#3634);
#3634 = SURFACE_SIDE_STYLE('',(#3635));
#3635 = SURFACE_STYLE_FILL_AREA(#3636);
#3636 = FILL_AREA_STYLE('',(#3637));
#3637 = FILL_AREA_STYLE_COLOUR('',#3514);
ENDSEC;
END-ISO-10303-21;
